{
  "search": {
    "counts": {
      "true_positives": 309,
      "false_negatives": 0,
      "false_positives": 176,
      "meta_total": 309,
      "retrieved_total": 485
    },
    "metrics": {
      "precision": 0.6371134020618556,
      "precision_ci_lower": 0.5933971276835265,
      "precision_ci_upper": 0.6786746436223524,
      "recall": 1.0,
      "recall_ci_lower": 0.9877203031821855,
      "recall_ci_upper": 1
    }
  },
  "abstract": {
    "counts": {
      "true_positives": 307,
      "false_negatives": 2,
      "false_positives": 66,
      "meta_in_search": 309,
      "meta_total": 309,
      "included_total": 373
    },
    "metrics": {
      "precision": 0.8230563002680965,
      "precision_ci_lower": 0.7810916283371021,
      "precision_ci_upper": 0.8584343687927265,
      "recall_in_search": 0.9935275080906149,
      "recall_in_search_ci_lower": 0.9767110316336969,
      "recall_in_search_ci_upper": 0.9982232482063245,
      "recall_all_meta": 0.9935275080906149,
      "recall_all_meta_ci_lower": 0.9767110316336969,
      "recall_all_meta_ci_upper": 0.9982232482063245
    }
  },
  "fulltext": {
    "counts": {
      "true_positives": 302,
      "false_negatives": 6,
      "false_positives": 33,
      "additional_false_negatives": 4,
      "meta_in_search_available": 308,
      "meta_total": 309,
      "included_total": 335
    },
    "metrics": {
      "precision": 0.9014925373134328,
      "precision_ci_lower": 0.8648855596513595,
      "precision_ci_upper": 0.9289957111253101,
      "recall_in_search": 0.9805194805194806,
      "recall_in_search_ci_lower": 0.9581576582218514,
      "recall_in_search_ci_upper": 0.9910421919584969,
      "recall_all_meta": 0.9773462783171522,
      "recall_all_meta_ci_lower": 0.9539849493276888,
      "recall_all_meta_ci_upper": 0.9889842721569222
    }
  },
  "fulltext_with_coords": {
    "counts": {
      "true_positives": 0,
      "false_negatives": 308,
      "false_positives": 0,
      "meta_in_search_available": 308,
      "meta_total": 309,
      "included_total": 0
    },
    "metrics": {
      "precision": 0,
      "precision_ci_lower": 0.0,
      "precision_ci_upper": 0.0,
      "recall_in_search": 0.0,
      "recall_in_search_ci_lower": 0,
      "recall_in_search_ci_upper": 0.012319074812340625,
      "recall_all_meta": 0.0,
      "recall_all_meta_ci_lower": 0,
      "recall_all_meta_ci_upper": 0.01227969681781451
    }
  }
}