Cluster ID	X	Y	Z	Peak Stat	Cluster Size (mm3)
PositiveTail 1	-8.0	10.0	50.0	1.884706229323244	576
PositiveTail 2	-2.0	54.0	-4.0	1.884706229323244	416
PositiveTail 3	-2.0	52.0	22.0	1.884706229323244	112
PositiveTail 4	8.0	-50.0	42.0	1.884706229323244	216
