{
  "search": {
    "counts": {
      "true_positives": 224,
      "false_negatives": 12,
      "false_positives": 799,
      "meta_total": 236,
      "retrieved_total": 1023
    },
    "metrics": {
      "recall": 0.9491525423728814,
      "recall_ci_lower": 0.9132393739475034,
      "recall_ci_upper": 0.9706773444199525,
      "precision": 0.21896383186705767,
      "precision_ci_lower": 0.1946988960846948,
      "precision_ci_upper": 0.2453315818390668
    }
  },
  "abstract": {
    "counts": {
      "true_positives": 174,
      "false_negatives": 50,
      "false_positives": 179,
      "meta_in_search": 224,
      "meta_total": 236,
      "included_total": 353
    },
    "metrics": {
      "recall_in_search": 0.7767857142857143,
      "recall_in_search_ci_lower": 0.7178484945226767,
      "recall_in_search_ci_upper": 0.8263892566167114,
      "recall_all_meta": 0.7372881355932204,
      "recall_all_meta_ci_lower": 0.6776582877469268,
      "recall_all_meta_ci_upper": 0.7893165823339934,
      "precision": 0.49291784702549574,
      "precision_ci_lower": 0.4411206281089449,
      "precision_ci_upper": 0.5448675526412815
    }
  },
  "fulltext": {
    "counts": {
      "true_positives": 26,
      "false_negatives": 50,
      "false_positives": 25,
      "meta_in_search_available": 76,
      "meta_total": 236,
      "included_total": 51
    },
    "metrics": {
      "recall_in_search": 0.34210526315789475,
      "recall_in_search_ci_lower": 0.2453616992261352,
      "recall_in_search_ci_upper": 0.4540431223205272,
      "recall_all_meta": 0.11016949152542373,
      "recall_all_meta_ci_lower": 0.07629876021467623,
      "recall_all_meta_ci_upper": 0.15652823893809792,
      "precision": 0.5098039215686274,
      "precision_ci_lower": 0.37680695448409596,
      "precision_ci_upper": 0.641427378576938
    }
  }
}