pmid,type,source,full_text_path,in_included_set
10027301,unavailable,pubget,,True
10094159,unavailable,pubget,,True
10094160,unavailable,pubget,,True
10196592,unavailable,pubget,,True
10202574,unavailable,pubget,,True
10204545,unavailable,pubget,,True
10336657,unavailable,pubget,,True
10380952,unavailable,pubget,,True
10398975,unavailable,pubget,,True
10402198,unavailable,pubget,,True
10430951,unavailable,pubget,,True
10436317,unavailable,pubget,,True
10448223,unavailable,pubget,,True
10448224,unavailable,pubget,,True
10524624,unavailable,pubget,,True
10534240,unavailable,pubget,,True
10542344,unavailable,pubget,,True
10549802,unavailable,pubget,,True
10559412,unavailable,pubget,,True
10574380,unavailable,pubget,,True
10601744,unavailable,pubget,,True
10619639,unavailable,pubget,,True
10632617,unavailable,pubget,,True
10649576,unavailable,pubget,,True
10659849,unavailable,pubget,,True
10678834,unavailable,pubget,,True
10679186,unavailable,pubget,,True
10680766,unavailable,pubget,,True
10683827,unavailable,pubget,,True
10688157,unavailable,pubget,,True
10701752,unavailable,pubget,,True
10703049,unavailable,pubget,,True
10725387,unavailable,pubget,,True
10761647,unavailable,pubget,,True
10768694,unavailable,pubget,,True
10802787,unavailable,pubget,,True
10808134,unavailable,pubget,,True
10812035,unavailable,pubget,,True
10908192,unavailable,pubget,,True
10923664,unavailable,pubget,,True
10923682,unavailable,pubget,,True
10932271,unavailable,pubget,,True
10939170,unavailable,pubget,,True
10943724,unavailable,pubget,,True
10944408,unavailable,pubget,,True
10976426,unavailable,pubget,,True
10978701,unavailable,pubget,,True
10980029,unavailable,pubget,,True
10980034,unavailable,pubget,,True
10993455,unavailable,pubget,,True
10997451,unavailable,pubget,,True
11054916,unavailable,pubget,,True
11062324,unavailable,pubget,,True
11074084,unavailable,pubget,,True
11096335,unavailable,pubget,,True
11098794,unavailable,pubget,,True
11102809,unavailable,pubget,,True
11162757,unavailable,pubget,,True
11163281,unavailable,pubget,,True
11177421,unavailable,pubget,,True
11209954,unavailable,pubget,,True
11209962,unavailable,pubget,,True
11239901,unavailable,pubget,,True
11241871,unavailable,pubget,,True
11248106,unavailable,pubget,,True
11249801,unavailable,pubget,,True
11275483,unavailable,pubget,,True
11276236,unavailable,pubget,,True
11276237,unavailable,pubget,,True
11287379,unavailable,pubget,,True
11295344,unavailable,pubget,,True
11346796,unavailable,pubget,,True
11352610,unavailable,pubget,,True
11352614,unavailable,pubget,,True
11352615,unavailable,pubget,,True
11369947,unavailable,pubget,,True
11373135,unavailable,pubget,,True
11388421,unavailable,pubget,,True
11389943,unavailable,pubget,,True
11408051,unavailable,pubget,,True
11409720,unavailable,pubget,,True
11427312,unavailable,pubget,,True
11430815,unavailable,pubget,,True
11433786,unavailable,pubget,,True
11445639,unavailable,pubget,,True
11459906,unavailable,pubget,,True
11467919,unavailable,pubget,,True
11477432,unavailable,pubget,,True
11493699,unavailable,pubget,,True
11496145,unavailable,pubget,,True
11501733,unavailable,pubget,,True
11506646,unavailable,pubget,,True
11517272,unavailable,pubget,,True
11522586,unavailable,pubget,,True
11522964,unavailable,pubget,,True
11525336,unavailable,pubget,,True
11553776,unavailable,pubget,,True
11559958,unavailable,pubget,,True
11567623,unavailable,pubget,,True
11571222,unavailable,pubget,,True
11577229,unavailable,pubget,,True
11577239,unavailable,pubget,,True
11587889,unavailable,pubget,,True
11587892,unavailable,pubget,,True
11587893,unavailable,pubget,,True
11600889,unavailable,pubget,,True
11604609,unavailable,pubget,,True
11673327,unavailable,pubget,,True
11695953,unavailable,pubget,,True
11697929,unavailable,pubget,,True
11697938,unavailable,pubget,,True
11704071,unavailable,pubget,,True
11709163,unavailable,pubget,,True
11738037,unavailable,pubget,,True
11739265,unavailable,pubget,,True
11756667,unavailable,pubget,,True
11771981,unavailable,pubget,,True
11784442,unavailable,pubget,,True
11844264,unavailable,pubget,,True
11856537,unavailable,pubget,,True
11867247,unavailable,pubget,,True
11904454,unavailable,pubget,,True
11906217,unavailable,pubget,,True
11930129,unavailable,pubget,,True
11950653,unavailable,pubget,,True
11969327,unavailable,pubget,,True
11969334,unavailable,pubget,,True
11997687,unavailable,pubget,,True
11997747,unavailable,pubget,,True
12004194,unavailable,pubget,,True
12030833,unavailable,pubget,,True
12042184,unavailable,pubget,,True
12043845,unavailable,pubget,,True
12063136,unavailable,pubget,,True
12065841,unavailable,pubget,,True
12093602,unavailable,pubget,,True
12099486,unavailable,pubget,,True
12112762,unavailable,pubget,,True
12112771,unavailable,pubget,,True
12123569,unavailable,pubget,,True
12130784,unavailable,pubget,,True
12135962,unavailable,pubget,,True
12147314,unavailable,pubget,,True
12151781,unavailable,pubget,,True
12165379,unavailable,pubget,,True
12169250,unavailable,pubget,,True
12169251,unavailable,pubget,,True
12177449,unavailable,pubget,,True
12181004,unavailable,pubget,,True
12191459,unavailable,pubget,,True
12208011,unavailable,pubget,,True
12223572,unavailable,pubget,,True
12354404,unavailable,pubget,,True
12377163,unavailable,pubget,,True
12379608,unavailable,pubget,,True
12401549,unavailable,pubget,,True
12414262,unavailable,pubget,,True
12428121,unavailable,pubget,,True
12438467,unavailable,pubget,,True
12438918,unavailable,pubget,,True
12450947,unavailable,pubget,,True
12457759,unavailable,pubget,,True
12459213,unavailable,pubget,,True
12459214,unavailable,pubget,,True
12464460,unavailable,pubget,,True
12477938,unavailable,pubget,,True
12482078,unavailable,pubget,,True
12482086,unavailable,pubget,,True
12486175,unavailable,pubget,,True
12486176,unavailable,pubget,,True
12486265,unavailable,pubget,,True
12498747,unavailable,pubget,,True
12498962,unavailable,pubget,,True
12499413,unavailable,pubget,,True
12499485,unavailable,pubget,,True
12507445,unavailable,pubget,,True
12507454,unavailable,pubget,,True
12507690,unavailable,pubget,,True
12518293,unavailable,pubget,,True
12529451,unavailable,pubget,,True
12538399,unavailable,pubget,,True
12543980,unavailable,pubget,,True
12558574,unavailable,pubget,,True
12559151,unavailable,pubget,,True
12559655,unavailable,pubget,,True
12566287,unavailable,pubget,,True
12590843,unavailable,pubget,,True
12595178,unavailable,pubget,,True
12598634,unavailable,pubget,,True
12599272,unavailable,pubget,,True
12611944,unavailable,pubget,,True
12619902,unavailable,pubget,,True
12628176,unavailable,pubget,,True
12633462,unavailable,pubget,,True
12634489,unavailable,pubget,,True
12644354,unavailable,pubget,,True
12649315,unavailable,pubget,,True
12657885,unavailable,pubget,,True
12662974,unavailable,pubget,,True
12667523,unavailable,pubget,,True
12667843,unavailable,pubget,,True
12667853,unavailable,pubget,,True
12668253,unavailable,pubget,,True
12678633,unavailable,pubget,,True
12679298,unavailable,pubget,,True
12682281,unavailable,pubget,,True
12702705,unavailable,pubget,,True
12708533,unavailable,pubget,,True
12713652,unavailable,pubget,,True
12714175,unavailable,pubget,,True
12729493,unavailable,pubget,,True
12738003,unavailable,pubget,,True
12738341,unavailable,pubget,,True
12740580,unavailable,pubget,,True
12742672,unavailable,pubget,,True
12757885,unavailable,pubget,,True
12757912,unavailable,pubget,,True
12803968,unavailable,pubget,,True
12805118,unavailable,pubget,,True
12814572,unavailable,pubget,,True
12816895,unavailable,pubget,,True
12817151,unavailable,pubget,,True
12832550,unavailable,pubget,,True
12836912,unavailable,pubget,,True
12867504,unavailable,pubget,,True
12874501,unavailable,pubget,,True
12876150,unavailable,pubget,,True
12880814,unavailable,pubget,,True
12880816,unavailable,pubget,,True
12880819,unavailable,pubget,,True
12880911,unavailable,pubget,,True
12888543,unavailable,pubget,,True
12894812,unavailable,pubget,,True
12899193,unavailable,pubget,,True
12902031,unavailable,pubget,,True
12916476,unavailable,pubget,,True
12925854,unavailable,pubget,,True
12944520,unavailable,pubget,,True
12946085,unavailable,pubget,,True
12948690,unavailable,pubget,,True
12953301,unavailable,pubget,,True
12953303,unavailable,pubget,,True
12962908,unavailable,pubget,,True
12967919,unavailable,pubget,,True
14505331,unavailable,pubget,,True
14511531,unavailable,pubget,,True
14511533,unavailable,pubget,,True
14527570,unavailable,pubget,,True
14527572,unavailable,pubget,,True
14527592,unavailable,pubget,,True
14527602,unavailable,pubget,,True
14527612,unavailable,pubget,,True
14531584,unavailable,pubget,,True
14561410,unavailable,pubget,,True
14561873,unavailable,pubget,,True
14568109,unavailable,pubget,,True
14568451,unavailable,pubget,,True
14568509,unavailable,pubget,,True
14584560,unavailable,pubget,,True
14594740,unavailable,pubget,,True
14600506,unavailable,pubget,,True
14625149,unavailable,pubget,,True
14628754,unavailable,pubget,,True
14628755,unavailable,pubget,,True
14642287,unavailable,pubget,,True
14642482,unavailable,pubget,,True
14642483,unavailable,pubget,,True
14642496,unavailable,pubget,,True
14659100,unavailable,pubget,,True
14659501,unavailable,pubget,,True
14663183,unavailable,pubget,,True
14669523,unavailable,pubget,,True
14680638,unavailable,pubget,,True
14706466,unavailable,pubget,,True
14725928,unavailable,pubget,,True
14725933,unavailable,pubget,,True
14736578,unavailable,pubget,,True
14741110,unavailable,pubget,,True
14741317,unavailable,pubget,,True
14741644,unavailable,pubget,,True
14741654,unavailable,pubget,,True
14741673,unavailable,pubget,,True
14741683,unavailable,pubget,,True
14755595,unavailable,pubget,,True
14766184,unavailable,pubget,,True
14766652,unavailable,pubget,,True
14980560,unavailable,pubget,,True
14980562,unavailable,pubget,,True
14990520,unavailable,pubget,,True
14992974,unavailable,pubget,,True
14993116,unavailable,pubget,,True
14998712,unavailable,pubget,,True
15003180,unavailable,pubget,,True
15006043,unavailable,pubget,,True
15006661,unavailable,pubget,,True
15006673,unavailable,pubget,,True
15013826,unavailable,pubget,,True
15016098,unavailable,pubget,,True
15025047,unavailable,pubget,,True
15025050,unavailable,pubget,,True
15031438,unavailable,pubget,,True
15044528,unavailable,pubget,,True
15050547,unavailable,pubget,,True
15050549,unavailable,pubget,,True
15050573,unavailable,pubget,,True
15054065,unavailable,pubget,,True
15054073,unavailable,pubget,,True
15064396,unavailable,pubget,,True
15066273,unavailable,pubget,,True
15076743,unavailable,pubget,,True
15077112,unavailable,pubget,,True
15090475,unavailable,pubget,,True
15094461,unavailable,pubget,,True
15110018,unavailable,pubget,,True
15110040,unavailable,pubget,,True
15110728,unavailable,pubget,,True
15110733,unavailable,pubget,,True
15115795,unavailable,pubget,,True
15130587,unavailable,pubget,,True
15130592,unavailable,pubget,,True
15158422,unavailable,pubget,,True
15162913,unavailable,pubget,,True
15165353,unavailable,pubget,,True
15166105,unavailable,pubget,,True
15177792,unavailable,pubget,,True
15183384,unavailable,pubget,,True
15183397,unavailable,pubget,,True
15184616,unavailable,pubget,,True
15187808,unavailable,pubget,,True
15187809,unavailable,pubget,,True
15192010,unavailable,pubget,,True
15193626,unavailable,pubget,,True
15193632,unavailable,pubget,,True
15196652,unavailable,pubget,,True
15210952,unavailable,pubget,,True
15219586,unavailable,pubget,,True
15232281,unavailable,pubget,,True
15257156,unavailable,pubget,,True
15268916,unavailable,pubget,,True
15275915,unavailable,pubget,,True
15275917,unavailable,pubget,,True
15275919,unavailable,pubget,,True
15275926,unavailable,pubget,,True
15294222,unavailable,pubget,,True
15295012,unavailable,pubget,,True
15312809,unavailable,pubget,,True
15315531,unavailable,pubget,,True
15319275,unavailable,pubget,,True
15322270,unavailable,pubget,,True
15325367,unavailable,pubget,,True
15325382,unavailable,pubget,,True
15325385,unavailable,pubget,,True
15325387,unavailable,pubget,,True
15325419,unavailable,pubget,,True
15335113,unavailable,pubget,,True
15351525,unavailable,pubget,,True
15351766,unavailable,pubget,,True
15372137,unavailable,pubget,,True
15449353,unavailable,pubget,,True
15453969,unavailable,pubget,,True
15477872,unavailable,pubget,,True
15488301,unavailable,pubget,,True
15494727,unavailable,pubget,,True
15500300,unavailable,pubget,,True
15511656,unavailable,pubget,,True
15512926,unavailable,pubget,,True
15528084,unavailable,pubget,,True
15531561,unavailable,pubget,,True
15535168,unavailable,pubget,,True
15537672,unavailable,pubget,,True
15546983,unavailable,pubget,,True
15548650,unavailable,pubget,,True
15560325,unavailable,pubget,,True
15563325,unavailable,pubget,,True
15567485,unavailable,pubget,,True
15572118,unavailable,pubget,,True
15578167,unavailable,pubget,,True
15579169,unavailable,pubget,,True
15588605,unavailable,pubget,,True
15589099,unavailable,pubget,,True
15589156,unavailable,pubget,,True
15592463,unavailable,pubget,,True
15592466,unavailable,pubget,,True
15593269,unavailable,pubget,,True
15599074,unavailable,pubget,,True
15601527,unavailable,pubget,,True
15601600,unavailable,pubget,,True
15601601,unavailable,pubget,,True
15602408,unavailable,pubget,,True
15602409,unavailable,pubget,,True
15603746,unavailable,pubget,,True
15618889,unavailable,pubget,,True
15625099,unavailable,pubget,,True
15627583,unavailable,pubget,,True
15627601,unavailable,pubget,,True
15640753,unavailable,pubget,,True
15653293,unavailable,pubget,,True
15659597,unavailable,pubget,,True
15660852,unavailable,pubget,,True
15664795,unavailable,pubget,,True
15665880,unavailable,pubget,,True
15670670,unavailable,pubget,,True
15670682,unavailable,pubget,,True
15670692,unavailable,pubget,,True
15670699,unavailable,pubget,,True
15670701,unavailable,pubget,,True
15671862,unavailable,pubget,,True
15677350,unavailable,pubget,,True
15691520,unavailable,pubget,,True
15691530,unavailable,pubget,,True
15701223,unavailable,pubget,,True
15701225,unavailable,pubget,,True
15718370,unavailable,pubget,,True
15718375,unavailable,pubget,,True
15721182,unavailable,pubget,,True
15721193,unavailable,pubget,,True
15734365,unavailable,pubget,,True
15741464,unavailable,pubget,,True
15746486,unavailable,pubget,,True
15753036,unavailable,pubget,,True
15753240,unavailable,pubget,,True
15753241,unavailable,pubget,,True
15771403,unavailable,pubget,,True
15780849,unavailable,pubget,,True
15784435,unavailable,pubget,,True
15799063,unavailable,pubget,,True
15800041,unavailable,pubget,,True
15808976,unavailable,pubget,,True
15811242,unavailable,pubget,,True
15814790,unavailable,pubget,,True
15817510,unavailable,pubget,,True
15817513,unavailable,pubget,,True
15820363,unavailable,pubget,,True
15831067,unavailable,pubget,,True
15849894,unavailable,pubget,,True
15849897,unavailable,pubget,,True
15850729,unavailable,pubget,,True
15850750,unavailable,pubget,,True
15852382,unavailable,pubget,,True
15860337,unavailable,pubget,,True
15860342,unavailable,pubget,,True
15869492,unavailable,pubget,,True
15882649,unavailable,pubget,,True
15884023,unavailable,pubget,,True
15895428,unavailable,pubget,,True
15901409,unavailable,pubget,,True
15906202,unavailable,pubget,,True
15907298,unavailable,pubget,,True
15907315,unavailable,pubget,,True
15917455,unavailable,pubget,,True
15921900,unavailable,pubget,,True
15921935,unavailable,pubget,,True
15922162,unavailable,pubget,,True
15927485,unavailable,pubget,,True
15928057,unavailable,pubget,,True
15928068,unavailable,pubget,,True
15929092,unavailable,pubget,,True
15930074,unavailable,pubget,,True
15935261,unavailable,pubget,,True
15936178,unavailable,pubget,,True
15939883,unavailable,pubget,,True
15947057,unavailable,pubget,,True
15955495,unavailable,pubget,,True
15955502,unavailable,pubget,,True
15958738,unavailable,pubget,,True
15961047,unavailable,pubget,,True
15961049,unavailable,pubget,,True
15961053,unavailable,pubget,,True
15961229,unavailable,pubget,,True
15966002,unavailable,pubget,,True
15973144,unavailable,pubget,,True
15973145,unavailable,pubget,,True
15974472,unavailable,pubget,,True
15978553,unavailable,pubget,,True
15978839,unavailable,pubget,,True
15992522,unavailable,pubget,,True
15993537,unavailable,pubget,,True
15993859,unavailable,pubget,,True
15997022,unavailable,pubget,,True
16000636,unavailable,pubget,,True
16005247,unavailable,pubget,,True
16006150,unavailable,pubget,,True
16009246,unavailable,pubget,,True
16012636,unavailable,pubget,,True
16018331,unavailable,pubget,,True
16023686,unavailable,pubget,,True
16025108,unavailable,pubget,,True
16027011,unavailable,pubget,,True
16033923,unavailable,pubget,,True
16039570,unavailable,pubget,,True
16043128,unavailable,pubget,,True
16045505,unavailable,pubget,,True
16049190,unavailable,pubget,,True
16056122,unavailable,pubget,,True
16080162,unavailable,pubget,,True
16081303,unavailable,pubget,,True
16087905,unavailable,pubget,,True
16091536,unavailable,pubget,,True
16092534,unavailable,pubget,,True
16096783,unavailable,pubget,,True
16102236,unavailable,pubget,,True
16102242,unavailable,pubget,,True
16112653,unavailable,pubget,,True
16125977,unavailable,pubget,,True
16129481,unavailable,pubget,,True
16129625,unavailable,pubget,,True
16136037,unavailable,pubget,,True
16136038,unavailable,pubget,,True
16137995,unavailable,pubget,,True
16140166,unavailable,pubget,,True
16154453,unavailable,pubget,,True
16157435,unavailable,pubget,,True
16162427,unavailable,pubget,,True
16166020,unavailable,pubget,,True
16176365,unavailable,pubget,,True
16177908,unavailable,pubget,,True
16180628,unavailable,pubget,,True
16189466,unavailable,pubget,,True
16189475,unavailable,pubget,,True
16195470,unavailable,pubget,,True
16197687,unavailable,pubget,,True
16197689,unavailable,pubget,,True
16199845,unavailable,pubget,,True
16216534,unavailable,pubget,,True
16221928,unavailable,pubget,,True
16226433,unavailable,pubget,,True
16226467,unavailable,pubget,,True
16226895,unavailable,pubget,,True
16229867,unavailable,pubget,,True
16243051,unavailable,pubget,,True
16249909,unavailable,pubget,,True
16251213,unavailable,pubget,,True
16251214,unavailable,pubget,,True
16256956,unavailable,pubget,,True
16269110,unavailable,pubget,,True
16271484,unavailable,pubget,,True
16275138,unavailable,pubget,,True
16275139,unavailable,pubget,,True
16275140,unavailable,pubget,,True
16275141,unavailable,pubget,,True
16286445,unavailable,pubget,,True
16290261,unavailable,pubget,,True
16292183,unavailable,pubget,,True
16292319,unavailable,pubget,,True
16292722,unavailable,pubget,,True
16298252,unavailable,pubget,,True
16301482,unavailable,pubget,,True
16303148,unavailable,pubget,,True
16305000,unavailable,pubget,,True
16306418,unavailable,pubget,,True
16307895,unavailable,pubget,,True
16315273,unavailable,pubget,,True
16316476,unavailable,pubget,,True
16322226,unavailable,pubget,,True
16325382,unavailable,pubget,,True
16327784,unavailable,pubget,,True
16330503,unavailable,pubget,,True
16337816,unavailable,pubget,,True
16339084,unavailable,pubget,,True
16339086,unavailable,pubget,,True
16340161,unavailable,pubget,,True
16340378,unavailable,pubget,,True
16360687,unavailable,pubget,,True
16368249,unavailable,pubget,,True
16373577,unavailable,pubget,,True
16376576,unavailable,pubget,,True
16377154,unavailable,pubget,,True
16387401,unavailable,pubget,,True
16401423,unavailable,pubget,,True
16401851,unavailable,pubget,,True
16407765,unavailable,pubget,,True
16411179,unavailable,pubget,,True
16415158,unavailable,pubget,,True
16420973,unavailable,pubget,,True
16446032,unavailable,pubget,,True
16452666,unavailable,pubget,,True
16456083,unavailable,pubget,,True
16459105,unavailable,pubget,,True
16460693,unavailable,pubget,,True
16460792,unavailable,pubget,,True
16460858,unavailable,pubget,,True
16460963,unavailable,pubget,,True
16462592,unavailable,pubget,,True
16476669,unavailable,pubget,,True
16480897,unavailable,pubget,,True
16481375,unavailable,pubget,,True
16487729,unavailable,pubget,,True
16487943,unavailable,pubget,,True
16488159,unavailable,pubget,,True
16492133,unavailable,pubget,,True
16492377,unavailable,pubget,,True
16495434,unavailable,pubget,,True
16507300,unavailable,pubget,,True
16508391,unavailable,pubget,,True
16520329,unavailable,pubget,,True
16525130,unavailable,pubget,,True
16540351,unavailable,pubget,,True
16543130,unavailable,pubget,,True
16545844,unavailable,pubget,,True
16545967,unavailable,pubget,,True
16565949,unavailable,pubget,,True
16565953,unavailable,pubget,,True
16567707,unavailable,pubget,,True
16600849,unavailable,pubget,,True
16600863,unavailable,pubget,,True
16603133,unavailable,pubget,,True
16603916,unavailable,pubget,,True
16616721,unavailable,pubget,,True
16623851,unavailable,pubget,,True
16627856,unavailable,pubget,,True
16630832,unavailable,pubget,,True
16635578,unavailable,pubget,,True
16648454,unavailable,pubget,,True
16670180,unavailable,pubget,,True
16696558,unavailable,pubget,,True
16701731,unavailable,pubget,,True
16704087,unavailable,pubget,,True
16716388,unavailable,pubget,,True
16716825,unavailable,pubget,,True
16718651,unavailable,pubget,,True
16729288,unavailable,pubget,,True
16730459,unavailable,pubget,,True
16735472,unavailable,pubget,,True
16738250,unavailable,pubget,,True
16741211,unavailable,pubget,,True
16770797,unavailable,pubget,,True
16782207,unavailable,pubget,,True
16806317,unavailable,pubget,,True
16806977,unavailable,pubget,,True
16814818,unavailable,pubget,,True
16818474,unavailable,pubget,,True
16828125,unavailable,pubget,,True
16837589,unavailable,pubget,,True
16844722,unavailable,pubget,,True
16850255,unavailable,pubget,,True
16859411,unavailable,pubget,,True
16859412,unavailable,pubget,,True
16859420,unavailable,pubget,,True
16860973,unavailable,pubget,,True
16870475,unavailable,pubget,,True
16870741,unavailable,pubget,,True
16879842,unavailable,pubget,,True
16883501,unavailable,pubget,,True
16892057,unavailable,pubget,,True
16896984,unavailable,pubget,,True
16905593,unavailable,pubget,,True
16908561,unavailable,pubget,,True
16919483,unavailable,pubget,,True
16932143,unavailable,pubget,,True
16932145,unavailable,pubget,,True
16934843,unavailable,pubget,,True
16938328,unavailable,pubget,,True
16942837,unavailable,pubget,,True
16943547,unavailable,pubget,,True
16949306,unavailable,pubget,,True
16949873,unavailable,pubget,,True
16952466,unavailable,pubget,,True
16956107,unavailable,pubget,,True
16956980,unavailable,pubget,,True
16978883,unavailable,pubget,,True
16979350,unavailable,pubget,,True
17007235,unavailable,pubget,,True
17019406,unavailable,pubget,,True
17030117,unavailable,pubget,,True
17032710,unavailable,pubget,,True
17042790,unavailable,pubget,,True
17053149,unavailable,pubget,,True
17069771,unavailable,pubget,,True
17070708,unavailable,pubget,,True
17088019,unavailable,pubget,,True
17089375,unavailable,pubget,,True
17095198,unavailable,pubget,,True
17097071,unavailable,pubget,,True
17097275,unavailable,pubget,,True
17113931,unavailable,pubget,,True
17113943,unavailable,pubget,,True
17123070,unavailable,pubget,,True
17126910,unavailable,pubget,,True
17129195,unavailable,pubget,,True
17133398,unavailable,pubget,,True
17136467,unavailable,pubget,,True
17137758,unavailable,pubget,,True
17139038,unavailable,pubget,,True
17141528,unavailable,pubget,,True
17147975,unavailable,pubget,,True
17157270,unavailable,pubget,,True
17161627,unavailable,pubget,,True
17164335,unavailable,pubget,,True
17167092,unavailable,pubget,,True
17175173,unavailable,pubget,,True
17178420,unavailable,pubget,,True
17182226,unavailable,pubget,,True
17182259,unavailable,pubget,,True
17184978,unavailable,pubget,,True
17187593,unavailable,pubget,,True
17188251,unavailable,pubget,,True
17188904,unavailable,pubget,,True
17190969,unavailable,pubget,,True
17195842,unavailable,pubget,,True
17199059,unavailable,pubget,,True
17201461,unavailable,pubget,,True
17201784,unavailable,pubget,,True
17204295,unavailable,pubget,,True
17207899,unavailable,pubget,,True
17208459,unavailable,pubget,,True
17210136,unavailable,pubget,,True
17211439,unavailable,pubget,,True
17214562,unavailable,pubget,,True
17214570,unavailable,pubget,,True
17215478,unavailable,pubget,,True
17217921,unavailable,pubget,,True
17218478,unavailable,pubget,,True
17222539,unavailable,pubget,,True
17229109,unavailable,pubget,,True
17236244,unavailable,pubget,,True
17243358,unavailable,pubget,,True
17259856,unavailable,pubget,,True
17266108,unavailable,pubget,,True
17267613,unavailable,pubget,,True
17267796,unavailable,pubget,,True
17270466,unavailable,pubget,,True
17274021,unavailable,pubget,,True
17283203,unavailable,pubget,,True
17284168,unavailable,pubget,,True
17303390,unavailable,pubget,,True
17303439,unavailable,pubget,,True
17303440,unavailable,pubget,,True
17303809,unavailable,pubget,,True
17306772,unavailable,pubget,,True
17317297,unavailable,pubget,,True
17318308,unavailable,pubget,,True
17320835,unavailable,pubget,,True
17334210,unavailable,pubget,,True
17336096,unavailable,pubget,,True
17336344,unavailable,pubget,,True
17336945,unavailable,pubget,,True
17339967,unavailable,pubget,,True
17346988,unavailable,pubget,,True
17347765,unavailable,pubget,,True
17350862,unavailable,pubget,,True
17351637,unavailable,pubget,,True
17356686,unavailable,pubget,,True
17360913,unavailable,pubget,,True
17363281,unavailable,pubget,,True
17368914,unavailable,pubget,,True
17372124,unavailable,pubget,,True
17375288,unavailable,pubget,,True
17395381,unavailable,pubget,,True
17398080,unavailable,pubget,,True
17401515,unavailable,pubget,,True
17403973,unavailable,pubget,,True
17406646,unavailable,pubget,,True
17442593,unavailable,pubget,,True
17456359,unavailable,pubget,,True
17467008,unavailable,pubget,,True
17470457,unavailable,pubget,,True
17473836,unavailable,pubget,,True
17475514,unavailable,pubget,,True
17476681,unavailable,pubget,,True
17482797,unavailable,pubget,,True
17483530,unavailable,pubget,,True
17486323,unavailable,pubget,,True
17493920,unavailable,pubget,,True
17496793,unavailable,pubget,,True
17496806,unavailable,pubget,,True
17516802,unavailable,pubget,,True
17517680,unavailable,pubget,,True
17524589,unavailable,pubget,,True
17525984,unavailable,pubget,,True
17532135,unavailable,pubget,,True
17537966,unavailable,pubget,,True
17541115,unavailable,pubget,,True
17543896,unavailable,pubget,,True
17547581,unavailable,pubget,,True
17548751,unavailable,pubget,,True
17553466,unavailable,pubget,,True
17553996,unavailable,pubget,,True
17558282,unavailable,pubget,,True
17560689,unavailable,pubget,,True
17566054,unavailable,pubget,,True
17574442,unavailable,pubget,,True
17574870,unavailable,pubget,,True
17578311,unavailable,pubget,,True
17586869,unavailable,pubget,,True
17591598,unavailable,pubget,,True
17595018,unavailable,pubget,,True
17596425,unavailable,pubget,,True
17601709,unavailable,pubget,,True
17604351,unavailable,pubget,,True
17606317,unavailable,pubget,,True
17607327,unavailable,pubget,,True
17614283,unavailable,pubget,,True
17615247,unavailable,pubget,,True
17617382,unavailable,pubget,,True
17617658,unavailable,pubget,,True
17618423,unavailable,pubget,,True
17622649,unavailable,pubget,,True
17626906,unavailable,pubget,,True
17631362,unavailable,pubget,,True
17631408,unavailable,pubget,,True
17634566,unavailable,pubget,,True
17636562,unavailable,pubget,,True
17643452,unavailable,pubget,,True
17651008,unavailable,pubget,,True
17651704,unavailable,pubget,,True
17652462,unavailable,pubget,,True
17652594,unavailable,pubget,,True
17659885,unavailable,pubget,,True
17667888,unavailable,pubget,,True
17672385,unavailable,pubget,,True
17680602,unavailable,pubget,,True
17688985,unavailable,pubget,,True
17700019,unavailable,pubget,,True
17707349,unavailable,pubget,,True
17707444,unavailable,pubget,,True
17714006,unavailable,pubget,,True
17714012,unavailable,pubget,,True
17715358,unavailable,pubget,,True
17717184,unavailable,pubget,,True
17717657,unavailable,pubget,,True
17720547,unavailable,pubget,,True
17727825,unavailable,pubget,,True
17762711,unavailable,pubget,,True
17762716,unavailable,pubget,,True
17767510,unavailable,pubget,,True
17845909,unavailable,pubget,,True
17846159,unavailable,pubget,,True
17870235,unavailable,pubget,,True
17875914,unavailable,pubget,,True
17880929,unavailable,pubget,,True
17884498,unavailable,pubget,,True
17892386,unavailable,pubget,,True
17894602,unavailable,pubget,,True
17898151,unavailable,pubget,,True
17904388,unavailable,pubget,,True
17904869,unavailable,pubget,,True
17916328,unavailable,pubget,,True
17942721,unavailable,pubget,,True
17942736,unavailable,pubget,,True
17946025,unavailable,pubget,,True
17948885,unavailable,pubget,,True
17950032,unavailable,pubget,,True
17951112,unavailable,pubget,,True
17958480,unavailable,pubget,,True
17958482,unavailable,pubget,,True
17964548,unavailable,pubget,,True
17964813,unavailable,pubget,,True
17965984,unavailable,pubget,,True
17974317,unavailable,pubget,,True
17976960,unavailable,pubget,,True
17986682,unavailable,pubget,,True
17987064,unavailable,pubget,,True
17988357,unavailable,pubget,,True
17989234,unavailable,pubget,,True
17993211,unavailable,pubget,,True
17997331,unavailable,pubget,,True
17999985,unavailable,pubget,,True
18002723,unavailable,pubget,,True
18004139,unavailable,pubget,,True
18004944,unavailable,pubget,,True
18004949,unavailable,pubget,,True
18004954,unavailable,pubget,,True
18005496,unavailable,pubget,,True
18029095,unavailable,pubget,,True
18033769,unavailable,pubget,,True
18039046,unavailable,pubget,,True
18041716,unavailable,pubget,,True
18041738,unavailable,pubget,,True
18043766,unavailable,pubget,,True
18053746,unavailable,pubget,,True
18055942,unavailable,pubget,,True
18056543,unavailable,pubget,,True
18056550,unavailable,pubget,,True
18058090,unavailable,pubget,,True
18058813,unavailable,pubget,,True
18063349,unavailable,pubget,,True
18063414,unavailable,pubget,,True
18063476,unavailable,pubget,,True
18068954,unavailable,pubget,,True
18077383,unavailable,pubget,,True
18077520,unavailable,pubget,,True
18079060,unavailable,pubget,,True
18088081,unavailable,pubget,,True
18094229,unavailable,pubget,,True
18095789,unavailable,pubget,,True
18164628,unavailable,pubget,,True
18166203,unavailable,pubget,,True
18174826,unavailable,pubget,,True
18174910,unavailable,pubget,,True
18176625,unavailable,pubget,,True
18181882,unavailable,pubget,,True
18185114,unavailable,pubget,,True
18187204,unavailable,pubget,,True
18191116,unavailable,pubget,,True
18201123,unavailable,pubget,,True
18201134,unavailable,pubget,,True
18206186,unavailable,pubget,,True
18207298,unavailable,pubget,,True
18208887,unavailable,pubget,,True
18211242,unavailable,pubget,,True
18214457,unavailable,pubget,,True
18217881,unavailable,pubget,,True
18234477,unavailable,pubget,,True
18238903,unavailable,pubget,,True
18243737,unavailable,pubget,,True
18248740,unavailable,pubget,,True
18248794,unavailable,pubget,,True
18248824,unavailable,pubget,,True
18258428,unavailable,pubget,,True
18261744,unavailable,pubget,,True
18266215,unavailable,pubget,,True
18266983,unavailable,pubget,,True
18275332,unavailable,pubget,,True
18275339,unavailable,pubget,,True
18281412,unavailable,pubget,,True
18284353,unavailable,pubget,,True
18287004,unavailable,pubget,,True
18294420,unavailable,pubget,,True
18295746,unavailable,pubget,,True
18303568,unavailable,pubget,,True
18310578,unavailable,pubget,,True
18310580,unavailable,pubget,,True
18314252,unavailable,pubget,,True
18314269,unavailable,pubget,,True
18321537,unavailable,pubget,,True
18322462,unavailable,pubget,,True
18326624,unavailable,pubget,,True
18329904,unavailable,pubget,,True
18332073,unavailable,pubget,,True
18337401,unavailable,pubget,,True
18342542,unavailable,pubget,,True
18345988,unavailable,pubget,,True
18346831,unavailable,pubget,,True
18346998,unavailable,pubget,,True
18353521,unavailable,pubget,,True
18358455,unavailable,pubget,,True
18367428,unavailable,pubget,,True
18372289,unavailable,pubget,,True
18378553,unavailable,pubget,,True
18381769,unavailable,pubget,,True
18385330,unavailable,pubget,,True
18388730,unavailable,pubget,,True
18396414,unavailable,pubget,,True
18399040,unavailable,pubget,,True
18407300,unavailable,pubget,,True
18412134,unavailable,pubget,,True
18413290,unavailable,pubget,,True
18434201,unavailable,pubget,,True
18440204,unavailable,pubget,,True
18440572,unavailable,pubget,,True
18446830,unavailable,pubget,,True
18448634,unavailable,pubget,,True
18455740,unavailable,pubget,,True
18457504,unavailable,pubget,,True
18458208,unavailable,pubget,,True
18461157,unavailable,pubget,,True
18463627,unavailable,pubget,,True
18465788,unavailable,pubget,,True
18467028,unavailable,pubget,,True
18479717,unavailable,pubget,,True
18480284,unavailable,pubget,,True
18483136,unavailable,pubget,,True
18483724,unavailable,pubget,,True
18484855,unavailable,pubget,,True
18486975,unavailable,pubget,,True
18489964,unavailable,pubget,,True
18490028,unavailable,pubget,,True
18504112,unavailable,pubget,,True
18513140,unavailable,pubget,,True
18539249,unavailable,pubget,,True
18539559,unavailable,pubget,,True
18540778,unavailable,pubget,,True
18540880,unavailable,pubget,,True
18541279,unavailable,pubget,,True
18550030,unavailable,pubget,,True
18554929,unavailable,pubget,,True
18562330,unavailable,pubget,,True
18562599,unavailable,pubget,,True
18564045,unavailable,pubget,,True
18573512,unavailable,pubget,,True
18578601,unavailable,pubget,,True
18579347,unavailable,pubget,,True
18580572,unavailable,pubget,,True
18580874,unavailable,pubget,,True
18586370,unavailable,pubget,,True
18586522,unavailable,pubget,,True
18590800,unavailable,pubget,,True
18594696,unavailable,pubget,,True
18595985,unavailable,pubget,,True
18596608,unavailable,pubget,,True
18599179,unavailable,pubget,,True
18603230,unavailable,pubget,,True
18603301,unavailable,pubget,,True
18605869,unavailable,pubget,,True
18608849,unavailable,pubget,,True
18609429,unavailable,pubget,,True
18621359,unavailable,pubget,,True
18633772,unavailable,pubget,,True
18633800,unavailable,pubget,,True
18633805,unavailable,pubget,,True
18633816,unavailable,pubget,,True
18633831,unavailable,pubget,,True
18633848,unavailable,pubget,,True
18635241,unavailable,pubget,,True
18635699,unavailable,pubget,,True
18639533,unavailable,pubget,,True
18639566,unavailable,pubget,,True
18661501,unavailable,pubget,,True
18671278,unavailable,pubget,,True
18672076,unavailable,pubget,,True
18672352,unavailable,pubget,,True
18675364,unavailable,pubget,,True
18678793,unavailable,pubget,,True
18684663,unavailable,pubget,,True
18691703,unavailable,pubget,,True
18717713,unavailable,pubget,,True
18726545,unavailable,pubget,,True
18726910,unavailable,pubget,,True
18752404,unavailable,pubget,,True
18752414,unavailable,pubget,,True
18757982,unavailable,pubget,,True
18758379,unavailable,pubget,,True
18759811,unavailable,pubget,,True
18771673,unavailable,pubget,,True
18771714,unavailable,pubget,,True
18775476,unavailable,pubget,,True
18777560,unavailable,pubget,,True
18778978,unavailable,pubget,,True
18783864,unavailable,pubget,,True
18785653,unavailable,pubget,,True
18787229,unavailable,pubget,,True
18790065,unavailable,pubget,,True
18790875,unavailable,pubget,,True
18796186,unavailable,pubget,,True
18797310,unavailable,pubget,,True
18817883,unavailable,pubget,,True
18823232,unavailable,pubget,,True
18823249,unavailable,pubget,,True
18823255,unavailable,pubget,,True
18824236,unavailable,pubget,,True
18826444,unavailable,pubget,,True
18829694,unavailable,pubget,,True
18829695,unavailable,pubget,,True
18837865,unavailable,pubget,,True
18838037,unavailable,pubget,,True
18838634,unavailable,pubget,,True
18848443,unavailable,pubget,,True
18848742,unavailable,pubget,,True
18848823,unavailable,pubget,,True
18852053,unavailable,pubget,,True
18923070,unavailable,pubget,,True
18930036,unavailable,pubget,,True
18930635,unavailable,pubget,,True
18937781,unavailable,pubget,,True
18955907,unavailable,pubget,,True
18971462,unavailable,pubget,,True
18973586,unavailable,pubget,,True
18979376,unavailable,pubget,,True
18981343,unavailable,pubget,,True
18981933,unavailable,pubget,,True
18985117,unavailable,pubget,,True
18985128,unavailable,pubget,,True
18985132,unavailable,pubget,,True
18985135,unavailable,pubget,,True
18988858,unavailable,pubget,,True
18996489,unavailable,pubget,,True
18996910,unavailable,pubget,,True
19001543,unavailable,pubget,,True
19005002,unavailable,pubget,,True
19015082,unavailable,pubget,,True
19015083,unavailable,pubget,,True
19015094,unavailable,pubget,,True
19015102,unavailable,pubget,,True
19015113,unavailable,pubget,,True
19015114,unavailable,pubget,,True
19015369,unavailable,pubget,,True
19015371,unavailable,pubget,,True
19016606,unavailable,pubget,,True
19035098,unavailable,pubget,,True
19036981,unavailable,pubget,,True
19037205,unavailable,pubget,,True
19041896,unavailable,pubget,,True
19047074,unavailable,pubget,,True
19052111,unavailable,pubget,,True
19056093,unavailable,pubget,,True
19074979,unavailable,pubget,,True
19076485,unavailable,pubget,,True
19086020,unavailable,pubget,,True
19093617,unavailable,pubget,,True
19100329,unavailable,pubget,,True
19103254,unavailable,pubget,,True
19104453,unavailable,pubget,,True
19107750,unavailable,pubget,,True
19109984,unavailable,pubget,,True
19118174,unavailable,pubget,,True
19124693,unavailable,pubget,,True
19135071,unavailable,pubget,,True
19146346,unavailable,pubget,,True
19146819,unavailable,pubget,,True
19147695,unavailable,pubget,,True
19151375,unavailable,pubget,,True
19154647,unavailable,pubget,,True
19159636,unavailable,pubget,,True
19163574,unavailable,pubget,,True
19163620,unavailable,pubget,,True
19167506,unavailable,pubget,,True
19172653,unavailable,pubget,,True
19173228,unavailable,pubget,,True
19176471,unavailable,pubget,,True
19176830,unavailable,pubget,,True
19179278,unavailable,pubget,,True
19182175,unavailable,pubget,,True
19188115,unavailable,pubget,,True
19188539,unavailable,pubget,,True
19199423,unavailable,pubget,,True
19219919,unavailable,pubget,,True
19223437,unavailable,pubget,,True
19224116,unavailable,pubget,,True
19225169,unavailable,pubget,,True
19232022,unavailable,pubget,,True
19232481,unavailable,pubget,,True
19235420,unavailable,pubget,,True
19235883,unavailable,pubget,,True
19238107,unavailable,pubget,,True
19242292,unavailable,pubget,,True
19243839,unavailable,pubget,,True
19246474,unavailable,pubget,,True
19250686,unavailable,pubget,,True
19254086,unavailable,pubget,,True
19255377,unavailable,pubget,,True
19255912,unavailable,pubget,,True
19258022,unavailable,pubget,,True
19259973,unavailable,pubget,,True
19261872,unavailable,pubget,,True
19271882,unavailable,pubget,,True
19276119,unavailable,pubget,,True
19278671,unavailable,pubget,,True
19285072,unavailable,pubget,,True
19285381,unavailable,pubget,,True
19301997,unavailable,pubget,,True
19302006,unavailable,pubget,,True
19306881,unavailable,pubget,,True
19320549,unavailable,pubget,,True
19322649,unavailable,pubget,,True
19322727,unavailable,pubget,,True
19326289,unavailable,pubget,,True
19327402,unavailable,pubget,,True
19328236,unavailable,pubget,,True
19328661,unavailable,pubget,,True
19334314,unavailable,pubget,,True
19338716,unavailable,pubget,,True
19342189,unavailable,pubget,,True
19344762,unavailable,pubget,,True
19346000,unavailable,pubget,,True
19347877,unavailable,pubget,,True
19348727,unavailable,pubget,,True
19349239,unavailable,pubget,,True
19349245,unavailable,pubget,,True
19357304,unavailable,pubget,,True
19357387,unavailable,pubget,,True
19360650,unavailable,pubget,,True
19365802,unavailable,pubget,,True
19368816,unavailable,pubget,,True
19371787,unavailable,pubget,,True
19385014,unavailable,pubget,,True
19385988,unavailable,pubget,,True
19387615,unavailable,pubget,,True
19388013,unavailable,pubget,,True
19397858,unavailable,pubget,,True
19398309,unavailable,pubget,,True
19401224,unavailable,pubget,,True
19401380,unavailable,pubget,,True
19403890,unavailable,pubget,,True
19405122,unavailable,pubget,,True
19410583,unavailable,pubget,,True
19413923,unavailable,pubget,,True
19415407,unavailable,pubget,,True
19418045,unavailable,pubget,,True
19418556,unavailable,pubget,,True
19419593,unavailable,pubget,,True
19420090,unavailable,pubget,,True
19422619,unavailable,pubget,,True
19427632,unavailable,pubget,,True
19428403,unavailable,pubget,,True
19428976,unavailable,pubget,,True
19429013,unavailable,pubget,,True
19429043,unavailable,pubget,,True
19434584,unavailable,pubget,,True
19446638,unavailable,pubget,,True
19446647,unavailable,pubget,,True
19446795,unavailable,pubget,,True
19450613,unavailable,pubget,,True
19451625,unavailable,pubget,,True
19454919,unavailable,pubget,,True
19457385,unavailable,pubget,,True
19457939,unavailable,pubget,,True
19465134,unavailable,pubget,,True
19473471,unavailable,pubget,,True
19480985,unavailable,pubget,,True
19481456,unavailable,pubget,,True
19482079,unavailable,pubget,,True
19493626,unavailable,pubget,,True
19494142,unavailable,pubget,,True
19500158,unavailable,pubget,,True
19501062,unavailable,pubget,,True
19505993,unavailable,pubget,,True
19512976,unavailable,pubget,,True
19524092,unavailable,pubget,,True
19524887,unavailable,pubget,,True
19530218,unavailable,pubget,,True
19539034,unavailable,pubget,,True
19539711,unavailable,pubget,,True
19539998,unavailable,pubget,,True
19545982,unavailable,pubget,,True
19554560,unavailable,pubget,,True
19556348,unavailable,pubget,,True
19559343,unavailable,pubget,,True
19560133,unavailable,pubget,,True
19570530,unavailable,pubget,,True
19571124,unavailable,pubget,,True
19571143,unavailable,pubget,,True
19572986,unavailable,pubget,,True
19576235,unavailable,pubget,,True
19585106,unavailable,pubget,,True
19585350,unavailable,pubget,,True
19589502,unavailable,pubget,,True
19605530,unavailable,pubget,,True
19605649,unavailable,pubget,,True
19616105,unavailable,pubget,,True
19618409,unavailable,pubget,,True
19621369,unavailable,pubget,,True
19627640,unavailable,pubget,,True
19628377,unavailable,pubget,,True
19631626,unavailable,pubget,,True
19631673,unavailable,pubget,,True
19632787,unavailable,pubget,,True
19636504,unavailable,pubget,,True
19637101,unavailable,pubget,,True
19642884,unavailable,pubget,,True
19642886,unavailable,pubget,,True
19647799,unavailable,pubget,,True
19656642,unavailable,pubget,,True
19665104,unavailable,pubget,,True
19665877,unavailable,pubget,,True
19673914,unavailable,pubget,,True
19674742,unavailable,pubget,,True
19675242,unavailable,pubget,,True
19679078,unavailable,pubget,,True
19680634,unavailable,pubget,,True
19686782,unavailable,pubget,,True
19696688,unavailable,pubget,,True
19698726,unavailable,pubget,,True
19699186,unavailable,pubget,,True
19699306,unavailable,pubget,,True
19710316,unavailable,pubget,,True
19710691,unavailable,pubget,,True
19715763,unavailable,pubget,,True
19732478,unavailable,pubget,,True
19732838,unavailable,pubget,,True
19733188,unavailable,pubget,,True
19733581,unavailable,pubget,,True
19733670,unavailable,pubget,,True
19739909,unavailable,pubget,,True
19747463,unavailable,pubget,,True
19748075,unavailable,pubget,,True
19748540,unavailable,pubget,,True
19755103,unavailable,pubget,,True
19756824,unavailable,pubget,,True
19758762,unavailable,pubget,,True
19759124,unavailable,pubget,,True
19761853,unavailable,pubget,,True
19767310,unavailable,pubget,,True
19770059,unavailable,pubget,,True
19775500,unavailable,pubget,,True
19776274,unavailable,pubget,,True
19780040,unavailable,pubget,,True
19781756,unavailable,pubget,,True
19782476,unavailable,pubget,,True
19782696,unavailable,pubget,,True
19786106,unavailable,pubget,,True
19794319,unavailable,pubget,,True
19795962,unavailable,pubget,,True
19803681,unavailable,pubget,,True
19803682,unavailable,pubget,,True
19803684,unavailable,pubget,,True
19804836,unavailable,pubget,,True
19811772,unavailable,pubget,,True
19819248,unavailable,pubget,,True
19821187,unavailable,pubget,,True
19823981,unavailable,pubget,,True
19833143,unavailable,pubget,,True
19833214,unavailable,pubget,,True
19833329,unavailable,pubget,,True
19837179,unavailable,pubget,,True
19840035,unavailable,pubget,,True
19853585,unavailable,pubget,,True
19854553,unavailable,pubget,,True
19864015,unavailable,pubget,,True
19879918,unavailable,pubget,,True
19880294,unavailable,pubget,,True
19883773,unavailable,pubget,,True
19884226,unavailable,pubget,,True
19889713,unavailable,pubget,,True
19895721,unavailable,pubget,,True
19910166,unavailable,pubget,,True
19910719,unavailable,pubget,,True
19912333,unavailable,pubget,,True
19914001,unavailable,pubget,,True
19917597,unavailable,pubget,,True
19925197,unavailable,pubget,,True
19925208,unavailable,pubget,,True
19927262,unavailable,pubget,,True
19929761,unavailable,pubget,,True
19931400,unavailable,pubget,,True
19939884,unavailable,pubget,,True
19940176,unavailable,pubget,,True
19940187,unavailable,pubget,,True
19940790,unavailable,pubget,,True
19945536,unavailable,pubget,,True
19958569,unavailable,pubget,,True
19962441,unavailable,pubget,,True
19962442,unavailable,pubget,,True
19963000,unavailable,pubget,,True
19966327,unavailable,pubget,,True
19969094,unavailable,pubget,,True
20001123,unavailable,pubget,,True
20004247,unavailable,pubget,,True
20004253,unavailable,pubget,,True
20004364,unavailable,pubget,,True
20004914,unavailable,pubget,,True
20005295,unavailable,pubget,,True
20025856,unavailable,pubget,,True
20025979,unavailable,pubget,,True
20026227,unavailable,pubget,,True
20026486,unavailable,pubget,,True
20032154,unavailable,pubget,,True
20034482,unavailable,pubget,,True
20035882,unavailable,pubget,,True
20036269,unavailable,pubget,,True
20044070,unavailable,pubget,,True
20044885,unavailable,pubget,,True
20044886,unavailable,pubget,,True
20044895,unavailable,pubget,,True
20051364,unavailable,pubget,,True
20055537,unavailable,pubget,,True
20057981,unavailable,pubget,,True
20060966,unavailable,pubget,,True
20063304,unavailable,pubget,,True
20071527,unavailable,pubget,,True
20071633,unavailable,pubget,,True
20079652,unavailable,pubget,,True
20079852,unavailable,pubget,,True
20092946,unavailable,pubget,,True
20096793,unavailable,pubget,,True
20097294,unavailable,pubget,,True
20100900,unavailable,pubget,,True
20116416,unavailable,pubget,,True
20123031,unavailable,pubget,,True
20123913,unavailable,pubget,,True
20124119,unavailable,pubget,,True
20125054,unavailable,pubget,,True
20127870,unavailable,pubget,,True
20127873,unavailable,pubget,,True
20131046,unavailable,pubget,,True
20133358,unavailable,pubget,,True
20139012,unavailable,pubget,,True
20139013,unavailable,pubget,,True
20141261,unavailable,pubget,,True
20141299,unavailable,pubget,,True
20144695,unavailable,pubget,,True
20147456,unavailable,pubget,,True
20162600,unavailable,pubget,,True
20164122,unavailable,pubget,,True
20164333,unavailable,pubget,,True
20167415,unavailable,pubget,,True
20170692,unavailable,pubget,,True
20176860,unavailable,pubget,,True
20181600,unavailable,pubget,,True
20184808,unavailable,pubget,,True
20194482,unavailable,pubget,,True
20194512,unavailable,pubget,,True
20194514,unavailable,pubget,,True
20194686,unavailable,pubget,,True
20205246,unavailable,pubget,,True
20211545,unavailable,pubget,,True
20212004,unavailable,pubget,,True
20215924,unavailable,pubget,,True
20215925,unavailable,pubget,,True
20221946,unavailable,pubget,,True
20231177,unavailable,pubget,,True
20233954,unavailable,pubget,,True
20233957,unavailable,pubget,,True
20298792,unavailable,pubget,,True
20300735,unavailable,pubget,,True
20307892,unavailable,pubget,,True
20331499,unavailable,pubget,,True
20333460,unavailable,pubget,,True
20347995,unavailable,pubget,,True
20347996,unavailable,pubget,,True
20350057,unavailable,pubget,,True
20350177,unavailable,pubget,,True
20350185,unavailable,pubget,,True
20353828,unavailable,pubget,,True
20360158,unavailable,pubget,,True
20362418,unavailable,pubget,,True
20363808,unavailable,pubget,,True
20364434,unavailable,pubget,,True
20371508,unavailable,pubget,,True
20373425,unavailable,pubget,,True
20377359,unavailable,pubget,,True
20379899,unavailable,pubget,,True
20385169,unavailable,pubget,,True
20392942,unavailable,pubget,,True
20398771,unavailable,pubget,,True
20399622,unavailable,pubget,,True
20401747,unavailable,pubget,,True
20411397,unavailable,pubget,,True
20415605,unavailable,pubget,,True
20419567,unavailable,pubget,,True
20421469,unavailable,pubget,,True
20424829,unavailable,pubget,,True
20432340,unavailable,pubget,,True
20433242,unavailable,pubget,,True
20433244,unavailable,pubget,,True
20434133,unavailable,pubget,,True
20437601,unavailable,pubget,,True
20444445,unavailable,pubget,,True
20446172,unavailable,pubget,,True
20451622,unavailable,pubget,,True
20452398,unavailable,pubget,,True
20452399,unavailable,pubget,,True
20452443,unavailable,pubget,,True
20456660,unavailable,pubget,,True
20457166,unavailable,pubget,,True
20457261,unavailable,pubget,,True
20457691,unavailable,pubget,,True
20457911,unavailable,pubget,,True
20462326,unavailable,pubget,,True
20462805,unavailable,pubget,,True
20463232,unavailable,pubget,,True
20463288,unavailable,pubget,,True
20466762,unavailable,pubget,,True
20472076,unavailable,pubget,,True
20483568,unavailable,pubget,,True
20484643,unavailable,pubget,,True
20484679,unavailable,pubget,,True
20486013,unavailable,pubget,,True
20488680,unavailable,pubget,,True
20492571,unavailable,pubget,,True
20502991,unavailable,pubget,,True
20503114,unavailable,pubget,,True
20504869,unavailable,pubget,,True
20505126,unavailable,pubget,,True
20509733,unavailable,pubget,,True
20519535,unavailable,pubget,,True
20529416,unavailable,pubget,,True
20543183,unavailable,pubget,,True
20547425,unavailable,pubget,,True
20553895,unavailable,pubget,,True
20554884,unavailable,pubget,,True
20558408,unavailable,pubget,,True
20569645,unavailable,pubget,,True
20573339,unavailable,pubget,,True
20573463,unavailable,pubget,,True
20573895,unavailable,pubget,,True
20582997,unavailable,pubget,,True
20584720,unavailable,pubget,,True
20595014,unavailable,pubget,,True
20599362,unavailable,pubget,,True
20599364,unavailable,pubget,,True
20599816,unavailable,pubget,,True
20600189,unavailable,pubget,,True
20600336,unavailable,pubget,,True
20600979,unavailable,pubget,,True
20600987,unavailable,pubget,,True
20602430,unavailable,pubget,,True
20602432,unavailable,pubget,,True
20603454,unavailable,pubget,,True
20609570,unavailable,pubget,,True
20614370,unavailable,pubget,,True
20615318,unavailable,pubget,,True
20616141,unavailable,pubget,,True
20616670,unavailable,pubget,,True
20617881,unavailable,pubget,,True
20617892,unavailable,pubget,,True
20621407,unavailable,pubget,,True
20623771,unavailable,pubget,,True
20627130,unavailable,pubget,,True
20627131,unavailable,pubget,,True
20633663,unavailable,pubget,,True
20637787,unavailable,pubget,,True
20637819,unavailable,pubget,,True
20638303,unavailable,pubget,,True
20643213,unavailable,pubget,,True
20655320,unavailable,pubget,,True
20659568,unavailable,pubget,,True
20660534,unavailable,pubget,,True
20663646,unavailable,pubget,,True
20667170,unavailable,pubget,,True
20668188,unavailable,pubget,,True
20668196,unavailable,pubget,,True
20668207,unavailable,pubget,,True
20670979,unavailable,pubget,,True
20674286,unavailable,pubget,,True
20685992,unavailable,pubget,,True
20691681,unavailable,pubget,,True
20691794,unavailable,pubget,,True
20693390,unavailable,pubget,,True
20702500,unavailable,pubget,,True
20708906,unavailable,pubget,,True
20709150,unavailable,pubget,,True
20716396,unavailable,pubget,,True
20716480,unavailable,pubget,,True
20719926,unavailable,pubget,,True
20720535,unavailable,pubget,,True
20721813,unavailable,pubget,,True
20723605,unavailable,pubget,,True
20728511,unavailable,pubget,,True
20728556,unavailable,pubget,,True
20732744,unavailable,pubget,,True
20732901,unavailable,pubget,,True
20733346,unavailable,pubget,,True
20736071,unavailable,pubget,,True
20739343,unavailable,pubget,,True
20797401,unavailable,pubget,,True
20797441,unavailable,pubget,,True
20805537,unavailable,pubget,,True
20807059,unavailable,pubget,,True
20807060,unavailable,pubget,,True
20809213,unavailable,pubget,,True
20809855,unavailable,pubget,,True
20818135,unavailable,pubget,,True
20819988,unavailable,pubget,,True
20829453,unavailable,pubget,,True
20832481,unavailable,pubget,,True
20832486,unavailable,pubget,,True
20837543,unavailable,pubget,,True
20842749,unavailable,pubget,,True
20843875,unavailable,pubget,,True
20849234,unavailable,pubget,,True
20850714,unavailable,pubget,,True
20853377,unavailable,pubget,,True
20855051,unavailable,pubget,,True
20861377,unavailable,pubget,,True
20863841,unavailable,pubget,,True
20865729,unavailable,pubget,,True
20865730,unavailable,pubget,,True
20868630,unavailable,pubget,,True
20869122,unavailable,pubget,,True
20869400,unavailable,pubget,,True
20886578,unavailable,pubget,,True
20888628,unavailable,pubget,,True
20888847,unavailable,pubget,,True
20888872,unavailable,pubget,,True
20888922,unavailable,pubget,,True
20923694,unavailable,pubget,,True
20935339,unavailable,pubget,,True
20936298,unavailable,pubget,,True
20937393,unavailable,pubget,,True
20937394,unavailable,pubget,,True
20946058,unavailable,pubget,,True
20946960,unavailable,pubget,,True
20950590,unavailable,pubget,,True
20952073,unavailable,pubget,,True
20956471,unavailable,pubget,,True
20964961,unavailable,pubget,,True
20974266,unavailable,pubget,,True
20974688,unavailable,pubget,,True
20974959,unavailable,pubget,,True
21039484,unavailable,pubget,,True
21041614,unavailable,pubget,,True
21050725,unavailable,pubget,,True
21051193,unavailable,pubget,,True
21054920,unavailable,pubget,,True
21056675,unavailable,pubget,,True
21056677,unavailable,pubget,,True
21057432,unavailable,pubget,,True
21059346,unavailable,pubget,,True
21071632,unavailable,pubget,,True
21073970,unavailable,pubget,,True
21074577,unavailable,pubget,,True
21075593,unavailable,pubget,,True
21087673,unavailable,pubget,,True
21092865,unavailable,pubget,,True
21094179,unavailable,pubget,,True
21095230,unavailable,pubget,,True
21106607,unavailable,pubget,,True
21109080,unavailable,pubget,,True
21111549,unavailable,pubget,,True
21119752,unavailable,pubget,,True
21130173,unavailable,pubget,,True
21134387,unavailable,pubget,,True
21135253,unavailable,pubget,,True
21135719,unavailable,pubget,,True
21145212,unavailable,pubget,,True
21147999,unavailable,pubget,,True
21148006,unavailable,pubget,,True
21148008,unavailable,pubget,,True
21159352,unavailable,pubget,,True
21159729,unavailable,pubget,,True
21163275,unavailable,pubget,,True
21168427,unavailable,pubget,,True
21168516,unavailable,pubget,,True
21182967,unavailable,pubget,,True
21183158,unavailable,pubget,,True
21187413,unavailable,pubget,,True
21192235,unavailable,pubget,,True
21194156,unavailable,pubget,,True
21195103,unavailable,pubget,,True
21195192,unavailable,pubget,,True
21195195,unavailable,pubget,,True
21196514,unavailable,pubget,,True
21196782,unavailable,pubget,,True
21205435,unavailable,pubget,,True
21206465,unavailable,pubget,,True
21208991,unavailable,pubget,,True
21212322,unavailable,pubget,,True
21215389,unavailable,pubget,,True
21215733,unavailable,pubget,,True
21228297,unavailable,pubget,,True
21238433,unavailable,pubget,,True
21252551,unavailable,pubget,,True
21254798,unavailable,pubget,,True
21254805,unavailable,pubget,,True
21254806,unavailable,pubget,,True
21256220,unavailable,pubget,,True
21256233,unavailable,pubget,,True
21257158,unavailable,pubget,,True
21257673,unavailable,pubget,,True
21259385,unavailable,pubget,,True
21259389,unavailable,pubget,,True
21261242,unavailable,pubget,,True
21264642,unavailable,pubget,,True
21272595,unavailable,pubget,,True
21273432,unavailable,pubget,,True
21276593,unavailable,pubget,,True
21277942,unavailable,pubget,,True
21284912,unavailable,pubget,,True
21287559,unavailable,pubget,,True
21300944,unavailable,pubget,,True
21303384,unavailable,pubget,,True
21308886,unavailable,pubget,,True
21310247,unavailable,pubget,,True
21310593,unavailable,pubget,,True
21315091,unavailable,pubget,,True
21315749,unavailable,pubget,,True
21316376,unavailable,pubget,,True
21316467,unavailable,pubget,,True
21320610,unavailable,pubget,,True
21320983,unavailable,pubget,,True
21334443,unavailable,pubget,,True
21352930,unavailable,pubget,,True
21356267,unavailable,pubget,,True
21356316,unavailable,pubget,,True
21368109,unavailable,pubget,,True
21373973,unavailable,pubget,,True
21377797,unavailable,pubget,,True
21382385,unavailable,pubget,,True
21382560,unavailable,pubget,,True
21383265,unavailable,pubget,,True
21390505,unavailable,pubget,,True
21391262,unavailable,pubget,,True
21391763,unavailable,pubget,,True
21394852,unavailable,pubget,,True
21399706,unavailable,pubget,,True
21399712,unavailable,pubget,,True
21401260,unavailable,pubget,,True
21414905,unavailable,pubget,,True
21416563,unavailable,pubget,,True
21419788,unavailable,pubget,,True
21420406,unavailable,pubget,,True
21420421,unavailable,pubget,,True
21421732,unavailable,pubget,,True
21424188,unavailable,pubget,,True
21436044,unavailable,pubget,,True
21439268,unavailable,pubget,,True
21440563,unavailable,pubget,,True
21443866,unavailable,pubget,,True
21452937,unavailable,pubget,,True
21452944,unavailable,pubget,,True
21452952,unavailable,pubget,,True
21471555,unavailable,pubget,,True
21472808,unavailable,pubget,,True
21482034,unavailable,pubget,,True
21484956,unavailable,pubget,,True
21497657,unavailable,pubget,,True
21504992,unavailable,pubget,,True
21507156,unavailable,pubget,,True
21510979,unavailable,pubget,,True
21511824,unavailable,pubget,,True
21512875,unavailable,pubget,,True
21513803,unavailable,pubget,,True
21513918,unavailable,pubget,,True
21514391,unavailable,pubget,,True
21515640,unavailable,pubget,,True
21516182,unavailable,pubget,,True
21516544,unavailable,pubget,,True
21525857,unavailable,pubget,,True
21533882,unavailable,pubget,,True
21549637,unavailable,pubget,,True
21549721,unavailable,pubget,,True
21554965,unavailable,pubget,,True
21555080,unavailable,pubget,,True
21555634,unavailable,pubget,,True
21557888,unavailable,pubget,,True
21557893,unavailable,pubget,,True
21557897,unavailable,pubget,,True
21563885,unavailable,pubget,,True
21567659,unavailable,pubget,,True
21568631,unavailable,pubget,,True
21586826,unavailable,pubget,,True
21592058,unavailable,pubget,,True
21592844,unavailable,pubget,,True
21600684,unavailable,pubget,,True
21601585,unavailable,pubget,,True
21602650,unavailable,pubget,,True
21603892,unavailable,pubget,,True
21606381,unavailable,pubget,,True
21613466,unavailable,pubget,,True
21618661,unavailable,pubget,,True
21624566,unavailable,pubget,,True
21625012,unavailable,pubget,,True
21628569,unavailable,pubget,,True
21632648,unavailable,pubget,,True
21632650,unavailable,pubget,,True
21635936,unavailable,pubget,,True
21642353,unavailable,pubget,,True
21653865,unavailable,pubget,,True
21653908,unavailable,pubget,,True
21656213,unavailable,pubget,,True
21664220,unavailable,pubget,,True
21664281,unavailable,pubget,,True
21665869,unavailable,pubget,,True
21666261,unavailable,pubget,,True
21671736,unavailable,pubget,,True
21671738,unavailable,pubget,,True
21673605,unavailable,pubget,,True
21676108,unavailable,pubget,,True
21676110,unavailable,pubget,,True
21677157,unavailable,pubget,,True
21683500,unavailable,pubget,,True
21683942,unavailable,pubget,,True
21689767,unavailable,pubget,,True
21690262,unavailable,pubget,,True
21692147,unavailable,pubget,,True
21697388,unavailable,pubget,,True
21701227,unavailable,pubget,,True
21709244,unavailable,pubget,,True
21715624,unavailable,pubget,,True
21722656,unavailable,pubget,,True
21725037,unavailable,pubget,,True
21733287,unavailable,pubget,,True
21734108,unavailable,pubget,,True
21737435,unavailable,pubget,,True
21739695,unavailable,pubget,,True
21742043,unavailable,pubget,,True
21745581,unavailable,pubget,,True
21751243,unavailable,pubget,,True
21753009,unavailable,pubget,,True
21757239,unavailable,pubget,,True
21762876,unavailable,pubget,,True
21771661,unavailable,pubget,,True
21775178,unavailable,pubget,,True
21777105,unavailable,pubget,,True
21778107,unavailable,pubget,,True
21781000,unavailable,pubget,,True
21782957,unavailable,pubget,,True
21783174,unavailable,pubget,,True
21784302,unavailable,pubget,,True
21784971,unavailable,pubget,,True
21787793,unavailable,pubget,,True
21799066,unavailable,pubget,,True
21807006,unavailable,pubget,,True
21810648,unavailable,pubget,,True
21812568,unavailable,pubget,,True
21813693,unavailable,pubget,,True
21816769,unavailable,pubget,,True
21822763,unavailable,pubget,,True
21823207,unavailable,pubget,,True
21823208,unavailable,pubget,,True
21824835,unavailable,pubget,,True
21835244,unavailable,pubget,,True
21849562,unavailable,pubget,,True
21854858,unavailable,pubget,,True
21861684,unavailable,pubget,,True
21875890,unavailable,pubget,,True
21884803,unavailable,pubget,,True
21893642,unavailable,pubget,,True
21893680,unavailable,pubget,,True
21897354,unavailable,pubget,,True
21897444,unavailable,pubget,,True
21898716,unavailable,pubget,,True
21903032,unavailable,pubget,,True
21906689,unavailable,pubget,,True
21917787,unavailable,pubget,,True
21920442,unavailable,pubget,,True
21924368,unavailable,pubget,,True
21925190,unavailable,pubget,,True
21929661,unavailable,pubget,,True
21930160,unavailable,pubget,,True
21933616,unavailable,pubget,,True
21934726,unavailable,pubget,,True
21936743,unavailable,pubget,,True
21938755,unavailable,pubget,,True
21942763,unavailable,pubget,,True
21942764,unavailable,pubget,,True
21943083,unavailable,pubget,,True
21952195,unavailable,pubget,,True
21953419,unavailable,pubget,,True
21954239,unavailable,pubget,,True
21957240,unavailable,pubget,,True
21957257,unavailable,pubget,,True
21959173,unavailable,pubget,,True
21962775,unavailable,pubget,,True
21969422,unavailable,pubget,,True
21971308,unavailable,pubget,,True
21972425,unavailable,pubget,,True
21972849,unavailable,pubget,,True
21976511,unavailable,pubget,,True
21976523,unavailable,pubget,,True
21982165,unavailable,pubget,,True
21983057,unavailable,pubget,,True
21985031,unavailable,pubget,,True
21987824,unavailable,pubget,,True
21988743,unavailable,pubget,,True
21991888,unavailable,pubget,,True
21998038,unavailable,pubget,,True
22001266,unavailable,pubget,,True
22006034,unavailable,pubget,,True
22009130,unavailable,pubget,,True
22013235,unavailable,pubget,,True
22019717,unavailable,pubget,,True
22021045,unavailable,pubget,,True
22021652,unavailable,pubget,,True
22021913,unavailable,pubget,,True
22027088,unavailable,pubget,,True
22036183,unavailable,pubget,,True
22037418,unavailable,pubget,,True
22047726,unavailable,pubget,,True
22059860,unavailable,pubget,,True
22062193,unavailable,pubget,,True
22079109,unavailable,pubget,,True
22079451,unavailable,pubget,,True
22079507,unavailable,pubget,,True
22082766,unavailable,pubget,,True
22085483,unavailable,pubget,,True
22093107,unavailable,pubget,,True
22098264,unavailable,pubget,,True
22099606,unavailable,pubget,,True
22102512,unavailable,pubget,,True
22104172,unavailable,pubget,,True
22108504,unavailable,pubget,,True
22113155,unavailable,pubget,,True
22113213,unavailable,pubget,,True
22115148,unavailable,pubget,,True
22119640,unavailable,pubget,,True
22120203,unavailable,pubget,,True
22123457,unavailable,pubget,,True
22133562,unavailable,pubget,,True
22142761,unavailable,pubget,,True
22147843,unavailable,pubget,,True
22155328,unavailable,pubget,,True
22156049,unavailable,pubget,,True
22156740,unavailable,pubget,,True
22170969,unavailable,pubget,,True
22176162,unavailable,pubget,,True
22178453,unavailable,pubget,,True
22182770,unavailable,pubget,,True
22185494,unavailable,pubget,,True
22186678,unavailable,pubget,,True
22191195,unavailable,pubget,,True
22197699,unavailable,pubget,,True
22206876,unavailable,pubget,,True
22210355,unavailable,pubget,,True
22212987,unavailable,pubget,,True
22217726,unavailable,pubget,,True
22218285,unavailable,pubget,,True
22222174,unavailable,pubget,,True
22228752,unavailable,pubget,,True
22230115,unavailable,pubget,,True
22230948,unavailable,pubget,,True
22255974,unavailable,pubget,,True
22260935,unavailable,pubget,,True
22262880,unavailable,pubget,,True
22263343,unavailable,pubget,,True
22264197,unavailable,pubget,,True
22265362,unavailable,pubget,,True
22266262,unavailable,pubget,,True
22267183,unavailable,pubget,,True
22275474,unavailable,pubget,,True
22279217,unavailable,pubget,,True
22285821,unavailable,pubget,,True
22287214,unavailable,pubget,,True
22288392,unavailable,pubget,,True
22289808,unavailable,pubget,,True
22305306,unavailable,pubget,,True
22305991,unavailable,pubget,,True
22306196,unavailable,pubget,,True
22306521,unavailable,pubget,,True
22306805,unavailable,pubget,,True
22318762,unavailable,pubget,,True
22323727,unavailable,pubget,,True
22330316,unavailable,pubget,,True
22330606,unavailable,pubget,,True
22344847,unavailable,pubget,,True
22349799,unavailable,pubget,,True
22357845,unavailable,pubget,,True
22360642,unavailable,pubget,,True
22365465,unavailable,pubget,,True
22365466,unavailable,pubget,,True
22365820,unavailable,pubget,,True
22367971,unavailable,pubget,,True
22368081,unavailable,pubget,,True
22371355,unavailable,pubget,,True
22371367,unavailable,pubget,,True
22387166,unavailable,pubget,,True
22387172,unavailable,pubget,,True
22387174,unavailable,pubget,,True
22387605,unavailable,pubget,,True
22387662,unavailable,pubget,,True
22393216,unavailable,pubget,,True
22396418,unavailable,pubget,,True
22398297,unavailable,pubget,,True
22406500,unavailable,pubget,,True
22414593,unavailable,pubget,,True
22414993,unavailable,pubget,,True
22418015,unavailable,pubget,,True
22425669,unavailable,pubget,,True
22432955,unavailable,pubget,,True
22433609,unavailable,pubget,,True
22450049,unavailable,pubget,,True
22451272,unavailable,pubget,,True
22453742,unavailable,pubget,,True
22456451,unavailable,pubget,,True
22456823,unavailable,pubget,,True
22459043,unavailable,pubget,,True
22461404,unavailable,pubget,,True
22464825,unavailable,pubget,,True
22464935,unavailable,pubget,,True
22465843,unavailable,pubget,,True
22480693,unavailable,pubget,,True
22484305,unavailable,pubget,,True
22487549,unavailable,pubget,,True
22488985,unavailable,pubget,,True
22492028,unavailable,pubget,,True
22495688,unavailable,pubget,,True
22498658,unavailable,pubget,,True
22505290,unavailable,pubget,,True
22507228,unavailable,pubget,,True
22510433,unavailable,pubget,,True
22516367,unavailable,pubget,,True
22519425,unavailable,pubget,,True
22521251,unavailable,pubget,,True
22521479,unavailable,pubget,,True
22521686,unavailable,pubget,,True
22524493,unavailable,pubget,,True
22535257,unavailable,pubget,,True
22538086,unavailable,pubget,,True
22539862,unavailable,pubget,,True
22542509,unavailable,pubget,,True
22547826,unavailable,pubget,,True
22553009,unavailable,pubget,,True
22554135,unavailable,pubget,,True
22560044,unavailable,pubget,,True
22569644,unavailable,pubget,,True
22571805,unavailable,pubget,,True
22575420,unavailable,pubget,,True
22580171,unavailable,pubget,,True
22585315,unavailable,pubget,,True
22595508,unavailable,pubget,,True
22608014,unavailable,pubget,,True
22609273,unavailable,pubget,,True
22610392,unavailable,pubget,,True
22617427,unavailable,pubget,,True
22617448,unavailable,pubget,,True
22626918,unavailable,pubget,,True
22638012,unavailable,pubget,,True
22639242,unavailable,pubget,,True
22652306,unavailable,pubget,,True
22658706,unavailable,pubget,,True
22659107,unavailable,pubget,,True
22659393,unavailable,pubget,,True
22661411,unavailable,pubget,,True
22661619,unavailable,pubget,,True
22669034,unavailable,pubget,,True
22673875,unavailable,pubget,,True
22674283,unavailable,pubget,,True
22682732,unavailable,pubget,,True
22682903,unavailable,pubget,,True
22688567,unavailable,pubget,,True
22693338,unavailable,pubget,,True
22696400,unavailable,pubget,,True
22698155,unavailable,pubget,,True
22703623,unavailable,pubget,,True
22704643,unavailable,pubget,,True
22711230,unavailable,pubget,,True
22721373,unavailable,pubget,,True
22723705,unavailable,pubget,,True
22728149,unavailable,pubget,,True
22732489,unavailable,pubget,,True
22732492,unavailable,pubget,,True
22732507,unavailable,pubget,,True
22739125,unavailable,pubget,,True
22749356,unavailable,pubget,,True
22750056,unavailable,pubget,,True
22750118,unavailable,pubget,,True
22759999,unavailable,pubget,,True
22763169,unavailable,pubget,,True
22763170,unavailable,pubget,,True
22770650,unavailable,pubget,,True
22772979,unavailable,pubget,,True
22773051,unavailable,pubget,,True
22773540,unavailable,pubget,,True
22781162,unavailable,pubget,,True
22781874,unavailable,pubget,,True
22782131,unavailable,pubget,,True
22787048,unavailable,pubget,,True
22787051,unavailable,pubget,,True
22796986,unavailable,pubget,,True
22813951,unavailable,pubget,,True
22814368,unavailable,pubget,,True
22836179,unavailable,pubget,,True
22840336,unavailable,pubget,,True
22840553,unavailable,pubget,,True
22842906,unavailable,pubget,,True
22846660,unavailable,pubget,,True
22849402,unavailable,pubget,,True
22854930,unavailable,pubget,,True
22855822,unavailable,pubget,,True
22856363,unavailable,pubget,,True
22867993,unavailable,pubget,,True
22871390,unavailable,pubget,,True
22871393,unavailable,pubget,,True
22879351,unavailable,pubget,,True
22905818,unavailable,pubget,,True
22906685,unavailable,pubget,,True
22915118,unavailable,pubget,,True
22917986,unavailable,pubget,,True
22929607,unavailable,pubget,,True
22938844,unavailable,pubget,,True
22940117,unavailable,pubget,,True
22941838,unavailable,pubget,,True
22944369,unavailable,pubget,,True
22945462,unavailable,pubget,,True
22951258,unavailable,pubget,,True
22956667,unavailable,pubget,,True
22956672,unavailable,pubget,,True
22956676,unavailable,pubget,,True
22958829,unavailable,pubget,,True
22960116,unavailable,pubget,,True
22962061,unavailable,pubget,,True
22968816,unavailable,pubget,,True
22972952,unavailable,pubget,,True
22975194,unavailable,pubget,,True
22981562,unavailable,pubget,,True
22981890,unavailable,pubget,,True
22999654,unavailable,pubget,,True
23010257,unavailable,pubget,,True
23017597,unavailable,pubget,,True
23018121,unavailable,pubget,,True
23023154,unavailable,pubget,,True
23023395,unavailable,pubget,,True
23027970,unavailable,pubget,,True
23032389,unavailable,pubget,,True
23034518,unavailable,pubget,,True
23035965,unavailable,pubget,,True
23039996,unavailable,pubget,,True
23042731,unavailable,pubget,,True
23043904,unavailable,pubget,,True
23045652,unavailable,pubget,,True
23051897,unavailable,pubget,,True
23051903,unavailable,pubget,,True
23055092,unavailable,pubget,,True
23055490,unavailable,pubget,,True
23055513,unavailable,pubget,,True
23062585,unavailable,pubget,,True
23064081,unavailable,pubget,,True
23066731,unavailable,pubget,,True
23066732,unavailable,pubget,,True
23070313,unavailable,pubget,,True
23071340,unavailable,pubget,,True
23086020,unavailable,pubget,,True
23094707,unavailable,pubget,,True
23100414,unavailable,pubget,,True
23108276,unavailable,pubget,,True
23108278,unavailable,pubget,,True
23110878,unavailable,pubget,,True
23116812,unavailable,pubget,,True
23123045,unavailable,pubget,,True
23123788,unavailable,pubget,,True
23124137,unavailable,pubget,,True
23124599,unavailable,pubget,,True
23124623,unavailable,pubget,,True
23131525,unavailable,pubget,,True
23137801,unavailable,pubget,,True
23137946,unavailable,pubget,,True
23142070,unavailable,pubget,,True
23146966,unavailable,pubget,,True
23153968,unavailable,pubget,,True
23160811,unavailable,pubget,,True
23160815,unavailable,pubget,,True
23164370,unavailable,pubget,,True
23166292,unavailable,pubget,,True
23169034,unavailable,pubget,,True
23171514,unavailable,pubget,,True
23171614,unavailable,pubget,,True
23171695,unavailable,pubget,,True
23175677,unavailable,pubget,,True
23184639,unavailable,pubget,,True
23196633,unavailable,pubget,,True
23198891,unavailable,pubget,,True
23200784,unavailable,pubget,,True
23202661,unavailable,pubget,,True
23211991,unavailable,pubget,,True
23219471,unavailable,pubget,,True
23220414,unavailable,pubget,,True
23222657,unavailable,pubget,,True
23223277,unavailable,pubget,,True
23223279,unavailable,pubget,,True
23240997,unavailable,pubget,,True
23245750,unavailable,pubget,,True
23246633,unavailable,pubget,,True
23262175,unavailable,pubget,,True
23265001,unavailable,pubget,,True
23265636,unavailable,pubget,,True
23268783,unavailable,pubget,,True
23274185,unavailable,pubget,,True
23286055,unavailable,pubget,,True
23286135,unavailable,pubget,,True
23293019,unavailable,pubget,,True
23298106,unavailable,pubget,,True
23298821,unavailable,pubget,,True
23303059,unavailable,pubget,,True
23313569,unavailable,pubget,,True
23325259,unavailable,pubget,,True
23337079,unavailable,pubget,,True
23337458,unavailable,pubget,,True
23345209,unavailable,pubget,,True
23345236,unavailable,pubget,,True
23352382,unavailable,pubget,,True
23355265,unavailable,pubget,,True
23360362,unavailable,pubget,,True
23364679,unavailable,pubget,,True
23365254,unavailable,pubget,,True
23367351,unavailable,pubget,,True
23369983,unavailable,pubget,,True
23376214,unavailable,pubget,,True
23376498,unavailable,pubget,,True
23377287,unavailable,pubget,,True
23380167,unavailable,pubget,,True
23382516,unavailable,pubget,,True
23384606,unavailable,pubget,,True
23386739,unavailable,pubget,,True
23390180,unavailable,pubget,,True
23394712,unavailable,pubget,,True
23406055,unavailable,pubget,,True
23410736,unavailable,pubget,,True
23416087,unavailable,pubget,,True
23425892,unavailable,pubget,,True
23435213,unavailable,pubget,,True
23447373,unavailable,pubget,,True
23448870,unavailable,pubget,,True
23460411,unavailable,pubget,,True
23463339,unavailable,pubget,,True
23470285,unavailable,pubget,,True
23474283,unavailable,pubget,,True
23477839,unavailable,pubget,,True
23482620,unavailable,pubget,,True
23482625,unavailable,pubget,,True
23489415,unavailable,pubget,,True
23504938,unavailable,pubget,,True
23507387,unavailable,pubget,,True
23510549,unavailable,pubget,,True
23510564,unavailable,pubget,,True
23518007,unavailable,pubget,,True
23518233,unavailable,pubget,,True
23526151,unavailable,pubget,,True
23530897,unavailable,pubget,,True
23535458,unavailable,pubget,,True
23538912,unavailable,pubget,,True
23541333,unavailable,pubget,,True
23542270,unavailable,pubget,,True
23545112,unavailable,pubget,,True
23551805,unavailable,pubget,,True
23563109,unavailable,pubget,,True
23567886,unavailable,pubget,,True
23568365,unavailable,pubget,,True
23576237,unavailable,pubget,,True
23581683,unavailable,pubget,,True
23583742,unavailable,pubget,,True
23584670,unavailable,pubget,,True
23592753,unavailable,pubget,,True
23595729,unavailable,pubget,,True
23595755,unavailable,pubget,,True
23596190,unavailable,pubget,,True
23597109,unavailable,pubget,,True
23598903,unavailable,pubget,,True
23602885,unavailable,pubget,,True
23602923,unavailable,pubget,,True
23611537,unavailable,pubget,,True
23615636,unavailable,pubget,,True
23623628,unavailable,pubget,,True
23631983,unavailable,pubget,,True
23636715,unavailable,pubget,,True
23636982,unavailable,pubget,,True
23640112,unavailable,pubget,,True
23643106,unavailable,pubget,,True
23651705,unavailable,pubget,,True
23658192,unavailable,pubget,,True
23660028,unavailable,pubget,,True
23660030,unavailable,pubget,,True
23664949,unavailable,pubget,,True
23665375,unavailable,pubget,,True
23678111,unavailable,pubget,,True
23684864,unavailable,pubget,,True
23691984,unavailable,pubget,,True
23694681,unavailable,pubget,,True
23698075,unavailable,pubget,,True
23700105,unavailable,pubget,,True
23720503,unavailable,pubget,,True
23726779,unavailable,pubget,,True
23727881,unavailable,pubget,,True
23739977,unavailable,pubget,,True
23743183,unavailable,pubget,,True
23746540,unavailable,pubget,,True
23749875,unavailable,pubget,,True
23751153,unavailable,pubget,,True
23761883,unavailable,pubget,,True
23765156,unavailable,pubget,,True
23768841,unavailable,pubget,,True
23768914,unavailable,pubget,,True
23769293,unavailable,pubget,,True
23769997,unavailable,pubget,,True
23772557,unavailable,pubget,,True
23774397,unavailable,pubget,,True
23774678,unavailable,pubget,,True
23776244,unavailable,pubget,,True
23777758,unavailable,pubget,,True
23778501,unavailable,pubget,,True
23785160,unavailable,pubget,,True
23785161,unavailable,pubget,,True
23790683,unavailable,pubget,,True
23791040,unavailable,pubget,,True
23791896,unavailable,pubget,,True
23800487,unavailable,pubget,,True
23802123,unavailable,pubget,,True
23803331,unavailable,pubget,,True
23804111,unavailable,pubget,,True
23806980,unavailable,pubget,,True
23809145,unavailable,pubget,,True
23810622,unavailable,pubget,,True
23813738,unavailable,pubget,,True
23819895,unavailable,pubget,,True
23824248,unavailable,pubget,,True
23827769,unavailable,pubget,,True
23831279,unavailable,pubget,,True
23835924,unavailable,pubget,,True
23842608,unavailable,pubget,,True
23845425,unavailable,pubget,,True
23845563,unavailable,pubget,,True
23850598,unavailable,pubget,,True
23851324,unavailable,pubget,,True
23859648,unavailable,pubget,,True
23860750,unavailable,pubget,,True
23861165,unavailable,pubget,,True
23861215,unavailable,pubget,,True
23864665,unavailable,pubget,,True
23867553,unavailable,pubget,,True
23868876,unavailable,pubget,,True
23869578,unavailable,pubget,,True
23870836,unavailable,pubget,,True
23871881,unavailable,pubget,,True
23873655,unavailable,pubget,,True
23876114,unavailable,pubget,,True
23879268,unavailable,pubget,,True
23887817,unavailable,pubget,,True
23893848,unavailable,pubget,,True
23906596,unavailable,pubget,,True
23911154,unavailable,pubget,,True
23921098,unavailable,pubget,,True
23921125,unavailable,pubget,,True
23921785,unavailable,pubget,,True
23928103,unavailable,pubget,,True
23928295,unavailable,pubget,,True
23929092,unavailable,pubget,,True
23930595,unavailable,pubget,,True
23933304,unavailable,pubget,,True
23934417,unavailable,pubget,,True
23943513,unavailable,pubget,,True
23946406,unavailable,pubget,,True
23947986,unavailable,pubget,,True
23956081,unavailable,pubget,,True
23959199,unavailable,pubget,,True
23962468,unavailable,pubget,,True
23964067,unavailable,pubget,,True
23969000,unavailable,pubget,,True
23975275,unavailable,pubget,,True
23975732,unavailable,pubget,,True
23978654,unavailable,pubget,,True
23984945,unavailable,pubget,,True
23986267,unavailable,pubget,,True
23986399,unavailable,pubget,,True
23994316,unavailable,pubget,,True
23998453,unavailable,pubget,,True
24006403,unavailable,pubget,,True
24007872,unavailable,pubget,,True
24021809,unavailable,pubget,,True
24038516,unavailable,pubget,,True
24043373,unavailable,pubget,,True
24044427,unavailable,pubget,,True
24045061,unavailable,pubget,,True
24048850,unavailable,pubget,,True
24055506,unavailable,pubget,,True
24059962,unavailable,pubget,,True
24064198,unavailable,pubget,,True
24078018,unavailable,pubget,,True
24078106,unavailable,pubget,,True
24080515,unavailable,pubget,,True
24080517,unavailable,pubget,,True
24084831,unavailable,pubget,,True
24089050,unavailable,pubget,,True
24089404,unavailable,pubget,,True
24093627,unavailable,pubget,,True
24097376,unavailable,pubget,,True
24104726,unavailable,pubget,,True
24107943,unavailable,pubget,,True
24108394,unavailable,pubget,,True
24108794,unavailable,pubget,,True
24108799,unavailable,pubget,,True
24111113,unavailable,pubget,,True
24119861,unavailable,pubget,,True
24120094,unavailable,pubget,,True
24126454,unavailable,pubget,,True
24128307,unavailable,pubget,,True
24129199,unavailable,pubget,,True
24133276,unavailable,pubget,,True
24135167,unavailable,pubget,,True
24144245,unavailable,pubget,,True
24145376,unavailable,pubget,,True
24148846,unavailable,pubget,,True
24155301,unavailable,pubget,,True
24155323,unavailable,pubget,,True
24156809,unavailable,pubget,,True
24156926,unavailable,pubget,,True
24174677,unavailable,pubget,,True
24176537,unavailable,pubget,,True
24182659,unavailable,pubget,,True
24184115,unavailable,pubget,,True
24184576,unavailable,pubget,,True
24185024,unavailable,pubget,,True
24189157,unavailable,pubget,,True
24193372,unavailable,pubget,,True
24194578,unavailable,pubget,,True
24200419,unavailable,pubget,,True
24210457,unavailable,pubget,,True
24215973,unavailable,pubget,,True
24217991,unavailable,pubget,,True
24220539,unavailable,pubget,,True
24222712,unavailable,pubget,,True
24229536,unavailable,pubget,,True
24229849,unavailable,pubget,,True
24241476,unavailable,pubget,,True
24258969,unavailable,pubget,,True
24262816,unavailable,pubget,,True
24264941,unavailable,pubget,,True
24268546,unavailable,pubget,,True
24268934,unavailable,pubget,,True
24275797,unavailable,pubget,,True
24277856,unavailable,pubget,,True
24283493,unavailable,pubget,,True
24287439,unavailable,pubget,,True
24289090,unavailable,pubget,,True
24290464,unavailable,pubget,,True
24293562,unavailable,pubget,,True
24314147,unavailable,pubget,,True
24314348,unavailable,pubget,,True
24321556,unavailable,pubget,,True
24323701,unavailable,pubget,,True
24329046,unavailable,pubget,,True
24332890,unavailable,pubget,,True
24343334,unavailable,pubget,,True
24354514,unavailable,pubget,,True
24359488,unavailable,pubget,,True
24359705,unavailable,pubget,,True
24361663,unavailable,pubget,,True
24362760,unavailable,pubget,,True
24370610,unavailable,pubget,,True
24392897,unavailable,pubget,,True
24394347,unavailable,pubget,,True
24396008,unavailable,pubget,,True
24398265,unavailable,pubget,,True
24402653,unavailable,pubget,,True
24406081,unavailable,pubget,,True
24412331,unavailable,pubget,,True
24424781,unavailable,pubget,,True
24431462,unavailable,pubget,,True
24434677,unavailable,pubget,,True
24438492,unavailable,pubget,,True
24439303,unavailable,pubget,,True
24440115,unavailable,pubget,,True
24443396,unavailable,pubget,,True
24452776,unavailable,pubget,,True
24482092,unavailable,pubget,,True
24483620,unavailable,pubget,,True
24486563,unavailable,pubget,,True
24493836,unavailable,pubget,,True
24493839,unavailable,pubget,,True
24493840,unavailable,pubget,,True
24493851,unavailable,pubget,,True
24495660,unavailable,pubget,,True
24516127,unavailable,pubget,,True
24518753,unavailable,pubget,,True
24523536,unavailable,pubget,,True
24526187,unavailable,pubget,,True
24530849,unavailable,pubget,,True
24531049,unavailable,pubget,,True
24532703,unavailable,pubget,,True
24549102,unavailable,pubget,,True
24554354,unavailable,pubget,,True
24560578,unavailable,pubget,,True
24576686,unavailable,pubget,,True
24578016,unavailable,pubget,,True
24582597,unavailable,pubget,,True
24583223,unavailable,pubget,,True
24591523,unavailable,pubget,,True
24598437,unavailable,pubget,,True
24603023,unavailable,pubget,,True
24612482,unavailable,pubget,,True
24621958,unavailable,pubget,,True
24635646,unavailable,pubget,,True
24639401,unavailable,pubget,,True
24647934,unavailable,pubget,,True
24650597,unavailable,pubget,,True
24652857,unavailable,pubget,,True
24655307,unavailable,pubget,,True
24657305,unavailable,pubget,,True
24658234,unavailable,pubget,,True
24659451,unavailable,pubget,,True
24661170,unavailable,pubget,,True
24662774,unavailable,pubget,,True
24669790,unavailable,pubget,,True
24671141,unavailable,pubget,,True
24672000,unavailable,pubget,,True
24675159,unavailable,pubget,,True
24677530,unavailable,pubget,,True
24681401,unavailable,pubget,,True
24681435,unavailable,pubget,,True
24682131,unavailable,pubget,,True
24682187,unavailable,pubget,,True
24687771,unavailable,pubget,,True
24695712,unavailable,pubget,,True
24699018,unavailable,pubget,,True
24702456,unavailable,pubget,,True
24706817,unavailable,pubget,,True
24718902,unavailable,pubget,,True
24735671,unavailable,pubget,,True
24741031,unavailable,pubget,,True
24742155,unavailable,pubget,,True
24748545,unavailable,pubget,,True
24752071,unavailable,pubget,,True
24753211,unavailable,pubget,,True
24753358,unavailable,pubget,,True
24756342,unavailable,pubget,,True
24763592,unavailable,pubget,,True
24776739,unavailable,pubget,,True
24784503,unavailable,pubget,,True
24795437,unavailable,pubget,,True
24800897,unavailable,pubget,,True
24804953,unavailable,pubget,,True
24806682,unavailable,pubget,,True
24806689,unavailable,pubget,,True
24810870,unavailable,pubget,,True
24811608,unavailable,pubget,,True
24812084,unavailable,pubget,,True
24825786,unavailable,pubget,,True
24828628,unavailable,pubget,,True
24828635,unavailable,pubget,,True
24838987,unavailable,pubget,,True
24841078,unavailable,pubget,,True
24844267,unavailable,pubget,,True
24850896,unavailable,pubget,,True
24852459,unavailable,pubget,,True
24853295,unavailable,pubget,,True
24858795,unavailable,pubget,,True
24859691,unavailable,pubget,,True
24861441,unavailable,pubget,,True
24862389,unavailable,pubget,,True
24863251,unavailable,pubget,,True
24866521,unavailable,pubget,,True
24867148,unavailable,pubget,,True
24874919,unavailable,pubget,,True
24882167,unavailable,pubget,,True
24882568,unavailable,pubget,,True
24882901,unavailable,pubget,,True
24889618,unavailable,pubget,,True
24893706,unavailable,pubget,,True
24899726,unavailable,pubget,,True
24904991,unavailable,pubget,,True
24905285,unavailable,pubget,,True
24906891,unavailable,pubget,,True
24910070,unavailable,pubget,,True
24911391,unavailable,pubget,,True
24920613,unavailable,pubget,,True
24920615,unavailable,pubget,,True
24936686,unavailable,pubget,,True
24939872,unavailable,pubget,,True
24954829,unavailable,pubget,,True
24964216,unavailable,pubget,,True
24966383,unavailable,pubget,,True
24966390,unavailable,pubget,,True
24968573,unavailable,pubget,,True
24969119,unavailable,pubget,,True
24972755,unavailable,pubget,,True
24976498,unavailable,pubget,,True
24978315,unavailable,pubget,,True
24983713,unavailable,pubget,,True
24995682,unavailable,pubget,,True
24998619,unavailable,pubget,,True
25003207,unavailable,pubget,,True
25003950,unavailable,pubget,,True
25012415,unavailable,pubget,,True
25012925,unavailable,pubget,,True
25026154,unavailable,pubget,,True
25036008,unavailable,pubget,,True
25038309,unavailable,pubget,,True
25038436,unavailable,pubget,,True
25044711,unavailable,pubget,,True
25047745,unavailable,pubget,,True
25059532,unavailable,pubget,,True
25063233,unavailable,pubget,,True
25066308,unavailable,pubget,,True
25080579,unavailable,pubget,,True
25085721,unavailable,pubget,,True
25086316,unavailable,pubget,,True
25087073,unavailable,pubget,,True
25087482,unavailable,pubget,,True
25094016,unavailable,pubget,,True
25100219,unavailable,pubget,,True
25100591,unavailable,pubget,,True
25105832,unavailable,pubget,,True
25106072,unavailable,pubget,,True
25107614,unavailable,pubget,,True
25108823,unavailable,pubget,,True
25109529,unavailable,pubget,,True
25123974,unavailable,pubget,,True
25127926,unavailable,pubget,,True
25131678,unavailable,pubget,,True
25132020,unavailable,pubget,,True
25139064,unavailable,pubget,,True
25139308,unavailable,pubget,,True
25140046,unavailable,pubget,,True
25140051,unavailable,pubget,,True
25142952,unavailable,pubget,,True
25143543,unavailable,pubget,,True
25150553,unavailable,pubget,,True
25151338,unavailable,pubget,,True
25171782,unavailable,pubget,,True
25172156,unavailable,pubget,,True
25175543,unavailable,pubget,,True
25186759,unavailable,pubget,,True
25192244,unavailable,pubget,,True
25192631,unavailable,pubget,,True
25196948,unavailable,pubget,,True
25209289,unavailable,pubget,,True
25217470,unavailable,pubget,,True
25225374,unavailable,pubget,,True
25234479,unavailable,pubget,,True
25240323,unavailable,pubget,,True
25262497,unavailable,pubget,,True
25265277,unavailable,pubget,,True
25268683,unavailable,pubget,,True
25270984,unavailable,pubget,,True
25274821,unavailable,pubget,,True
25280451,unavailable,pubget,,True
25283342,unavailable,pubget,,True
25284303,unavailable,pubget,,True
25289490,unavailable,pubget,,True
25298010,unavailable,pubget,,True
25307137,unavailable,pubget,,True
25307731,unavailable,pubget,,True
25319696,unavailable,pubget,,True
25319706,unavailable,pubget,,True
25326039,unavailable,pubget,,True
25327821,unavailable,pubget,,True
25331606,unavailable,pubget,,True
25332108,unavailable,pubget,,True
25359589,unavailable,pubget,,True
25366500,unavailable,pubget,,True
25372925,unavailable,pubget,,True
25381653,unavailable,pubget,,True
25382193,unavailable,pubget,,True
25390185,unavailable,pubget,,True
25390202,unavailable,pubget,,True
25413183,unavailable,pubget,,True
25422039,unavailable,pubget,,True
25422460,unavailable,pubget,,True
25422963,unavailable,pubget,,True
25426823,unavailable,pubget,,True
25445775,unavailable,pubget,,True
25445782,unavailable,pubget,,True
25448398,unavailable,pubget,,True
25449744,unavailable,pubget,,True
25449748,unavailable,pubget,,True
25455344,unavailable,pubget,,True
25461705,unavailable,pubget,,True
25463458,unavailable,pubget,,True
25475988,unavailable,pubget,,True
25479816,unavailable,pubget,,True
25497222,unavailable,pubget,,True
25502633,unavailable,pubget,,True
25505309,unavailable,pubget,,True
25524650,unavailable,pubget,,True
25527821,unavailable,pubget,,True
25527870,unavailable,pubget,,True
25529028,unavailable,pubget,,True
25529800,unavailable,pubget,,True
25535356,unavailable,pubget,,True
25536499,unavailable,pubget,,True
25539044,unavailable,pubget,,True
25541862,unavailable,pubget,,True
25550068,unavailable,pubget,,True
25550069,unavailable,pubget,,True
25552571,unavailable,pubget,,True
25560201,unavailable,pubget,,True
25562826,unavailable,pubget,,True
25563230,unavailable,pubget,,True
25563748,unavailable,pubget,,True
25567423,unavailable,pubget,,True
25570063,unavailable,pubget,,True
25570470,unavailable,pubget,,True
25571770,unavailable,pubget,,True
25572160,unavailable,pubget,,True
25573399,unavailable,pubget,,True
25575018,unavailable,pubget,,True
25578794,unavailable,pubget,,True
25589766,unavailable,pubget,,True
25599382,unavailable,pubget,,True
25605886,unavailable,pubget,,True
25605923,unavailable,pubget,,True
25609637,unavailable,pubget,,True
25620526,unavailable,pubget,,True
25628344,unavailable,pubget,,True
25628345,unavailable,pubget,,True
25632131,unavailable,pubget,,True
25635920,unavailable,pubget,,True
25637390,unavailable,pubget,,True
25637804,unavailable,pubget,,True
25638295,unavailable,pubget,,True
25639205,unavailable,pubget,,True
25647338,unavailable,pubget,,True
25650106,unavailable,pubget,,True
25652023,unavailable,pubget,,True
25662409,unavailable,pubget,,True
25664702,unavailable,pubget,,True
25673866,unavailable,pubget,,True
25675473,unavailable,pubget,,True
25676678,unavailable,pubget,,True
25678559,unavailable,pubget,,True
25684049,unavailable,pubget,,True
25684692,unavailable,pubget,,True
25690326,unavailable,pubget,,True
25703646,unavailable,pubget,,True
25705798,unavailable,pubget,,True
25706827,unavailable,pubget,,True
25708455,unavailable,pubget,,True
25731997,unavailable,pubget,,True
25733678,unavailable,pubget,,True
25761281,unavailable,pubget,,True
25762673,unavailable,pubget,,True
25766754,unavailable,pubget,,True
25769625,unavailable,pubget,,True
25772668,unavailable,pubget,,True
25776217,unavailable,pubget,,True
25777814,unavailable,pubget,,True
25785510,unavailable,pubget,,True
25792694,unavailable,pubget,,True
25796490,unavailable,pubget,,True
25797832,unavailable,pubget,,True
25800207,unavailable,pubget,,True
25800507,unavailable,pubget,,True
25801097,unavailable,pubget,,True
25809402,unavailable,pubget,,True
25818690,unavailable,pubget,,True
25818869,unavailable,pubget,,True
25824424,unavailable,pubget,,True
25827506,unavailable,pubget,,True
25832770,unavailable,pubget,,True
25847778,unavailable,pubget,,True
25848681,unavailable,pubget,,True
25855179,unavailable,pubget,,True
25855888,unavailable,pubget,,True
25858603,unavailable,pubget,,True
25864952,unavailable,pubget,,True
25869157,unavailable,pubget,,True
25869859,unavailable,pubget,,True
25873084,unavailable,pubget,,True
25880023,unavailable,pubget,,True
25891898,unavailable,pubget,,True
25892332,unavailable,pubget,,True
25913061,unavailable,pubget,,True
25926460,unavailable,pubget,,True
25929825,unavailable,pubget,,True
25948266,unavailable,pubget,,True
25957017,unavailable,pubget,,True
25961640,unavailable,pubget,,True
25962831,unavailable,pubget,,True
25964502,unavailable,pubget,,True
25967954,unavailable,pubget,,True
25974322,unavailable,pubget,,True
25976028,unavailable,pubget,,True
25978492,unavailable,pubget,,True
25978714,unavailable,pubget,,True
25978933,unavailable,pubget,,True
25981159,unavailable,pubget,,True
25982488,unavailable,pubget,,True
25988933,unavailable,pubget,,True
25997640,unavailable,pubget,,True
26003489,unavailable,pubget,,True
26006262,unavailable,pubget,,True
26007149,unavailable,pubget,,True
26008885,unavailable,pubget,,True
26011391,unavailable,pubget,,True
26019335,unavailable,pubget,,True
26025370,unavailable,pubget,,True
26032148,unavailable,pubget,,True
26032457,unavailable,pubget,,True
26033478,unavailable,pubget,,True
26036935,unavailable,pubget,,True
26040980,unavailable,pubget,,True
26041920,unavailable,pubget,,True
26045569,unavailable,pubget,,True
26046623,unavailable,pubget,,True
26068849,unavailable,pubget,,True
26071623,unavailable,pubget,,True
26074201,unavailable,pubget,,True
26077725,unavailable,pubget,,True
26078385,unavailable,pubget,,True
26092780,unavailable,pubget,,True
26094856,unavailable,pubget,,True
26105140,unavailable,pubget,,True
26109650,unavailable,pubget,,True
26112339,unavailable,pubget,,True
26119022,unavailable,pubget,,True
26137973,unavailable,pubget,,True
26143305,unavailable,pubget,,True
26157025,unavailable,pubget,,True
26160264,unavailable,pubget,,True
26164485,unavailable,pubget,,True
26171717,unavailable,pubget,,True
26173095,unavailable,pubget,,True
26175008,unavailable,pubget,,True
26178527,unavailable,pubget,,True
26182611,unavailable,pubget,,True
26186229,unavailable,pubget,,True
26187507,unavailable,pubget,,True
26190301,unavailable,pubget,,True
26195295,unavailable,pubget,,True
26197259,unavailable,pubget,,True
26197267,unavailable,pubget,,True
26211623,unavailable,pubget,,True
26212070,unavailable,pubget,,True
26219399,unavailable,pubget,,True
26219630,unavailable,pubget,,True
26220024,unavailable,pubget,,True
26226078,unavailable,pubget,,True
26227437,unavailable,pubget,,True
26238968,unavailable,pubget,,True
26245316,unavailable,pubget,,True
26245713,unavailable,pubget,,True
26245836,unavailable,pubget,,True
26245837,unavailable,pubget,,True
26253525,unavailable,pubget,,True
26270189,unavailable,pubget,,True
26272240,unavailable,pubget,,True
26275050,unavailable,pubget,,True
26275927,unavailable,pubget,,True
26279212,unavailable,pubget,,True
26290235,unavailable,pubget,,True
26298503,unavailable,pubget,,True
26305064,unavailable,pubget,,True
26311775,unavailable,pubget,,True
26313134,unavailable,pubget,,True
26318849,unavailable,pubget,,True
26324098,unavailable,pubget,,True
26327243,unavailable,pubget,,True
26327319,unavailable,pubget,,True
26336909,unavailable,pubget,,True
26340957,unavailable,pubget,,True
26341950,unavailable,pubget,,True
26342220,unavailable,pubget,,True
26343316,unavailable,pubget,,True
26343317,unavailable,pubget,,True
26343321,unavailable,pubget,,True
26343322,unavailable,pubget,,True
26351862,unavailable,pubget,,True
26351992,unavailable,pubget,,True
26354910,unavailable,pubget,,True
26359718,unavailable,pubget,,True
26363673,unavailable,pubget,,True
26377462,unavailable,pubget,,True
26378725,unavailable,pubget,,True
26378742,unavailable,pubget,,True
26381564,unavailable,pubget,,True
26382634,unavailable,pubget,,True
26385759,unavailable,pubget,,True
26395814,unavailable,pubget,,True
26400857,unavailable,pubget,,True
26400929,unavailable,pubget,,True
26404844,unavailable,pubget,,True
26413744,unavailable,pubget,,True
26419271,unavailable,pubget,,True
26424878,unavailable,pubget,,True
26439270,unavailable,pubget,,True
26439515,unavailable,pubget,,True
26442666,unavailable,pubget,,True
26452682,unavailable,pubget,,True
26453911,unavailable,pubget,,True
26477647,unavailable,pubget,,True
26478962,unavailable,pubget,,True
26482526,unavailable,pubget,,True
26483152,unavailable,pubget,,True
26490439,unavailable,pubget,,True
26511251,unavailable,pubget,,True
26514618,unavailable,pubget,,True
26522424,unavailable,pubget,,True
26522869,unavailable,pubget,,True
26526072,unavailable,pubget,,True
26527537,unavailable,pubget,,True
26538342,unavailable,pubget,,True
26538642,unavailable,pubget,,True
26538657,unavailable,pubget,,True
26544919,unavailable,pubget,,True
26549262,unavailable,pubget,,True
26551661,unavailable,pubget,,True
26558615,unavailable,pubget,,True
26573559,unavailable,pubget,,True
26590343,unavailable,pubget,,True
26592952,unavailable,pubget,,True
26598739,unavailable,pubget,,True
26611397,unavailable,pubget,,True
26613720,unavailable,pubget,,True
26624523,unavailable,pubget,,True
26634281,unavailable,pubget,,True
26645207,unavailable,pubget,,True
26645465,unavailable,pubget,,True
26645739,unavailable,pubget,,True
26656723,unavailable,pubget,,True
26668010,unavailable,pubget,,True
26670947,unavailable,pubget,,True
26674865,unavailable,pubget,,True
26675294,unavailable,pubget,,True
26681358,unavailable,pubget,,True
26683008,unavailable,pubget,,True
26683171,unavailable,pubget,,True
26683383,unavailable,pubget,,True
26684072,unavailable,pubget,,True
26690829,unavailable,pubget,,True
26708107,unavailable,pubget,,True
26711997,unavailable,pubget,,True
26714574,unavailable,pubget,,True
26722017,unavailable,pubget,,True
26727535,unavailable,pubget,,True
26733530,unavailable,pubget,,True
26740535,unavailable,pubget,,True
26741277,unavailable,pubget,,True
26741286,unavailable,pubget,,True
26741803,unavailable,pubget,,True
26745832,unavailable,pubget,,True
26746180,unavailable,pubget,,True
26748411,unavailable,pubget,,True
26749205,unavailable,pubget,,True
26774462,unavailable,pubget,,True
26777479,unavailable,pubget,,True
26778366,unavailable,pubget,,True
26784537,unavailable,pubget,,True
26787138,unavailable,pubget,,True
26791218,unavailable,pubget,,True
26792586,unavailable,pubget,,True
26796713,unavailable,pubget,,True
26802808,unavailable,pubget,,True
26821063,unavailable,pubget,,True
26826513,unavailable,pubget,,True
26831302,unavailable,pubget,,True
26838358,unavailable,pubget,,True
26843004,unavailable,pubget,,True
26843006,unavailable,pubget,,True
26843566,unavailable,pubget,,True
26843642,unavailable,pubget,,True
26843649,unavailable,pubget,,True
26844811,unavailable,pubget,,True
26851974,unavailable,pubget,,True
26853120,unavailable,pubget,,True
26854561,unavailable,pubget,,True
26858213,unavailable,pubget,,True
26865423,unavailable,pubget,,True
26865425,unavailable,pubget,,True
26868478,unavailable,pubget,,True
26872344,unavailable,pubget,,True
26873275,unavailable,pubget,,True
26875725,unavailable,pubget,,True
26879101,unavailable,pubget,,True
26879623,unavailable,pubget,,True
26884543,unavailable,pubget,,True
26892858,unavailable,pubget,,True
26892942,unavailable,pubget,,True
26908926,unavailable,pubget,,True
26915331,unavailable,pubget,,True
26921778,unavailable,pubget,,True
26926604,unavailable,pubget,,True
26926605,unavailable,pubget,,True
26931629,unavailable,pubget,,True
26934285,unavailable,pubget,,True
26941384,unavailable,pubget,,True
26954937,unavailable,pubget,,True
26975552,unavailable,pubget,,True
26989195,unavailable,pubget,,True
27000301,unavailable,pubget,,True
27003211,unavailable,pubget,,True
27011015,unavailable,pubget,,True
27015710,unavailable,pubget,,True
27017423,unavailable,pubget,,True
27025242,unavailable,pubget,,True
27030766,unavailable,pubget,,True
27044803,unavailable,pubget,,True
27049447,unavailable,pubget,,True
27053205,unavailable,pubget,,True
27054399,unavailable,pubget,,True
27058271,unavailable,pubget,,True
27062270,unavailable,pubget,,True
27069053,unavailable,pubget,,True
27071124,unavailable,pubget,,True
27079535,unavailable,pubget,,True
27083529,unavailable,pubget,,True
27084690,unavailable,pubget,,True
27091670,unavailable,pubget,,True
27094176,unavailable,pubget,,True
27098688,unavailable,pubget,,True
27102656,unavailable,pubget,,True
27103529,unavailable,pubget,,True
27104478,unavailable,pubget,,True
27107209,unavailable,pubget,,True
27107298,unavailable,pubget,,True
27109897,unavailable,pubget,,True
27122026,unavailable,pubget,,True
27132543,unavailable,pubget,,True
27141854,unavailable,pubget,,True
27145286,unavailable,pubget,,True
27145325,unavailable,pubget,,True
27147653,unavailable,pubget,,True
27155151,unavailable,pubget,,True
27157883,unavailable,pubget,,True
27160257,unavailable,pubget,,True
27163722,unavailable,pubget,,True
27174518,unavailable,pubget,,True
27178362,unavailable,pubget,,True
27187170,unavailable,pubget,,True
27187606,unavailable,pubget,,True
27194340,unavailable,pubget,,True
27194564,unavailable,pubget,,True
27207613,unavailable,pubget,,True
27210036,unavailable,pubget,,True
27217117,unavailable,pubget,,True
27218813,unavailable,pubget,,True
27233220,unavailable,pubget,,True
27241486,unavailable,pubget,,True
27242028,unavailable,pubget,,True
27246442,unavailable,pubget,,True
27251627,unavailable,pubget,,True
27255921,unavailable,pubget,,True
27260337,unavailable,pubget,,True
27260637,unavailable,pubget,,True
27260987,unavailable,pubget,,True
27261878,unavailable,pubget,,True
27272198,unavailable,pubget,,True
27273329,unavailable,pubget,,True
27277794,unavailable,pubget,,True
27311641,unavailable,pubget,,True
27312746,unavailable,pubget,,True
27318594,unavailable,pubget,,True
27321163,unavailable,pubget,,True
27321999,unavailable,pubget,,True
27329685,unavailable,pubget,,True
27330185,unavailable,pubget,,True
27340112,unavailable,pubget,,True
27363008,unavailable,pubget,,True
27366831,unavailable,pubget,,True
27369095,unavailable,pubget,,True
27375133,unavailable,pubget,,True
27389789,unavailable,pubget,,True
27389802,unavailable,pubget,,True
27393421,unavailable,pubget,,True
27394152,unavailable,pubget,,True
27399308,unavailable,pubget,,True
27401122,unavailable,pubget,,True
27411160,unavailable,pubget,,True
27418025,unavailable,pubget,,True
27422018,unavailable,pubget,,True
27424061,unavailable,pubget,,True
27436593,unavailable,pubget,,True
27447790,unavailable,pubget,,True
27450379,unavailable,pubget,,True
27460558,unavailable,pubget,,True
27474908,unavailable,pubget,,True
27475128,unavailable,pubget,,True
27475965,unavailable,pubget,,True
27488625,unavailable,pubget,,True
27488631,unavailable,pubget,,True
27502049,unavailable,pubget,,True
27504609,unavailable,pubget,,True
27511014,unavailable,pubget,,True
27514293,unavailable,pubget,,True
27522076,unavailable,pubget,,True
27527267,unavailable,pubget,,True
27530550,unavailable,pubget,,True
27534834,unavailable,pubget,,True
27570953,unavailable,pubget,,True
27578492,unavailable,pubget,,True
27585292,unavailable,pubget,,True
27586825,unavailable,pubget,,True
27590719,unavailable,pubget,,True
27590880,unavailable,pubget,,True
27591184,unavailable,pubget,,True
27592811,unavailable,pubget,,True
27599522,unavailable,pubget,,True
27605606,unavailable,pubget,,True
27614138,unavailable,pubget,,True
27619004,unavailable,pubget,,True
27620978,unavailable,pubget,,True
27622923,unavailable,pubget,,True
27633897,unavailable,pubget,,True
27636006,unavailable,pubget,,True
27645501,unavailable,pubget,,True
27647312,unavailable,pubget,,True
27654831,unavailable,pubget,,True
27655932,unavailable,pubget,,True
27662439,unavailable,pubget,,True
27664826,unavailable,pubget,,True
27693977,unavailable,pubget,,True
27697662,unavailable,pubget,,True
27697987,unavailable,pubget,,True
27707978,unavailable,pubget,,True
27714550,unavailable,pubget,,True
27729230,unavailable,pubget,,True
27734306,unavailable,pubget,,True
27748031,unavailable,pubget,,True
27756046,unavailable,pubget,,True
27756546,unavailable,pubget,,True
27756696,unavailable,pubget,,True
27775175,unavailable,pubget,,True
27777172,unavailable,pubget,,True
27786515,unavailable,pubget,,True
27798134,unavailable,pubget,,True
27798143,unavailable,pubget,,True
27798223,unavailable,pubget,,True
27800703,unavailable,pubget,,True
27810354,unavailable,pubget,,True
27813194,unavailable,pubget,,True
27814457,unavailable,pubget,,True
27814960,unavailable,pubget,,True
27832600,unavailable,pubget,,True
27833066,unavailable,pubget,,True
27834153,unavailable,pubget,,True
27842943,unavailable,pubget,,True
27845255,unavailable,pubget,,True
27854447,unavailable,pubget,,True
27859905,unavailable,pubget,,True
27859920,unavailable,pubget,,True
27861879,unavailable,pubget,,True
27865923,unavailable,pubget,,True
27867061,unavailable,pubget,,True
27870414,unavailable,pubget,,True
27873557,unavailable,pubget,,True
27876509,unavailable,pubget,,True
27890325,unavailable,pubget,,True
27894890,unavailable,pubget,,True
27896962,unavailable,pubget,,True
27896966,unavailable,pubget,,True
27898342,unavailable,pubget,,True
27902832,unavailable,pubget,,True
27916664,unavailable,pubget,,True
27916665,unavailable,pubget,,True
27917578,unavailable,pubget,,True
27918912,unavailable,pubget,,True
27920095,unavailable,pubget,,True
27923474,unavailable,pubget,,True
27932074,unavailable,pubget,,True
27940151,unavailable,pubget,,True
27956263,unavailable,pubget,,True
27989842,unavailable,pubget,,True
27993674,unavailable,pubget,,True
28011742,unavailable,pubget,,True
28025071,unavailable,pubget,,True
28028199,unavailable,pubget,,True
28029717,unavailable,pubget,,True
28030757,unavailable,pubget,,True
28039678,unavailable,pubget,,True
28039797,unavailable,pubget,,True
28040544,unavailable,pubget,,True
28049082,unavailable,pubget,,True
28059764,unavailable,pubget,,True
28069445,unavailable,pubget,,True
28077184,unavailable,pubget,,True
28077722,unavailable,pubget,,True
28086129,unavailable,pubget,,True
28093475,unavailable,pubget,,True
28095312,unavailable,pubget,,True
28100742,unavailable,pubget,,True
28110085,unavailable,pubget,,True
28117048,unavailable,pubget,,True
28139959,unavailable,pubget,,True
28148724,unavailable,pubget,,True
28151495,unavailable,pubget,,True
28161031,unavailable,pubget,,True
28161156,unavailable,pubget,,True
28161309,unavailable,pubget,,True
28163097,unavailable,pubget,,True
28174031,unavailable,pubget,,True
28179553,unavailable,pubget,,True
28183031,unavailable,pubget,,True
28188306,unavailable,pubget,,True
28192274,unavailable,pubget,,True
28193488,unavailable,pubget,,True
28193532,unavailable,pubget,,True
28205606,unavailable,pubget,,True
28214015,unavailable,pubget,,True
28218433,unavailable,pubget,,True
28226306,unavailable,pubget,,True
28238849,unavailable,pubget,,True
28240389,unavailable,pubget,,True
28240722,unavailable,pubget,,True
28241401,unavailable,pubget,,True
28242496,unavailable,pubget,,True
28245989,unavailable,pubget,,True
28253077,unavailable,pubget,,True
28259780,unavailable,pubget,,True
28262603,unavailable,pubget,,True
28264984,unavailable,pubget,,True
28279670,unavailable,pubget,,True
28284798,unavailable,pubget,,True
28290075,unavailable,pubget,,True
28294134,unavailable,pubget,,True
28294714,unavailable,pubget,,True
28314202,unavailable,pubget,,True
28320654,unavailable,pubget,,True
28333484,unavailable,pubget,,True
28338738,unavailable,pubget,,True
28342260,unavailable,pubget,,True
28342970,unavailable,pubget,,True
28345150,unavailable,pubget,,True
28347878,unavailable,pubget,,True
28351201,unavailable,pubget,,True
28359873,unavailable,pubget,,True
28364727,unavailable,pubget,,True
28366871,unavailable,pubget,,True
28368200,unavailable,pubget,,True
28383644,unavailable,pubget,,True
28388867,unavailable,pubget,,True
28397623,unavailable,pubget,,True
28397635,unavailable,pubget,,True
28408292,unavailable,pubget,,True
28408411,unavailable,pubget,,True
28411527,unavailable,pubget,,True
28412511,unavailable,pubget,,True
28412558,unavailable,pubget,,True
28416813,unavailable,pubget,,True
28420788,unavailable,pubget,,True
28427018,unavailable,pubget,,True
28430039,unavailable,pubget,,True
28453905,unavailable,pubget,,True
28463058,unavailable,pubget,,True
28476207,unavailable,pubget,,True
28478139,unavailable,pubget,,True
28478510,unavailable,pubget,,True
28481027,unavailable,pubget,,True
28483974,unavailable,pubget,,True
28493595,unavailable,pubget,,True
28494223,unavailable,pubget,,True
28502843,unavailable,pubget,,True
28507127,unavailable,pubget,,True
28521147,unavailable,pubget,,True
28522185,unavailable,pubget,,True
28533402,unavailable,pubget,,True
28538517,unavailable,pubget,,True
28544256,unavailable,pubget,,True
28548263,unavailable,pubget,,True
28552781,unavailable,pubget,,True
28556242,unavailable,pubget,,True
28557315,unavailable,pubget,,True
28557508,unavailable,pubget,,True
28577433,unavailable,pubget,,True
28580693,unavailable,pubget,,True
28589968,unavailable,pubget,,True
28599147,unavailable,pubget,,True
28612935,unavailable,pubget,,True
28618856,unavailable,pubget,,True
28619654,unavailable,pubget,,True
28628767,unavailable,pubget,,True
28647484,unavailable,pubget,,True
28650517,unavailable,pubget,,True
28652414,unavailable,pubget,,True
28654963,unavailable,pubget,,True
28655152,unavailable,pubget,,True
28665373,unavailable,pubget,,True
28667891,unavailable,pubget,,True
28669911,unavailable,pubget,,True
28678703,unavailable,pubget,,True
28709998,unavailable,pubget,,True
28716965,unavailable,pubget,,True
28719854,unavailable,pubget,,True
28733358,unavailable,pubget,,True
28735970,unavailable,pubget,,True
28748407,unavailable,pubget,,True
28753471,unavailable,pubget,,True
28756011,unavailable,pubget,,True
28763879,unavailable,pubget,,True
28774705,unavailable,pubget,,True
28776930,unavailable,pubget,,True
28782584,unavailable,pubget,,True
28792094,unavailable,pubget,,True
28801195,unavailable,pubget,,True
28803529,unavailable,pubget,,True
28807648,unavailable,pubget,,True
28809668,unavailable,pubget,,True
28811179,unavailable,pubget,,True
28813643,unavailable,pubget,,True
28816657,unavailable,pubget,,True
28817956,unavailable,pubget,,True
28826089,unavailable,pubget,,True
28829994,unavailable,pubget,,True
28833833,unavailable,pubget,,True
28836577,unavailable,pubget,,True
28850882,unavailable,pubget,,True
28867340,unavailable,pubget,,True
28869842,unavailable,pubget,,True
28874449,unavailable,pubget,,True
28877512,unavailable,pubget,,True
28877969,unavailable,pubget,,True
28881021,unavailable,pubget,,True
28881454,unavailable,pubget,,True
28883019,unavailable,pubget,,True
28889002,unavailable,pubget,,True
28891782,unavailable,pubget,,True
28893526,unavailable,pubget,,True
28916469,unavailable,pubget,,True
28919245,unavailable,pubget,,True
28927730,unavailable,pubget,,True
28933028,unavailable,pubget,,True
28938219,unavailable,pubget,,True
28938222,unavailable,pubget,,True
28939433,unavailable,pubget,,True
28942477,unavailable,pubget,,True
28942896,unavailable,pubget,,True
28947180,unavailable,pubget,,True
28950918,unavailable,pubget,,True
28951352,unavailable,pubget,,True
28957679,unavailable,pubget,,True
28958627,unavailable,pubget,,True
28958864,unavailable,pubget,,True
28986325,unavailable,pubget,,True
28992587,unavailable,pubget,,True
28993236,unavailable,pubget,,True
29024818,unavailable,pubget,,True
29029039,unavailable,pubget,,True
29030262,unavailable,pubget,,True
29030974,unavailable,pubget,,True
29036672,unavailable,pubget,,True
29039414,unavailable,pubget,,True
29050383,unavailable,pubget,,True
29050393,unavailable,pubget,,True
29053835,unavailable,pubget,,True
29055240,unavailable,pubget,,True
29061526,unavailable,pubget,,True
29063521,unavailable,pubget,,True
29064341,unavailable,pubget,,True
29078366,unavailable,pubget,,True
29078387,unavailable,pubget,,True
29079433,unavailable,pubget,,True
29082582,unavailable,pubget,,True
29087337,unavailable,pubget,,True
29099351,unavailable,pubget,,True
29100150,unavailable,pubget,,True
29109237,unavailable,pubget,,True
29110183,unavailable,pubget,,True
29114103,unavailable,pubget,,True
29118108,unavailable,pubget,,True
29119693,unavailable,pubget,,True
29124784,unavailable,pubget,,True
29125397,unavailable,pubget,,True
29126965,unavailable,pubget,,True
29129509,unavailable,pubget,,True
29132089,unavailable,pubget,,True
29133433,unavailable,pubget,,True
29141188,unavailable,pubget,,True
29144224,unavailable,pubget,,True
29153446,unavailable,pubget,,True
29158201,unavailable,pubget,,True
29160020,unavailable,pubget,,True
29160744,unavailable,pubget,,True
29194849,unavailable,pubget,,True
29203896,unavailable,pubget,,True
29204820,unavailable,pubget,,True
29219633,unavailable,pubget,,True
29221834,unavailable,pubget,,True
29223933,unavailable,pubget,,True
29224583,unavailable,pubget,,True
29242103,unavailable,pubget,,True
29244638,unavailable,pubget,,True
29253783,unavailable,pubget,,True
29271284,unavailable,pubget,,True
29273230,unavailable,pubget,,True
29275843,unavailable,pubget,,True
29288686,unavailable,pubget,,True
29292133,unavailable,pubget,,True
29292135,unavailable,pubget,,True
29294337,unavailable,pubget,,True
29294387,unavailable,pubget,,True
29304386,unavailable,pubget,,True
29306056,unavailable,pubget,,True
29306709,unavailable,pubget,,True
29309953,unavailable,pubget,,True
29311746,unavailable,pubget,,True
29329062,unavailable,pubget,,True
29339309,unavailable,pubget,,True
29339313,unavailable,pubget,,True
29348040,unavailable,pubget,,True
29355105,unavailable,pubget,,True
29355766,unavailable,pubget,,True
29358097,unavailable,pubget,,True
29378280,unavailable,pubget,,True
29389047,unavailable,pubget,,True
29406267,unavailable,pubget,,True
29410293,unavailable,pubget,,True
29414129,unavailable,pubget,,True
29414459,unavailable,pubget,,True
29415163,unavailable,pubget,,True
29425573,unavailable,pubget,,True
29427182,unavailable,pubget,,True
29432802,unavailable,pubget,,True
29436054,unavailable,pubget,,True
29444207,unavailable,pubget,,True
29453522,unavailable,pubget,,True
29455946,unavailable,pubget,,True
29458188,unavailable,pubget,,True
29461079,unavailable,pubget,,True
29462655,unavailable,pubget,,True
29464518,unavailable,pubget,,True
29471719,unavailable,pubget,,True
29482170,unavailable,pubget,,True
29486321,unavailable,pubget,,True
29498776,unavailable,pubget,,True
29499492,unavailable,pubget,,True
29501874,unavailable,pubget,,True
29502144,unavailable,pubget,,True
29504651,unavailable,pubget,,True
29505953,unavailable,pubget,,True
29520882,unavailable,pubget,,True
29529406,unavailable,pubget,,True
29529523,unavailable,pubget,,True
29535037,unavailable,pubget,,True
29535043,unavailable,pubget,,True
29544725,unavailable,pubget,,True
29554643,unavailable,pubget,,True
29555429,unavailable,pubget,,True
29560910,unavailable,pubget,,True
29561238,unavailable,pubget,,True
29561239,unavailable,pubget,,True
29575563,unavailable,pubget,,True
29578027,unavailable,pubget,,True
29604366,unavailable,pubget,,True
29619759,unavailable,pubget,,True
29625429,unavailable,pubget,,True
29627273,unavailable,pubget,,True
29632168,unavailable,pubget,,True
29644568,unavailable,pubget,,True
29654876,unavailable,pubget,,True
29655043,unavailable,pubget,,True
29656245,unavailable,pubget,,True
29660944,unavailable,pubget,,True
29661516,unavailable,pubget,,True
29668395,unavailable,pubget,,True
29674271,unavailable,pubget,,True
29682814,unavailable,pubget,,True
29688872,unavailable,pubget,,True
29691943,unavailable,pubget,,True
29703998,unavailable,pubget,,True
29717508,unavailable,pubget,,True
29730044,unavailable,pubget,,True
29735686,unavailable,pubget,,True
29737489,unavailable,pubget,,True
29738911,unavailable,pubget,,True
29752216,unavailable,pubget,,True
29752588,unavailable,pubget,,True
29753107,unavailable,pubget,,True
29772378,unavailable,pubget,,True
29772380,unavailable,pubget,,True
29775858,unavailable,pubget,,True
29782993,unavailable,pubget,,True
29803959,unavailable,pubget,,True
29807151,unavailable,pubget,,True
29843584,unavailable,pubget,,True
29855796,unavailable,pubget,,True
29859335,unavailable,pubget,,True
29864521,unavailable,pubget,,True
29864592,unavailable,pubget,,True
29877768,unavailable,pubget,,True
29883624,unavailable,pubget,,True
29888833,unavailable,pubget,,True
29906456,unavailable,pubget,,True
29909585,unavailable,pubget,,True
29910121,unavailable,pubget,,True
29913388,unavailable,pubget,,True
29924294,unavailable,pubget,,True
29940399,unavailable,pubget,,True
29949456,unavailable,pubget,,True
29954702,unavailable,pubget,,True
29964187,unavailable,pubget,,True
29964348,unavailable,pubget,,True
29966617,unavailable,pubget,,True
29980493,unavailable,pubget,,True
29981752,unavailable,pubget,,True
30009477,unavailable,pubget,,True
30031933,unavailable,pubget,,True
30033392,unavailable,pubget,,True
30036793,unavailable,pubget,,True
30043118,unavailable,pubget,,True
30044019,unavailable,pubget,,True
30056570,unavailable,pubget,,True
30058341,unavailable,pubget,,True
30067969,unavailable,pubget,,True
30073554,unavailable,pubget,,True
30075215,unavailable,pubget,,True
30077432,unavailable,pubget,,True
30079586,unavailable,pubget,,True
30081041,unavailable,pubget,,True
30081195,unavailable,pubget,,True
30092347,unavailable,pubget,,True
30102429,unavailable,pubget,,True
30120839,unavailable,pubget,,True
30120854,unavailable,pubget,,True
30130641,unavailable,pubget,,True
30137255,unavailable,pubget,,True
30141188,unavailable,pubget,,True
30144336,unavailable,pubget,,True
30145172,unavailable,pubget,,True
30148747,unavailable,pubget,,True
30165271,unavailable,pubget,,True
30168869,unavailable,pubget,,True
30172004,unavailable,pubget,,True
30172005,unavailable,pubget,,True
30189339,unavailable,pubget,,True
30189904,unavailable,pubget,,True
30196871,unavailable,pubget,,True
30212727,unavailable,pubget,,True
30216766,unavailable,pubget,,True
30217542,unavailable,pubget,,True
30219291,unavailable,pubget,,True
30243195,unavailable,pubget,,True
30248364,unavailable,pubget,,True
30262338,unavailable,pubget,,True
30262887,unavailable,pubget,,True
30268845,unavailable,pubget,,True
30290286,unavailable,pubget,,True
30290974,unavailable,pubget,,True
30291441,unavailable,pubget,,True
30291860,unavailable,pubget,,True
30291975,unavailable,pubget,,True
30294823,unavailable,pubget,,True
30306244,unavailable,pubget,,True
30321614,unavailable,pubget,,True
30337638,unavailable,pubget,,True
30343131,unavailable,pubget,,True
30343134,unavailable,pubget,,True
30347011,unavailable,pubget,,True
30349971,unavailable,pubget,,True
30353344,unavailable,pubget,,True
30368823,unavailable,pubget,,True
30387895,unavailable,pubget,,True
30390401,unavailable,pubget,,True
30419983,unavailable,pubget,,True
30444176,unavailable,pubget,,True
30489152,unavailable,pubget,,True
30497840,unavailable,pubget,,True
30500402,unavailable,pubget,,True
30500612,unavailable,pubget,,True
30506458,unavailable,pubget,,True
30521814,unavailable,pubget,,True
30523574,unavailable,pubget,,True
30528586,unavailable,pubget,,True
30535262,unavailable,pubget,,True
30545601,unavailable,pubget,,True
30557760,unavailable,pubget,,True
30572112,unavailable,pubget,,True
30576960,unavailable,pubget,,True
30589141,unavailable,pubget,,True
30589482,unavailable,pubget,,True
30591402,unavailable,pubget,,True
30592972,unavailable,pubget,,True
30594569,unavailable,pubget,,True
30600091,unavailable,pubget,,True
30605004,unavailable,pubget,,True
30610842,unavailable,pubget,,True
30615898,unavailable,pubget,,True
30617213,unavailable,pubget,,True
30622047,unavailable,pubget,,True
30650392,unavailable,pubget,,True
30665007,unavailable,pubget,,True
30668668,unavailable,pubget,,True
30670257,unavailable,pubget,,True
30677503,unavailable,pubget,,True
30688485,unavailable,pubget,,True
30688832,unavailable,pubget,,True
30702203,unavailable,pubget,,True
30710345,unavailable,pubget,,True
30711710,unavailable,pubget,,True
30716688,unavailable,pubget,,True
30717610,unavailable,pubget,,True
30725232,unavailable,pubget,,True
30738100,unavailable,pubget,,True
30744715,unavailable,pubget,,True
30753324,unavailable,pubget,,True
30753332,unavailable,pubget,,True
30758048,unavailable,pubget,,True
30761664,unavailable,pubget,,True
30773729,unavailable,pubget,,True
30779256,unavailable,pubget,,True
30780118,unavailable,pubget,,True
30797948,unavailable,pubget,,True
30798009,unavailable,pubget,,True
30822448,unavailable,pubget,,True
30826253,unavailable,pubget,,True
30840149,unavailable,pubget,,True
30844595,unavailable,pubget,,True
30846366,unavailable,pubget,,True
30849407,unavailable,pubget,,True
30851221,unavailable,pubget,,True
30852803,unavailable,pubget,,True
30865285,unavailable,pubget,,True
30868401,unavailable,pubget,,True
30876765,unavailable,pubget,,True
30877054,unavailable,pubget,,True
30890024,unavailable,pubget,,True
30904514,unavailable,pubget,,True
30907618,unavailable,pubget,,True
30910728,unavailable,pubget,,True
30914383,unavailable,pubget,,True
30918091,unavailable,pubget,,True
30919798,unavailable,pubget,,True
30928690,unavailable,pubget,,True
30942564,unavailable,pubget,,True
30952359,unavailable,pubget,,True
30953669,unavailable,pubget,,True
30954707,unavailable,pubget,,True
30959385,unavailable,pubget,,True
30964611,unavailable,pubget,,True
30974320,unavailable,pubget,,True
30978498,unavailable,pubget,,True
30978499,unavailable,pubget,,True
30979647,unavailable,pubget,,True
30986634,unavailable,pubget,,True
30991253,unavailable,pubget,,True
30994080,unavailable,pubget,,True
30999034,unavailable,pubget,,True
30999293,unavailable,pubget,,True
31004690,unavailable,pubget,,True
31015068,unavailable,pubget,,True
31025493,unavailable,pubget,,True
31043485,unavailable,pubget,,True
31054350,unavailable,pubget,,True
31055054,unavailable,pubget,,True
31058425,unavailable,pubget,,True
31059350,unavailable,pubget,,True
31060042,unavailable,pubget,,True
31061489,unavailable,pubget,,True
31064610,unavailable,pubget,,True
31070785,unavailable,pubget,,True
31075391,unavailable,pubget,,True
31078635,unavailable,pubget,,True
31082658,unavailable,pubget,,True
31084645,unavailable,pubget,,True
31099984,unavailable,pubget,,True
31112989,unavailable,pubget,,True
31126803,unavailable,pubget,,True
31151372,unavailable,pubget,,True
31152753,unavailable,pubget,,True
31153765,unavailable,pubget,,True
31155875,unavailable,pubget,,True
31156078,unavailable,pubget,,True
31167940,unavailable,pubget,,True
31170004,unavailable,pubget,,True
31176108,unavailable,pubget,,True
31190662,unavailable,pubget,,True
31196432,unavailable,pubget,,True
31196444,unavailable,pubget,,True
31200127,unavailable,pubget,,True
31206840,unavailable,pubget,,True
31228596,unavailable,pubget,,True
31233317,unavailable,pubget,,True
31241756,unavailable,pubget,,True
31254800,unavailable,pubget,,True
31259601,unavailable,pubget,,True
31260599,unavailable,pubget,,True
31260788,unavailable,pubget,,True
31264389,unavailable,pubget,,True
31264943,unavailable,pubget,,True
31276684,unavailable,pubget,,True
31280349,unavailable,pubget,,True
31287601,unavailable,pubget,,True
31299368,unavailable,pubget,,True
31299446,unavailable,pubget,,True
31301757,unavailable,pubget,,True
31310452,unavailable,pubget,,True
31310906,unavailable,pubget,,True
31325495,unavailable,pubget,,True
31326572,unavailable,pubget,,True
31327721,unavailable,pubget,,True
31332015,unavailable,pubget,,True
31332515,unavailable,pubget,,True
31338936,unavailable,pubget,,True
31344374,unavailable,pubget,,True
31345781,unavailable,pubget,,True
31349014,unavailable,pubget,,True
31351162,unavailable,pubget,,True
31356111,unavailable,pubget,,True
31357097,unavailable,pubget,,True
31357162,unavailable,pubget,,True
31366446,unavailable,pubget,,True
31373756,unavailable,pubget,,True
31376287,unavailable,pubget,,True
31383343,unavailable,pubget,,True
31385912,unavailable,pubget,,True
31393233,unavailable,pubget,,True
31397551,unavailable,pubget,,True
31400483,unavailable,pubget,,True
31400735,unavailable,pubget,,True
31401238,unavailable,pubget,,True
31434424,unavailable,pubget,,True
31442554,unavailable,pubget,,True
31443867,unavailable,pubget,,True
31445881,unavailable,pubget,,True
31446728,unavailable,pubget,,True
31448928,unavailable,pubget,,True
31471037,unavailable,pubget,,True
31471679,unavailable,pubget,,True
31472251,unavailable,pubget,,True
31473292,unavailable,pubget,,True
31473349,unavailable,pubget,,True
31477195,unavailable,pubget,,True
31509248,unavailable,pubget,,True
31535886,unavailable,pubget,,True
31536804,unavailable,pubget,,True
31536931,unavailable,pubget,,True
31536947,unavailable,pubget,,True
31537169,unavailable,pubget,,True
31539829,unavailable,pubget,,True
31540825,unavailable,pubget,,True
31541675,unavailable,pubget,,True
31541926,unavailable,pubget,,True
31546049,unavailable,pubget,,True
31547934,unavailable,pubget,,True
31553928,unavailable,pubget,,True
31560099,unavailable,pubget,,True
31570775,unavailable,pubget,,True
31591520,unavailable,pubget,,True
31593794,unavailable,pubget,,True
31605399,unavailable,pubget,,True
31607424,unavailable,pubget,,True
31611042,unavailable,pubget,,True
31623459,unavailable,pubget,,True
31629945,unavailable,pubget,,True
31630051,unavailable,pubget,,True
31634753,unavailable,pubget,,True
31637983,unavailable,pubget,,True
31639508,unavailable,pubget,,True
31641900,unavailable,pubget,,True
31657138,unavailable,pubget,,True
31657792,unavailable,pubget,,True
31669410,unavailable,pubget,,True
31680600,unavailable,pubget,,True
31682958,unavailable,pubget,,True
31704494,unavailable,pubget,,True
31712764,unavailable,pubget,,True
31726067,unavailable,pubget,,True
31756407,unavailable,pubget,,True
31757619,unavailable,pubget,,True
31775531,unavailable,pubget,,True
31778781,unavailable,pubget,,True
31784119,unavailable,pubget,,True
31785587,unavailable,pubget,,True
31790835,unavailable,pubget,,True
31809726,unavailable,pubget,,True
31812031,unavailable,pubget,,True
31820608,unavailable,pubget,,True
31821868,unavailable,pubget,,True
31837376,unavailable,pubget,,True
31841986,unavailable,pubget,,True
31843709,unavailable,pubget,,True
31858985,unavailable,pubget,,True
31862526,unavailable,pubget,,True
31863619,unavailable,pubget,,True
31874448,unavailable,pubget,,True
31882274,unavailable,pubget,,True
31882373,unavailable,pubget,,True
31887310,unavailable,pubget,,True
31899288,unavailable,pubget,,True
31907095,unavailable,pubget,,True
31910918,unavailable,pubget,,True
31917204,unavailable,pubget,,True
31931156,unavailable,pubget,,True
31935518,unavailable,pubget,,True
31941394,unavailable,pubget,,True
31945875,unavailable,pubget,,True
31946770,unavailable,pubget,,True
31947405,unavailable,pubget,,True
31948671,unavailable,pubget,,True
31948836,unavailable,pubget,,True
31956027,unavailable,pubget,,True
31964221,unavailable,pubget,,True
31978745,unavailable,pubget,,True
31982482,unavailable,pubget,,True
31996330,unavailable,pubget,,True
32001192,unavailable,pubget,,True
32022387,unavailable,pubget,,True
32032623,unavailable,pubget,,True
32032715,unavailable,pubget,,True
32034069,unavailable,pubget,,True
32057996,unavailable,pubget,,True
32063231,unavailable,pubget,,True
32063560,unavailable,pubget,,True
32065988,unavailable,pubget,,True
32078820,unavailable,pubget,,True
32091959,unavailable,pubget,,True
32094202,unavailable,pubget,,True
32111343,unavailable,pubget,,True
32111578,unavailable,pubget,,True
32112962,unavailable,pubget,,True
32113920,unavailable,pubget,,True
32119912,unavailable,pubget,,True
32146357,unavailable,pubget,,True
32155474,unavailable,pubget,,True
32723234,unavailable,pubget,,True
32804125,unavailable,pubget,,True
7473398,unavailable,pubget,,True
7500143,unavailable,pubget,,True
7574458,unavailable,pubget,,True
7597162,unavailable,pubget,,True
7667258,unavailable,pubget,,True
7754376,unavailable,pubget,,True
8670685,unavailable,pubget,,True
8681898,unavailable,pubget,,True
8756449,unavailable,pubget,,True
8777906,unavailable,pubget,,True
8938120,unavailable,pubget,,True
9055804,unavailable,pubget,,True
9110978,unavailable,pubget,,True
9121584,unavailable,pubget,,True
9151747,unavailable,pubget,,True
9219178,unavailable,pubget,,True
9233013,unavailable,pubget,,True
9285718,unavailable,pubget,,True
9333238,unavailable,pubget,,True
9343598,unavailable,pubget,,True
9343600,unavailable,pubget,,True
9345493,unavailable,pubget,,True
9412517,unavailable,pubget,,True
9448260,unavailable,pubget,,True
9497433,unavailable,pubget,,True
9554428,unavailable,pubget,,True
9559925,unavailable,pubget,,True
9560155,unavailable,pubget,,True
9601659,unavailable,pubget,,True
9601698,unavailable,pubget,,True
9620697,unavailable,pubget,,True
9620699,unavailable,pubget,,True
9636124,unavailable,pubget,,True
9704268,unavailable,pubget,,True
9775518,unavailable,pubget,,True
9796959,unavailable,pubget,,True
9802236,unavailable,pubget,,True
9808462,unavailable,pubget,,True
9818316,unavailable,pubget,,True
9818938,unavailable,pubget,,True
9821359,unavailable,pubget,,True
9849600,unavailable,pubget,,True
9849722,unavailable,pubget,,True
9851491,unavailable,pubget,,True
9882088,unavailable,pubget,,True
9951219,unavailable,pubget,,True
