pmid,analysis_index,analysis_id,analysis_name,analysis_description,table_id,coordinate_count,coordinate_spaces,coordinates_json,invalid_point_count,dementia_all__include,dementia_all__confidence,dementia_all__reasoning,dementia_all__inclusion_criteria_applied,dementia_all__exclusion_criteria_applied,dementia_decreasing_activity__include,dementia_decreasing_activity__confidence,dementia_decreasing_activity__reasoning,dementia_decreasing_activity__inclusion_criteria_applied,dementia_decreasing_activity__exclusion_criteria_applied,structural__include,structural__confidence,structural__reasoning,structural__inclusion_criteria_applied,structural__exclusion_criteria_applied,functional__include,functional__confidence,functional__reasoning,functional__inclusion_criteria_applied,functional__exclusion_criteria_applied
14527604,0,14527604_analysis_0,"Conjunction (c1, c2, c3)",,TABLE2,8,MNI,"[[0.0, 56.0, 0.0], [-2.0, 36.0, 20.0], [0.0, 18.0, -16.0], [-14.0, 60.0, 22.0], [-22.0, 24.0, 46.0], [-46.0, 18.0, 30.0], [-64.0, -20.0, -22.0], [-10.0, 10.0, 2.0]]",0,False,,"GLOBAL_I1 (whole-brain voxelwise) appears satisfied, but GLOBAL_I2 is not satisfied: the study reports frontotemporal dementia (FTD) generally and does not explicitly state the target group is behavioral-variant FTD (bvFTD) compared directly to healthy controls without pooling. Therefore the required bvFTD-vs-control inclusion criterion (GLOBAL_I2) is missing.","[""GLOBAL_I1""]",[],False,,"GLOBAL_I1 (whole-brain voxelwise) appears satisfied, but GLOBAL_I2 (explicit bvFTD vs healthy controls comparison) is not met in the provided study-level description (FTD is reported but not specified as bvFTD). Missing GLOBAL_I2 prevents inclusion.","[""GLOBAL_I1""]",[],False,,"GLOBAL_I1 (whole-brain voxelwise) appears satisfied, but GLOBAL_I2 (explicit bvFTD vs healthy controls comparison) is not met; the study reports FTD generally rather than a specified bvFTD group. Therefore the required global inclusion criterion GLOBAL_I2 is missing.","[""GLOBAL_I1""]",[],False,,"GLOBAL_I1 (whole-brain voxelwise) appears satisfied and the study uses FDG-PET (a functional modality), but GLOBAL_I2 (explicit bvFTD vs healthy controls comparison) is not satisfied because the sample is described as FTD without specification of bvFTD. Missing GLOBAL_I2 prevents inclusion.","[""GLOBAL_I1""]",[]
14527604,1,14527604_analysis_1,Interaction (c1 versus c2 and c3),,TABLE2,1,MNI,"[[-6.0, 28.0, -12.0]]",0,False,,"Although GLOBAL_I1 (whole-brain voxelwise) appears satisfied, GLOBAL_I2 (explicit bvFTD vs healthy controls comparison) is not met in the provided information (study reports FTD but does not specify bvFTD). Missing GLOBAL_I2 prevents inclusion.","[""GLOBAL_I1""]",[],False,,"GLOBAL_I1 seems met, but GLOBAL_I2 (target must be bvFTD compared to controls specifically) is not satisfied by the study description (FTD broadly reported). Therefore inclusion fails due to missing GLOBAL_I2.","[""GLOBAL_I1""]",[],False,,"GLOBAL_I1 appears satisfied, but GLOBAL_I2 (explicit bvFTD vs healthy controls) is not met in the study description. Missing GLOBAL_I2 prevents inclusion.","[""GLOBAL_I1""]",[],False,,"GLOBAL_I1 (whole-brain) appears satisfied and the analysis likely uses FDG-PET, but GLOBAL_I2 (explicit bvFTD vs healthy controls) is not satisfied by the provided information (FTD not specified as bvFTD). Missing GLOBAL_I2 prevents inclusion.","[""GLOBAL_I1""]",[]
14527604,2,14527604_analysis_2,Interaction (c2 versus c1 and c3),,TABLE2,0,,[],0,False,,"GLOBAL_I1 (whole-brain) appears satisfied, but GLOBAL_I2 (must be explicit bvFTD vs healthy controls) is not met in the provided study description (FTD is reported without specifying bvFTD). Missing GLOBAL_I2 prevents inclusion.","[""GLOBAL_I1""]",[],False,,"GLOBAL_I1 seems satisfied, but GLOBAL_I2 (explicit bvFTD vs healthy controls) is not met by the information given; the study describes FTD generally, not specifically bvFTD. Therefore inclusion fails due to missing GLOBAL_I2.","[""GLOBAL_I1""]",[],False,,"GLOBAL_I1 appears satisfied, however GLOBAL_I2 (explicit bvFTD vs healthy controls) is not satisfied in the provided description. Missing GLOBAL_I2 prevents inclusion.","[""GLOBAL_I1""]",[],False,,"GLOBAL_I1 (whole-brain) appears to be met and FDG-PET is the modality reported, but GLOBAL_I2 (explicit bvFTD vs healthy controls) is not satisfied (study reports FTD broadly). Missing GLOBAL_I2 prevents inclusion.","[""GLOBAL_I1""]",[]
14527604,3,14527604_analysis_3,Interaction (c3 versus c1 and c2),,TABLE2,1,MNI,"[[58.0, 8.0, -12.0]]",0,False,,"GLOBAL_I1 (whole-brain) appears satisfied, but GLOBAL_I2 (explicit bvFTD vs healthy controls comparison) is not met in the study description (FTD is reported without specifying bvFTD). Missing GLOBAL_I2 prevents inclusion.","[""GLOBAL_I1""]",[],False,,"GLOBAL_I1 seems met, but GLOBAL_I2 (must be bvFTD compared to healthy controls specifically) is not satisfied by the provided information (FTD broadly reported). Therefore inclusion fails due to missing GLOBAL_I2.","[""GLOBAL_I1""]",[],False,,"GLOBAL_I1 appears satisfied, yet GLOBAL_I2 (explicit bvFTD vs healthy controls) is not met in the provided study information. Missing GLOBAL_I2 prevents inclusion.","[""GLOBAL_I1""]",[],False,,"GLOBAL_I1 (whole-brain) appears satisfied and FDG-PET modality is reported, but GLOBAL_I2 (explicit bvFTD vs healthy controls comparison) is not satisfied because the study reports FTD generally rather than specifying bvFTD. Missing GLOBAL_I2 prevents inclusion.","[""GLOBAL_I1""]",[]
15585344,0,15585344_analysis_0,Atrophic regions in frontotemporal dementia,,TBL2,19,None,"[[-2.0, 44.0, -10.0], [0.0, 26.0, -10.0], [-38.0, 30.0, 2.0], [-32.0, 22.0, 10.0], [4.0, 6.0, -6.0], [-52.0, 8.0, 18.0], [18.0, -10.0, -14.0], [-62.0, -28.0, -24.0], [8.0, 18.0, -18.0], [-4.0, 50.0, 24.0], [-18.0, -10.0, -14.0], [38.0, 22.0, 8.0], [14.0, 20.0, -2.0], [-4.0, 32.0, 18.0], [-8.0, 14.0, 38.0], [18.0, -6.0, -22.0], [10.0, 22.0, 36.0], [8.0, 34.0, 26.0], [-4.0, 46.0, 24.0]]",0,True,,Global criteria met (whole-brain voxelwise VBM comparing FTD patients to healthy controls). Local inclusion met: uses Voxel-Based Morphometry (VBM).,"[""GLOBAL_I1"", ""GLOBAL_I2"", ""DEMENTIA_ALL_I1""]",[],True,,Global criteria met (whole-brain VBM comparing FTD patients to healthy controls). Local inclusion met: reports decreases (gray matter atrophy; Control > FTD) and uses VBM.,"[""GLOBAL_I1"", ""GLOBAL_I2"", ""DEMENTIA_DECREASING_ACTIVITY_I1"", ""DEMENTIA_DECREASING_ACTIVITY_I2""]",[],True,,"Global criteria met (whole-brain voxelwise analysis comparing FTD to controls). Local inclusion met: uses Voxel-Based Morphometry (VBM), a structural modality.","[""GLOBAL_I1"", ""GLOBAL_I2"", ""STRUCTURAL_I1""]",[],False,,"Excluded because it does not meet FUNCTIONAL_I1: analysis uses VBM (structural MRI), not fMRI or FDG-PET.",[],[]
15668960,0,15668960_analysis_0,vs controls (p < 0.001),Apathetic subjects,88,11,None,"[[-16.0, 64.0, -4.0], [-16.0, 64.0, -4.0], [16.0, 64.0, 0.0], [-2.0, 42.0, -24.0], [4.0, 40.0, -24.0], [-52.0, 16.0, 20.0], [-42.0, 12.0, 0.0], [58.0, 20.0, 24.0], [44.0, 6.0, 2.0], [-2.0, -16.0, 4.0], [12.0, -22.0, 6.0]]",0,True,,Analysis is a whole-brain voxelwise FDG-PET comparison of the apathetic bvFTD subgroup to healthy controls (meets global criteria) and uses FDG-PET as an accepted modality.,"[""GLOBAL_I1"", ""GLOBAL_I2"", ""DEMENTIA_ALL_I1""]",[],True,,"Whole-brain FDG-PET contrast vs controls shows decreases in metabolism for the apathetic bvFTD subgroup (meets global criteria and modality), satisfying decrease and modality criteria.","[""GLOBAL_I1"", ""GLOBAL_I2"", ""DEMENTIA_DECREASING_ACTIVITY_I1"", ""DEMENTIA_DECREASING_ACTIVITY_I2""]",[],False,,Excluded because the analysis uses FDG-PET (functional/metabolic) rather than VBM; missing local inclusion STRUCTURAL_I1.,[],[],True,,Whole-brain FDG-PET comparison vs controls meets the global criteria and uses FDG-PET (functional modality).,"[""GLOBAL_I1"", ""GLOBAL_I2"", ""FUNCTIONAL_I1""]",[]
15668960,1,15668960_analysis_1,vs disinhibited (p < 0.01),Apathetic subjects,88,8,None,"[[-42.0, 12.0, 26.0], [-46.0, 20.0, 18.0], [42.0, 34.0, 2.0], [38.0, 28.0, 24.0], [-24.0, -12.0, 68.0], [44.0, 6.0, 10.0], [0.0, 26.0, 58.0], [8.0, 40.0, 40.0]]",0,False,,Excluded because the analysis compares the apathetic bvFTD subgroup to the disinhibited bvFTD subgroup rather than to healthy controls; missing global inclusion GLOBAL_I2.,[],[],False,,Excluded because the analysis is a bvFTD subgroup vs bvFTD subgroup contrast (apathetic vs disinhibited) rather than bvFTD vs healthy controls; missing global inclusion GLOBAL_I2.,[],[],False,,Excluded because the analysis does not compare a bvFTD group to healthy controls (comparison is between bvFTD subgroups); missing global inclusion GLOBAL_I2.,[],[],False,,Excluded because the analysis compares bvFTD subgroups rather than bvFTD to healthy controls; missing global inclusion GLOBAL_I2.,[],[]
15668960,2,15668960_analysis_2,vs controls (p < 0.001),Disinhibited subjects,88,12,None,"[[-10.0, 12.0, -24.0], [12.0, 24.0, -28.0], [-8.0, 38.0, 18.0], [8.0, 34.0, 20.0], [-46.0, 6.0, 0.0], [-4.0, -18.0, 8.0], [10.0, -20.0, 6.0], [-48.0, -18.0, -36.0], [48.0, -16.0, -36.0], [-24.0, -12.0, -30.0], [20.0, -8.0, -30.0], [46.0, 8.0, -2.0]]",0,True,,Analysis is a whole-brain voxelwise FDG-PET comparison of the disinhibited bvFTD subgroup to healthy controls (meets global criteria) and uses FDG-PET as an accepted modality.,"[""GLOBAL_I1"", ""GLOBAL_I2"", ""DEMENTIA_ALL_I1""]",[],True,,"Whole-brain FDG-PET contrast vs controls shows decreases in metabolism for the disinhibited bvFTD subgroup (meets global criteria and modality), satisfying decrease and modality criteria.","[""GLOBAL_I1"", ""GLOBAL_I2"", ""DEMENTIA_DECREASING_ACTIVITY_I1"", ""DEMENTIA_DECREASING_ACTIVITY_I2""]",[],False,,Excluded because the analysis uses FDG-PET (functional/metabolic) rather than VBM; missing local inclusion STRUCTURAL_I1.,[],[],True,,Whole-brain FDG-PET comparison vs controls meets the global criteria and uses FDG-PET (functional modality).,"[""GLOBAL_I1"", ""GLOBAL_I2"", ""FUNCTIONAL_I1""]",[]
15668960,3,15668960_analysis_3,vs apathetic (p < 0.01),Disinhibited subjects,88,7,None,"[[-18.0, 12.0, -20.0], [11.0, 12.0, -18.0], [36.0, -12.0, -18.0], [-22.0, -28.0, -28.0], [50.0, -30.0, -28.0], [-12.0, 26.0, 26.0], [14.0, 32.0, 22.0]]",0,False,,Excluded because the analysis compares the disinhibited bvFTD subgroup to the apathetic bvFTD subgroup rather than to healthy controls; missing global inclusion GLOBAL_I2.,[],[],False,,Excluded because the analysis is a bvFTD subgroup vs bvFTD subgroup contrast (disinhibited vs apathetic) rather than bvFTD vs healthy controls; missing global inclusion GLOBAL_I2.,[],[],False,,Excluded because the analysis does not compare a bvFTD group to healthy controls (comparison is between bvFTD subgroups); missing global inclusion GLOBAL_I2.,[],[],False,,Excluded because the analysis compares bvFTD subgroups rather than bvFTD to healthy controls; missing global inclusion GLOBAL_I2.,[],[]
18268196,0,18268196_analysis_0,"Regions of Gray Matter Loss in Very Mild, Mild, and Moderate to Severe bvFTD",,77,105,None,"[[2.0, 36.0, 14.0], [4.0, 38.0, 20.0], [2.0, 28.0, 18.0], [-2.0, 36.0, 12.0], [-2.0, 38.0, 16.0], [-2.0, 32.0, 16.0], [2.0, 44.0, 20.0], [2.0, 44.0, 30.0], [2.0, 44.0, 28.0], [-2.0, 48.0, 22.0], [-2.0, 46.0, 28.0], [-2.0, 46.0, 24.0], [2.0, 53.0, -4.0], [-2.0, 58.0, 2.0], [1.0, 53.0, -3.0], [-2.0, 54.0, -4.0], [-2.0, 54.0, -2.0], [-2.0, 54.0, -4.0], [2.0, 8.0, -4.0], [4.0, 8.0, -8.0], [4.0, 8.0, -6.0], [-4.0, 12.0, -6.0], [-4.0, 8.0, -6.0], [-4.0, 10.0, -6.0], [42.0, 17.0, -10.0], [36.0, 18.0, -8.0], [42.0, 16.0, -12.0], [-39.0, 17.0, -13.0], [-38.0, 20.0, -10.0], [-39.0, 17.0, -13.0], [39.0, 23.0, 5.0], [35.0, 18.0, 5.0], [35.0, 16.0, 7.0], [-34.0, 24.0, 4.0], [-32.0, 22.0, 4.0], [-36.0, 24.0, 4.0], [33.0, 36.0, -13.0], [34.0, 36.0, -13.0], [42.0, 16.0, -12.0], [-29.0, 38.0, -13.0], [-29.0, 38.0, -14.0], [-30.0, 38.0, -15.0], [44.0, -10.0, -4.0], [-40.0, -12.0, -2.0], [28.0, 61.0, -15.0], [24.0, 61.0, -13.0], [33.0, 63.0, -6.0], [-31.0, 61.0, -2.0], [-29.0, 61.0, -2.0], [-27.0, 61.0, -3.0], [30.0, 52.0, 18.0], [38.0, 52.0, 6.0], [36.0, 44.0, 28.0], [-42.0, 52.0, 9.0], [-42.0, 53.0, 7.0], [-45.0, 53.0, 4.0], [38.0, 14.0, 33.0], [38.0, 15.0, 33.0], [38.0, 13.0, 34.0], [-44.0, 13.0, 28.0], [-44.0, 11.0, 27.0], [-43.0, 10.0, 25.0], [47.0, -6.0, 33.0], [47.0, -6.0, 34.0], [-53.0, -30.0, -8.0], [-54.0, -29.0, -4.0], [45.0, 36.0, 17.0], [45.0, 34.0, 20.0], [44.0, 34.0, 24.0], [-48.0, 36.0, 26.0], [-56.0, 28.0, 18.0], [26.0, 34.0, 40.0], [30.0, 26.0, 40.0], [-40.0, 25.0, 46.0], [-42.0, 28.0, 45.0], [0.0, 36.0, 38.0], [0.0, 36.0, 38.0], [-24.0, 19.0, 47.0], [-25.0, 21.0, 47.0], [48.0, -18.0, -4.0], [50.0, -18.0, -6.0], [-50.0, -51.0, 26.0], [48.0, -59.0, 44.0], [29.0, -13.0, -13.0], [30.0, -14.0, -10.0], [-30.0, -14.0, -10.0], [28.0, -14.0, -16.0], [27.0, -26.0, -10.0], [-28.0, -32.0, -6.0], [-7.0, 15.0, 6.0], [-8.0, 13.0, 9.0], [-10.0, 15.0, 7.0], [9.0, 13.0, 9.0], [9.0, 13.0, 9.0], [9.0, 12.0, 7.0], [30.0, 4.0, 8.0], [27.0, 6.0, 8.0], [29.0, 8.0, 10.0], [-22.0, 3.0, 6.0], [-22.0, 5.0, 4.0], [-22.0, 11.0, 4.0], [2.0, -8.0, 10.0], [2.0, -8.0, 8.0], [2.0, -8.0, 8.0], [48.0, -67.0, -48.0]]",0,True,,"The analysis reports whole-brain voxelwise gray matter loss using VBM and compares bvFTD groups to healthy controls, satisfying global whole-brain and group-comparison requirements; modality is VBM which meets the local inclusion for dementia_all.","[""GLOBAL_I1"", ""GLOBAL_I2"", ""DEMENTIA_ALL_I1""]",[],True,,"The analysis reports decreases in gray matter volume for bvFTD (controls > bvFTD) using VBM, meeting global whole-brain and group-comparison criteria and the local criteria for decreases and acceptable modalities.","[""GLOBAL_I1"", ""GLOBAL_I2"", ""DEMENTIA_DECREASING_ACTIVITY_I1"", ""DEMENTIA_DECREASING_ACTIVITY_I2""]",[],True,,"This is a VBM (voxel-based morphometry) whole-brain comparison of bvFTD to controls, meeting the global criteria and the structural local inclusion criterion.","[""GLOBAL_I1"", ""GLOBAL_I2"", ""STRUCTURAL_I1""]",[],False,,"Excluded because the modality is VBM (structural), not fMRI or FDG-PET; missing FUNCTIONAL_I1.",[],[]
18661129,0,18661129_analysis_0,NC > FTD,,64,9,None,"[[-8.0, 10.0, -16.0], [-8.0, 20.0, -22.0], [10.0, 38.0, 15.0], [-8.0, 9.0, -14.0], [-17.0, 8.0, 2.0], [-44.0, 35.0, -2.0], [30.0, 55.0, 12.0], [-61.0, -30.0, -15.0], [61.0, -11.0, -21.0]]",0,False,,"GLOBAL_I1 (whole-brain voxelwise) appears met, but GLOBAL_I2 is not met: the analyses compare 'FTD' to controls but do not specify the bvFTD subgroup required by GLOBAL_I2.",[],[],False,,"GLOBAL_I1 (whole-brain voxelwise) appears met, but GLOBAL_I2 is not met: the analyses compare 'FTD' to controls but do not specify the bvFTD subgroup required by GLOBAL_I2.",[],[],False,,"GLOBAL_I1 (whole-brain voxelwise) appears met, but GLOBAL_I2 is not met: the analyses compare 'FTD' to controls but do not specify the bvFTD subgroup required by GLOBAL_I2.",[],[],False,,"GLOBAL_I1 (whole-brain voxelwise) appears met, but GLOBAL_I2 is not met: the analyses compare 'FTD' to controls but do not specify the bvFTD subgroup required by GLOBAL_I2.",[],[]
18661129,1,18661129_analysis_1,NC > AD,,64,10,None,"[[4.0, -48.0, 25.0], [-4.0, -45.0, 32.0], [52.0, -56.0, 34.0], [-55.0, -23.0, -22.0], [-46.0, -70.0, 33.0], [63.0, -40.0, -14.0], [-10.0, 10.0, 6.0], [43.0, 24.0, 33.0], [-45.0, 26.0, 27.0], [6.0, 8.0, 23.0]]",0,False,,"GLOBAL_I1 (whole-brain voxelwise) appears met, but GLOBAL_I2 is not met: the analyses compare 'AD' and 'FTD' to controls but do not specify a bvFTD subgroup for comparison to controls as required by GLOBAL_I2.",[],[],False,,"GLOBAL_I1 appears met, but GLOBAL_I2 is not met: required bvFTD vs control comparison is not specified.",[],[],False,,"GLOBAL_I1 appears met, but GLOBAL_I2 is not met: required bvFTD vs control comparison is not specified.",[],[],False,,"GLOBAL_I1 appears met, but GLOBAL_I2 is not met: required bvFTD vs control comparison is not specified.",[],[]
18661129,2,18661129_analysis_2,AD > FTD,,64,8,None,"[[-6.0, 22.0, -19.0], [-8.0, 15.0, -18.0], [-4.0, 32.0, 24.0], [18.0, 13.0, -19.0], [12.0, 36.0, 24.0], [-22.0, 14.0, -1.0], [43.0, -1.0, -30.0], [32.0, 10.0, -2.0]]",0,False,,"GLOBAL_I1 appears met, but GLOBAL_I2 is not met: comparison involves AD and FTD but does not specify bvFTD vs controls as required.",[],[],False,,"GLOBAL_I1 appears met, but GLOBAL_I2 is not met: required bvFTD vs control comparison is not specified.",[],[],False,,"GLOBAL_I1 appears met, but GLOBAL_I2 is not met: required bvFTD vs control comparison is not specified.",[],[],False,,"GLOBAL_I1 appears met, but GLOBAL_I2 is not met: required bvFTD vs control comparison is not specified.",[],[]
18661129,3,18661129_analysis_3,FTD > AD,,64,6,None,"[[26.0, -69.0, 31.0], [-22.0, -59.0, 35.0], [14.0, -62.0, 36.0], [-10.0, -62.0, 38.0], [-48.0, -64.0, 3.0], [41.0, -30.0, -12.0]]",0,False,,"GLOBAL_I1 appears met, but GLOBAL_I2 is not met: analyses compare FTD and AD but do not specify bvFTD vs controls as required.",[],[],False,,"GLOBAL_I1 appears met, but GLOBAL_I2 is not met: required bvFTD vs control comparison is not specified.",[],[],False,,"GLOBAL_I1 appears met, but GLOBAL_I2 is not met: required bvFTD vs control comparison is not specified.",[],[],False,,"GLOBAL_I1 appears met, but GLOBAL_I2 is not met: required bvFTD vs control comparison is not specified.",[],[]
18661129,4,18661129_analysis_4,FTD > NC,,64,6,None,"[[31.0, -83.0, 8.0], [-14.0, -83.0, 4.2], [-15.0, -21.0, -7.0], [-46.0, -25.0, -2.0], [21.0, -16.0, -8.0], [65.0, -36.0, 17.0]]",0,False,,"GLOBAL_I1 appears met, but GLOBAL_I2 is not met: analyses compare FTD to NC but do not specify bvFTD subgroup required by GLOBAL_I2.",[],[],False,,"GLOBAL_I1 appears met, but GLOBAL_I2 is not met: analyses compare FTD to NC but do not specify bvFTD subgroup required by GLOBAL_I2.",[],[],False,,"GLOBAL_I1 appears met, but GLOBAL_I2 is not met: analyses compare FTD to NC but do not specify bvFTD subgroup required by GLOBAL_I2.",[],[],False,,"GLOBAL_I1 appears met, but GLOBAL_I2 is not met: analyses compare FTD to NC but do not specify bvFTD subgroup required by GLOBAL_I2.",[],[]
18661129,5,18661129_analysis_5,AD > NC,,64,7,None,"[[-1.0, -32.0, -25.0], [-46.0, -16.0, 28.0], [30.0, -16.0, -1.0], [-18.0, -16.0, -1.0], [18.0, -72.0, 5.0], [-6.0, -85.0, 6.0], [66.0, -6.0, 28.0]]",0,False,,"GLOBAL_I1 appears met, but GLOBAL_I2 is not met: analyses compare AD to NC and FTD but do not specify bvFTD subgroup required by GLOBAL_I2.",[],[],False,,"GLOBAL_I1 appears met, but GLOBAL_I2 is not met: required bvFTD vs control comparison is not specified.",[],[],False,,"GLOBAL_I1 appears met, but GLOBAL_I2 is not met: required bvFTD vs control comparison is not specified.",[],[],False,,"GLOBAL_I1 appears met, but GLOBAL_I2 is not met: required bvFTD vs control comparison is not specified.",[],[]
18661129,6,18661129_analysis_6,NC > FTD,,65,9,None,"[[-10.0, 37.0, 14.0], [-60.0, 7.0, -16.0], [35.0, 58.0, -6.0], [-32.0, 47.0, 18.0], [-37.0, 0.0, -7.0], [42.0, -5.0, -10.0], [-25.0, -8.0, -18.0], [29.0, -8.0, -19.0], [55.0, -3.0, -29.0]]",0,False,,"GLOBAL_I1 (whole-brain voxelwise) appears met (VBM), but GLOBAL_I2 is not met: analyses compare FTD to NC but do not specify bvFTD subgroup required by GLOBAL_I2.",[],[],False,,"LOCAL DEMENTIA_DECREASING_ACTIVITY_I1 could apply (NC > FTD indicates decreases), but GLOBAL_I2 is not met: bvFTD not specified, so excluded.",[],[],False,,"STRUCTURAL_I1 (VBM) appears met, but GLOBAL_I2 is not met: required bvFTD vs control comparison is not specified.",[],[],False,,"FUNCTIONAL_I1 requires FDG-PET or fMRI; this analysis is VBM (structural) and GLOBAL_I2 is not met (bvFTD not specified), so excluded.",[],[]
18661129,7,18661129_analysis_7,NC > AD,,65,7,None,"[[-25.0, -11.0, -10.0], [51.0, -59.0, 34.0], [-11.0, -54.0, 44.0], [-6.0, 22.0, 27.0], [28.0, -12.0, -12.0], [8.0, -53.0, 36.0], [-52.0, -51.0, 35.0]]",0,False,,"GLOBAL_I1 (whole-brain voxelwise) appears met (VBM), but GLOBAL_I2 is not met: analyses compare AD to NC/FTD but do not specify bvFTD subgroup required by GLOBAL_I2.",[],[],False,,GLOBAL_I2 not met: bvFTD vs control comparison is not specified.,[],[],False,,"STRUCTURAL_I1 (VBM) appears met, but GLOBAL_I2 not met: required bvFTD vs control comparison is not specified.",[],[],False,,"FUNCTIONAL_I1 not met for this VBM analysis; additionally GLOBAL_I2 not met (bvFTD not specified), so excluded.",[],[]
18661129,8,18661129_analysis_8,AD > FTD,,65,4,None,"[[-28.0, 7.0, -41.0], [-8.0, 12.0, -18.0], [34.0, 14.0, -39.0], [-9.0, 17.0, -20.0]]",0,False,,"GLOBAL_I1 (whole-brain voxelwise) appears met (VBM), but GLOBAL_I2 is not met: comparison AD > FTD does not specify bvFTD vs controls required by GLOBAL_I2.",[],[],False,,GLOBAL_I2 not met: bvFTD vs control comparison is not specified.,[],[],False,,"STRUCTURAL_I1 (VBM) appears met, but GLOBAL_I2 not met: required bvFTD vs control comparison is not specified.",[],[],False,,"FUNCTIONAL_I1 not met for this VBM analysis; additionally GLOBAL_I2 not met (bvFTD not specified), so excluded.",[],[]
20493673,0,20493673_analysis_0,SD,,tbl2,13,MNI,"[[-60.0, -20.0, -30.0], [-50.0, -6.0, -34.0], [-46.0, -26.0, -30.0], [-12.0, 10.0, -22.0], [-12.0, 4.0, 8.0], [8.0, 58.0, 34.0], [6.0, 58.0, 10.0], [-40.0, -2.0, 8.0], [-40.0, 14.0, 4.0], [-8.0, 8.0, 28.0], [62.0, -14.0, -28.0], [12.0, 32.0, 20.0], [12.0, 24.0, 26.0]]",0,True,,"Study-level FDG-PET whole-brain voxelwise analyses compare semantic dementia (SD) patients to healthy controls and use FDG-PET modality, satisfying global whole-brain and group-comparison requirements and the local modality requirement.","[""GLOBAL_I1"", ""GLOBAL_I2"", ""DEMENTIA_ALL_I1""]",[],True,,"SD vs controls reported decreased glucose metabolism (control > SD / diminished utilization) in whole-brain FDG-PET voxelwise analyses, meeting global and local modality/decrease criteria.","[""GLOBAL_I1"", ""GLOBAL_I2"", ""DEMENTIA_DECREASING_ACTIVITY_I1"", ""DEMENTIA_DECREASING_ACTIVITY_I2""]",[],False,,Excluded because the analysis uses FDG-PET metabolic imaging rather than Voxel-Based Morphometry — missing local inclusion STRUCTURAL_I1.,[],[],True,,Whole-brain FDG-PET voxelwise comparison of SD to controls satisfies global criteria and the functional modality requirement (FDG-PET).,"[""GLOBAL_I1"", ""GLOBAL_I2"", ""FUNCTIONAL_I1""]",[]
20493673,1,20493673_analysis_1,FTD,,tbl2,8,MNI,"[[4.0, 28.0, 38.0], [4.0, 66.0, 2.0], [4.0, 64.0, 20.0], [-8.0, 8.0, 4.0], [-14.0, 0.0, 16.0], [0.0, 30.0, -24.0], [-10.0, 20.0, -26.0], [20.0, 6.0, 10.0]]",0,True,,Whole-brain FDG-PET voxelwise analyses comparing FTD patients to healthy controls are reported in the study; modality and group-comparison criteria are satisfied.,"[""GLOBAL_I1"", ""GLOBAL_I2"", ""DEMENTIA_ALL_I1""]",[],True,,"FTD versus controls show decreased glucose metabolism in whole-brain FDG-PET voxelwise analyses (Control > FTD), meeting both global and local criteria for decreases and modality.","[""GLOBAL_I1"", ""GLOBAL_I2"", ""DEMENTIA_DECREASING_ACTIVITY_I1"", ""DEMENTIA_DECREASING_ACTIVITY_I2""]",[],False,,Excluded because the analysis uses FDG-PET metabolic imaging rather than Voxel-Based Morphometry — missing local inclusion STRUCTURAL_I1.,[],[],True,,Whole-brain FDG-PET voxelwise FTD vs control comparisons satisfy global criteria and the functional modality requirement (FDG-PET).,"[""GLOBAL_I1"", ""GLOBAL_I2"", ""FUNCTIONAL_I1""]",[]
20493673,2,20493673_analysis_2,Executive deficits,,tbl3,12,MNI,"[[0.0, 0.0, 30.0], [2.0, 18.0, 24.0], [12.0, 18.0, 24.0], [-12.0, -2.0, 12.0], [-12.0, 8.0, 6.0], [-8.0, -30.0, 12.0], [-26.0, 50.0, 30.0], [-58.0, 14.0, 22.0], [-48.0, 12.0, 42.0], [2.0, 56.0, 4.0], [-26.0, 18.0, 54.0], [-40.0, 18.0, -2.0]]",0,False,,Excluded because this analysis is a within-patient correlation of executive deficits with FDG-PET metabolism rather than a comparison of a bvFTD group to healthy controls — missing global inclusion criterion GLOBAL_I2.,[],[],False,,"Although the analysis reports decreases in metabolism associated with executive dysfunction and uses FDG-PET, it is a within-patient regression (correlation) not a bvFTD vs control group comparison — missing GLOBAL_I2.",[],[],False,,Excluded because it does not meet the required group-comparison global criterion GLOBAL_I2 (within-patient correlation rather than bvFTD vs controls) and it does not use VBM (missing STRUCTURAL_I1).,[],[],False,,"Excluded because the analysis is a within-patient correlation (executive score vs FDG-PET) rather than a bvFTD vs healthy control comparison — missing GLOBAL_I2, so global criteria fail despite using FDG-PET.",[],[]
20493673,3,20493673_analysis_3,Behavioral deficits (NPI),,tbl3,7,MNI,"[[-56.0, 24.0, 24.0], [-8.0, 66.0, -2.0], [-4.0, 60.0, -20.0], [-6.0, 8.0, -12.0], [-32.0, 12.0, 6.0], [-40.0, 54.0, 14.0], [-54.0, -32.0, -24.0]]",0,False,,Excluded because this analysis correlates behavioral deficits (NPI) with FDG-PET within the patient group rather than performing a bvFTD vs healthy control comparison — missing GLOBAL_I2.,[],[],False,,"Although decreases in metabolism associated with behavioral deficits are reported, the analysis is a within-patient correlation (behavioral score vs FDG-PET) not a bvFTD vs control group comparison — missing GLOBAL_I2.",[],[],False,,Excluded because it does not use Voxel-Based Morphometry (missing STRUCTURAL_I1) and also does not meet the required group-comparison global criterion GLOBAL_I2 (within-patient correlation).,[],[],False,,"Excluded because this is a within-patient correlation (behavioral measures vs FDG-PET) rather than a bvFTD vs healthy control comparison — missing GLOBAL_I2, so global criteria fail even though FDG-PET modality is used.",[],[]
21930136,0,21930136_analysis_0,Corticobasal syndrome/posterior cortical atrophy: grey matter atrophy,,tbl0060,25,None,"[[61.0, -22.0, 34.0], [29.0, -42.0, -3.0], [11.0, -45.0, 31.0], [50.0, -72.0, -5.0], [23.0, -76.0, -6.0], [-46.0, -53.0, 13.0], [-25.0, -52.0, 66.0], [-48.0, -28.0, 52.0], [17.0, 42.0, 45.0], [36.0, 21.0, 51.0], [30.0, 30.0, -17.0], [5.0, 52.0, 11.0], [2.0, 52.0, -20.0], [32.0, 49.0, -6.0], [-9.0, 16.0, -27.0], [-22.0, 14.0, 14.0], [-14.0, -16.0, 44.0], [50.0, -27.0, -1.0], [62.0, -34.0, -15.0], [-58.0, 2.0, -9.0], [-67.0, -36.0, -13.0], [-29.0, -23.0, -21.0], [17.0, -65.0, 27.0], [22.0, 18.0, 3.0], [-17.0, -30.0, 2.0]]",0,False,,"Global inclusion GLOBAL_I2 not met: this analysis concerns corticobasal syndrome/posterior cortical atrophy (CBS/PCA), not a comparison of a bvFTD group to healthy controls as required by GLOBAL_I2.",[],[],False,,"Global inclusion GLOBAL_I2 not met: analysis targets CBS/PCA, not bvFTD compared to healthy controls (GLOBAL_I2 missing).",[],[],False,,Global inclusion GLOBAL_I2 not met: analysis is for CBS/PCA rather than bvFTD compared to controls (GLOBAL_I2 missing).,[],[],False,,Global inclusion GLOBAL_I2 not met: analysis is for CBS/PCA rather than bvFTD compared to controls (GLOBAL_I2 missing).,[],[]
21930136,1,21930136_analysis_1,Corticobasal syndrome/posterior cortical atrophy: regression for cardinal quantifier comprehension accuracy,,tbl0060,15,None,"[[60.0, -57.0, -6.0], [38.0, -46.0, -11.0], [42.0, -85.0, -2.0], [18.0, -82.0, -2.0], [-56.0, -31.0, 45.0], [-48.0, -42.0, 14.0], [-65.0, -49.0, 5.0], [-48.0, -72.0, 15.0], [-56.0, -61.0, -6.0], [-46.0, -69.0, -7.0], [-48.0, -67.0, 8.0], [-50.0, -34.0, 2.0], [-28.0, -25.0, -17.0], [-22.0, -41.0, -4.0], [-55.0, -31.0, 20.0]]",0,False,,"Global inclusion GLOBAL_I2 not met: this regression concerns corticobasal syndrome/posterior cortical atrophy (CBS/PCA), not a bvFTD vs. healthy control comparison required by GLOBAL_I2.",[],[],False,,Global inclusion GLOBAL_I2 not met: analysis relates to CBS/PCA rather than bvFTD compared to controls (GLOBAL_I2 missing).,[],[],False,,Global inclusion GLOBAL_I2 not met: analysis is for CBS/PCA not bvFTD vs. controls (GLOBAL_I2 missing).,[],[],False,,Global inclusion GLOBAL_I2 not met: analysis is for CBS/PCA not the required bvFTD vs. control comparison (GLOBAL_I2 missing).,[],[]
21930136,2,21930136_analysis_2,Behavioral variant frontotemporal dementia: grey matter atrophy,,tbl0060,2,None,"[[24.0, 47.0, 13.0], [32.0, 49.0, -6.0]]",0,True,,Global criteria met (whole-brain VBM) and local modality criterion satisfied (VBM). This is a bvFTD grey-matter atrophy map consistent with voxelwise VBM comparisons.,"[""GLOBAL_I1"", ""GLOBAL_I2"", ""DEMENTIA_ALL_I1""]",[],True,,Global criteria met and local criteria met: VBM analysis reporting decreases in gray matter for bvFTD (Control > bvFTD) consistent with DEMENTIA_DECREASING_ACTIVITY_I1 and modality criterion DEMENTIA_DECREASING_ACTIVITY_I2.,"[""GLOBAL_I1"", ""GLOBAL_I2"", ""DEMENTIA_DECREASING_ACTIVITY_I1"", ""DEMENTIA_DECREASING_ACTIVITY_I2""]",[],True,,Global criteria met and structural local criterion satisfied: this is a VBM (voxel-based morphometry) grey-matter atrophy analysis.,"[""GLOBAL_I1"", ""GLOBAL_I2"", ""STRUCTURAL_I1""]",[],False,,"Local inclusion FUNCTIONAL_I1 is not met: modality is VBM (structural), not fMRI or FDG-PET (FUNCTIONAL_I1 missing).",[],[]
21930136,3,21930136_analysis_3,Behavioral variant frontotemporal dementia: regression for logical quantifier comprehension accuracy,,tbl0060,1,None,"[[17.0, 62.0, 7.0]]",0,False,,Global inclusion GLOBAL_I2 not met: this regression is for bvFTD behavioral correlates but does not represent a bvFTD vs. healthy-control whole-group comparison required by GLOBAL_I2 (missing).,[],[],False,,Global inclusion GLOBAL_I2 not met: the analysis is a within-bvFTD regression rather than a direct bvFTD versus control group comparison required by GLOBAL_I2 (missing).,[],[],False,,"Global inclusion GLOBAL_I2 not met: although this may be a VBM regression, it does not satisfy the requirement of a bvFTD vs. healthy-control comparison (GLOBAL_I2 missing).",[],[],False,,"Global inclusion GLOBAL_I2 not met and local FUNCTIONAL_I1 not met: this is a VBM regression (structural) not fMRI/FDG-PET, and it is not a bvFTD vs. control comparison required by GLOBAL_I2.",[],[]
21930136,4,21930136_analysis_4,Behavioral variant frontotemporal dementia: regression for majority quantifier comprehension accuracy,,tbl0060,4,None,"[[55.0, -27.0, 3.0], [32.0, 3.0, -1.0], [25.0, 6.0, 14.0], [-23.0, -2.0, 7.0]]",0,False,,Global inclusion GLOBAL_I2 not met: this regression pertains to bvFTD behavioral measures but is not a bvFTD versus healthy-control group comparison required by GLOBAL_I2 (missing).,[],[],False,,Global inclusion GLOBAL_I2 not met: analysis is a within-group regression rather than the bvFTD vs. control comparison stipulated by GLOBAL_I2 (missing).,[],[],False,,"Global inclusion GLOBAL_I2 not met: although modality may be VBM, the analysis is not a bvFTD vs. healthy-control whole-brain comparison required by GLOBAL_I2 (missing).",[],[],False,,Global inclusion GLOBAL_I2 not met and local FUNCTIONAL_I1 not met: modality is VBM (structural) and this is not a bvFTD vs. control comparison as required by GLOBAL_I2 (missing).,[],[]
22952324,0,22952324_analysis_0,AD (Rey recall),,69,4,None,"[[30.0, 43.0, 18.0], [11.0, 43.0, 2.0], [20.0, 15.0, 42.0], [-14.0, 35.0, -20.0]]",0,False,,"Required global inclusion criteria are not met: GLOBAL_I1 (whole-brain voxelwise map not indicated) and GLOBAL_I2 (analysis targets AD, not bvFTD; does not compare bvFTD vs healthy controls).",[],[],False,,"Required global inclusion criteria are not met: GLOBAL_I1 (whole-brain voxelwise map not indicated) and GLOBAL_I2 (analysis targets AD, not bvFTD; does not compare bvFTD vs healthy controls).",[],[],False,,"Required global inclusion criteria are not met: GLOBAL_I1 (whole-brain voxelwise map not indicated) and GLOBAL_I2 (analysis targets AD, not bvFTD; does not compare bvFTD vs healthy controls).",[],[],False,,"Required global inclusion criteria are not met: GLOBAL_I1 (whole-brain voxelwise map not indicated) and GLOBAL_I2 (analysis targets AD, not bvFTD; does not compare bvFTD vs healthy controls).",[],[]
22952324,1,22952324_analysis_1,"bvFTD (areas of overlap for Rey recall, TROG and BNT)",,69,8,None,"[[-1.0, 32.0, -22.0], [-5.0, 16.0, -12.0], [4.0, 41.0, 11.0], [3.0, 19.0, -12.0], [14.0, 47.0, 12.0], [4.0, 53.0, -22.0], [11.0, 42.0, 13.0], [2.0, 14.0, -12.0]]",0,False,,Required global inclusion criteria are not met or not specified: GLOBAL_I1 (whole-brain voxelwise map is not clearly indicated in the analysis metadata) and GLOBAL_I2 (comparison to healthy controls is not explicitly specified).,[],[],False,,Required global inclusion criteria are not met or not specified: GLOBAL_I1 (whole-brain voxelwise map is not clearly indicated in the analysis metadata) and GLOBAL_I2 (comparison to healthy controls is not explicitly specified).,[],[],False,,Required global inclusion criteria are not met or not specified: GLOBAL_I1 (whole-brain voxelwise map is not clearly indicated in the analysis metadata) and GLOBAL_I2 (comparison to healthy controls is not explicitly specified).,[],[],False,,Required global inclusion criteria are not met or not specified: GLOBAL_I1 (whole-brain voxelwise map is not clearly indicated in the analysis metadata) and GLOBAL_I2 (comparison to healthy controls is not explicitly specified).,[],[]
23565102,0,23565102_analysis_0,Regions of activation for doubly-quantified sentences minus baseline sentences (p< 0.05 FDR-corrected; 20 voxel extent).,,T2,5,MNI,"[[-32.0, -60.0, 54.0], [24.0, 60.0, -6.0], [-54.0, -44.0, 8.0], [-46.0, 18.0, 20.0], [4.0, 16.0, 54.0]]",0,False,,Excluded because GLOBAL_I2 is not met: this analysis reports fMRI activation in healthy young adults and does not compare a bvFTD group to healthy controls.,[],[],False,,Excluded because GLOBAL_I2 is not met: this analysis does not compare a bvFTD group to healthy controls (it reports activation in healthy young adults).,[],[],False,,Excluded because GLOBAL_I2 is not met: this is a task fMRI activation map in healthy young adults and does not include a bvFTD vs. control comparison.,[],[],False,,"Excluded because GLOBAL_I2 is not met: although this is a whole-brain task fMRI map (so GLOBAL_I1 is met), it does not compare a bvFTD group to healthy controls.",[],[]
23565102,1,23565102_analysis_1,Regions of significantly reduced gray matter density in bvFTD patients relative to demographically matched healthy seniors (p<0.05 FDR-corrected; 100 voxel extent).,,T3,11,MNI,"[[-6.0, 50.0, 16.0], [-26.0, 52.0, 4.0], [-26.0, 44.0, 30.0], [50.0, 4.0, 22.0], [-40.0, 2.0, 38.0], [-18.0, -10.0, 24.0], [-38.0, 12.0, 4.0], [-38.0, -24.0, -16.0], [-36.0, 8.0, -26.0], [42.0, 10.0, -30.0], [52.0, -26.0, 0.0]]",0,True,,Global criteria met (whole-brain voxelwise VBM map comparing bvFTD to healthy controls) and local criterion DEMENTIA_ALL_I1 met (uses VBM).,"[""GLOBAL_I1"", ""GLOBAL_I2"", ""DEMENTIA_ALL_I1""]",[],True,,Global criteria met and local criteria met: analysis reports reduced gray matter density in bvFTD relative to controls (DEMENTIA_DECREASING_ACTIVITY_I1) and uses VBM (DEMENTIA_DECREASING_ACTIVITY_I2).,"[""GLOBAL_I1"", ""GLOBAL_I2"", ""DEMENTIA_DECREASING_ACTIVITY_I1"", ""DEMENTIA_DECREASING_ACTIVITY_I2""]",[],True,,Global criteria met and local criterion STRUCTURAL_I1 met (uses Voxel-Based Morphometry).,"[""GLOBAL_I1"", ""GLOBAL_I2"", ""STRUCTURAL_I1""]",[],False,,"Excluded because local inclusion FUNCTIONAL_I1 is not met: this analysis uses VBM (structural), not fMRI or FDG-PET.",[],[]
23565102,2,23565102_analysis_2,Regions of overlap between fMRI activation in healthy young adults and reduced gray matter density in bvFTD patients relative to healthy seniors.,,T4,5,MNI,"[[-46.0, 6.0, 38.0], [22.0, 58.0, -6.0], [-36.0, 18.0, 22.0], [-34.0, 30.0, -2.0], [-42.0, 20.0, 30.0]]",0,True,,Global criteria met (whole-brain overlap map that includes a bvFTD vs. control VBM contrast) and local criterion DEMENTIA_ALL_I1 met (includes VBM and fMRI modalities).,"[""GLOBAL_I1"", ""GLOBAL_I2"", ""DEMENTIA_ALL_I1""]",[],True,,Global criteria met and local criteria met: overlap includes regions of reduced gray matter in bvFTD (DEMENTIA_DECREASING_ACTIVITY_I1) and uses VBM/fMRI (DEMENTIA_DECREASING_ACTIVITY_I2).,"[""GLOBAL_I1"", ""GLOBAL_I2"", ""DEMENTIA_DECREASING_ACTIVITY_I1"", ""DEMENTIA_DECREASING_ACTIVITY_I2""]",[],True,,Global criteria met and local STRUCTURAL_I1 met (overlap includes VBM-derived gray matter reductions).,"[""GLOBAL_I1"", ""GLOBAL_I2"", ""STRUCTURAL_I1""]",[],True,,Global criteria met and local FUNCTIONAL_I1 met (overlap includes fMRI activation maps).,"[""GLOBAL_I1"", ""GLOBAL_I2"", ""FUNCTIONAL_I1""]",[]
23576128,0,23576128_analysis_0,Regions of significant atrophy in the behavioural variant FTD group,,48,8,None,"[[-10.0, 14.0, -12.0], [20.0, 26.0, 44.0], [28.0, 36.0, -14.0], [-26.0, 34.0, -14.0], [-60.0, -6.0, -12.0], [-4.0, 34.0, 2.0], [-48.0, -36.0, -22.0], [-60.0, 8.0, -20.0]]",0,True,,"Global criteria met (whole-brain voxelwise map comparing bvFTD to controls). Local inclusion requires VBM/fMRI/FDG — this analysis reports regions of atrophy (VBM), so it meets DEMENTIA_ALL_I1.","[""GLOBAL_I1"", ""GLOBAL_I2"", ""DEMENTIA_ALL_I1""]",[],True,,"Global criteria met. The analysis reports regions of atrophy (reduced gray matter volume) in bvFTD (Control > bvFTD style), satisfying decreases in structure and using VBM.","[""GLOBAL_I1"", ""GLOBAL_I2"", ""DEMENTIA_DECREASING_ACTIVITY_I1"", ""DEMENTIA_DECREASING_ACTIVITY_I2""]",[],True,,"Global criteria met and modality is Voxel-Based Morphometry (VBM), satisfying STRUCTURAL_I1.","[""GLOBAL_I1"", ""GLOBAL_I2"", ""STRUCTURAL_I1""]",[],False,,Excluded because the analysis uses VBM (structural modality) and does not meet the functional modality requirement (missing FUNCTIONAL_I1).,[],[]
23576128,1,23576128_analysis_1,Brain regions demonstrating greater activity for moral-personal than non-moral dilemmas in control subjects,,49,3,None,"[[50.0, -60.0, 26.0], [0.0, -78.0, 42.0], [8.0, 60.0, -4.0]]",0,False,,Excluded because the analysis reports task activations in control subjects only and does not compare the bvFTD group to healthy controls (missing GLOBAL_I2).,[],[],False,,Excluded because the analysis is within control subjects and does not compare bvFTD to controls (missing GLOBAL_I2).,[],[],False,,Excluded because the analysis is a task fMRI contrast in control subjects only and does not compare bvFTD to controls (missing GLOBAL_I2).,[],[],False,,"Excluded because, although modality is task fMRI, the analysis is restricted to control subjects and does not compare bvFTD to healthy controls (missing GLOBAL_I2).",[],[]
23576128,2,23576128_analysis_2,Brain regions demonstrating greater activity for moral-personal than moral-impersonal dilemmas in control subjects,,50,4,None,"[[-4.0, 34.0, -14.0], [56.0, -64.0, 26.0], [4.0, -58.0, 24.0], [-20.0, 4.0, -12.0]]",0,False,,Excluded because the analysis reports task activations in control subjects only and does not compare the bvFTD group to healthy controls (missing GLOBAL_I2).,[],[],False,,Excluded because the analysis is within control subjects and does not compare bvFTD to controls (missing GLOBAL_I2).,[],[],False,,Excluded because the analysis is a task fMRI contrast in control subjects only and does not compare bvFTD to controls (missing GLOBAL_I2).,[],[],False,,"Excluded because, although modality is task fMRI, the analysis is restricted to control subjects and does not compare bvFTD to healthy controls (missing GLOBAL_I2).",[],[]
23576128,3,23576128_analysis_3,Brain regions demonstrating greater activity for non-moral than moral-personal dilemmas in control subjects,,51,5,None,"[[34.0, -84.0, 16.0], [-22.0, -96.0, 4.0], [40.0, -2.0, 62.0], [36.0, -46.0, 48.0], [-34.0, -24.0, 66.0]]",0,False,,Excluded because the analysis reports task activations in control subjects only and does not compare the bvFTD group to healthy controls (missing GLOBAL_I2).,[],[],False,,Excluded because the analysis is within control subjects and does not compare bvFTD to controls (missing GLOBAL_I2).,[],[],False,,Excluded because the analysis is a task fMRI contrast in control subjects only and does not compare bvFTD to controls (missing GLOBAL_I2).,[],[],False,,"Excluded because, although modality is task fMRI, the analysis is restricted to control subjects and does not compare bvFTD to healthy controls (missing GLOBAL_I2).",[],[]
23576128,4,23576128_analysis_4,Brain regions demonstrating greater activity for moral-impersonal than moral-personal dilemmas in control subjects,,52,8,None,"[[-32.0, -60.0, 44.0], [40.0, -58.0, 46.0], [-36.0, 14.0, 30.0], [46.0, 38.0, 14.0], [-26.0, -72.0, 30.0], [8.0, 0.0, 52.0], [44.0, 20.0, 40.0], [4.0, 26.0, 48.0]]",0,False,,Excluded because the analysis reports task activations in control subjects only and does not compare the bvFTD group to healthy controls (missing GLOBAL_I2).,[],[],False,,Excluded because the analysis is within control subjects and does not compare bvFTD to controls (missing GLOBAL_I2).,[],[],False,,Excluded because the analysis is a task fMRI contrast in control subjects only and does not compare bvFTD to controls (missing GLOBAL_I2).,[],[],False,,"Excluded because, although modality is task fMRI, the analysis is restricted to control subjects and does not compare bvFTD to healthy controls (missing GLOBAL_I2).",[],[]
23576128,5,23576128_analysis_5,Brain regions demonstrating greater contrast between moral-personal and non-moral dilemmas in control subjects than in patients with behavioural variant FTD,,53,1,None,"[[4.0, -42.0, 38.0]]",0,True,,"Global criteria met (whole-brain voxelwise contrast comparing controls and bvFTD). Local inclusion requires VBM/fMRI/FDG — this is a task fMRI contrast, so it meets DEMENTIA_ALL_I1.","[""GLOBAL_I1"", ""GLOBAL_I2"", ""DEMENTIA_ALL_I1""]",[],True,,"Global criteria met. The analysis reports Control > bvFTD contrast (greater recruitment in controls than patients), indicating decreased activity in bvFTD; modality is task fMRI, satisfying DEMENTIA_DECREASING_ACTIVITY_I1 and DEMENTIA_DECREASING_ACTIVITY_I2.","[""GLOBAL_I1"", ""GLOBAL_I2"", ""DEMENTIA_DECREASING_ACTIVITY_I1"", ""DEMENTIA_DECREASING_ACTIVITY_I2""]",[],False,,"Excluded because the analysis is a task fMRI contrast, not VBM (missing STRUCTURAL_I1).",[],[],True,,"Global criteria met and modality is task fMRI, satisfying FUNCTIONAL_I1.","[""GLOBAL_I1"", ""GLOBAL_I2"", ""FUNCTIONAL_I1""]",[]
23582296,0,23582296_analysis_0,Controls vs bvFTD,,tbl3,10,MNI,"[[-10.0, 28.0, -26.0], [32.0, -6.0, -50.0], [-40.0, -14.0, -48.0], [6.0, 0.0, 4.0], [-18.0, -14.0, -26.0], [-32.0, 22.0, 4.0], [50.0, 12.0, -4.0], [48.0, -20.0, 10.0], [-18.0, 26.0, 42.0], [-14.0, 22.0, 0.0]]",0,True,,"Analysis is a whole-brain voxelwise VBM group comparison between Controls and bvFTD (Controls vs bvFTD), satisfying global whole-brain requirement and local VBM modality requirement.","[""GLOBAL_I1"", ""GLOBAL_I2"", ""DEMENTIA_ALL_I1""]",[],True,,Controls vs bvFTD is a whole-brain VBM group comparison likely reporting decreases in bvFTD (Control > bvFTD). Global whole-brain and bvFTD-vs-controls criteria and local VBM + decrease criteria are met.,"[""GLOBAL_I1"", ""GLOBAL_I2"", ""DEMENTIA_DECREASING_ACTIVITY_I1"", ""DEMENTIA_DECREASING_ACTIVITY_I2""]",[],True,,"This analysis uses voxel-based morphometry (VBM) and is a whole-brain comparison of Controls vs bvFTD, meeting structural and global criteria.","[""GLOBAL_I1"", ""GLOBAL_I2"", ""STRUCTURAL_I1""]",[],False,,Global criteria are met but the local modality requirement for functional analyses is not satisfied: this analysis uses VBM (structural) rather than fMRI or FDG-PET. Missing inclusion criteria: FUNCTIONAL_I1.,[],[]
23582296,1,23582296_analysis_1,Controls vs AD,,tbl3,5,MNI,"[[-14.0, 60.0, -12.0], [32.0, -12.0, -24.0], [-36.0, 22.0, 8.0], [-44.0, -58.0, 14.0], [-20.0, 10.0, 44.0]]",0,False,,Excluded because GLOBAL_I2 is not met: this analysis compares Controls vs AD and does not compare the bvFTD group to healthy controls.,[],[],False,,"Excluded because GLOBAL_I2 is not met: analysis compares Controls vs AD, not bvFTD vs controls.",[],[],False,,Excluded because GLOBAL_I2 is not met: analysis compares Controls vs AD rather than bvFTD vs controls.,[],[],False,,"Excluded because GLOBAL_I2 is not met: analysis compares Controls vs AD, not bvFTD vs controls.",[],[]
23582296,2,23582296_analysis_2,bvFTD vs AD,,tbl3,1,MNI,"[[22.0, 12.0, -10.0]]",0,False,,Excluded because GLOBAL_I2 is not met: analysis compares bvFTD vs AD and does not include a comparison of bvFTD to healthy controls.,[],[],False,,Excluded because GLOBAL_I2 is not met: analysis compares bvFTD vs AD rather than bvFTD vs healthy controls.,[],[],False,,Excluded because GLOBAL_I2 is not met: this is a bvFTD vs AD comparison and does not compare bvFTD to controls.,[],[],False,,Excluded because GLOBAL_I2 is not met: analysis does not compare bvFTD to healthy controls (bvFTD vs AD only).,[],[]
23582296,3,23582296_analysis_3,Episodic past retrieval,VBM results showing regions of significant grey matter intensity that covary with episodic past and future thinking performance.,tbl4,7,MNI,"[[-12.0, 52.0, -4.0], [-12.0, 16.0, 40.0], [14.0, -28.0, 14.0], [-14.0, -34.0, 40.0], [-12.0, 52.0, -4.0], [-18.0, 18.0, 38.0], [-2.0, -44.0, 32.0]]",0,False,,Excluded because GLOBAL_I2 is not met: this VBM covariation analysis shows regions covarying with episodic past retrieval performance and does not represent a bvFTD vs healthy-control group comparison.,[],[],False,,Excluded because GLOBAL_I2 is not met: the analysis is a VBM brain–behavior covariation (episodic past retrieval) rather than a bvFTD vs control group comparison reporting decreases.,[],[],False,,"Excluded because GLOBAL_I2 is not met: although this is a VBM analysis (meets STRUCTURAL_I1), it is a covariation analysis not a bvFTD vs control group comparison required by GLOBAL_I2.",[],[],False,,"Excluded because GLOBAL_I2 is not met: this is a VBM covariation (structural) analysis, not an fMRI/FDG-PET functional analysis and not a bvFTD vs control comparison. Missing inclusion criteria: FUNCTIONAL_I1 and GLOBAL_I2.",[],[]
23582296,4,23582296_analysis_4,Episodic future thinking,VBM results showing regions of significant grey matter intensity that covary with episodic past and future thinking performance.,tbl4,21,MNI,"[[26.0, -28.0, -32.0], [-58.0, 10.0, -14.0], [-52.0, -2.0, -42.0], [42.0, -8.0, 28.0], [-40.0, -46.0, 14.0], [18.0, 60.0, 4.0], [-22.0, 20.0, 40.0], [28.0, 54.0, 8.0], [-44.0, -48.0, 8.0], [10.0, 68.0, 26.0], [-54.0, 6.0, -20.0], [26.0, -26.0, -16.0], [-30.0, 28.0, 36.0], [-52.0, 2.0, -42.0], [-38.0, -16.0, -42.0], [-42.0, -68.0, -8.0], [68.0, -28.0, -4.0], [48.0, -10.0, 26.0], [32.0, -32.0, -18.0], [-6.0, -38.0, 34.0], [-42.0, -56.0, 18.0]]",0,False,,Excluded because GLOBAL_I2 is not met: this VBM covariation analysis for episodic future thinking does not compare bvFTD to healthy controls.,[],[],False,,Excluded because GLOBAL_I2 is not met: analysis reports brain–behavior covariation for future thinking within groups rather than bvFTD < control group contrasts.,[],[],False,,"Excluded because GLOBAL_I2 is not met: although this is a VBM analysis, it is a covariation analysis and does not perform the required bvFTD vs control group comparison.",[],[],False,,Excluded because GLOBAL_I2 is not met and because the modality is structural VBM rather than fMRI/FDG-PET. Missing inclusion criteria: FUNCTIONAL_I1 and GLOBAL_I2.,[],[]
23670951,0,23670951_analysis_0,AD and controls,,9,16,MNI,"[[16.0, 70.0, -4.0], [64.0, -32.0, -8.0], [4.0, -54.0, 22.0], [-38.0, -34.0, 36.0], [-24.0, -16.0, -24.0], [62.0, -58.0, -22.0], [12.0, 20.0, 40.0], [-60.0, -22.0, -32.0], [-26.0, 18.0, -12.0], [6.0, -76.0, 56.0], [26.0, -4.0, -38.0], [22.0, 6.0, -28.0], [-54.0, -22.0, 24.0], [-48.0, -50.0, 6.0], [20.0, -34.0, -4.0], [30.0, 10.0, 28.0]]",0,False,,Analysis is VBM whole-brain (GLOBAL_I1 met) but does not compare bvFTD to healthy controls (missing GLOBAL_I2).,[],[],False,,Does not compare bvFTD to controls (missing GLOBAL_I2); therefore global criteria not met.,[],[],False,,"Although this is a VBM whole-brain analysis (GLOBAL_I1), it does not include a bvFTD vs control comparison (missing GLOBAL_I2).",[],[],False,,Does not meet global requirement of comparing bvFTD to controls (missing GLOBAL_I2); also not an fMRI/FDG-PET analysis (missing FUNCTIONAL_I1).,[],[]
23670951,1,23670951_analysis_1,bvFTD and controls,,9,4,MNI,"[[0.0, 46.0, 2.0], [34.0, 24.0, -34.0], [-10.0, 24.0, -26.0], [28.0, -12.0, -20.0]]",0,True,,"Whole-brain VBM analysis comparing bvFTD to controls, and uses VBM as an accepted modality.","[""GLOBAL_I1"", ""GLOBAL_I2"", ""DEMENTIA_ALL_I1""]",[],True,,Analysis reports regions of decreased grey matter in bvFTD relative to controls using VBM (Control > bvFTD contrasts implied).,"[""GLOBAL_I1"", ""GLOBAL_I2"", ""DEMENTIA_DECREASING_ACTIVITY_I1"", ""DEMENTIA_DECREASING_ACTIVITY_I2""]",[],True,,"This is a whole-brain VBM analysis comparing bvFTD to controls, satisfying the structural VBM criterion.","[""GLOBAL_I1"", ""GLOBAL_I2"", ""STRUCTURAL_I1""]",[],False,,Global criteria are met but the analysis uses VBM (structural); it does not use fMRI or FDG-PET (missing FUNCTIONAL_I1).,[],[]
23670951,2,23670951_analysis_2,Regions of overlap,,10,4,MNI,"[[26.0, 12.0, -30.0], [16.0, 70.0, -4.0], [0.0, 46.0, 8.0], [26.0, -16.0, -20.0]]",0,False,,This reports regions of overlap between bvFTD and AD but does not compare bvFTD to healthy controls (missing GLOBAL_I2).,[],[],False,,Does not present a bvFTD vs control comparison (missing GLOBAL_I2); therefore cannot confirm decreases for bvFTD relative to controls.,[],[],False,,"Although overlap results derive from VBM, the analysis does not directly compare bvFTD to controls (missing GLOBAL_I2).",[],[],False,,Does not meet GLOBAL_I2 (no bvFTD vs control contrast) and is not an fMRI/FDG-PET analysis (missing FUNCTIONAL_I1).,[],[]
23670951,3,23670951_analysis_3,AD and controls,Voxel‐based morphometry results showing regions of significant grey matter intensity decrease that correlate with recall performance unique to Alzheimer's disease (AD) and behavioral variant frontotemporal dementia (bvFTD) groups,11,15,MNI,"[[66.0, -38.0, -22.0], [10.0, 60.0, -6.0], [8.0, -56.0, 20.0], [-38.0, -36.0, 36.0], [-22.0, -16.0, -24.0], [62.0, -58.0, -24.0], [14.0, 20.0, 38.0], [-64.0, -16.0, -34.0], [-24.0, 16.0, -12.0], [8.0, -74.0, 50.0], [26.0, -6.0, -40.0], [-58.0, -26.0, 24.0], [-46.0, -50.0, 6.0], [24.0, -34.0, -4.0], [36.0, 10.0, 26.0]]",0,False,,This analysis compares AD to controls (GLOBAL_I1 met) but does not compare bvFTD to healthy controls (missing GLOBAL_I2).,[],[],False,,"Focuses on AD vs controls rather than bvFTD vs controls (missing GLOBAL_I2), so it does not meet the required global criteria for this annotation.",[],[],False,,VBM modality is used but the global requirement that the analysis compare bvFTD to controls is not met (missing GLOBAL_I2).,[],[],False,,Does not compare bvFTD to controls (missing GLOBAL_I2) and is not fMRI/FDG-PET (missing FUNCTIONAL_I1).,[],[]
23670951,4,23670951_analysis_4,bvFTD and Controls,Voxel‐based morphometry results showing regions of significant grey matter intensity decrease that correlate with recall performance unique to Alzheimer's disease (AD) and behavioral variant frontotemporal dementia (bvFTD) groups,11,3,MNI,"[[16.0, 68.0, -8.0], [42.0, 2.0, -44.0], [-28.0, 16.0, -28.0]]",0,True,,Whole-brain VBM analysis directly comparing bvFTD to controls; modality (VBM) is an accepted imaging type for this annotation.,"[""GLOBAL_I1"", ""GLOBAL_I2"", ""DEMENTIA_ALL_I1""]",[],True,,"Reports decreases in grey matter for bvFTD relative to controls using VBM (Control > bvFTD contrasts indicated), meeting local and global criteria.","[""GLOBAL_I1"", ""GLOBAL_I2"", ""DEMENTIA_DECREASING_ACTIVITY_I1"", ""DEMENTIA_DECREASING_ACTIVITY_I2""]",[],True,,"This is a whole-brain VBM analysis comparing bvFTD to controls, satisfying the structural inclusion criterion.","[""GLOBAL_I1"", ""GLOBAL_I2"", ""STRUCTURAL_I1""]",[],False,,"Global criteria are satisfied but the analysis is VBM (structural), not fMRI or FDG-PET (missing FUNCTIONAL_I1).",[],[]
23805313,0,23805313_analysis_0,ANGER,Ekman 60,pone-0067457-t003,6,MNI,"[[-58.0, -48.0, -6.0], [-50.0, -68.0, 40.0], [20.0, -74.0, 18.0], [-10.0, -36.0, -4.0], [-44.0, -14.0, 30.0], [-36.0, 38.0, 2.0]]",0,False,,GLOBAL_I2 not met: analyses report VBM correlations across all participant groups combined rather than a comparison of a bvFTD group versus healthy controls where the bvFTD group is not pooled with other patient groups. GLOBAL_I1 (whole-brain voxelwise) is met.,[],[],False,,GLOBAL_I2 not met: analyses report VBM correlations across all participant groups combined rather than a comparison of a bvFTD group versus healthy controls where the bvFTD group is not pooled with other patient groups. GLOBAL_I1 (whole-brain voxelwise) is met.,[],[],False,,"GLOBAL_I2 not met: analyses report VBM correlations across all participant groups combined rather than a comparison of a bvFTD group versus healthy controls where the bvFTD group is not pooled with other patient groups. Although STRUCTURAL_I1 (VBM) is satisfied, the required global comparison (GLOBAL_I2) is missing.",[],[],False,,GLOBAL_I2 not met: analyses are VBM structural correlations (not fMRI or FDG-PET) across all participant groups combined rather than a bvFTD vs healthy control comparison. FUNCTIONAL_I1 is not applicable.,[],[]
23805313,1,23805313_analysis_1,ANGER,Caricatures,pone-0067457-t003,6,MNI,"[[-36.0, 6.0, -44.0], [-22.0, 16.0, -26.0], [-60.0, -6.0, -24.0], [-18.0, -94.0, -12.0], [-50.0, -42.0, -4.0], [40.0, 24.0, -38.0]]",0,False,,GLOBAL_I2 not met: analyses report VBM correlations across all participant groups combined rather than a comparison of a bvFTD group versus healthy controls where the bvFTD group is not pooled with other patient groups. GLOBAL_I1 (whole-brain voxelwise) is met.,[],[],False,,GLOBAL_I2 not met: analyses report VBM correlations across all participant groups combined rather than a comparison of a bvFTD group versus healthy controls where the bvFTD group is not pooled with other patient groups. GLOBAL_I1 (whole-brain voxelwise) is met.,[],[],False,,"GLOBAL_I2 not met: analyses report VBM correlations across all participant groups combined rather than a comparison of a bvFTD group versus healthy controls where the bvFTD group is not pooled with other patient groups. Although STRUCTURAL_I1 (VBM) is satisfied, the required global comparison (GLOBAL_I2) is missing.",[],[],False,,GLOBAL_I2 not met: analyses are VBM structural correlations (not fMRI or FDG-PET) across all participant groups combined rather than a bvFTD vs healthy control comparison. FUNCTIONAL_I1 is not applicable.,[],[]
23805313,2,23805313_analysis_2,DISGUST,Ekman 60,pone-0067457-t003,4,MNI,"[[-36.0, 12.0, -18.0], [2.0, -2.0, -2.0], [32.0, 6.0, -20.0], [-38.0, 22.0, -42.0]]",0,False,,GLOBAL_I2 not met: analyses report VBM correlations across all participant groups combined rather than a comparison of a bvFTD group versus healthy controls where the bvFTD group is not pooled with other patient groups. GLOBAL_I1 (whole-brain voxelwise) is met.,[],[],False,,GLOBAL_I2 not met: analyses report VBM correlations across all participant groups combined rather than a comparison of a bvFTD group versus healthy controls where the bvFTD group is not pooled with other patient groups. GLOBAL_I1 (whole-brain voxelwise) is met.,[],[],False,,"GLOBAL_I2 not met: analyses report VBM correlations across all participant groups combined rather than a comparison of a bvFTD group versus healthy controls where the bvFTD group is not pooled with other patient groups. Although STRUCTURAL_I1 (VBM) is satisfied, the required global comparison (GLOBAL_I2) is missing.",[],[],False,,GLOBAL_I2 not met: analyses are VBM structural correlations (not fMRI or FDG-PET) across all participant groups combined rather than a bvFTD vs healthy control comparison. FUNCTIONAL_I1 is not applicable.,[],[]
23805313,3,23805313_analysis_3,DISGUST,Caricatures,pone-0067457-t003,3,MNI,"[[-42.0, 0.0, -12.0], [-42.0, 20.0, -28.0], [-54.0, -64.0, 8.0]]",0,False,,GLOBAL_I2 not met: analyses report VBM correlations across all participant groups combined rather than a comparison of a bvFTD group versus healthy controls where the bvFTD group is not pooled with other patient groups. GLOBAL_I1 (whole-brain voxelwise) is met.,[],[],False,,GLOBAL_I2 not met: analyses report VBM correlations across all participant groups combined rather than a comparison of a bvFTD group versus healthy controls where the bvFTD group is not pooled with other patient groups. GLOBAL_I1 (whole-brain voxelwise) is met.,[],[],False,,"GLOBAL_I2 not met: analyses report VBM correlations across all participant groups combined rather than a comparison of a bvFTD group versus healthy controls where the bvFTD group is not pooled with other patient groups. Although STRUCTURAL_I1 (VBM) is satisfied, the required global comparison (GLOBAL_I2) is missing.",[],[],False,,GLOBAL_I2 not met: analyses are VBM structural correlations (not fMRI or FDG-PET) across all participant groups combined rather than a bvFTD vs healthy control comparison. FUNCTIONAL_I1 is not applicable.,[],[]
23805313,4,23805313_analysis_4,FEAR,Ekman 60,pone-0067457-t003,4,MNI,"[[40.0, 2.0, -48.0], [-4.0, 48.0, 6.0], [26.0, -12.0, -24.0], [-38.0, -16.0, -42.0]]",0,False,,GLOBAL_I2 not met: analyses report VBM correlations across all participant groups combined rather than a comparison of a bvFTD group versus healthy controls where the bvFTD group is not pooled with other patient groups. GLOBAL_I1 (whole-brain voxelwise) is met.,[],[],False,,GLOBAL_I2 not met: analyses report VBM correlations across all participant groups combined rather than a comparison of a bvFTD group versus healthy controls where the bvFTD group is not pooled with other patient groups. GLOBAL_I1 (whole-brain voxelwise) is met.,[],[],False,,"GLOBAL_I2 not met: analyses report VBM correlations across all participant groups combined rather than a comparison of a bvFTD group versus healthy controls where the bvFTD group is not pooled with other patient groups. Although STRUCTURAL_I1 (VBM) is satisfied, the required global comparison (GLOBAL_I2) is missing.",[],[],False,,GLOBAL_I2 not met: analyses are VBM structural correlations (not fMRI or FDG-PET) across all participant groups combined rather than a bvFTD vs healthy control comparison. FUNCTIONAL_I1 is not applicable.,[],[]
23805313,5,23805313_analysis_5,FEAR,Caricatures,pone-0067457-t003,8,MNI,"[[4.0, 26.0, -28.0], [40.0, -32.0, 8.0], [22.0, 16.0, -6.0], [10.0, 68.0, -6.0], [28.0, -10.0, -28.0], [6.0, -68.0, 60.0], [22.0, -102.0, -6.0], [-12.0, -88.0, -6.0]]",0,False,,GLOBAL_I2 not met: analyses report VBM correlations across all participant groups combined rather than a comparison of a bvFTD group versus healthy controls where the bvFTD group is not pooled with other patient groups. GLOBAL_I1 (whole-brain voxelwise) is met.,[],[],False,,GLOBAL_I2 not met: analyses report VBM correlations across all participant groups combined rather than a comparison of a bvFTD group versus healthy controls where the bvFTD group is not pooled with other patient groups. GLOBAL_I1 (whole-brain voxelwise) is met.,[],[],False,,"GLOBAL_I2 not met: analyses report VBM correlations across all participant groups combined rather than a comparison of a bvFTD group versus healthy controls where the bvFTD group is not pooled with other patient groups. Although STRUCTURAL_I1 (VBM) is satisfied, the required global comparison (GLOBAL_I2) is missing.",[],[],False,,GLOBAL_I2 not met: analyses are VBM structural correlations (not fMRI or FDG-PET) across all participant groups combined rather than a bvFTD vs healthy control comparison. FUNCTIONAL_I1 is not applicable.,[],[]
23805313,6,23805313_analysis_6,SADNESS,Ekman 60,pone-0067457-t003,1,MNI,"[[-2.0, 26.0, -28.0]]",0,False,,GLOBAL_I2 not met: analyses report VBM correlations across all participant groups combined rather than a comparison of a bvFTD group versus healthy controls where the bvFTD group is not pooled with other patient groups. GLOBAL_I1 (whole-brain voxelwise) is met.,[],[],False,,GLOBAL_I2 not met: analyses report VBM correlations across all participant groups combined rather than a comparison of a bvFTD group versus healthy controls where the bvFTD group is not pooled with other patient groups. GLOBAL_I1 (whole-brain voxelwise) is met.,[],[],False,,"GLOBAL_I2 not met: analyses report VBM correlations across all participant groups combined rather than a comparison of a bvFTD group versus healthy controls where the bvFTD group is not pooled with other patient groups. Although STRUCTURAL_I1 (VBM) is satisfied, the required global comparison (GLOBAL_I2) is missing.",[],[],False,,GLOBAL_I2 not met: analyses are VBM structural correlations (not fMRI or FDG-PET) across all participant groups combined rather than a bvFTD vs healthy control comparison. FUNCTIONAL_I1 is not applicable.,[],[]
23805313,7,23805313_analysis_7,SADNESS,Caricatures,pone-0067457-t003,0,,[],0,False,,GLOBAL_I2 not met: analyses report VBM correlations across all participant groups combined rather than a comparison of a bvFTD group versus healthy controls where the bvFTD group is not pooled with other patient groups. GLOBAL_I1 (whole-brain voxelwise) is met.,[],[],False,,GLOBAL_I2 not met: analyses report VBM correlations across all participant groups combined rather than a comparison of a bvFTD group versus healthy controls where the bvFTD group is not pooled with other patient groups. GLOBAL_I1 (whole-brain voxelwise) is met.,[],[],False,,"GLOBAL_I2 not met: analyses report VBM correlations across all participant groups combined rather than a comparison of a bvFTD group versus healthy controls where the bvFTD group is not pooled with other patient groups. Although STRUCTURAL_I1 (VBM) is satisfied, the required global comparison (GLOBAL_I2) is missing.",[],[],False,,GLOBAL_I2 not met: analyses are VBM structural correlations (not fMRI or FDG-PET) across all participant groups combined rather than a bvFTD vs healthy control comparison. FUNCTIONAL_I1 is not applicable.,[],[]
23986673,0,23986673_analysis_0,Voxel level correction,Functional brain regions showing increased functional connectivity in patients with bvFTD compared to healthy controls.,T1,15,MNI,"[[21.0, 42.0, 31.0], [13.0, 10.0, 14.0], [9.0, 18.0, 28.0], [17.0, 9.0, 24.0], [29.0, 35.0, 25.0], [22.0, 44.0, 17.0], [34.0, 41.0, 14.0], [11.0, 39.0, 12.0], [23.0, 12.0, 21.0], [11.0, 32.0, 27.0], [30.0, 24.0, 35.0], [10.0, 42.0, 13.0], [7.0, 29.0, 26.0], [6.0, 22.0, 22.0], [35.0, 16.0, 24.0]]",0,False,,"Excluded because the analysis uses resting-state fMRI, which meets the global exclusion criterion GLOBAL_E2 (resting-state analyses are excluded), even though GLOBAL_I1 and GLOBAL_I2 are met (voxelwise whole-brain comparison of bvFTD vs controls).",[],"[""GLOBAL_E2""]",False,,Excluded because the analysis is a resting-state fMRI analysis and therefore meets the global exclusion criterion GLOBAL_E2 (resting-state analyses are excluded).,[],"[""GLOBAL_E2""]",False,,Excluded because the analysis is resting-state fMRI (GLOBAL_E2). The study does not report VBM for this analysis.,[],"[""GLOBAL_E2""]",False,,"Excluded because the analysis is resting-state fMRI, which falls under the global exclusion criterion GLOBAL_E2 (resting-state analyses are excluded).",[],"[""GLOBAL_E2""]"
23986673,1,23986673_analysis_1,Inter-IC corrected y-concatenation for all RSNs,Functional brain regions showing increased functional connectivity in patients with bvFTD compared to healthy controls.,T1,6,MNI,"[[11.0, 12.0, 15.0], [30.0, 38.0, 31.0], [22.0, 45.0, 17.0], [7.0, 18.0, 16.0], [17.0, 33.0, 30.0], [24.0, 11.0, 27.0]]",0,False,,"Excluded because the analysis uses resting-state fMRI (dual regression of RSNs), meeting the global exclusion criterion GLOBAL_E2; although it is whole-brain and compares bvFTD to controls, global exclusion takes precedence.",[],"[""GLOBAL_E2""]",False,,"Excluded because this is a resting-state fMRI analysis (GLOBAL_E2). No decreases are reported in the analysis description, and resting-state exclusion applies.",[],"[""GLOBAL_E2""]",False,,Excluded because the analysis is resting-state fMRI (GLOBAL_E2) and not a VBM/structural analysis.,[],"[""GLOBAL_E2""]",False,,"Excluded because the analysis is resting-state fMRI (GLOBAL_E2), which is a global exclusion for annotations.",[],"[""GLOBAL_E2""]"
24278277,0,24278277_analysis_0,Controls >FTD,,pone-0080353-t003,8,MNI,"[[-4.0, 40.0, -27.0], [28.0, 8.0, -26.0], [4.0, 32.0, 45.0], [36.0, -9.0, -18.0], [15.0, 60.0, 16.0], [-54.0, 8.0, -24.0], [-2.0, 17.0, 34.0], [32.0, 54.0, 9.0]]",0,True,,Whole-brain VBM analysis comparing bvFTD to healthy controls (Controls > FTD). Meets GLOBAL_I1 and GLOBAL_I2 and uses VBM (DEMENTIA_ALL_I1).,"[""GLOBAL_I1"", ""GLOBAL_I2"", ""DEMENTIA_ALL_I1""]",[],True,,"Controls > FTD reports decreased gray matter volume in bvFTD versus controls on a whole-brain VBM map; meets GLOBAL_I1, GLOBAL_I2 and DEMENTIA_DECREASING_ACTIVITY_I1/I2.","[""GLOBAL_I1"", ""GLOBAL_I2"", ""DEMENTIA_DECREASING_ACTIVITY_I1"", ""DEMENTIA_DECREASING_ACTIVITY_I2""]",[],True,,"This is a whole-brain VBM (gray-matter) comparison of bvFTD to controls, satisfying GLOBAL_I1, GLOBAL_I2 and STRUCTURAL_I1.","[""GLOBAL_I1"", ""GLOBAL_I2"", ""STRUCTURAL_I1""]",[],False,,"Analysis is structural VBM, not a functional (fMRI/FDG-PET) modality; missing FUNCTIONAL_I1.",[],[]
24278277,1,24278277_analysis_1,Controls >PSP,,pone-0080353-t003,5,MNI,"[[-51.0, -19.0, -30.0], [54.0, -3.0, 31.0], [3.0, 28.0, -29.0], [50.0, -81.0, 7.0], [9.0, -12.0, 18.0]]",0,False,,Does not compare bvFTD to healthy controls (Controls > PSP compares PSP to controls); missing required global inclusion GLOBAL_I2.,[],[],False,,Does not compare bvFTD to healthy controls (Controls > PSP); missing required global inclusion GLOBAL_I2.,[],[],False,,"Although whole-brain VBM, this analysis compares PSP to controls rather than bvFTD to controls; missing GLOBAL_I2.",[],[],False,,Does not meet GLOBAL_I2 (not a bvFTD vs control comparison) and is not a functional/FDG modality (missing FUNCTIONAL_I1).,[],[]
24278277,2,24278277_analysis_2,PSP>FTD,,pone-0080353-t003,13,MNI,"[[42.0, -18.0, -17.0], [-15.0, 24.0, -14.0], [-4.0, 21.0, -3.0], [-30.0, 41.0, 28.0], [-36.0, 20.0, 46.0], [3.0, 27.0, 58.0], [-44.0, -3.0, -18.0], [2.0, 11.0, 39.0], [32.0, 8.0, -24.0], [34.0, -6.0, 3.0], [-18.0, 53.0, 13.0], [-32.0, -6.0, 1.0], [-26.0, 51.0, -12.0]]",0,False,,PSP > FTD compares PSP to bvFTD (no healthy control comparison); missing required global inclusion GLOBAL_I2.,[],[],False,,Does not report bvFTD decreases relative to healthy controls (PSP>FTD is a patient-group contrast); missing GLOBAL_I2.,[],[],False,,VBM patient-group contrast without bvFTD vs control comparison; missing GLOBAL_I2.,[],[],False,,Not a functional modality and not a bvFTD vs control comparison; missing FUNCTIONAL_I1 and GLOBAL_I2.,[],[]
24278277,3,24278277_analysis_3,Controls >FTD,,pone-0080353-t004,1,MNI,"[[-32.0, 18.0, -5.0]]",0,True,,"Whole-brain VBM white-matter analysis comparing bvFTD to controls (Controls > FTD); meets GLOBAL_I1, GLOBAL_I2 and DEMENTIA_ALL_I1 (VBM).","[""GLOBAL_I1"", ""GLOBAL_I2"", ""DEMENTIA_ALL_I1""]",[],True,,"Controls > FTD reports decreased white-matter volume in bvFTD versus controls using whole-brain VBM; meets GLOBAL_I1, GLOBAL_I2 and DEMENTIA_DECREASING_ACTIVITY_I1/I2.","[""GLOBAL_I1"", ""GLOBAL_I2"", ""DEMENTIA_DECREASING_ACTIVITY_I1"", ""DEMENTIA_DECREASING_ACTIVITY_I2""]",[],True,,"This is a whole-brain VBM (white-matter) comparison of bvFTD to controls, satisfying GLOBAL_I1, GLOBAL_I2 and STRUCTURAL_I1.","[""GLOBAL_I1"", ""GLOBAL_I2"", ""STRUCTURAL_I1""]",[],False,,"White-matter VBM (structural), not a functional/FDG modality; missing FUNCTIONAL_I1.",[],[]
24278277,4,24278277_analysis_4,Controls >PSP,,pone-0080353-t004,7,MNI,"[[-2.0, -21.0, -5.0], [36.0, -13.0, 0.0], [24.0, 18.0, 43.0], [34.0, -34.0, 43.0], [44.0, -10.0, 31.0], [9.0, 8.0, 42.0], [-6.0, 15.0, 31.0]]",0,False,,"Controls > PSP compares PSP to controls, not bvFTD to controls; missing required global inclusion GLOBAL_I2.",[],[],False,,Not a bvFTD vs control contrast (Controls > PSP); missing GLOBAL_I2.,[],[],False,,VBM analysis but not comparing bvFTD to healthy controls (missing GLOBAL_I2).,[],[],False,,Not a functional modality and not a bvFTD vs control comparison; missing FUNCTIONAL_I1 and GLOBAL_I2.,[],[]
24278277,5,24278277_analysis_5,FTD>PSP,,pone-0080353-t004,1,MNI,"[[2.0, -28.0, -6.0]]",0,False,,FTD > PSP compares bvFTD to PSP without a healthy control comparison; missing required global inclusion GLOBAL_I2.,[],[],False,,This patient-group contrast does not report decreases in bvFTD relative to healthy controls (missing GLOBAL_I2).,[],[],False,,VBM contrast between patient groups without bvFTD vs control comparison; missing GLOBAL_I2.,[],[],False,,Not a functional modality and lacks a bvFTD vs control comparison; missing FUNCTIONAL_I1 and GLOBAL_I2.,[],[]
24278277,6,24278277_analysis_6,Stroop Interference T-score,,pone-0080353-t005,8,MNI,"[[-10.0, 20.0, 27.0], [52.0, 30.0, 6.0], [34.0, 14.0, 39.0], [-45.0, -39.0, 0.0], [27.0, -75.0, -6.0], [-42.0, 56.0, 10.0], [38.0, 39.0, 24.0], [48.0, 20.0, 30.0]]",0,False,,Correlation analysis within bvFTD patients (no bvFTD vs healthy control comparison); missing required global inclusion GLOBAL_I2.,[],[],False,,Within-group correlation (bvFTD) rather than a bvFTD vs control comparison reporting decreases; missing GLOBAL_I2.,[],[],False,,"Though a VBM correlation map, it is not a bvFTD vs control comparison required by GLOBAL_I2.",[],[],False,,This is a structural VBM correlation (not functional) and not a bvFTD vs control contrast; missing FUNCTIONAL_I1 and GLOBAL_I2.,[],[]
24278277,7,24278277_analysis_7,WCST number of categories,,pone-0080353-t005,9,MNI,"[[-63.0, -22.0, 39.0], [38.0, 40.0, -2.0], [44.0, 32.0, 46.0], [66.0, -61.0, 7.0], [-56.0, -48.0, 15.0], [-32.0, 41.0, 30.0], [52.0, -72.0, 7.0], [-38.0, 56.0, 4.0], [-50.0, 26.0, 40.0]]",0,False,,Within-bvFTD correlation (WCST categories) without a bvFTD vs control comparison; missing GLOBAL_I2.,[],[],False,,Not a bvFTD vs control contrast reporting decreases; this is an internal correlation in bvFTD (missing GLOBAL_I2).,[],[],False,,VBM correlation map but lacks bvFTD vs control comparison required by GLOBAL_I2.,[],[],False,,Structural correlation (VBM) and not a functional modality nor a bvFTD vs control comparison; missing FUNCTIONAL_I1 and GLOBAL_I2.,[],[]
24278277,8,24278277_analysis_8,Letter fluency,,pone-0080353-t005,6,MNI,"[[-28.0, -91.0, -11.0], [4.0, -51.0, 6.0], [-28.0, 12.0, 40.0], [-39.0, 11.0, 22.0], [-42.0, -19.0, 0.0], [51.0, -30.0, 15.0]]",0,False,,Letter fluency correlation in bvFTD (within-group) without bvFTD vs control comparison; missing GLOBAL_I2.,[],[],False,,"Within-group correlation, not a Controls > bvFTD contrast reporting decreases; missing GLOBAL_I2.",[],[],False,,VBM correlation analysis but not a bvFTD vs control comparison (missing GLOBAL_I2).,[],[],False,,Not a functional/FDG modality and lacks bvFTD vs control comparison; missing FUNCTIONAL_I1 and GLOBAL_I2.,[],[]
24278277,9,24278277_analysis_9,MDRS initiation score,,pone-0080353-t005,1,MNI,"[[33.0, -4.0, -12.0]]",0,False,,MDRS initiation score correlation within bvFTD (no bvFTD vs control comparison); missing GLOBAL_I2.,[],[],False,,Within-group correlation (bvFTD) rather than a Controls > bvFTD decrease contrast; missing GLOBAL_I2.,[],[],False,,"VBM correlation, but not a bvFTD vs control comparison required by GLOBAL_I2.",[],[],False,,Not functional (VBM structural) and lacks bvFTD vs control comparison; missing FUNCTIONAL_I1 and GLOBAL_I2.,[],[]
24278277,10,24278277_analysis_10,MDRS attention score,,pone-0080353-t005,1,MNI,"[[12.0, -22.0, 40.0]]",0,False,,MDRS attention score correlation within bvFTD without a bvFTD vs control comparison; missing GLOBAL_I2.,[],[],False,,"Within-group correlation in bvFTD, not a Controls > bvFTD decrease contrast; missing GLOBAL_I2.",[],[],False,,VBM correlation map but lacks the required bvFTD vs control comparison (GLOBAL_I2).,[],[],False,,Not a functional modality and not a bvFTD vs control contrast; missing FUNCTIONAL_I1 and GLOBAL_I2.,[],[]
24278277,11,24278277_analysis_11,Concept score,,pone-0080353-t005,1,MNI,"[[-45.0, -46.0, 19.0]]",0,False,,Concept score correlation within bvFTD (no comparison to healthy controls); missing required GLOBAL_I2.,[],[],False,,"Within-group correlation, not a decrease contrast versus controls; missing GLOBAL_I2.",[],[],False,,VBM correlation without bvFTD vs control comparison required by GLOBAL_I2.,[],[],False,,Not a functional modality and lacks bvFTD vs control comparison; missing FUNCTIONAL_I1 and GLOBAL_I2.,[],[]
24278277,12,24278277_analysis_12,Stroop Interference T- score,,pone-0080353-t006,2,MNI,"[[2.0, 32.0, 6.0], [40.0, 22.0, 7.0]]",0,False,,White-matter correlations in bvFTD (within-group) without a bvFTD vs control comparison; missing GLOBAL_I2.,[],[],False,,"Within-group white-matter correlation, not a Controls > bvFTD decrease contrast; missing GLOBAL_I2.",[],[],False,,VBM white-matter correlation without bvFTD vs control comparison required by GLOBAL_I2.,[],[],False,,"Structural white-matter VBM correlation, not functional and lacks bvFTD vs control comparison; missing FUNCTIONAL_I1 and GLOBAL_I2.",[],[]
24278277,13,24278277_analysis_13,WCST number of categories,,pone-0080353-t006,4,MNI,"[[-15.0, 45.0, 33.0], [10.0, 64.0, 0.0], [32.0, 46.0, 15.0], [15.0, 9.0, 37.0]]",0,False,,WCST number of categories correlation in bvFTD (within-group) without a bvFTD vs control comparison; missing GLOBAL_I2.,[],[],False,,"Within-group white-matter correlation, not a Controls > bvFTD decrease contrast; missing GLOBAL_I2.",[],[],False,,VBM white-matter correlation without the required bvFTD vs control comparison (GLOBAL_I2).,[],[],False,,Not a functional modality and lacks bvFTD vs control contrast; missing FUNCTIONAL_I1 and GLOBAL_I2.,[],[]
24278277,14,24278277_analysis_14,MDRS attention score,,pone-0080353-t006,1,MNI,"[[32.0, 8.0, 39.0]]",0,False,,MDRS attention score white-matter correlation within bvFTD (no bvFTD vs control comparison); missing GLOBAL_I2.,[],[],False,,"Within-group white-matter correlation, not a Controls > bvFTD decrease contrast; missing GLOBAL_I2.",[],[],False,,VBM white-matter correlation but lacks a bvFTD vs control comparison required by GLOBAL_I2.,[],[],False,,Not functional and not a bvFTD vs control comparison; missing FUNCTIONAL_I1 and GLOBAL_I2.,[],[]
25009480,0,25009480_analysis_0,TOTAL SCORE—MEMORY,,T4,14,MNI,"[[-10.0, 40.0, -14.0], [-26.0, 26.0, 40.0], [-46.0, -64.0, 18.0], [-34.0, -14.0, -10.0], [2.0, 18.0, 56.0], [-48.0, 24.0, 16.0], [44.0, -58.0, 28.0], [48.0, -48.0, 36.0], [10.0, -32.0, 38.0], [-26.0, 48.0, 22.0], [-34.0, 16.0, 26.0], [46.0, -8.0, 28.0], [-48.0, 2.0, -42.0], [-30.0, -82.0, 8.0]]",0,False,,"GLOBAL_I1 (whole-brain voxelwise VBM) appears met, but GLOBAL_I2 is not met: this analysis/table reports VBM results across all participants (covariation with memory) rather than a direct comparison of the bvFTD group to healthy controls.",[],[],False,,GLOBAL_I2 is not met: the analysis does not present a Control > bvFTD (or bvFTD < Control) group comparison; it reports covariation across all participants rather than a bvFTD vs healthy-control contrast.,[],[],False,,"Although STRUCTURAL_I1 (VBM modality) is satisfied, GLOBAL_I2 (requires a bvFTD vs healthy control comparison) is not met for this analysis, which reports VBM covariation across all participants.",[],[],False,,"FUNCTIONAL_I1 is not applicable (this is a VBM/structural analysis). Additionally, GLOBAL_I2 (bvFTD vs healthy control comparison) is not met.",[],[]
25009480,1,25009480_analysis_1,TOTAL SCORE—EMOTIONAL ENHANCEMENT,,T4,7,MNI,"[[-46.0, -84.0, -8.0], [-35.0, -6.0, -34.0], [32.0, -16.0, -34.0], [36.0, 48.0, 34.0], [42.0, -46.0, 8.0], [12.0, 68.0, 14.0], [32.0, -28.0, 22.0]]",0,False,,GLOBAL_I2 is not met: this analysis/table reports VBM covariation with emotional enhancement across all participants rather than a direct bvFTD versus healthy-control comparison.,[],[],False,,GLOBAL_I2 is not met: no explicit Control > bvFTD (or bvFTD < Control) contrast is reported in this analysis (it describes covariation across participants).,[],[],False,,"STRUCTURAL_I1 (VBM) is relevant, but GLOBAL_I2 (required bvFTD vs healthy control comparison) is not met for this analysis.",[],[],False,,"This is a structural VBM analysis rather than fMRI/FDG-PET, and GLOBAL_I2 (bvFTD vs healthy control comparison) is not met.",[],[]
25009480,2,25009480_analysis_2,bvFTD,,T5,7,MNI,"[[64.0, -20.0, -16.0], [-54.0, -72.0, -24.0], [42.0, 48.0, 18.0], [-34.0, -2.0, -38.0], [-40.0, 60.0, 18.0], [20.0, -68.0, 12.0], [-20.0, 30.0, 40.0]]",0,False,,"GLOBAL_I2 is not clearly met: while this table lists results for bvFTD (regions of gray matter intensity decrease that covary with emotional enhancement), it does not explicitly present a bvFTD versus healthy-control group contrast; therefore the required bvFTD vs control comparison is not evident.",[],[],False,,"Although the table reports 'gray matter intensity decrease' in bvFTD, it is not explicitly framed as a Control > bvFTD group contrast in the provided description, so GLOBAL_I2 (explicit bvFTD vs healthy control comparison) is not demonstrably met.",[],[],False,,"This is a VBM analysis (STRUCTURAL_I1 satisfied), but GLOBAL_I2 (analysis must include an explicit bvFTD vs healthy control comparison) is not clearly satisfied based on the provided table description.",[],[],False,,"This is a structural VBM analysis (not fMRI/FDG-PET), and the required GLOBAL_I2 bvFTD vs healthy-control comparison is not clearly present.",[],[]
25009480,3,25009480_analysis_3,AD,,T5,9,MNI,"[[-26.0, 0.0, 40.0], [32.0, -28.0, 18.0], [-36.0, -26.0, 60.0], [-36.0, -14.0, -26.0], [-28.0, 46.0, 24.0], [44.0, -2.0, -10.0], [-64.0, 4.0, -14.0], [32.0, -10.0, -34.0], [-26.0, -40.0, -22.0]]",0,False,,"GLOBAL_I2 is not met: this analysis/table reports VBM results for the AD group, not an explicit comparison of the bvFTD group to healthy controls as required.",[],[],False,,"The table presents gray matter decreases in AD, not an explicit Control > bvFTD contrast. GLOBAL_I2 (bvFTD vs healthy controls) is not satisfied for this analysis.",[],[],False,,"Although this is VBM (STRUCTURAL_I1), GLOBAL_I2 (explicit bvFTD vs healthy-control comparison) is not met for this AD-specific analysis.",[],[],False,,"This analysis is structural VBM rather than fMRI/FDG-PET, and it does not fulfill GLOBAL_I2 (bvFTD vs healthy control comparison).",[],[]
25396740,0,25396740_analysis_0,BvFTD vs. Controls,,pone-0113081-t002,2,MNI,"[[18.0, -62.0, -64.0], [-26.0, -84.0, -52.0]]",0,True,,"Analysis is a whole-brain voxelwise VBM contrast comparing bvFTD to healthy controls and uses VBM modality, meeting global and local inclusion criteria.","[""GLOBAL_I1"", ""GLOBAL_I2"", ""DEMENTIA_ALL_I1""]",[],True,,"Whole-brain VBM analysis directly compares bvFTD to controls and reports decreases in grey matter for bvFTD (Control > bvFTD), meeting global and local inclusion criteria.","[""GLOBAL_I1"", ""GLOBAL_I2"", ""DEMENTIA_DECREASING_ACTIVITY_I1"", ""DEMENTIA_DECREASING_ACTIVITY_I2""]",[],True,,"This is a voxel-based morphometry (VBM) whole-brain analysis comparing bvFTD to controls, satisfying structural VBM criteria.","[""GLOBAL_I1"", ""GLOBAL_I2"", ""STRUCTURAL_I1""]",[],False,,Excluded because the analysis uses VBM (structural) rather than fMRI or FDG-PET; missing FUNCTIONAL_I1.,[],[]
25396740,1,25396740_analysis_1,SD vs. Controls,,pone-0113081-t002,3,MNI,"[[-24.0, -6.0, -52.0], [34.0, -8.0, -52.0], [-26.0, -82.0, -54.0]]",0,False,,"Excluded because GLOBAL_I2 is not met: this analysis compares semantic dementia (SD) to controls, not bvFTD to controls.",[],[],False,,"Excluded because GLOBAL_I2 is not met: this analysis compares SD to controls, not bvFTD to controls.",[],[],False,,"Excluded because GLOBAL_I2 is not met: this analysis compares SD to controls, not bvFTD to controls.",[],[],False,,"Excluded because GLOBAL_I2 is not met: this analysis compares SD to controls, not bvFTD to controls.",[],[]
25396740,2,25396740_analysis_2,AD vs. Controls,,pone-0113081-t002,1,MNI,"[[30.0, -2.0, -54.0]]",0,False,,"Excluded because GLOBAL_I2 is not met: this analysis compares Alzheimer's disease (AD) to controls, not bvFTD to controls.",[],[],False,,"Excluded because GLOBAL_I2 is not met: this analysis compares AD to controls, not bvFTD to controls.",[],[],False,,"Excluded because GLOBAL_I2 is not met: this analysis compares AD to controls, not bvFTD to controls.",[],[],False,,"Excluded because GLOBAL_I2 is not met: this analysis compares AD to controls, not bvFTD to controls.",[],[]
25396740,3,25396740_analysis_3,Remote,,pone-0113081-t003,9,MNI,"[[-18.0, 4.0, -50.0], [-12.0, 50.0, -28.0], [-14.0, 0.0, -22.0], [34.0, -20.0, -10.0], [-44.0, -12.0, 28.0], [-8.0, -102.0, -10.0], [38.0, 20.0, -28.0], [-12.0, 4.0, 4.0], [26.0, -86.0, -8.0]]",0,False,,Excluded because GLOBAL_I2 is not met: this is a VBM covariation analysis across all participants (not a bvFTD vs. control contrast).,[],[],False,,Excluded because GLOBAL_I2 is not met: this covariation analysis across all participants does not compare bvFTD to controls.,[],[],False,,"Excluded because GLOBAL_I2 is not met: although VBM modality is used, the analysis is across all participants rather than a bvFTD vs control contrast.",[],[],False,,"Excluded because GLOBAL_I2 is not met: modality aside, the analysis is not a bvFTD vs control contrast.",[],[]
25396740,4,25396740_analysis_4,Recent,,pone-0113081-t003,9,MNI,"[[-2.0, 42.0, -30.0], [-24.0, 24.0, -8.0], [34.0, -40.0, -14.0], [-34.0, -66.0, 16.0], [22.0, 12.0, 42.0], [-4.0, -30.0, 26.0], [-62.0, -6.0, -38.0], [60.0, -30.0, -30.0], [-26.0, -100.0, -8.0]]",0,False,,"Excluded because GLOBAL_I2 is not met: this is a VBM covariation analysis across all participants (Recent ABM), not a bvFTD vs control contrast.",[],[],False,,Excluded because GLOBAL_I2 is not met: covariation across all participants rather than a bvFTD vs control contrast.,[],[],False,,"Excluded because GLOBAL_I2 is not met: although VBM modality is used, the contrast is not bvFTD vs controls.",[],[],False,,Excluded because GLOBAL_I2 is not met: the analysis is not a bvFTD vs control contrast.,[],[]
25396740,5,25396740_analysis_5,Overlap,,pone-0113081-t004,2,MNI,"[[-6.0, 46.0, -26.0], [40.0, -22.0, -12.0]]",0,False,,Excluded because GLOBAL_I2 is not met: overlap analysis is across all participants and not a bvFTD vs control contrast.,[],[],False,,Excluded because GLOBAL_I2 is not met: overlap VBM results are not a bvFTD vs control contrast.,[],[],False,,"Excluded because GLOBAL_I2 is not met: although VBM modality, the contrast is not bvFTD vs controls.",[],[],False,,Excluded because GLOBAL_I2 is not met: not a bvFTD vs control contrast.,[],[]
25396740,6,25396740_analysis_6,Remote,,pone-0113081-t004,6,MNI,"[[-16.0, 2.0, -46.0], [-14.0, -14.0, -24.0], [-46.0, -14.0, 28.0], [-14.0, 44.0, -28.0], [48.0, 6.0, -28.0], [44.0, -32.0, 4.0]]",0,False,,"Excluded because GLOBAL_I2 is not met: Remote-only VBM results are across all participants, not a bvFTD vs control contrast.",[],[],False,,Excluded because GLOBAL_I2 is not met: Remote-only VBM results are not a bvFTD vs control contrast.,[],[],False,,Excluded because GLOBAL_I2 is not met: VBM modality but not a bvFTD vs control contrast.,[],[],False,,Excluded because GLOBAL_I2 is not met: not a bvFTD vs control contrast.,[],[]
25396740,7,25396740_analysis_7,Recent,,pone-0113081-t004,8,MNI,"[[-26.0, 22.0, -10.0], [-36.0, -64.0, 14.0], [-14.0, 58.0, -16.0], [-6.0, -36.0, 26.0], [20.0, 20.0, 44.0], [-62.0, -6.0, -40.0], [60.0, -30.0, -30.0], [34.0, -36.0, -16.0]]",0,False,,"Excluded because GLOBAL_I2 is not met: Recent-only VBM results are across all participants, not a bvFTD vs control contrast.",[],[],False,,Excluded because GLOBAL_I2 is not met: Recent-only VBM results are not a bvFTD vs control contrast.,[],[],False,,"Excluded because GLOBAL_I2 is not met: although VBM modality, the analysis is not bvFTD vs controls.",[],[],False,,Excluded because GLOBAL_I2 is not met: not a bvFTD vs control contrast.,[],[]
25396740,8,25396740_analysis_8,BvFTD versus Controls,Tract-based spatial statistics results showing regions of white matter integrity decrease in each of the patient groups compared with Controlsa,pone-0113081-t005,1,MNI,"[[-28.0, 0.0, -36.0]]",0,False,,"Global criteria met (whole-brain TBSS bvFTD vs controls) but excluded because the modality is DTI/TBSS rather than VBM, fMRI, or FDG-PET; missing DEMENTIA_ALL_I1.","[""GLOBAL_I1"", ""GLOBAL_I2""]",[],False,,Global criteria met (bvFTD vs controls TBSS showing decreases) but excluded because local modality criterion requires VBM/fMRI/FDG-PET (DEMENTIA_DECREASING_ACTIVITY_I2 missing).,"[""GLOBAL_I1"", ""GLOBAL_I2"", ""DEMENTIA_DECREASING_ACTIVITY_I1""]",[],False,,Global criteria met but excluded because STRUCTURAL_I1 requires VBM and this analysis uses TBSS/DTI rather than VBM.,"[""GLOBAL_I1"", ""GLOBAL_I2""]",[],False,,"Global criteria met but excluded because the analysis is DTI/TBSS, not fMRI or FDG-PET; missing FUNCTIONAL_I1.","[""GLOBAL_I1"", ""GLOBAL_I2""]",[]
25396740,9,25396740_analysis_9,SD versus Controls,Tract-based spatial statistics results showing regions of white matter integrity decrease in each of the patient groups compared with Controlsa,pone-0113081-t005,1,MNI,"[[-34.0, -3.0, -34.0]]",0,False,,"Excluded because GLOBAL_I2 is not met: this TBSS analysis compares SD to controls, not bvFTD to controls.",[],[],False,,"Excluded because GLOBAL_I2 is not met: this TBSS analysis compares SD to controls, not bvFTD to controls.",[],[],False,,Excluded because GLOBAL_I2 is not met: analysis compares SD to controls rather than bvFTD to controls (and STRUCTURAL_I1 requires VBM).,[],[],False,,Excluded because GLOBAL_I2 is not met: analysis compares SD to controls rather than bvFTD to controls.,[],[]
25396740,10,25396740_analysis_10,AD versus Controls,Tract-based spatial statistics results showing regions of white matter integrity decrease in each of the patient groups compared with Controlsa,pone-0113081-t005,1,MNI,"[[-24.0, -56.0, 11.0]]",0,False,,"Excluded because GLOBAL_I2 is not met: this TBSS analysis compares AD to controls, not bvFTD to controls.",[],[],False,,"Excluded because GLOBAL_I2 is not met: this TBSS analysis compares AD to controls, not bvFTD to controls.",[],[],False,,Excluded because GLOBAL_I2 is not met: analysis compares AD to controls rather than bvFTD to controls (and STRUCTURAL_I1 requires VBM).,[],[],False,,Excluded because GLOBAL_I2 is not met: analysis compares AD to controls rather than bvFTD to controls.,[],[]
25619850,0,25619850_analysis_0,Clusters of reduced gray matter density in patients with bvFTD relative to controls,,t0010,5,MNI,"[[26.0, 34.0, -16.0], [40.0, -50.0, -16.0], [-46.0, -54.0, -20.0], [50.0, -66.0, -14.0], [20.0, -64.0, 4.0]]",0,True,,"Whole-brain voxelwise VBM comparison of bvFTD patients vs. controls showing clusters of reduced gray matter density. Meets GLOBAL_I1 (whole-brain), GLOBAL_I2 (bvFTD vs controls), and local DEMENTIA_ALL_I1 (VBM modality).","[""GLOBAL_I1"", ""GLOBAL_I2"", ""DEMENTIA_ALL_I1""]",[],True,,"Analysis reports decreases in gray matter for bvFTD relative to controls (Control > bvFTD) using VBM. Meets GLOBAL_I1, GLOBAL_I2, and local criteria DEMENTIA_DECREASING_ACTIVITY_I1 and DEMENTIA_DECREASING_ACTIVITY_I2.","[""GLOBAL_I1"", ""GLOBAL_I2"", ""DEMENTIA_DECREASING_ACTIVITY_I1"", ""DEMENTIA_DECREASING_ACTIVITY_I2""]",[],True,,"Whole-brain VBM analysis of gray matter density reductions in bvFTD vs controls. Meets GLOBAL_I1, GLOBAL_I2, and STRUCTURAL_I1 (VBM).","[""GLOBAL_I1"", ""GLOBAL_I2"", ""STRUCTURAL_I1""]",[],False,,Analysis is structural VBM (gray matter density); does not meet FUNCTIONAL_I1 (requires fMRI or FDG-PET). GLOBAL criteria are met but local functional inclusion is missing (FUNCTIONAL_I1).,[],[]
25619850,1,25619850_analysis_1,Clusters of reduced gray matter density related to overall accuracy in patients,,t0010,10,MNI,"[[-46.0, 22.0, 26.0], [-6.0, 36.0, -4.0], [24.0, 10.0, 52.0], [-4.0, 30.0, 30.0], [-28.0, 44.0, -16.0], [10.0, 32.0, 28.0], [-36.0, 32.0, -14.0], [30.0, 30.0, 46.0], [-12.0, 50.0, 6.0], [30.0, 36.0, 34.0]]",0,False,,Analysis reports clusters of reduced GM density related to overall accuracy within patients (within-group correlation) and does not compare bvFTD to healthy controls; missing GLOBAL_I2 (comparison to controls).,[],[],False,,Analysis is a within-patient association (GM related to accuracy) and does not provide a bvFTD vs control comparison; missing GLOBAL_I2 (comparison to controls).,[],[],False,,"Although modality appears to be VBM, the analysis is within-patient (GM vs performance) and does not compare bvFTD to controls; missing GLOBAL_I2 (comparison to controls).",[],[],False,,Analysis does not meet GLOBAL_I2 (no bvFTD vs control comparison) and additionally is structural VBM rather than fMRI/FDG-PET (missing FUNCTIONAL_I1).,[],[]
25619850,2,25619850_analysis_2,Clusters of reduced GM density related to patient performance in the colorblind condition,,t0015,11,MNI,"[[-14.0, 14.0, -24.0], [-2.0, 24.0, 20.0], [10.0, 52.0, -4.0], [8.0, 44.0, -20.0], [-28.0, 22.0, -16.0], [20.0, 20.0, 46.0], [-28.0, 44.0, -14.0], [10.0, 24.0, 38.0], [4.0, 58.0, -16.0], [-6.0, 46.0, -22.0], [-64.0, -6.0, -24.0]]",0,False,,Analysis reports clusters of reduced GM density related to patient performance (colorblind condition) within patients and does not compare bvFTD to healthy controls; missing GLOBAL_I2 (comparison to controls).,[],[],False,,This is a within-patient association (GM related to performance) rather than a bvFTD vs control contrast; missing GLOBAL_I2 (comparison to controls).,[],[],False,,"Modality appears to be VBM but the analysis lacks a bvFTD vs control comparison (within-patient correlation), so GLOBAL_I2 is not met.",[],[],False,,"Does not meet GLOBAL_I2 (no bvFTD vs control comparison) and modality is structural VBM, so FUNCTIONAL_I1 is not met.",[],[]
25619850,3,25619850_analysis_3,Clusters of reduced GM density related to patient performance in the privileged ground condition,,t0015,4,MNI,"[[-46.0, 18.0, 26.0], [-32.0, 56.0, 2.0], [-58.0, 18.0, 12.0], [-30.0, 32.0, -12.0]]",0,False,,Analysis reports clusters of reduced GM density related to patient performance (privileged ground condition) within patients without a bvFTD vs control comparison; missing GLOBAL_I2 (comparison to controls).,[],[],False,,Within-patient correlation (GM related to performance) rather than a between-group contrast; missing GLOBAL_I2 (comparison to controls).,[],[],False,,Likely VBM modality but lacks a bvFTD vs control comparison (within-group analysis); missing GLOBAL_I2 (comparison to controls).,[],[],False,,"Does not meet GLOBAL_I2 (no bvFTD vs control comparison) and modality appears to be VBM rather than fMRI/FDG-PET, so FUNCTIONAL_I1 is not met.",[],[]
25773639,0,25773639_analysis_0,Musical mode,bvFTD > controls,tbl1,1,MNI,"[[1.0, -29.0, -24.0]]",0,True,,Task-based fMRI whole-brain voxelwise analysis comparing bvFTD to healthy controls; meets GLOBAL_I1 and uses fMRI modality satisfying DEMENTIA_ALL_I1.,"[""GLOBAL_I1"", ""DEMENTIA_ALL_I1""]",[],False,,"Analysis reports bvFTD > controls (increases), so it does not report decreases required by DEMENTIA_DECREASING_ACTIVITY_I1 (missing).",[],[],False,,Not a VBM study; missing STRUCTURAL_I1.,[],[],True,,Task-based fMRI whole-brain voxelwise analysis comparing bvFTD to controls; meets GLOBAL_I1 and FUNCTIONAL_I1.,"[""GLOBAL_I1"", ""FUNCTIONAL_I1""]",[]
25773639,1,25773639_analysis_1,Music emotion level,,tbl1,2,MNI,"[[-65.0, -29.0, 0.0], [55.0, 12.0, 11.0]]",0,True,,Task-based fMRI whole-brain voxelwise analysis comparing bvFTD to healthy controls; meets GLOBAL_I1 and uses fMRI modality satisfying DEMENTIA_ALL_I1.,"[""GLOBAL_I1"", ""DEMENTIA_ALL_I1""]",[],False,,Direction of effect (decrease in bvFTD) is not specified for this analysis in the provided metadata; thus DEMENTIA_DECREASING_ACTIVITY_I1 (reports decreases) cannot be confirmed (missing).,[],[],False,,Not a VBM study; missing STRUCTURAL_I1.,[],[],True,,Task-based fMRI whole-brain voxelwise analysis comparing bvFTD to controls; meets GLOBAL_I1 and FUNCTIONAL_I1.,"[""GLOBAL_I1"", ""FUNCTIONAL_I1""]",[]
25773639,2,25773639_analysis_2,Vocal emotion,Controls > bvFTD,tbl1,2,MNI,"[[-52.0, -10.0, -11.0], [-59.0, 33.0, 1.0]]",0,True,,Task-based fMRI whole-brain voxelwise analysis comparing bvFTD to healthy controls; meets GLOBAL_I1 and uses fMRI modality satisfying DEMENTIA_ALL_I1.,"[""GLOBAL_I1"", ""DEMENTIA_ALL_I1""]",[],True,,"Analysis explicitly reports Controls > bvFTD (decrease in bvFTD); modality is task fMRI satisfying DEMENTIA_DECREASING_ACTIVITY_I2 and whole-brain voxelwise criterion GLOBAL_I1, fulfilling DEMENTIA_DECREASING_ACTIVITY_I1.","[""GLOBAL_I1"", ""DEMENTIA_DECREASING_ACTIVITY_I1"", ""DEMENTIA_DECREASING_ACTIVITY_I2""]",[],False,,Not a VBM study; missing STRUCTURAL_I1.,[],[],True,,Task-based fMRI whole-brain voxelwise analysis comparing bvFTD to controls; meets GLOBAL_I1 and FUNCTIONAL_I1.,"[""GLOBAL_I1"", ""FUNCTIONAL_I1""]",[]
25773639,3,25773639_analysis_3,Music-specific emotion,bvFTD > controls,tbl1,1,MNI,"[[-61.0, -31.0, 0.0]]",0,True,,Task-based fMRI whole-brain voxelwise analysis comparing bvFTD to healthy controls; meets GLOBAL_I1 and uses fMRI modality satisfying DEMENTIA_ALL_I1.,"[""GLOBAL_I1"", ""DEMENTIA_ALL_I1""]",[],False,,"Analysis reports bvFTD > controls (increases), so it does not report decreases required by DEMENTIA_DECREASING_ACTIVITY_I1 (missing).",[],[],False,,Not a VBM study; missing STRUCTURAL_I1.,[],[],True,,Task-based fMRI whole-brain voxelwise analysis comparing bvFTD to controls; meets GLOBAL_I1 and FUNCTIONAL_I1.,"[""GLOBAL_I1"", ""FUNCTIONAL_I1""]",[]
25797589,0,25797589_analysis_0,Identity-Matching – Total score,,t0010,6,MNI,"[[42.0, -2.0, -48.0], [-26.0, -4.0, -34.0], [66.0, -36.0, 6.0], [-24.0, 18.0, -40.0], [-30.0, -6.0, -4.0], [-44.0, -8.0, -46.0]]",0,False,,Excluded because global inclusion criteria are not met: missing GLOBAL_I1 (whole-brain voxelwise map) and GLOBAL_I2 (comparison of bvFTD group to healthy controls not specified for this analysis). The analysis appears to be a behavioral score rather than a whole-brain imaging contrast.,[],[],False,,Excluded because global inclusion criteria are not met: missing GLOBAL_I1 (whole-brain voxelwise map) and GLOBAL_I2 (bvFTD vs healthy controls comparison not provided for this analysis).,[],[],False,,"Excluded because global inclusion criteria are not met: missing GLOBAL_I1 (whole-brain voxelwise map) and GLOBAL_I2 (bvFTD vs healthy controls comparison not provided). The analysis is a behavioral total score, not a VBM map.",[],[],False,,Excluded because global inclusion criteria are not met: missing GLOBAL_I1 (whole-brain voxelwise map) and GLOBAL_I2 (bvFTD vs healthy controls comparison not provided). The analysis does not report fMRI/FDG-PET whole-brain results.,[],[]
25797589,1,25797589_analysis_1,CFMT (Face Memory) –Total Score,,t0010,3,MNI,"[[-20.0, -4.0, -44.0], [54.0, 4.0, -36.0], [-54.0, 0.0, -36.0]]",0,False,,Excluded because global inclusion criteria are not met: missing GLOBAL_I1 (whole-brain voxelwise map) and GLOBAL_I2 (comparison of bvFTD group to healthy controls not specified). This is a behavioral total score analysis.,[],[],False,,Excluded because global inclusion criteria are not met: missing GLOBAL_I1 and GLOBAL_I2. No whole-brain imaging decreases for bvFTD are reported for this specific analysis.,[],[],False,,Excluded because global inclusion criteria are not met: missing GLOBAL_I1 (VBM whole-brain map) and GLOBAL_I2 (bvFTD vs controls comparison not present for this entry).,[],[],False,,"Excluded because global inclusion criteria are not met: missing GLOBAL_I1 (whole-brain map) and GLOBAL_I2 (bvFTD vs controls). This analysis is behavioral, not fMRI/FDG-PET.",[],[]
25797589,2,25797589_analysis_2,CCMT (Object Memory) – Total Score,,t0010,0,,[],0,False,,Excluded because global inclusion criteria are not met: missing GLOBAL_I1 (whole-brain voxelwise map) and GLOBAL_I2 (bvFTD vs healthy controls comparison not indicated). The listed item is a behavioral score.,[],[],False,,Excluded because global inclusion criteria are not met: missing GLOBAL_I1 and GLOBAL_I2. No whole-brain decreases for bvFTD are provided for this analysis.,[],[],False,,Excluded because global inclusion criteria are not met: missing GLOBAL_I1 (VBM whole-brain) and GLOBAL_I2 (bvFTD vs controls). This analysis is behavioral (CCMT total score).,[],[],False,,Excluded because global inclusion criteria are not met: missing GLOBAL_I1 and GLOBAL_I2. The analysis does not represent fMRI/FDG-PET whole-brain data.,[],[]
25797589,3,25797589_analysis_3,Identity-Matching – Total score,,t0010,4,MNI,"[[-28.0, 16.0, -26.0], [-34.0, -8.0, -44.0], [-10.0, 2.0, 40.0], [-38.0, 34.0, -10.0]]",0,False,,Excluded because global inclusion criteria are not met: missing GLOBAL_I1 (whole-brain voxelwise map) and GLOBAL_I2 (bvFTD vs controls comparison not provided). This entry is a behavioral score.,[],[],False,,Excluded because global inclusion criteria are not met: missing GLOBAL_I1 and GLOBAL_I2. No imaging decreases reported for this specific analysis entry.,[],[],False,,Excluded because global inclusion criteria are not met: missing GLOBAL_I1 (VBM whole-brain map) and GLOBAL_I2. The analysis is behavioral rather than a VBM contrast.,[],[],False,,Excluded because global inclusion criteria are not met: missing GLOBAL_I1 and GLOBAL_I2. This is not fMRI/FDG-PET whole-brain data.,[],[]
25797589,4,25797589_analysis_4,CFMT (Face Memory) –Total score,,t0010,2,MNI,"[[-52.0, 18.0, -24.0], [-40.0, 4.0, 0.0]]",0,False,,Excluded because global inclusion criteria are not met: missing GLOBAL_I1 (whole-brain map) and GLOBAL_I2 (bvFTD vs healthy controls comparison not shown). This item is a behavioral total score.,[],[],False,,Excluded because global inclusion criteria are not met: missing GLOBAL_I1 and GLOBAL_I2. No whole-brain decreases for bvFTD are provided for this analysis.,[],[],False,,"Excluded because global inclusion criteria are not met: missing GLOBAL_I1 (VBM whole-brain) and GLOBAL_I2. The analysis appears to be behavioral, not VBM.",[],[],False,,Excluded because global inclusion criteria are not met: missing GLOBAL_I1 and GLOBAL_I2. This analysis does not report fMRI/FDG-PET whole-brain results.,[],[]
25797589,5,25797589_analysis_5,CCMT (Object Memory) – Total score,,t0010,2,MNI,"[[-36.0, 2.0, 2.0], [-10.0, -12.0, 2.0]]",0,False,,Excluded because global inclusion criteria are not met: missing GLOBAL_I1 (whole-brain voxelwise map) and GLOBAL_I2 (bvFTD vs healthy controls comparison not specified). This entry is a behavioral total score.,[],[],False,,Excluded because global inclusion criteria are not met: missing GLOBAL_I1 and GLOBAL_I2. No imaging decreases for bvFTD are associated with this analysis entry.,[],[],False,,Excluded because global inclusion criteria are not met: missing GLOBAL_I1 (VBM whole-brain) and GLOBAL_I2 (bvFTD vs controls). The analysis is behavioral (CCMT total score).,[],[],False,,Excluded because global inclusion criteria are not met: missing GLOBAL_I1 and GLOBAL_I2. This analysis does not represent fMRI/FDG-PET whole-brain data.,[],[]
25913063,0,25913063_analysis_0,bvFTD > AD,,tbl2,2,MNI,"[[8.0, -70.0, 34.0], [46.0, -66.0, 42.0]]",0,False,,Excluded because GLOBAL_I2 is not met: this analysis compares bvFTD to AD (bvFTD > AD) rather than comparing the bvFTD group to healthy controls as required by the global inclusion criteria.,[],[],False,,"Excluded because GLOBAL_I2 is not met: the contrast is bvFTD > AD (shows greater in bvFTD relative to AD) and does not compare bvFTD to healthy controls. Additionally, the contrast does not report decreases for bvFTD (it reports increases), so the local decreasing-activity criterion is not satisfied.",[],[],False,,"Excluded because GLOBAL_I2 is not met: although the study uses VBM (STRUCTURAL_I1 likely satisfied), the analysis compares bvFTD to AD rather than bvFTD to healthy controls required by GLOBAL_I2.",[],[],False,,"Excluded because GLOBAL_I2 is not met: the analysis does not compare bvFTD to healthy controls. In addition, the study reports VBM structural results rather than fMRI/FDG-PET, so FUNCTIONAL_I1 is not satisfied.",[],[]
25913063,1,25913063_analysis_1,SD > AD,,tbl2,3,MNI,"[[8.0, -60.0, 20.0], [46.0, -62.0, 26.0], [44.0, -56.0, 6.0]]",0,False,,Excluded because GLOBAL_I2 is not met: this analysis compares SD to AD (SD > AD) and does not involve the bvFTD group compared to healthy controls required by the global inclusion criteria.,[],[],False,,"Excluded because GLOBAL_I2 is not met: the analysis contrasts SD and AD (no bvFTD vs controls comparison). Also the local criterion requires reporting decreases for bvFTD, but no bvFTD decreases are reported in this contrast.",[],[],False,,"Excluded because GLOBAL_I2 is not met: although the study uses VBM (STRUCTURAL_I1 likely satisfied), this specific analysis compares SD to AD rather than comparing bvFTD to healthy controls as required by GLOBAL_I2.",[],[],False,,"Excluded because GLOBAL_I2 is not met: this analysis does not include a bvFTD vs healthy control comparison. Additionally, the modality appears to be VBM structural rather than fMRI/FDG-PET, so FUNCTIONAL_I1 is not satisfied.",[],[]
26673947,0,26673947_analysis_0,Regions of GM atrophy in nfvPPA versus control subjects.,,tbl3,11,None,"[[-26.0, -10.0, 55.0], [-48.0, 0.0, 42.0], [-62.0, -1.0, 24.0], [-56.0, -9.0, 42.0], [-3.0, 8.0, 55.0], [-56.0, 7.0, 9.0], [-9.0, 14.0, 43.0], [-38.0, 23.0, 1.0], [-29.0, 5.0, 12.0], [-9.0, 8.0, 13.0], [-12.0, -19.0, 15.0]]",0,False,,"Global inclusion criterion GLOBAL_I2 not met: this analysis compares nfvPPA to controls, not the target bvFTD group versus controls.",[],[],False,,Global inclusion criterion GLOBAL_I2 not met: analysis is nfvPPA vs controls rather than bvFTD vs controls.,[],[],False,,"Global inclusion criterion GLOBAL_I2 not met: analysis involves nfvPPA vs controls, not bvFTD vs controls.",[],[],False,,Global inclusion criterion GLOBAL_I2 not met: analysis is nfvPPA vs controls rather than bvFTD vs controls.,[],[]
26673947,1,26673947_analysis_1,Regions of GM atrophy in bvFTD versus control subjects.,,tbl4,14,None,"[[2.0, 33.0, -12.0], [-29.0, 35.0, -15.0], [18.0, 23.0, 61.0], [35.0, 11.0, -36.0], [54.0, -12.0, -23.0], [3.0, 45.0, 10.0], [-6.0, 45.0, 10.0], [39.0, 21.0, 0.0], [-33.0, 14.0, -12.0], [11.0, 9.0, 9.0], [-9.0, 11.0, 9.0], [14.0, 6.0, -3.0], [-21.0, -1.0, 7.0], [-26.0, 6.0, 9.0]]",0,True,,Meets global whole-brain requirement and compares bvFTD to controls; uses VBM modality which satisfies the local inclusion for dementia_all.,"[""GLOBAL_I1"", ""GLOBAL_I2"", ""DEMENTIA_ALL_I1""]",[],True,,"Analysis reports gray-matter decreases in bvFTD versus controls (Control > bvFTD) and uses VBM, meeting local inclusion criteria.","[""GLOBAL_I1"", ""GLOBAL_I2"", ""DEMENTIA_DECREASING_ACTIVITY_I1"", ""DEMENTIA_DECREASING_ACTIVITY_I2""]",[],True,,"Uses VBM (voxel-based morphometry) for bvFTD versus controls, meeting the structural inclusion criterion.","[""GLOBAL_I1"", ""GLOBAL_I2"", ""STRUCTURAL_I1""]",[],False,,Local inclusion FUNCTIONAL_I1 not met: analysis uses VBM rather than fMRI or FDG-PET.,[],[]
26682697,0,26682697_analysis_0,AD versus Control,,38,5,MNI,"[[-22.0, -94.0, 6.0], [-2.0, 54.0, -4.0], [36.0, -8.0, 8.0], [8.0, 6.0, 6.0], [-46.0, 10.0, -46.0]]",0,False,,"Global inclusion criterion GLOBAL_I2 is not met: this analysis compares AD to Controls, not bvFTD to Controls.",[],[],False,,"Global inclusion criterion GLOBAL_I2 is not met: this analysis compares AD to Controls, not bvFTD to Controls.",[],[],False,,"Global inclusion criterion GLOBAL_I2 is not met: this analysis compares AD to Controls, not bvFTD to Controls.",[],[],False,,"Global inclusion criterion GLOBAL_I2 is not met: this analysis compares AD to Controls, not bvFTD to Controls.",[],[]
26682697,1,26682697_analysis_1,bvFTD versus Control,,38,4,MNI,"[[-30.0, -14.0, -48.0], [-50.0, -76.0, -14.0], [34.0, -76.0, -2.0], [22.0, -92.0, -2.0]]",0,True,,Meets GLOBAL_I1 (whole-brain voxelwise VBM) and DEMENTIA_ALL_I1 (uses VBM).,"[""GLOBAL_I1"", ""DEMENTIA_ALL_I1""]",[],True,,Meets GLOBAL_I1 (whole-brain VBM) and reports decreases in gray matter for bvFTD relative to controls (DEMENTIA_DECREASING_ACTIVITY_I1) and uses VBM (DEMENTIA_DECREASING_ACTIVITY_I2).,"[""GLOBAL_I1"", ""DEMENTIA_DECREASING_ACTIVITY_I1"", ""DEMENTIA_DECREASING_ACTIVITY_I2""]",[],True,,Meets GLOBAL_I1 (whole-brain voxelwise VBM) and STRUCTURAL_I1 (uses VBM).,"[""GLOBAL_I1"", ""STRUCTURAL_I1""]",[],False,,Missing local inclusion FUNCTIONAL_I1: analysis uses VBM (structural) not fMRI or FDG-PET.,[],[]
26682697,2,26682697_analysis_2,Overlap,,39,4,MNI,"[[-26.0, -8.0, -24.0], [-36.0, -32.0, -10.0], [-30.0, 2.0, -44.0], [26.0, -12.0, -24.0]]",0,False,,Global inclusion criterion GLOBAL_I2 is not met: this analysis reports VBM associations with Time-based PM across AD and bvFTD (not a bvFTD vs healthy control comparison).,[],[],False,,Global inclusion criterion GLOBAL_I2 is not met: analysis is an association with performance (AD and bvFTD) rather than a bvFTD vs control contrast.,[],[],False,,"Global inclusion criterion GLOBAL_I2 is not met: although this is VBM (meets GLOBAL_I1/STRUCTURAL_I1), it does not compare bvFTD to healthy controls.",[],[],False,,Global inclusion criterion GLOBAL_I2 is not met: analysis is VBM associations not fMRI/FDG-PET and not a bvFTD vs control comparison.,[],[]
26682697,3,26682697_analysis_3,Exclusive to AD,,39,17,MNI,"[[50.0, -78.0, -8.0], [-48.0, -56.0, 0.0], [-16.0, -98.0, -18.0], [-30.0, 34.0, -22.0], [-40.0, 16.0, 20.0], [-28.0, 14.0, -48.0], [40.0, 4.0, -46.0], [26.0, -12.0, -26.0], [-40.0, -24.0, 36.0], [-22.0, 4.0, -20.0], [36.0, -36.0, -10.0], [-60.0, -24.0, -30.0], [0.0, 32.0, 12.0], [-36.0, -34.0, -10.0], [-28.0, -8.0, -24.0], [40.0, 12.0, -20.0], [10.0, 30.0, -28.0]]",0,False,,"GLOBAL_I2 not met: 'Exclusive to AD' indicates results specific to AD, not a bvFTD vs healthy control comparison.",[],[],False,,GLOBAL_I2 not met: results are exclusive to AD rather than a bvFTD vs control contrast required by GLOBAL_I2.,[],[],False,,"GLOBAL_I2 not met: although modality is VBM, the analysis is AD-specific and does not compare bvFTD to healthy controls.",[],[],False,,GLOBAL_I2 not met and modality is VBM not fMRI/FDG-PET.,[],[]
26682697,4,26682697_analysis_4,Exclusive to bvFTD,,39,3,MNI,"[[-26.0, -6.0, -52.0], [-50.0, -4.0, -36.0], [-38.0, -28.0, -12.0]]",0,False,,GLOBAL_I2 not met: 'Exclusive to bvFTD' refers to VBM associations with Time-based PM specific to bvFTD but does not describe a bvFTD vs healthy control contrast.,[],[],False,,"GLOBAL_I2 not met: although findings are specific to bvFTD, the analysis is an association with performance rather than a bvFTD vs control comparison required by GLOBAL_I2.",[],[],False,,GLOBAL_I2 not met: modality is VBM (meets STRUCTURAL_I1) but missing required comparison to healthy controls (GLOBAL_I2).,[],[],False,,GLOBAL_I2 not met and modality is VBM not fMRI/FDG-PET.,[],[]
26682697,5,26682697_analysis_5,Overlap,,40,0,,[],0,False,,"GLOBAL_I2 not met: this analysis reports VBM associations with Event-based PM in AD and bvFTD, not a bvFTD vs healthy control comparison.",[],[],False,,GLOBAL_I2 not met: analysis is associative across patient groups rather than a direct bvFTD vs control contrast.,[],[],False,,GLOBAL_I2 not met: modality is VBM but analysis lacks the required bvFTD vs control comparison.,[],[],False,,GLOBAL_I2 not met and modality is VBM (not fMRI/FDG-PET).,[],[]
26682697,6,26682697_analysis_6,Exclusive to AD,,40,10,MNI,"[[-44.0, -56.0, 2.0], [-44.0, -26.0, 36.0], [-28.0, -10.0, -22.0], [52.0, -56.0, 6.0], [-24.0, -102.0, 0.0], [10.0, -70.0, 28.0], [-16.0, -98.0, -18.0], [-32.0, -54.0, 40.0], [40.0, 4.0, -48.0], [10.0, 30.0, -28.0]]",0,False,,"GLOBAL_I2 not met: 'Exclusive to AD' indicates AD-specific Event-based PM associations, not a bvFTD vs healthy control comparison.",[],[],False,,GLOBAL_I2 not met: results pertain to AD rather than a bvFTD vs control contrast required by GLOBAL_I2.,[],[],False,,GLOBAL_I2 not met: modality is VBM but analysis is AD-specific and does not compare bvFTD to healthy controls.,[],[],False,,GLOBAL_I2 not met and modality is VBM not fMRI/FDG-PET.,[],[]
26682697,7,26682697_analysis_7,Exclusive to bvFTD,,40,2,MNI,"[[-44.0, -16.0, -40.0], [30.0, -10.0, -28.0]]",0,False,,GLOBAL_I2 not met: 'Exclusive to bvFTD' refers to VBM associations with Event-based PM within bvFTD but not a bvFTD vs healthy control contrast.,[],[],False,,"GLOBAL_I2 not met: although specific to bvFTD, the analysis reports within-group associations rather than a bvFTD vs control comparison.",[],[],False,,GLOBAL_I2 not met: modality is VBM (STRUCTURAL_I1) but missing required comparison to healthy controls (GLOBAL_I2).,[],[],False,,GLOBAL_I2 not met and modality is VBM not fMRI/FDG-PET.,[],[]
26707083,0,26707083_analysis_0,analysis_0,Regions of significant atrophy in bvFTD patients compared with controls.,tbl2,8,None,"[[28.0, 4.0, -16.0], [34.0, -7.0, -24.0], [28.0, 1.0, -30.0], [10.0, 19.0, -22.0], [13.0, 46.0, -3.0], [4.0, 43.0, 12.0], [-45.0, -16.0, -27.0], [-36.0, -3.0, -18.0]]",0,True,,Global criteria met (whole-brain VBM comparison of bvFTD vs controls). Local inclusion satisfied: VBM modality is used.,"[""GLOBAL_I1"", ""GLOBAL_I2"", ""DEMENTIA_ALL_I1""]",[],True,,"Global criteria met (whole-brain comparison of bvFTD vs controls). Analysis reports atrophy in bvFTD (Control > bvFTD), and uses VBM modality.","[""GLOBAL_I1"", ""GLOBAL_I2"", ""DEMENTIA_DECREASING_ACTIVITY_I1"", ""DEMENTIA_DECREASING_ACTIVITY_I2""]",[],True,,Global criteria met (whole-brain comparison). Local criterion satisfied: Voxel-based morphometry (VBM) is the imaging modality used.,"[""GLOBAL_I1"", ""GLOBAL_I2"", ""STRUCTURAL_I1""]",[],False,,"Analysis uses VBM (structural MRI), not fMRI or FDG-PET; missing FUNCTIONAL_I1.",[],[]
26810632,0,26810632_analysis_0,bvFTD,Regions that covary with total caloric intake on the ad libitum breakfast test meal in bvFTD and semantic dementia,95,6,MNI,"[[14.0, -52.0, 2.0], [-50.0, -78.0, 12.0], [-12.0, -36.0, 10.0], [18.0, -44.0, -58.0], [-4.0, 22.0, 2.0], [10.0, -30.0, -12.0]]",0,False,,"Excluded because required global inclusion criteria are not met: GLOBAL_I1 (whole-brain voxelwise map) not specified, and GLOBAL_I2 (comparison of bvFTD to healthy controls with bvFTD not pooled) is not met—this analysis reports regions covarying with caloric intake within bvFTD and semantic dementia groups rather than a bvFTD vs control comparison. Also local inclusion DEMENTIA_ALL_I1 (uses VBM, fMRI, or FDG-PET) is not specified in the description.",[],[],False,,"Excluded because required global inclusion criteria are not met: GLOBAL_I1 (whole-brain voxelwise map) not specified, and GLOBAL_I2 (bvFTD vs healthy controls comparison) is not met—the analysis describes covariation within patient groups. Additionally, local inclusion criteria DEMENTIA_DECREASING_ACTIVITY_I1 (reports decreases in bvFTD) and DEMENTIA_DECREASING_ACTIVITY_I2 (uses VBM, fMRI, or FDG-PET) are not indicated.",[],[],False,,"Excluded because required global inclusion criteria are not met: GLOBAL_I1 (whole-brain voxelwise map) not specified, and GLOBAL_I2 (bvFTD vs healthy controls comparison) is not met. Local inclusion STRUCTURAL_I1 (uses VBM) is also not specified in the analysis description.",[],[],False,,"Excluded because required global inclusion criteria are not met: GLOBAL_I1 (whole-brain voxelwise map) not specified, and GLOBAL_I2 (bvFTD vs healthy controls comparison) is not met. Local inclusion FUNCTIONAL_I1 (uses fMRI or FDG-PET) is not specified.",[],[]
26810632,1,26810632_analysis_1,Semantic dementia,Regions that covary with total caloric intake on the ad libitum breakfast test meal in bvFTD and semantic dementia,95,10,MNI,"[[28.0, -48.0, -16.0], [2.0, 2.0, -28.0], [-10.0, -38.0, -10.0], [60.0, 10.0, 2.0], [-36.0, 40.0, -10.0], [-38.0, 10.0, 42.0], [12.0, 38.0, 34.0], [24.0, 40.0, -22.0], [14.0, -66.0, 50.0], [-26.0, 2.0, 46.0]]",0,False,,"Excluded because required global inclusion criteria are not met: GLOBAL_I1 (whole-brain voxelwise map) not specified, and GLOBAL_I2 (comparison of bvFTD to healthy controls) is not met—this analysis reports regions covarying with caloric intake within bvFTD and semantic dementia groups rather than a bvFTD vs control comparison. Also local inclusion DEMENTIA_ALL_I1 (uses VBM, fMRI, or FDG-PET) is not specified.",[],[],False,,"Excluded because required global inclusion criteria are not met: GLOBAL_I1 (whole-brain voxelwise map) not specified, and GLOBAL_I2 (bvFTD vs healthy controls comparison) is not met—the analysis describes covariation within patient groups. Additionally, local inclusion criteria DEMENTIA_DECREASING_ACTIVITY_I1 (reports decreases in bvFTD) and DEMENTIA_DECREASING_ACTIVITY_I2 (uses VBM, fMRI, or FDG-PET) are not indicated.",[],[],False,,"Excluded because required global inclusion criteria are not met: GLOBAL_I1 (whole-brain voxelwise map) not specified, and GLOBAL_I2 (bvFTD vs healthy controls comparison) is not met. Local inclusion STRUCTURAL_I1 (uses VBM) is also not specified in the analysis description.",[],[],False,,"Excluded because required global inclusion criteria are not met: GLOBAL_I1 (whole-brain voxelwise map) not specified, and GLOBAL_I2 (bvFTD vs healthy controls comparison) is not met. Local inclusion FUNCTIONAL_I1 (uses fMRI or FDG-PET) is not specified.",[],[]
26810632,2,26810632_analysis_2,bvFTD and semantic dementia,Regions that covary with sweet preference ratings (for most sweet dessert [C]) in the bvFTD and semantic dementia groups,95,14,MNI,"[[44.0, 20.0, -22.0], [24.0, -50.0, -26.0], [36.0, -58.0, 22.0], [28.0, 12.0, 28.0], [-36.0, -56.0, 20.0], [32.0, -36.0, 66.0], [44.0, 6.0, 4.0], [-14.0, -8.0, 54.0], [-48.0, 6.0, 8.0], [10.0, -24.0, 54.0], [24.0, -12.0, -22.0], [-24.0, -2.0, -12.0], [-38.0, -54.0, -62.0], [30.0, 36.0, 20.0]]",0,False,,"Excluded because required global inclusion criteria are not met: GLOBAL_I1 (whole-brain voxelwise map) not specified, and GLOBAL_I2 (comparison of bvFTD to healthy controls) is not met—this analysis reports regions covarying with sweet preference within bvFTD and semantic dementia groups rather than a bvFTD vs control comparison. Also local inclusion DEMENTIA_ALL_I1 (uses VBM, fMRI, or FDG-PET) is not specified.",[],[],False,,"Excluded because required global inclusion criteria are not met: GLOBAL_I1 (whole-brain voxelwise map) not specified, and GLOBAL_I2 (bvFTD vs healthy controls comparison) is not met—the analysis describes covariation within patient groups. Additionally, local inclusion criteria DEMENTIA_DECREASING_ACTIVITY_I1 (reports decreases in bvFTD) and DEMENTIA_DECREASING_ACTIVITY_I2 (uses VBM, fMRI, or FDG-PET) are not indicated.",[],[],False,,"Excluded because required global inclusion criteria are not met: GLOBAL_I1 (whole-brain voxelwise map) not specified, and GLOBAL_I2 (bvFTD vs healthy controls comparison) is not met. Local inclusion STRUCTURAL_I1 (uses VBM) is also not specified in the analysis description.",[],[],False,,"Excluded because required global inclusion criteria are not met: GLOBAL_I1 (whole-brain voxelwise map) not specified, and GLOBAL_I2 (bvFTD vs healthy controls comparison) is not met. Local inclusion FUNCTIONAL_I1 (uses fMRI or FDG-PET) is not specified.",[],[]
26928581,0,26928581_analysis_0,Controls vs. bvFTD,,67,6,TAL,"[[51.0, 9.0, 18.0], [48.0, 15.0, 25.0], [-6.0, -25.0, 3.0], [-30.0, -39.0, -3.0], [-16.0, -37.0, 6.0], [-36.0, -4.0, 8.0]]",0,True,,Whole-brain voxelwise VBM comparison of grey matter density between controls and bvFTD meets global criteria and uses an eligible modality (VBM).,"[""GLOBAL_I1"", ""GLOBAL_I2"", ""DEMENTIA_ALL_I1""]",[],True,,Whole-brain voxelwise VBM contrast Controls vs. bvFTD implies reporting decreases in gray matter in bvFTD (Control > bvFTD) and uses an eligible modality (VBM).,"[""GLOBAL_I1"", ""GLOBAL_I2"", ""DEMENTIA_DECREASING_ACTIVITY_I1"", ""DEMENTIA_DECREASING_ACTIVITY_I2""]",[],True,,Analysis uses voxel-based morphometry (VBM) whole-brain comparison between controls and bvFTD.,"[""GLOBAL_I1"", ""GLOBAL_I2"", ""STRUCTURAL_I1""]",[],False,,"Excluded because missing required local inclusion criterion FUNCTIONAL_I1 (analysis uses VBM, not fMRI or FDG-PET).",[],[]
26928581,1,26928581_analysis_1,Controls vs. bvFTD+,,67,5,TAL,"[[-46.0, 9.0, 18.0], [-50.0, 19.0, 29.0], [42.0, 43.0, 11.0], [51.0, 11.0, 16.0], [46.0, 21.0, -1.0]]",0,True,,Whole-brain voxelwise VBM comparison of grey matter density between controls and bvFTD+ meets global criteria and uses an eligible modality (VBM).,"[""GLOBAL_I1"", ""GLOBAL_I2"", ""DEMENTIA_ALL_I1""]",[],True,,Whole-brain voxelwise VBM contrast Controls vs. bvFTD+ implies reporting decreases in gray matter in bvFTD+ (Control > bvFTD+) and uses an eligible modality (VBM).,"[""GLOBAL_I1"", ""GLOBAL_I2"", ""DEMENTIA_DECREASING_ACTIVITY_I1"", ""DEMENTIA_DECREASING_ACTIVITY_I2""]",[],True,,Analysis uses voxel-based morphometry (VBM) whole-brain comparison between controls and bvFTD+.,"[""GLOBAL_I1"", ""GLOBAL_I2"", ""STRUCTURAL_I1""]",[],False,,"Excluded because missing required local inclusion criterion FUNCTIONAL_I1 (analysis uses VBM, not fMRI or FDG-PET).",[],[]
26928581,2,26928581_analysis_2,Controls vs. bvFTD-,,67,4,TAL,"[[-36.0, 53.0, 14.0], [-51.0, 16.0, 7.0], [-46.0, -44.0, 43.0], [48.0, 15.0, 25.0]]",0,True,,Whole-brain voxelwise VBM comparison of grey matter density between controls and bvFTD- meets global criteria and uses an eligible modality (VBM).,"[""GLOBAL_I1"", ""GLOBAL_I2"", ""DEMENTIA_ALL_I1""]",[],True,,Whole-brain voxelwise VBM contrast Controls vs. bvFTD- implies reporting decreases in gray matter in bvFTD- (Control > bvFTD-) and uses an eligible modality (VBM).,"[""GLOBAL_I1"", ""GLOBAL_I2"", ""DEMENTIA_DECREASING_ACTIVITY_I1"", ""DEMENTIA_DECREASING_ACTIVITY_I2""]",[],True,,Analysis uses voxel-based morphometry (VBM) whole-brain comparison between controls and bvFTD-.,"[""GLOBAL_I1"", ""GLOBAL_I2"", ""STRUCTURAL_I1""]",[],False,,"Excluded because missing required local inclusion criterion FUNCTIONAL_I1 (analysis uses VBM, not fMRI or FDG-PET).",[],[]
26928581,3,26928581_analysis_3,Controls vs. bvFTD,,68,23,TAL,"[[-36.0, 53.0, 14.0], [-14.0, 12.0, 12.0], [8.0, 10.0, 12.0], [18.0, 62.0, -3.0], [6.0, 12.0, 9.0], [-44.0, 42.0, 24.0], [-10.0, 55.0, 10.0], [10.0, 9.0, 18.0], [38.0, 21.0, -4.0], [6.0, 18.0, 6.0], [-51.0, 16.0, 7.0], [-53.0, 10.0, 1.0], [-51.0, 27.0, 6.0], [-28.0, 58.0, 1.0], [26.0, 58.0, 25.0], [28.0, 46.0, 29.0], [36.0, 24.0, 8.0], [-8.0, 4.0, -4.0], [2.0, 8.0, 36.0], [-10.0, 10.0, 36.0], [-14.0, 12.0, 38.0], [-6.0, 6.0, 0.0], [50.0, -47.0, 36.0]]",0,True,,Whole-brain voxelwise FDG-PET comparison of metabolism between controls and bvFTD meets global criteria and uses an eligible modality (FDG-PET).,"[""GLOBAL_I1"", ""GLOBAL_I2"", ""DEMENTIA_ALL_I1""]",[],True,,Whole-brain voxelwise FDG-PET contrast Controls vs. bvFTD implies reporting decreases in metabolism in bvFTD (Control > bvFTD) and uses an eligible modality (FDG-PET).,"[""GLOBAL_I1"", ""GLOBAL_I2"", ""DEMENTIA_DECREASING_ACTIVITY_I1"", ""DEMENTIA_DECREASING_ACTIVITY_I2""]",[],False,,"Excluded because missing required local inclusion criterion STRUCTURAL_I1 (analysis uses FDG-PET, not VBM).",[],[],True,,"Analysis uses FDG-PET whole-brain comparison between controls and bvFTD, meeting global criteria and functional modality requirement.","[""GLOBAL_I1"", ""GLOBAL_I2"", ""FUNCTIONAL_I1""]",[]
26928581,4,26928581_analysis_4,Controls vs. bvFTD+,,68,11,TAL,"[[6.0, 17.0, -18.0], [-16.0, 9.0, 18.0], [-12.0, 24.0, -18.0], [38.0, 22.0, 12.0], [36.0, 21.0, -4.0], [34.0, 15.0, -9.0], [44.0, 9.0, -14.0], [-42.0, 18.0, 12.0], [16.0, 62.0, -3.0], [-51.0, -19.0, 18.0], [-61.0, -24.0, 21.0]]",0,True,,Whole-brain voxelwise FDG-PET comparison of metabolism between controls and bvFTD+ meets global criteria and uses an eligible modality (FDG-PET).,"[""GLOBAL_I1"", ""GLOBAL_I2"", ""DEMENTIA_ALL_I1""]",[],True,,Whole-brain voxelwise FDG-PET contrast Controls vs. bvFTD+ implies reporting decreases in metabolism in bvFTD+ (Control > bvFTD+) and uses an eligible modality (FDG-PET).,"[""GLOBAL_I1"", ""GLOBAL_I2"", ""DEMENTIA_DECREASING_ACTIVITY_I1"", ""DEMENTIA_DECREASING_ACTIVITY_I2""]",[],False,,"Excluded because missing required local inclusion criterion STRUCTURAL_I1 (analysis uses FDG-PET, not VBM).",[],[],True,,"Analysis uses FDG-PET whole-brain comparison between controls and bvFTD+, meeting global criteria and functional modality requirement.","[""GLOBAL_I1"", ""GLOBAL_I2"", ""FUNCTIONAL_I1""]",[]
26928581,5,26928581_analysis_5,Controls vs. bvFTD-,,68,5,TAL,"[[-16.0, 57.0, 21.0], [-38.0, 23.0, -5.0], [-46.0, -44.0, 43.0], [51.0, 16.0, 7.0], [50.0, -47.0, 36.0]]",0,True,,Whole-brain voxelwise FDG-PET comparison of metabolism between controls and bvFTD- meets global criteria and uses an eligible modality (FDG-PET).,"[""GLOBAL_I1"", ""GLOBAL_I2"", ""DEMENTIA_ALL_I1""]",[],True,,Whole-brain voxelwise FDG-PET contrast Controls vs. bvFTD- implies reporting decreases in metabolism in bvFTD- (Control > bvFTD-) and uses an eligible modality (FDG-PET).,"[""GLOBAL_I1"", ""GLOBAL_I2"", ""DEMENTIA_DECREASING_ACTIVITY_I1"", ""DEMENTIA_DECREASING_ACTIVITY_I2""]",[],False,,"Excluded because missing required local inclusion criterion STRUCTURAL_I1 (analysis uses FDG-PET, not VBM).",[],[],True,,"Analysis uses FDG-PET whole-brain comparison between controls and bvFTD-, meeting global criteria and functional modality requirement.","[""GLOBAL_I1"", ""GLOBAL_I2"", ""FUNCTIONAL_I1""]",[]
26944874,0,26944874_analysis_0,"Grey Matter Atrophy, svPPA<Control",,31,3,MNI,"[[-28.0, -6.0, -36.0], [42.0, -10.0, -38.0], [12.0, 18.0, -16.0]]",0,False,,"Analysis targets svPPA group (svPPA<Control), not bvFTD; fails global inclusion criterion GLOBAL_I2 (must compare bvFTD group to healthy controls).",[],[],False,,"Analysis targets svPPA, not bvFTD; missing required global inclusion criterion GLOBAL_I2.",[],[],False,,"Analysis targets svPPA rather than bvFTD, so GLOBAL_I2 is not met.",[],[],False,,"Analysis targets svPPA rather than bvFTD, so GLOBAL_I2 is not met.",[],[]
26944874,1,26944874_analysis_1,Regression of Task Accuracy with Grey Matter Atrophy,,31,3,MNI,"[[-46.0, 10.0, -26.0], [-46.0, 0.0, -40.0], [-40.0, -24.0, -26.0]]",0,False,,Analysis is a regression in the svPPA group (not bvFTD); fails GLOBAL_I2 (must compare bvFTD group to healthy controls).,[],[],False,,"Analysis concerns svPPA rather than bvFTD, so it does not meet the required GLOBAL_I2 inclusion criterion.",[],[],False,,"Excluded because the analysis is in svPPA, not bvFTD (missing GLOBAL_I2).",[],[],False,,"Excluded because the analysis is in svPPA, not bvFTD (GLOBAL_I2 not met).",[],[]
26944874,2,26944874_analysis_2,Regression of the Reversal of Concreteness Effect with Grey Matter Atrophy,,31,3,MNI,"[[-42.0, 2.0, -40.0], [-66.0, -8.0, -18.0], [-46.0, -12.0, -2.0]]",0,False,,"Analysis targets svPPA (reversal of concreteness effect in svPPA), not bvFTD; missing GLOBAL_I2.",[],[],False,,"Analysis is for svPPA rather than bvFTD, failing the required GLOBAL_I2 inclusion criterion.",[],[],False,,"Excluded because the analysis concerns svPPA, not bvFTD (GLOBAL_I2 not satisfied).",[],[],False,,Excluded because the analysis concerns svPPA rather than bvFTD (GLOBAL_I2 missing).,[],[]
26944874,3,26944874_analysis_3,"Grey Matter Atrophy, bvFTD<Control",,32,4,MNI,"[[-10.0, 46.0, -6.0], [-64.0, -10.0, -14.0], [-52.0, 0.0, -36.0], [42.0, -12.0, -28.0]]",0,True,,Whole-brain voxelwise VBM comparison of bvFTD versus controls (bvFTD<Control) meets global criteria and uses VBM modality.,"[""GLOBAL_I1"", ""GLOBAL_I2"", ""DEMENTIA_ALL_I1""]",[],True,,"Analysis reports decreased gray matter in bvFTD relative to controls (bvFTD<Control) and uses VBM, satisfying global and local inclusion criteria.","[""GLOBAL_I1"", ""GLOBAL_I2"", ""DEMENTIA_DECREASING_ACTIVITY_I1"", ""DEMENTIA_DECREASING_ACTIVITY_I2""]",[],True,,Study uses voxel-based morphometry (VBM) comparing bvFTD to controls; meets global and structural inclusion criteria.,"[""GLOBAL_I1"", ""GLOBAL_I2"", ""STRUCTURAL_I1""]",[],False,,Modality is VBM (structural); does not meet FUNCTIONAL_I1 which requires fMRI or FDG-PET.,[],[]
26944874,4,26944874_analysis_4,Regression of Task Accuracy with Grey Matter Atrophy,,32,7,MNI,"[[-8.0, 56.0, 2.0], [-30.0, 48.0, -12.0], [-20.0, 40.0, 40.0], [-4.0, 12.0, -16.0], [26.0, 58.0, 14.0], [12.0, 2.0, 18.0], [28.0, 54.0, -14.0]]",0,True,,Whole-brain voxelwise regression of task accuracy with gray matter in the bvFTD group uses VBM modality and compares bvFTD to controls (meets global criteria).,"[""GLOBAL_I1"", ""GLOBAL_I2"", ""DEMENTIA_ALL_I1""]",[],True,,Voxelwise VBM regression identifies regions where reduced gray matter (atrophy) in bvFTD is associated with task accuracy; meets global and local inclusion criteria.,"[""GLOBAL_I1"", ""GLOBAL_I2"", ""DEMENTIA_DECREASING_ACTIVITY_I1"", ""DEMENTIA_DECREASING_ACTIVITY_I2""]",[],True,,This analysis uses VBM voxelwise regressions (structural modality) relating gray matter to task accuracy in bvFTD.,"[""GLOBAL_I1"", ""GLOBAL_I2"", ""STRUCTURAL_I1""]",[],False,,Modality is VBM (structural); FUNCTIONAL_I1 (fMRI or FDG-PET) is not met.,[],[]
26944874,5,26944874_analysis_5,Regression of the Concreteness Effect with Grey Matter Atrophy,,32,2,MNI,"[[-30.0, 46.0, -14.0], [40.0, 10.0, -8.0]]",0,True,,Whole-brain voxelwise regression of the Concreteness Effect with gray matter in bvFTD uses VBM modality and satisfies global inclusion criteria.,"[""GLOBAL_I1"", ""GLOBAL_I2"", ""DEMENTIA_ALL_I1""]",[],True,,"Voxelwise VBM regression links decreased gray matter (atrophy) in bvFTD to the concreteness effect, meeting both global and local inclusion criteria.","[""GLOBAL_I1"", ""GLOBAL_I2"", ""DEMENTIA_DECREASING_ACTIVITY_I1"", ""DEMENTIA_DECREASING_ACTIVITY_I2""]",[],True,,"Analysis uses voxel-based morphometry (VBM) to associate gray matter with the concreteness effect in bvFTD, satisfying structural inclusion criteria.","[""GLOBAL_I1"", ""GLOBAL_I2"", ""STRUCTURAL_I1""]",[],False,,Modality is VBM (structural); does not meet FUNCTIONAL_I1 (requires fMRI or FDG-PET).,[],[]
27252632,0,27252632_analysis_0,AD vs. Controls,,T3,9,MNI,"[[-28.0, 4.0, -48.0], [-40.0, 14.0, 22.0], [46.0, -86.0, 6.0], [14.0, 48.0, -4.0], [-14.0, 56.0, -10.0], [34.0, 6.0, -42.0], [-46.0, -56.0, -36.0], [-4.0, 4.0, 72.0], [26.0, -12.0, -16.0]]",0,False,,"Global inclusion criterion GLOBAL_I2 not met: this analysis compares AD to controls, not bvFTD to controls.",[],[],False,,"Global inclusion criterion GLOBAL_I2 not met: this analysis compares AD to controls, not bvFTD to controls.",[],[],False,,"Global inclusion criterion GLOBAL_I2 not met: this analysis compares AD to controls, not bvFTD to controls.",[],[],False,,"Global inclusion criterion GLOBAL_I2 not met: this analysis compares AD to controls, not bvFTD to controls.",[],[]
27252632,1,27252632_analysis_1,bvFTD vs. Controls,,T3,8,MNI,"[[-32.0, -76.0, -58.0], [50.0, -58.0, -50.0], [48.0, -54.0, 20.0], [44.0, -2.0, 38.0], [-48.0, -44.0, 10.0], [6.0, -46.0, -22.0], [46.0, 14.0, 52.0], [-18.0, -28.0, 42.0]]",0,True,,Global criteria met (whole-brain voxelwise VBM and direct bvFTD vs. controls contrast) and local inclusion DEMENTIA_ALL_I1 (uses VBM) satisfied.,"[""GLOBAL_I1"", ""GLOBAL_I2"", ""DEMENTIA_ALL_I1""]",[],True,,Global criteria met and local inclusion criteria satisfied: DEMENTIA_DECREASING_ACTIVITY_I1 (reports decreases in gray matter for bvFTD relative to controls) and DEMENTIA_DECREASING_ACTIVITY_I2 (uses VBM).,"[""GLOBAL_I1"", ""GLOBAL_I2"", ""DEMENTIA_DECREASING_ACTIVITY_I1"", ""DEMENTIA_DECREASING_ACTIVITY_I2""]",[],True,,Global criteria met and local inclusion STRUCTURAL_I1 (analysis uses VBM) satisfied.,"[""GLOBAL_I1"", ""GLOBAL_I2"", ""STRUCTURAL_I1""]",[],False,,"Local functional inclusion criterion FUNCTIONAL_I1 not met: modality is VBM (structural), not fMRI or FDG-PET.",[],[]
27252632,2,27252632_analysis_2,Episodic future thinking,,T4,7,MNI,"[[30.0, -14.0, -10.0], [36.0, -32.0, -6.0], [-32.0, -36.0, 4.0], [-6.0, -84.0, -20.0], [-20.0, -58.0, -50.0], [-42.0, -28.0, -2.0], [-28.0, -72.0, -8.0]]",0,False,,"Global inclusion criterion GLOBAL_I2 not met: this analysis reports voxelwise associations across pooled AD and bvFTD patients (n=30), not a bvFTD vs. healthy control contrast.",[],[],False,,"Global inclusion criterion GLOBAL_I2 not met: this analysis reports voxelwise associations across pooled AD and bvFTD patients (n=30), not a bvFTD vs. healthy control contrast.",[],[],False,,"Global inclusion criterion GLOBAL_I2 not met: this is a pooled patient-performance VBM analysis (AD + bvFTD), not a bvFTD vs. controls contrast.",[],[],False,,Global inclusion criterion GLOBAL_I2 not met: this VBM performance-association analysis does not compare bvFTD to healthy controls and does not use fMRI/FDG-PET required for FUNCTIONAL_I1.,[],[]
27252632,3,27252632_analysis_3,Semantic future thinking,,T4,13,MNI,"[[46.0, -86.0, 6.0], [16.0, -90.0, 18.0], [-14.0, 14.0, 46.0], [-54.0, -72.0, -4.0], [-20.0, -94.0, 28.0], [28.0, -38.0, 70.0], [-34.0, -30.0, -26.0], [50.0, -28.0, -18.0], [30.0, -16.0, -46.0], [-42.0, 4.0, 6.0], [-24.0, -6.0, -32.0], [52.0, -6.0, -36.0], [20.0, 60.0, -18.0]]",0,False,,"Global inclusion criterion GLOBAL_I2 not met: this analysis reports voxelwise associations across pooled AD and bvFTD patients (n=30), not a bvFTD vs. healthy control contrast.",[],[],False,,"Global inclusion criterion GLOBAL_I2 not met: this analysis reports voxelwise associations across pooled AD and bvFTD patients (n=30), not a bvFTD vs. healthy control contrast.",[],[],False,,"Global inclusion criterion GLOBAL_I2 not met: this is a pooled patient-performance VBM analysis (AD + bvFTD), not a bvFTD vs. controls contrast.",[],[],False,,Global inclusion criterion GLOBAL_I2 not met: this VBM performance-association analysis does not compare bvFTD to healthy controls and does not use fMRI/FDG-PET required for FUNCTIONAL_I1.,[],[]
27258418,0,27258418_analysis_0,AD versus Controls,,44,4,MNI,"[[-46.0, -56.0, 14.0], [-14.0, 48.0, 4.0], [24.0, -80.0, -56.0], [34.0, -36.0, 54.0]]",0,False,,"Global inclusion criterion GLOBAL_I2 not met: this analysis compares AD to Controls, not bvFTD to healthy controls.",[],[],False,,"Global inclusion criterion GLOBAL_I2 not met: this analysis compares AD to Controls, not bvFTD to healthy controls.",[],[],False,,"Global inclusion criterion GLOBAL_I2 not met: this analysis compares AD to Controls, not bvFTD to healthy controls.",[],[],False,,"Global inclusion criterion GLOBAL_I2 not met: this analysis compares AD to Controls, not bvFTD to healthy controls.",[],[]
27258418,1,27258418_analysis_1,bvFTD versus Controls,,44,1,MNI,"[[34.0, -8.0, -52.0]]",0,True,,Global criteria met (whole-brain voxelwise VBM and direct comparison of bvFTD to healthy controls). Local inclusion DEMENTIA_ALL_I1 (uses VBM) is satisfied.,"[""GLOBAL_I1"", ""GLOBAL_I2"", ""DEMENTIA_ALL_I1""]",[],True,,Global criteria met (whole-brain VBM comparing bvFTD to controls). Local criteria DEMENTIA_DECREASING_ACTIVITY_I1 (reports decreases in bvFTD relative to controls) and DEMENTIA_DECREASING_ACTIVITY_I2 (uses VBM) are satisfied.,"[""GLOBAL_I1"", ""GLOBAL_I2"", ""DEMENTIA_DECREASING_ACTIVITY_I1"", ""DEMENTIA_DECREASING_ACTIVITY_I2""]",[],True,,Global criteria met (whole-brain VBM comparing bvFTD to controls). Local inclusion STRUCTURAL_I1 (uses VBM) is satisfied.,"[""GLOBAL_I1"", ""GLOBAL_I2"", ""STRUCTURAL_I1""]",[],False,,"Local inclusion FUNCTIONAL_I1 not met: this analysis is a VBM structural analysis, not fMRI (task/rest) or FDG-PET.",[],[]
27258418,2,27258418_analysis_2,bvFTD versus AD,,44,4,MNI,"[[50.0, 8.0, -40.0], [-12.0, 18.0, -18.0], [12.0, 14.0, 2.0], [-32.0, 14.0, -30.0]]",0,False,,"Global inclusion criterion GLOBAL_I2 not met: this analysis compares bvFTD to AD, not bvFTD to healthy controls.",[],[],False,,"Global inclusion criterion GLOBAL_I2 not met: this analysis compares bvFTD to AD, not bvFTD to healthy controls.",[],[],False,,"Global inclusion criterion GLOBAL_I2 not met: this analysis compares bvFTD to AD, not bvFTD to healthy controls.",[],[],False,,"Global inclusion criterion GLOBAL_I2 not met: this analysis compares bvFTD to AD, not bvFTD to healthy controls.",[],[]
27258418,3,27258418_analysis_3,AD versus bvFTD,,44,0,,[],0,False,,"Global inclusion criterion GLOBAL_I2 not met: this analysis compares AD to bvFTD, not bvFTD to healthy controls.",[],[],False,,"Global inclusion criterion GLOBAL_I2 not met: this analysis compares AD to bvFTD, not bvFTD to healthy controls.",[],[],False,,"Global inclusion criterion GLOBAL_I2 not met: this analysis compares AD to bvFTD, not bvFTD to healthy controls.",[],[],False,,"Global inclusion criterion GLOBAL_I2 not met: this analysis compares AD to bvFTD, not bvFTD to healthy controls.",[],[]
27258418,4,27258418_analysis_4,AD,Perspective Taking,45,5,MNI,"[[-56.0, -22.0, -18.0], [-50.0, -54.0, -4.0], [-28.0, -16.0, -38.0], [54.0, -20.0, -14.0], [-32.0, -60.0, -34.0]]",0,False,,Global inclusion criterion GLOBAL_I2 not met: this is a within-group VBM correlation in AD and does not compare bvFTD to healthy controls.,[],[],False,,Global inclusion criterion GLOBAL_I2 not met: this is a within-group VBM correlation in AD and does not compare bvFTD to healthy controls.,[],[],False,,Global inclusion criterion GLOBAL_I2 not met: this is a within-group VBM correlation in AD and does not compare bvFTD to healthy controls.,[],[],False,,Global inclusion criterion GLOBAL_I2 not met: this is a within-group VBM correlation in AD and does not compare bvFTD to healthy controls.,[],[]
27258418,5,27258418_analysis_5,bvFTD,Perspective Taking,45,17,MNI,"[[44.0, -4.0, -48.0], [6.0, 30.0, -30.0], [-42.0, -8.0, -48.0], [-44.0, -14.0, -4.0], [-24.0, 58.0, -4.0], [24.0, -32.0, -10.0], [-28.0, -72.0, -36.0], [-50.0, -54.0, -4.0], [10.0, -82.0, -34.0], [-20.0, -72.0, 16.0], [-26.0, -88.0, -4.0], [-58.0, -14.0, -22.0], [20.0, -86.0, 26.0], [-58.0, -22.0, 36.0], [-24.0, -38.0, 0.0], [24.0, -90.0, -12.0], [-10.0, 32.0, -28.0]]",0,False,,"Global inclusion criterion GLOBAL_I2 not met: this is a within-group VBM correlation in the bvFTD group (Perspective Taking), not a comparison of bvFTD to healthy controls.",[],[],False,,"Global inclusion criterion GLOBAL_I2 not met: this is a within-group VBM correlation in the bvFTD group (Perspective Taking), not a comparison of bvFTD to healthy controls.",[],[],False,,"Global inclusion criterion GLOBAL_I2 not met: this is a within-group VBM correlation in the bvFTD group (Perspective Taking), not a comparison of bvFTD to healthy controls.",[],[],False,,"Global inclusion criterion GLOBAL_I2 not met: this is a within-group VBM correlation in the bvFTD group (Perspective Taking), not a comparison of bvFTD to healthy controls.",[],[]
27258418,6,27258418_analysis_6,AD,Empathic Concern,46,0,,[],0,False,,Global inclusion criterion GLOBAL_I2 not met: this is a within-group VBM correlation in AD (Empathic Concern) and does not compare bvFTD to healthy controls.,[],[],False,,Global inclusion criterion GLOBAL_I2 not met: this is a within-group VBM correlation in AD (Empathic Concern) and does not compare bvFTD to healthy controls.,[],[],False,,Global inclusion criterion GLOBAL_I2 not met: this is a within-group VBM correlation in AD (Empathic Concern) and does not compare bvFTD to healthy controls.,[],[],False,,Global inclusion criterion GLOBAL_I2 not met: this is a within-group VBM correlation in AD (Empathic Concern) and does not compare bvFTD to healthy controls.,[],[]
27258418,7,27258418_analysis_7,bvFTD,Empathic Concern,46,7,MNI,"[[-38.0, 24.0, -12.0], [-28.0, -26.0, 50.0], [-12.0, -26.0, 36.0], [-28.0, -70.0, 28.0], [-10.0, -6.0, 8.0], [-42.0, -50.0, 16.0], [12.0, -18.0, 38.0]]",0,False,,"Global inclusion criterion GLOBAL_I2 not met: this is a within-group VBM correlation in the bvFTD group (Empathic Concern), not a comparison of bvFTD to healthy controls.",[],[],False,,"Global inclusion criterion GLOBAL_I2 not met: this is a within-group VBM correlation in the bvFTD group (Empathic Concern), not a comparison of bvFTD to healthy controls.",[],[],False,,"Global inclusion criterion GLOBAL_I2 not met: this is a within-group VBM correlation in the bvFTD group (Empathic Concern), not a comparison of bvFTD to healthy controls.",[],[],False,,"Global inclusion criterion GLOBAL_I2 not met: this is a within-group VBM correlation in the bvFTD group (Empathic Concern), not a comparison of bvFTD to healthy controls.",[],[]
27301638,0,27301638_analysis_0,Quantifiers,,t0010,17,MNI,"[[-12.0, 12.0, 7.0], [10.0, 14.0, 7.0], [-8.0, -42.0, -30.0], [-8.0, 25.0, -13.0], [4.0, -19.0, 6.0], [-55.0, 7.0, 18.0], [28.0, 48.0, 23.0], [10.0, -32.0, -24.0], [-22.0, 16.0, 42.0], [40.0, -27.0, 49.0], [8.0, -44.0, 19.0], [-38.0, -36.0, 17.0], [-24.0, 9.0, 59.0], [26.0, 14.0, 47.0], [-4.0, 15.0, 38.0], [-40.0, 21.0, 27.0], [42.0, 25.0, 2.0]]",0,False,,Analysis label ('Quantifiers') does not indicate a whole-brain voxelwise imaging map and does not compare a bvFTD group to healthy controls; missing GLOBAL_I1 and GLOBAL_I2.,[],[],False,,Analysis is not a whole-brain imaging contrast involving bvFTD vs controls; missing GLOBAL_I1 and GLOBAL_I2.,[],[],False,,Not a whole-brain VBM map comparing bvFTD to controls; missing GLOBAL_I1 and GLOBAL_I2 (and STRUCTURAL_I1).,[],[],False,,Not a whole-brain fMRI/FDG map comparing bvFTD to controls; missing GLOBAL_I1 and GLOBAL_I2 (and FUNCTIONAL_I1).,[],[]
27301638,1,27301638_analysis_1,Object Nouns,,t0010,11,MNI,"[[-44.0, -46.0, -18.0], [-55.0, -3.0, -13.0], [-46.0, 12.0, -31.0], [-34.0, -2.0, -40.0], [-6.0, -12.0, 26.0], [-63.0, -36.0, -15.0], [-6.0, 17.0, 19.0], [-63.0, -13.0, -21.0], [-34.0, -24.0, -19.0], [10.0, -41.0, -40.0], [28.0, -39.0, -5.0]]",0,False,,Analysis label ('Object Nouns') does not indicate a whole-brain voxelwise imaging map and does not compare a bvFTD group to healthy controls; missing GLOBAL_I1 and GLOBAL_I2.,[],[],False,,Not a whole-brain imaging contrast involving bvFTD vs controls; missing GLOBAL_I1 and GLOBAL_I2.,[],[],False,,Not a whole-brain VBM map comparing bvFTD to controls; missing GLOBAL_I1 and GLOBAL_I2 (and STRUCTURAL_I1).,[],[],False,,Not a whole-brain fMRI/FDG map comparing bvFTD to controls; missing GLOBAL_I1 and GLOBAL_I2 (and FUNCTIONAL_I1).,[],[]
27301638,2,27301638_analysis_2,CBS < Eld,,t0015,7,MNI,"[[-26.0, 4.0, -44.0], [64.0, -4.0, -24.0], [26.0, -8.0, -14.0], [32.0, 18.0, 54.0], [-4.0, -66.0, 44.0], [-12.0, -24.0, 44.0], [44.0, -2.0, 48.0]]",0,False,,Group contrast is CBS < Eld (not bvFTD); fails GLOBAL_I2 (analysis must compare bvFTD to healthy controls).,[],[],False,,"Contrast involves CBS, not bvFTD; missing GLOBAL_I2.",[],[],False,,"Contrast is CBS vs elders, not bvFTD vs elders; missing GLOBAL_I2 (required bvFTD comparison).",[],[],False,,Contrast is CBS vs elders (not bvFTD); missing GLOBAL_I2 (and no indication of fMRI/FDG modality).,[],[]
27301638,3,27301638_analysis_3,bvFTD < Eld,,t0015,2,MNI,"[[42.0, -2.0, -48.0], [-18.0, -34.0, -6.0]]",0,True,,Analysis is a bvFTD < Eld whole-brain contrast consistent with voxelwise structural MRI (VBM) reported in the study; satisfies GLOBAL_I1 and GLOBAL_I2 and uses an accepted modality (VBM) per DEMENTIA_ALL_I1.,"[""GLOBAL_I1"", ""GLOBAL_I2"", ""DEMENTIA_ALL_I1""]",[],True,,"Contrast reports decreases for bvFTD (bvFTD < Eld) and uses an accepted modality (VBM), meeting GLOBAL_I1/GLOBAL_I2 and DEMENTIA_DECREASING_ACTIVITY_I1/I2.","[""GLOBAL_I1"", ""GLOBAL_I2"", ""DEMENTIA_DECREASING_ACTIVITY_I1"", ""DEMENTIA_DECREASING_ACTIVITY_I2""]",[],True,,"This is a whole-brain bvFTD vs control VBM contrast, satisfying GLOBAL_I1/GLOBAL_I2 and STRUCTURAL_I1.","[""GLOBAL_I1"", ""GLOBAL_I2"", ""STRUCTURAL_I1""]",[],False,,"Although global criteria are met, the analysis is structural VBM (study MRI atrophy results) and does not use fMRI or FDG-PET; missing FUNCTIONAL_I1.",[],[]
27301638,4,27301638_analysis_4,svPPA < Eld,,t0015,3,MNI,"[[-24.0, -4.0, -50.0], [36.0, -8.0, -48.0], [14.0, 6.0, -12.0]]",0,False,,Contrast is svPPA < Eld (not bvFTD); fails GLOBAL_I2 (must be bvFTD vs controls).,[],[],False,,svPPA contrast does not involve bvFTD; missing GLOBAL_I2.,[],[],False,,svPPA < Eld is not a bvFTD vs control comparison; missing GLOBAL_I2 (and STRUCTURAL_I1 applicability cannot be confirmed for bvFTD).,[],[],False,,svPPA contrast does not meet GLOBAL_I2 (bvFTD vs controls) and no indication of fMRI/FDG modality; missing GLOBAL_I2 and FUNCTIONAL_I1.,[],[]
27301638,5,27301638_analysis_5,CBS < Eld,,t0020,1,MNI,"[[9.0, -12.0, -14.0]]",0,False,,"Contrast is CBS < Eld (not bvFTD), so GLOBAL_I2 is not met.",[],[],False,,CBS contrast does not involve bvFTD; missing GLOBAL_I2.,[],[],False,,CBS < Eld is not a bvFTD vs control comparison (GLOBAL_I2 missing).,[],[],False,,CBS contrast does not meet GLOBAL_I2 and modality is not indicated as fMRI/FDG (missing GLOBAL_I2 and FUNCTIONAL_I1).,[],[]
27301638,6,27301638_analysis_6,(quantifier connections),,t0020,5,MNI,"[[-2.0, -8.0, 27.0], [-44.0, -46.0, 1.0], [-9.0, 43.0, -15.0], [10.0, 34.0, -16.0], [20.0, -10.0, 46.0]]",0,False,,Label '(quantifier connections)' indicates a connectivity/seed-based analysis; excluded by GLOBAL_E2 (seed-based or resting-state connectivity).,[],"[""GLOBAL_E2""]",False,,Connectivity (seed-based) analysis excluded by GLOBAL_E2.,[],"[""GLOBAL_E2""]",False,,"This is a connectivity analysis (seed-based), excluded by GLOBAL_E2 and not a VBM structural map (STRUCTURAL_I1 not satisfied).",[],"[""GLOBAL_E2""]",False,,Seed-based connectivity/resting-state analysis excluded by GLOBAL_E2 (global exclusion for seed-based connectivity).,[],"[""GLOBAL_E2""]"
27301638,7,27301638_analysis_7,bvFTD < Eld,,t0020,1,MNI,"[[-13.0, 38.0, -17.0]]",0,True,,Analysis labeled bvFTD < Eld is a whole-brain bvFTD vs control contrast consistent with VBM reported in the study; meets GLOBAL_I1/GLOBAL_I2 and DEMENTIA_ALL_I1 (VBM).,"[""GLOBAL_I1"", ""GLOBAL_I2"", ""DEMENTIA_ALL_I1""]",[],True,,bvFTD < Eld indicates decreased volume/activity in bvFTD vs controls and the modality is consistent with VBM; meets GLOBAL_I1/GLOBAL_I2 and DEMENTIA_DECREASING_ACTIVITY_I1/I2.,"[""GLOBAL_I1"", ""GLOBAL_I2"", ""DEMENTIA_DECREASING_ACTIVITY_I1"", ""DEMENTIA_DECREASING_ACTIVITY_I2""]",[],True,,"This is a whole-brain VBM contrast of bvFTD vs controls, satisfying GLOBAL_I1/GLOBAL_I2 and STRUCTURAL_I1.","[""GLOBAL_I1"", ""GLOBAL_I2"", ""STRUCTURAL_I1""]",[],False,,Analysis appears to be structural VBM rather than fMRI/FDG-PET; missing FUNCTIONAL_I1.,[],[]
27301638,8,27301638_analysis_8,(quantifier connections),,t0020,5,MNI,"[[4.0, -37.0, -18.0], [-38.0, -34.0, -7.0], [3.0, -37.0, 20.0], [37.0, -11.0, -18.0], [2.0, 0.0, 3.0]]",0,False,,"Label '(quantifier connections)' implies a seed-based connectivity analysis, which is excluded by GLOBAL_E2.",[],"[""GLOBAL_E2""]",False,,Seed-based connectivity analysis excluded by GLOBAL_E2 (global exclusion for connectivity analyses).,[],"[""GLOBAL_E2""]",False,,Connectivity/seed-based analysis is not VBM and is excluded by GLOBAL_E2.,[],"[""GLOBAL_E2""]",False,,Seed-based connectivity/resting-state analysis excluded by GLOBAL_E2.,[],"[""GLOBAL_E2""]"
27301638,9,27301638_analysis_9,CBS < Eld,,t0020,1,MNI,"[[-46.0, -44.0, -2.0]]",0,False,,Group contrast is CBS < Eld (not bvFTD); fails GLOBAL_I2 (must compare bvFTD to healthy controls).,[],[],False,,CBS contrast does not involve bvFTD; missing GLOBAL_I2.,[],[],False,,CBS < Eld is not a bvFTD vs control comparison (GLOBAL_I2 missing).,[],[],False,,CBS contrast does not meet GLOBAL_I2 (bvFTD vs controls) and no modality indication of fMRI/FDG; missing GLOBAL_I2 and FUNCTIONAL_I1.,[],[]
27301638,10,27301638_analysis_10,(noun connections),,t0020,1,MNI,"[[-44.0, -39.0, 29.0]]",0,False,,'(noun connections)' indicates a connectivity/seed-based analysis; excluded by GLOBAL_E2.,[],"[""GLOBAL_E2""]",False,,Seed-based connectivity analysis is excluded by GLOBAL_E2.,[],"[""GLOBAL_E2""]",False,,Connectivity analysis is not VBM and is excluded by GLOBAL_E2.,[],"[""GLOBAL_E2""]",False,,Seed-based connectivity/resting-state analysis excluded by GLOBAL_E2.,[],"[""GLOBAL_E2""]"
27301638,11,27301638_analysis_11,bvFTD < Eld,,t0020,1,MNI,"[[-48.0, -26.0, -21.0]]",0,True,,Analysis labeled bvFTD < Eld is a whole-brain contrast consistent with VBM in the study; meets GLOBAL_I1/GLOBAL_I2 and DEMENTIA_ALL_I1 (VBM).,"[""GLOBAL_I1"", ""GLOBAL_I2"", ""DEMENTIA_ALL_I1""]",[],True,,bvFTD < Eld reports decreases in bvFTD relative to elders and is consistent with VBM modality; meets GLOBAL_I1/GLOBAL_I2 and DEMENTIA_DECREASING_ACTIVITY_I1/I2.,"[""GLOBAL_I1"", ""GLOBAL_I2"", ""DEMENTIA_DECREASING_ACTIVITY_I1"", ""DEMENTIA_DECREASING_ACTIVITY_I2""]",[],True,,This whole-brain bvFTD vs control contrast is consistent with VBM and satisfies GLOBAL_I1/GLOBAL_I2 and STRUCTURAL_I1.,"[""GLOBAL_I1"", ""GLOBAL_I2"", ""STRUCTURAL_I1""]",[],False,,Analysis appears to be structural (VBM) rather than fMRI/FDG-PET; missing FUNCTIONAL_I1.,[],[]
27301638,12,27301638_analysis_12,(noun connections),,t0020,1,MNI,"[[-15.0, 28.0, -14.0]]",0,False,,"'(noun connections)' is a connectivity/seed-based analysis, excluded by GLOBAL_E2.",[],"[""GLOBAL_E2""]",False,,Seed-based connectivity analysis excluded by GLOBAL_E2.,[],"[""GLOBAL_E2""]",False,,Connectivity/seed-based analysis is not VBM and is excluded by GLOBAL_E2.,[],"[""GLOBAL_E2""]",False,,Seed-based connectivity/resting-state analysis excluded by GLOBAL_E2.,[],"[""GLOBAL_E2""]"
27301638,13,27301638_analysis_13,svPPA < Eld (noun connections),,t0020,1,MNI,"[[-34.0, 1.0, -37.0]]",0,False,,svPPA < Eld (noun connections) combines a non-bvFTD group and a connections/seed-based analysis; excluded by GLOBAL_E2 (connectivity) and fails GLOBAL_I2 (not bvFTD).,[],"[""GLOBAL_E2""]",False,,Seed-based connectivity analysis (and not a bvFTD contrast); excluded by GLOBAL_E2 and missing GLOBAL_I2.,[],"[""GLOBAL_E2""]",False,,Connectivity analysis for svPPA is not VBM and is excluded by GLOBAL_E2 (and does not meet GLOBAL_I2 requirement).,[],"[""GLOBAL_E2""]",False,,Seed-based connectivity/resting-state analysis excluded by GLOBAL_E2 and group is not bvFTD (GLOBAL_I2 missing).,[],"[""GLOBAL_E2""]"
27567867,0,27567867_analysis_0,VBM differences between DbvFTD >AbvFTD groups in selected ROIs,,35,9,None,"[[52.5, 9.9, 24.3], [49.4, 12.9, 17.6], [62.5, 19.9, 14.3], [39.6, 61.2, 0.8], [29.6, 69.3, 0.9], [-1.8, 30.6, 24.3], [-8.1, 12.6, -1.5], [-34.2, 9.9, -24.3], [-37.8, 10.8, -24.2]]",0,False,,"Excluded because the analysis is reported as ROI-based ('selected ROIs'), violating GLOBAL_E1 (Region-of-interest analyses). Additionally, it is not a whole-brain voxelwise map (GLOBAL_I1 not met) and does not compare bvFTD to healthy controls (GLOBAL_I2 not met).",[],"[""GLOBAL_E1""]",False,,"Excluded because the analysis is reported as ROI-based ('selected ROIs'), violating GLOBAL_E1 (Region-of-interest analyses). Additionally, it is not a whole-brain voxelwise map (GLOBAL_I1 not met) and does not compare bvFTD to healthy controls (GLOBAL_I2 not met).",[],"[""GLOBAL_E1""]",False,,"Excluded because the analysis is reported as ROI-based ('selected ROIs'), violating GLOBAL_E1 (Region-of-interest analyses). Although the modality is VBM, the GLOBAL_E1 exclusion (ROI analysis) applies and GLOBAL_I1 (whole-brain) is not met; it also does not compare to healthy controls (GLOBAL_I2 not met).",[],"[""GLOBAL_E1""]",False,,"Excluded because the analysis is reported as ROI-based ('selected ROIs'), violating GLOBAL_E1 (Region-of-interest analyses). Additionally, it is not whole-brain (GLOBAL_I1 not met) and does not compare bvFTD to healthy controls (GLOBAL_I2 not met).",[],"[""GLOBAL_E1""]"
28119587,0,28119587_analysis_0,AD,Statistics of significant differences in gray matter anatomical volume.,T2,1,MNI,"[[30.0, 25.0, 12.0]]",0,False,,Analysis is VBM for AD (not bvFTD); fails GLOBAL_I2 (must compare bvFTD to controls).,[],[],False,,Analysis is VBM for AD (not bvFTD); fails GLOBAL_I2 (must compare bvFTD to controls).,[],[],False,,"Although this is a VBM (STRUCTURAL_I1) whole-brain analysis, it is for AD rather than bvFTD and therefore fails GLOBAL_I2 (must compare bvFTD to controls).",[],[],False,,"Missing required modality FUNCTIONAL_I1 (this is a structural VBM analysis, not fMRI/FDG-PET) and also fails GLOBAL_I2 (analysis is AD, not bvFTD).",[],[]
28119587,1,28119587_analysis_1,bvFTD,Statistics of significant differences in gray matter anatomical volume.,T2,1,MNI,"[[31.0, 16.0, 30.0]]",0,True,,Global criteria met (whole-brain VBM and bvFTD vs controls) and local criterion DEMENTIA_ALL_I1 (uses VBM) met.,"[""GLOBAL_I1"", ""GLOBAL_I2"", ""DEMENTIA_ALL_I1""]",[],True,,Global criteria met (whole-brain VBM and bvFTD vs controls) and analysis reports decreases in gray matter for bvFTD consistent with DEMENTIA_DECREASING_ACTIVITY_I1 and modality VBM meets DEMENTIA_DECREASING_ACTIVITY_I2.,"[""GLOBAL_I1"", ""GLOBAL_I2"", ""DEMENTIA_DECREASING_ACTIVITY_I1"", ""DEMENTIA_DECREASING_ACTIVITY_I2""]",[],True,,"This is a whole-brain VBM analysis comparing bvFTD to controls, satisfying GLOBAL_I1, GLOBAL_I2 and STRUCTURAL_I1.","[""GLOBAL_I1"", ""GLOBAL_I2"", ""STRUCTURAL_I1""]",[],False,,"Missing required modality FUNCTIONAL_I1 (this is a VBM structural analysis, not fMRI/FDG-PET).",[],[]
28119587,2,28119587_analysis_2,"AD, DMN, wbICA non-CV",,T3,1,MNI,"[[23.0, 21.0, 22.0]]",0,False,,Excluded due to GLOBAL_E2 (resting-state analyses are excluded by global criteria).,[],"[""GLOBAL_E2""]",False,,Excluded due to GLOBAL_E2 (resting-state analyses are excluded by global criteria).,[],"[""GLOBAL_E2""]",False,,"Excluded due to GLOBAL_E2 (this is a resting-state fMRI ICA analysis, not a VBM structural analysis).",[],"[""GLOBAL_E2""]",False,,Excluded due to GLOBAL_E2 (resting-state analyses are excluded by global criteria).,[],"[""GLOBAL_E2""]"
28119587,3,28119587_analysis_3,"AD, DMN, wbICA CV",,T3,1,MNI,"[[23.0, 21.0, 22.0]]",0,False,,Excluded due to GLOBAL_E2 (resting-state analyses are excluded by global criteria).,[],"[""GLOBAL_E2""]",False,,Excluded due to GLOBAL_E2 (resting-state analyses are excluded by global criteria).,[],"[""GLOBAL_E2""]",False,,"Excluded due to GLOBAL_E2 (this is a resting-state fMRI ICA analysis, not a VBM structural analysis).",[],"[""GLOBAL_E2""]",False,,Excluded due to GLOBAL_E2 (resting-state analyses are excluded by global criteria).,[],"[""GLOBAL_E2""]"
28119587,4,28119587_analysis_4,"AD, DMN, gmICA non-CV",,T3,0,,[],0,False,,Excluded due to GLOBAL_E2 (resting-state analyses are excluded by global criteria).,[],"[""GLOBAL_E2""]",False,,Excluded due to GLOBAL_E2 (resting-state analyses are excluded by global criteria).,[],"[""GLOBAL_E2""]",False,,"Excluded due to GLOBAL_E2 (this is a resting-state fMRI ICA analysis, not a VBM structural analysis).",[],"[""GLOBAL_E2""]",False,,Excluded due to GLOBAL_E2 (resting-state analyses are excluded by global criteria).,[],"[""GLOBAL_E2""]"
28119587,5,28119587_analysis_5,"AD, DMN, gmICA CV",,T3,1,MNI,"[[23.0, 20.0, 23.0]]",0,False,,Excluded due to GLOBAL_E2 (resting-state analyses are excluded by global criteria).,[],"[""GLOBAL_E2""]",False,,Excluded due to GLOBAL_E2 (resting-state analyses are excluded by global criteria).,[],"[""GLOBAL_E2""]",False,,"Excluded due to GLOBAL_E2 (this is a resting-state fMRI ICA analysis, not a VBM structural analysis).",[],"[""GLOBAL_E2""]",False,,Excluded due to GLOBAL_E2 (resting-state analyses are excluded by global criteria).,[],"[""GLOBAL_E2""]"
28119587,6,28119587_analysis_6,"bvFTD, SLN, wbICA non-CV",,T3,1,MNI,"[[35.0, 32.0, 16.0]]",0,False,,"Excluded due to GLOBAL_E2 (resting-state analyses are excluded by global criteria), even though this is a bvFTD comparison.",[],"[""GLOBAL_E2""]",False,,"Although the study reports decreased SLN connectivity in bvFTD, this analysis is resting-state fMRI and is excluded by GLOBAL_E2.",[],"[""GLOBAL_E2""]",False,,"Excluded due to GLOBAL_E2 (this is a resting-state fMRI ICA analysis, not VBM structural).",[],"[""GLOBAL_E2""]",False,,Excluded due to GLOBAL_E2 (resting-state analyses are excluded by global criteria).,[],"[""GLOBAL_E2""]"
28119587,7,28119587_analysis_7,"bvFTD, SLN, wbICA CV",,T3,2,MNI,"[[22.0, 7.0, 19.0], [35.0, 32.0, 16.0]]",0,False,,"Excluded due to GLOBAL_E2 (resting-state analyses are excluded by global criteria), despite being a bvFTD comparison.",[],"[""GLOBAL_E2""]",False,,"Although decreased SLN connectivity is reported for bvFTD, this is resting-state fMRI and excluded by GLOBAL_E2.",[],"[""GLOBAL_E2""]",False,,"Excluded due to GLOBAL_E2 (this is a resting-state fMRI ICA analysis, not VBM structural).",[],"[""GLOBAL_E2""]",False,,Excluded due to GLOBAL_E2 (resting-state analyses are excluded by global criteria).,[],"[""GLOBAL_E2""]"
28119587,8,28119587_analysis_8,"bvFTD, SLN, gmICA non-CV",,T3,0,,[],0,False,,"Excluded due to GLOBAL_E2 (resting-state analyses are excluded by global criteria), despite being a bvFTD comparison.",[],"[""GLOBAL_E2""]",False,,"Although gmICA without CV found no changes, this is a resting-state fMRI analysis and is excluded by GLOBAL_E2.",[],"[""GLOBAL_E2""]",False,,"Excluded due to GLOBAL_E2 (this is a resting-state fMRI ICA analysis, not VBM structural).",[],"[""GLOBAL_E2""]",False,,Excluded due to GLOBAL_E2 (resting-state analyses are excluded by global criteria).,[],"[""GLOBAL_E2""]"
28119587,9,28119587_analysis_9,"bvFTD, SLN, gmICA CV",,T3,1,MNI,"[[8.0, 31.0, 16.0]]",0,False,,"Excluded due to GLOBAL_E2 (resting-state analyses are excluded by global criteria), despite being a bvFTD comparison.",[],"[""GLOBAL_E2""]",False,,"Although decreased SLN connectivity is reported when using CV+gmICA, this is resting-state fMRI and excluded by GLOBAL_E2.",[],"[""GLOBAL_E2""]",False,,"Excluded due to GLOBAL_E2 (this is a resting-state fMRI ICA analysis, not VBM structural).",[],"[""GLOBAL_E2""]",False,,Excluded due to GLOBAL_E2 (resting-state analyses are excluded by global criteria).,[],"[""GLOBAL_E2""]"
28219620,0,28219620_analysis_0,analysis_0,Regions (based on AAL) of significant atrophy (local maxima) in bvFTD patients compared with healthy controls.,t0015,19,None,"[[37.7, -19.5, -30.0], [24.0, -6.0, -16.5], [-13.5, -36.0, 3.0], [-24.0, 9.0, -19.5], [48.0, 10.5, -19.5], [66.0, -45.0, 10.5], [46.5, -79.5, 7.5], [-4.5, -1.5, 57.0], [6.0, 0.0, 43.5], [-4.5, -34.5, 49.5], [-42.0, -4.5, 54.0], [48.0, 33.0, 9.0], [-24.0, -78.0, 43.5], [-24.0, -84.0, 30.0], [60.0, -9.0, 4.5], [-13.5, -72.0, 12.0], [13.5, -57.0, 28.5], [15.0, -60.0, 19.5], [1.5, 37.5, -12.0]]",0,True,,"Analysis reports whole-brain voxelwise VBM results comparing bvFTD patients with healthy controls (local maxima of atrophy). Meets GLOBAL_I1 and GLOBAL_I2, and local DEMENTIA_ALL_I1 (VBM).","[""GLOBAL_I1"", ""GLOBAL_I2"", ""DEMENTIA_ALL_I1""]",[],True,,"Reports decreases (atrophy = reduced GM volume) in bvFTD relative to controls and uses VBM. Meets GLOBAL_I1 and GLOBAL_I2, and local DEMENTIA_DECREASING_ACTIVITY_I1 and DEMENTIA_DECREASING_ACTIVITY_I2.","[""GLOBAL_I1"", ""GLOBAL_I2"", ""DEMENTIA_DECREASING_ACTIVITY_I1"", ""DEMENTIA_DECREASING_ACTIVITY_I2""]",[],True,,"Uses Voxel-Based Morphometry (VBM) and compares bvFTD to healthy controls in a whole-brain analysis. Meets GLOBAL_I1 and GLOBAL_I2, and STRUCTURAL_I1.","[""GLOBAL_I1"", ""GLOBAL_I2"", ""STRUCTURAL_I1""]",[],False,,"Excluded because imaging modality is structural VBM, not fMRI or FDG-PET — missing FUNCTIONAL_I1.",[],[]
28219620,1,28219620_analysis_1,Regions (based on AAL) of significant atrophy (local maxima) in BD patients compared with healthy controls.,,t0020,4,None,"[[27.0, -9.0, 63.0], [-28.5, 3.0, 7.5], [-42.0, -10.5, 0.0], [-10.5, -72.0, 15.0]]",0,False,,"Excluded because GLOBAL_I2 is not met: this analysis compares BD patients with healthy controls, not the bvFTD group versus healthy controls.",[],[],False,,Excluded because GLOBAL_I2 is not met: analysis does not compare bvFTD to healthy controls (it compares BD to controls).,[],[],False,,Excluded because GLOBAL_I2 is not met: analysis compares BD to healthy controls rather than bvFTD to healthy controls.,[],[],False,,Excluded because GLOBAL_I2 is not met: analysis does not involve the required bvFTD vs healthy control comparison.,[],[]
28219620,2,28219620_analysis_2,Regions (based on AAL) of significant atrophy (local maxima) in bvFTD patients compared with BD patients.,,t0025,13,None,"[[36.0, -28.5, -30.0], [57.0, -42.0, -9.0], [-40.5, -28.5, -28.5], [-4.5, -19.5, 10.5], [7.5, -39.0, 33.0], [7.5, -1.5, 45.0], [-25.5, 54.0, 3.0], [-10.5, 49.5, 31.5], [-21.0, -54.0, 64.5], [-45.0, 27.0, 22.5], [-15.0, -70.5, 37.5], [-19.5, -78.0, 42.0], [46.5, -57.0, 37.5]]",0,False,,"Excluded because GLOBAL_I2 is not met: this analysis compares bvFTD to BD, not bvFTD to healthy controls.",[],[],False,,Excluded because GLOBAL_I2 is not met: comparison is bvFTD vs BD rather than bvFTD vs healthy controls (fails global inclusion).,[],[],False,,Excluded because GLOBAL_I2 is not met: analysis contrasts bvFTD with BD (not bvFTD with healthy controls).,[],[],False,,Excluded because GLOBAL_I2 is not met: does not compare bvFTD to healthy controls (contrast is bvFTD vs BD).,[],[]
28662418,0,28662418_analysis_0,TASIT Part 1,,tbl2,12,MNI,"[[28.0, 6.0, -20.0], [24.0, 64.0, -6.0], [-40.0, -16.0, -42.0], [50.0, -8.0, -20.0], [18.0, -54.0, 10.0], [26.0, -20.0, -10.0], [-22.0, -86.0, -48.0], [52.0, -50.0, 4.0], [-14.0, 20.0, -8.0], [-40.0, -16.0, 32.0], [-40.0, -32.0, 20.0], [52.0, 10.0, -8.0]]",0,False,,"Missing GLOBAL_I1 (no evidence this is a whole-brain voxelwise map). Also does not appear to be a bvFTD vs control imaging contrast, so GLOBAL_I2 is not met.",[],[],False,,Missing GLOBAL_I1 (no evidence this is a whole-brain voxelwise map). Also GLOBAL_I2 is not met (not a bvFTD vs control imaging contrast).,[],[],False,,Missing GLOBAL_I1 (no evidence of a whole-brain voxelwise VBM map). Also GLOBAL_I2 is not met (not a bvFTD vs control imaging contrast).,[],[],False,,Missing GLOBAL_I1 (no evidence of a whole-brain voxelwise fMRI/FDG-PET map). Also GLOBAL_I2 is not met (not a bvFTD vs control imaging contrast).,[],[]
28662418,1,28662418_analysis_1,TASIT Part 2,,tbl2,0,,[],0,False,,"Missing GLOBAL_I1 (no evidence this is a whole-brain voxelwise map). Also does not appear to be a bvFTD vs control imaging contrast, so GLOBAL_I2 is not met.",[],[],False,,Missing GLOBAL_I1 (no evidence this is a whole-brain voxelwise map). Also GLOBAL_I2 is not met (not a bvFTD vs control imaging contrast).,[],[],False,,Missing GLOBAL_I1 (no evidence of a whole-brain voxelwise VBM map). Also GLOBAL_I2 is not met (not a bvFTD vs control imaging contrast).,[],[],False,,Missing GLOBAL_I1 (no evidence of a whole-brain voxelwise fMRI/FDG-PET map). Also GLOBAL_I2 is not met (not a bvFTD vs control imaging contrast).,[],[]
28662418,2,28662418_analysis_2,Average Sincere & Sarcasm,,tbl2,2,MNI,"[[-16.0, -70.0, 18.0], [26.0, 2.0, -20.0]]",0,False,,"Missing GLOBAL_I1 (no evidence this is a whole-brain voxelwise map). Also does not appear to be a bvFTD vs control imaging contrast, so GLOBAL_I2 is not met.",[],[],False,,Missing GLOBAL_I1 (no evidence this is a whole-brain voxelwise map). Also GLOBAL_I2 is not met (not a bvFTD vs control imaging contrast).,[],[],False,,Missing GLOBAL_I1 (no evidence of a whole-brain voxelwise VBM map). Also GLOBAL_I2 is not met (not a bvFTD vs control imaging contrast).,[],[],False,,Missing GLOBAL_I1 (no evidence of a whole-brain voxelwise fMRI/FDG-PET map). Also GLOBAL_I2 is not met (not a bvFTD vs control imaging contrast).,[],[]
28662418,3,28662418_analysis_3,Sarcasm covarying for Sincere,,tbl2,2,MNI,"[[-42.0, 10.0, -38.0], [34.0, 20.0, -30.0]]",0,False,,"Missing GLOBAL_I1 (no evidence this is a whole-brain voxelwise map). Also does not appear to be a bvFTD vs control imaging contrast, so GLOBAL_I2 is not met.",[],[],False,,Missing GLOBAL_I1 (no evidence this is a whole-brain voxelwise map). Also GLOBAL_I2 is not met (not a bvFTD vs control imaging contrast).,[],[],False,,Missing GLOBAL_I1 (no evidence of a whole-brain voxelwise VBM map). Also GLOBAL_I2 is not met (not a bvFTD vs control imaging contrast).,[],[],False,,Missing GLOBAL_I1 (no evidence of a whole-brain voxelwise fMRI/FDG-PET map). Also GLOBAL_I2 is not met (not a bvFTD vs control imaging contrast).,[],[]
28662418,4,28662418_analysis_4,bvFTD & controls,,tbl3,12,MNI,"[[54.0, 16.0, -26.0], [-38.0, -4.0, -50.0], [16.0, 58.0, -12.0], [-16.0, -86.0, -48.0], [-14.0, 56.0, -14.0], [-50.0, -50.0, -6.0], [-46.0, -8.0, 26.0], [-28.0, -26.0, 50.0], [-48.0, -28.0, 6.0], [22.0, -68.0, -34.0], [-20.0, -34.0, -6.0], [10.0, 30.0, -26.0]]",0,False,,"GLOBAL_I2 (bvFTD vs controls) appears satisfied by the analysis name, but GLOBAL_I1 (whole-brain voxelwise map) is not evidenced in the provided metadata, so inclusion fails due to missing GLOBAL_I1.",[],[],False,,"GLOBAL_I2 (bvFTD vs controls) appears satisfied, but GLOBAL_I1 (whole-brain voxelwise map) is not reported in the provided information; missing GLOBAL_I1.",[],[],False,,"Although this is a bvFTD vs control comparison (GLOBAL_I2 met by name), there is no evidence that this is a whole-brain VBM map (GLOBAL_I1 missing), so it cannot be included as a structural VBM analysis.",[],[],False,,"Although this contrasts bvFTD with controls (GLOBAL_I2 met by name), there is no evidence that this is a whole-brain fMRI/FDG-PET map (GLOBAL_I1 missing), so it fails the global inclusion requirement.",[],[]
28662418,5,28662418_analysis_5,AD & controls,,tbl3,14,MNI,"[[60.0, -34.0, -28.0], [48.0, -52.0, 0.0], [-40.0, -14.0, -44.0], [22.0, 64.0, -8.0], [-20.0, -35.0, -6.0], [-36.0, -2.0, 6.0], [42.0, 14.0, 14.0], [-30.0, -34.0, 60.0], [-46.0, -56.0, 14.0], [34.0, -38.0, 48.0], [-44.0, -28.0, 16.0], [-14.0, 18.0, -6.0], [-38.0, -16.0, 34.0], [-48.0, 10.0, -22.0]]",0,False,,"Missing GLOBAL_I1 (no evidence this is a whole-brain voxelwise map). Also does not compare bvFTD to controls (this is AD vs controls), so GLOBAL_I2 is not met.",[],[],False,,Missing GLOBAL_I1 (no evidence this is a whole-brain voxelwise map). Also GLOBAL_I2 is not met because this is an AD vs control contrast rather than bvFTD vs control.,[],[],False,,"Missing GLOBAL_I1 (no evidence of whole-brain VBM map). Additionally GLOBAL_I2 is not met (analysis compares AD to controls, not bvFTD to controls).",[],[],False,,"Missing GLOBAL_I1 (no evidence of whole-brain fMRI/FDG-PET map). Additionally GLOBAL_I2 is not met (AD vs controls, not bvFTD vs controls).",[],[]
28662418,6,28662418_analysis_6,bvFTD & controls: Average Sincere & Sarcasm,,tbl4,2,MNI,"[[-36.0, -2.0, -42.0], [28.0, 4.0, -24.0]]",0,False,,"GLOBAL_I2 (bvFTD vs controls) appears satisfied by the analysis name, but GLOBAL_I1 (whole-brain voxelwise map) is not provided in the metadata; missing GLOBAL_I1.",[],[],False,,"Although this is a bvFTD vs control comparison (GLOBAL_I2 met by name), there is no evidence that this is a whole-brain voxelwise fMRI/FDG-PET/VBM analysis (GLOBAL_I1 missing).",[],[],False,,"This is labeled as a bvFTD vs control analysis but there is no indication it is a whole-brain VBM map (GLOBAL_I1 missing), so it cannot be included as structural VBM.",[],[],False,,"This contrasts bvFTD with controls by name (GLOBAL_I2), but there is no evidence of a whole-brain fMRI/FDG-PET voxelwise map (GLOBAL_I1 missing).",[],[]
28662418,7,28662418_analysis_7,bvFTD & controls: Sarcasm covarying for Sincere,,tbl4,2,MNI,"[[-38.0, -4.0, -44.0], [24.0, -10.0, -16.0]]",0,False,,"GLOBAL_I2 (bvFTD vs controls) appears to be met by the analysis label, but GLOBAL_I1 (whole-brain voxelwise map) is not reported in the provided metadata; missing GLOBAL_I1.",[],[],False,,"Although labeled as bvFTD vs controls (GLOBAL_I2), there is no evidence this is a whole-brain voxelwise fMRI/FDG-PET/VBM analysis (GLOBAL_I1 missing).",[],[],False,,"Despite being a bvFTD vs control contrast by name, there is no indication this is a whole-brain VBM analysis (GLOBAL_I1 missing), so it cannot be included as structural.",[],[],False,,"Label indicates a bvFTD vs control analysis (GLOBAL_I2), but no evidence is provided that this is a whole-brain fMRI/FDG-PET voxelwise map (GLOBAL_I1 missing).",[],[]
28662418,8,28662418_analysis_8,AD & controls: Average Sincere & Sarcasm,,tbl4,0,,[],0,False,,"Missing GLOBAL_I1 (no evidence this is a whole-brain voxelwise map). Also this analysis compares AD to controls rather than bvFTD to controls, so GLOBAL_I2 is not met.",[],[],False,,"Missing GLOBAL_I1 (no evidence this is a whole-brain voxelwise map). Additionally GLOBAL_I2 is not met because this contrasts AD vs controls, not bvFTD vs controls.",[],[],False,,Missing GLOBAL_I1 (no evidence of whole-brain VBM map). Also GLOBAL_I2 is not met (AD vs controls rather than bvFTD vs controls).,[],[],False,,Missing GLOBAL_I1 (no evidence of whole-brain fMRI/FDG-PET map). Also GLOBAL_I2 is not met (AD vs controls rather than bvFTD vs controls).,[],[]
28662418,9,28662418_analysis_9,AD & controls: Sarcasm covarying for Sincere,,tbl4,0,,[],0,False,,"Missing GLOBAL_I1 (no evidence this is a whole-brain voxelwise map). Also this is an AD vs control contrast, so GLOBAL_I2 (bvFTD vs controls) is not met.",[],[],False,,Missing GLOBAL_I1 (no evidence this is a whole-brain voxelwise map). Additionally GLOBAL_I2 is not met because the analysis compares AD to controls rather than bvFTD to controls.,[],[],False,,"Missing GLOBAL_I1 (no indication of a whole-brain VBM map). Also GLOBAL_I2 is not met (AD vs controls, not bvFTD vs controls).",[],[],False,,"Missing GLOBAL_I1 (no evidence of whole-brain fMRI/FDG-PET voxelwise data). Also GLOBAL_I2 is not met (analysis compares AD to controls, not bvFTD to controls).",[],[]
29704671,0,29704671_analysis_0,Affective apathy,,tbl3,8,MNI,"[[-32.0, 12.0, -28.0], [46.0, 28.0, -6.0], [-58.0, -14.0, -38.0], [44.0, 8.0, -44.0], [22.0, 62.0, 20.0], [0.0, 52.0, -22.0], [-34.0, -20.0, 8.0], [32.0, 18.0, -26.0]]",0,False,,Missing required global inclusion criteria: GLOBAL_I1 (whole-brain voxelwise map) and GLOBAL_I2 (analysis comparing bvFTD to healthy controls). Analysis metadata does not specify modality or whole-brain voxelwise results or that bvFTD was compared to controls.,[],[],False,,"Missing required global inclusion criteria: GLOBAL_I1 (whole-brain voxelwise map) and GLOBAL_I2 (bvFTD vs healthy controls). Additionally, local inclusion criteria DEMENTIA_DECREASING_ACTIVITY_I2 (uses VBM, fMRI, or FDG-PET) cannot be confirmed from the provided metadata.",[],[],False,,Missing required global inclusion criteria: GLOBAL_I1 (whole-brain voxelwise map) and GLOBAL_I2 (bvFTD vs healthy controls). Local inclusion STRUCTURAL_I1 (VBM modality) is also not confirmed in the analysis metadata.,[],[],False,,Missing required global inclusion criteria: GLOBAL_I1 (whole-brain voxelwise map) and GLOBAL_I2 (bvFTD vs healthy controls). Local inclusion FUNCTIONAL_I1 (fMRI or FDG-PET modality) is also not confirmed in the analysis metadata.,[],[]
29704671,1,29704671_analysis_1,Behavioural apathy,,tbl3,10,MNI,"[[6.0, 56.0, -24.0], [-8.0, 18.0, -4.0], [50.0, 2.0, 16.0], [-22.0, 62.0, -14.0], [44.0, 24.0, 34.0], [38.0, 16.0, 6.0], [-28.0, 44.0, -12.0], [14.0, -76.0, -32.0], [-16.0, 34.0, -18.0], [14.0, -76.0, -32.0]]",0,False,,Missing required global inclusion criteria: GLOBAL_I1 (whole-brain voxelwise map) and GLOBAL_I2 (analysis comparing bvFTD to healthy controls). Analysis metadata does not specify modality or whole-brain voxelwise results or that bvFTD was compared to controls.,[],[],False,,"Missing required global inclusion criteria: GLOBAL_I1 (whole-brain voxelwise map) and GLOBAL_I2 (bvFTD vs healthy controls). Additionally, local inclusion criteria DEMENTIA_DECREASING_ACTIVITY_I2 (uses VBM, fMRI, or FDG-PET) cannot be confirmed from the provided metadata.",[],[],False,,Missing required global inclusion criteria: GLOBAL_I1 (whole-brain voxelwise map) and GLOBAL_I2 (bvFTD vs healthy controls). Local inclusion STRUCTURAL_I1 (VBM modality) is also not confirmed in the analysis metadata.,[],[],False,,Missing required global inclusion criteria: GLOBAL_I1 (whole-brain voxelwise map) and GLOBAL_I2 (bvFTD vs healthy controls). Local inclusion FUNCTIONAL_I1 (fMRI or FDG-PET modality) is also not confirmed in the analysis metadata.,[],[]
29704671,2,29704671_analysis_2,Cognitive apathy,,tbl3,4,MNI,"[[-44.0, 14.0, -34.0], [-56.0, -10.0, -36.0], [10.0, -22.0, 38.0], [16.0, 10.0, 6.0]]",0,False,,Missing required global inclusion criteria: GLOBAL_I1 (whole-brain voxelwise map) and GLOBAL_I2 (analysis comparing bvFTD to healthy controls). Analysis metadata does not specify modality or whole-brain voxelwise results or that bvFTD was compared to controls.,[],[],False,,"Missing required global inclusion criteria: GLOBAL_I1 (whole-brain voxelwise map) and GLOBAL_I2 (bvFTD vs healthy controls). Additionally, local inclusion criteria DEMENTIA_DECREASING_ACTIVITY_I2 (uses VBM, fMRI, or FDG-PET) cannot be confirmed from the provided metadata.",[],[],False,,Missing required global inclusion criteria: GLOBAL_I1 (whole-brain voxelwise map) and GLOBAL_I2 (bvFTD vs healthy controls). Local inclusion STRUCTURAL_I1 (VBM modality) is also not confirmed in the analysis metadata.,[],[],False,,Missing required global inclusion criteria: GLOBAL_I1 (whole-brain voxelwise map) and GLOBAL_I2 (bvFTD vs healthy controls). Local inclusion FUNCTIONAL_I1 (fMRI or FDG-PET modality) is also not confirmed in the analysis metadata.,[],[]
29704671,3,29704671_analysis_3,ABC overlap,,tbl3,3,MNI,"[[-14.0, 14.0, -10.0], [38.0, 18.0, 4.0], [-18.0, 60.0, 10.0]]",0,False,,Missing required global inclusion criteria: GLOBAL_I1 (whole-brain voxelwise map) and GLOBAL_I2 (analysis comparing bvFTD to healthy controls). Analysis metadata does not specify modality or whole-brain voxelwise results or that bvFTD was compared to controls.,[],[],False,,"Missing required global inclusion criteria: GLOBAL_I1 (whole-brain voxelwise map) and GLOBAL_I2 (bvFTD vs healthy controls). Additionally, local inclusion criteria DEMENTIA_DECREASING_ACTIVITY_I2 (uses VBM, fMRI, or FDG-PET) cannot be confirmed from the provided metadata.",[],[],False,,Missing required global inclusion criteria: GLOBAL_I1 (whole-brain voxelwise map) and GLOBAL_I2 (bvFTD vs healthy controls). Local inclusion STRUCTURAL_I1 (VBM modality) is also not confirmed in the analysis metadata.,[],[],False,,Missing required global inclusion criteria: GLOBAL_I1 (whole-brain voxelwise map) and GLOBAL_I2 (bvFTD vs healthy controls). Local inclusion FUNCTIONAL_I1 (fMRI or FDG-PET modality) is also not confirmed in the analysis metadata.,[],[]
30014499,0,30014499_analysis_0,bvFTD<controls,,85,1,MNI,"[[38.0, -68.0, -60.0]]",0,True,,"Contrast is bvFTD vs controls (bvFTD<controls), study uses VBM whole-brain voxelwise analysis, satisfying global and local modality criteria.","[""GLOBAL_I1"", ""GLOBAL_I2"", ""DEMENTIA_ALL_I1""]",[],True,,"Contrast explicitly reports decreases for bvFTD (bvFTD<controls) and uses VBM whole-brain voxelwise analysis, meeting global and local criteria.","[""GLOBAL_I1"", ""GLOBAL_I2"", ""DEMENTIA_DECREASING_ACTIVITY_I1"", ""DEMENTIA_DECREASING_ACTIVITY_I2""]",[],True,,"Analysis is a whole-brain VBM comparison of bvFTD vs controls, meeting global and structural inclusion criteria.","[""GLOBAL_I1"", ""GLOBAL_I2"", ""STRUCTURAL_I1""]",[],False,,Does not use fMRI or FDG-PET; missing FUNCTIONAL_I1 (modality is VBM).,[],[]
30014499,1,30014499_analysis_1,SD<controls,,85,2,MNI,"[[20.0, -76.0, -40.0], [-14.0, -76.0, -38.0]]",0,False,,"Fails global inclusion GLOBAL_I2: contrast is SD vs controls, not a bvFTD vs healthy controls comparison.",[],[],False,,"Fails global inclusion GLOBAL_I2: contrast is SD vs controls, not a bvFTD vs healthy controls comparison (missing GLOBAL_I2).",[],[],False,,"Fails global inclusion GLOBAL_I2: analysis compares SD to controls, not bvFTD to controls (missing GLOBAL_I2).",[],[],False,,"Fails global inclusion GLOBAL_I2: analysis is SD vs controls, not bvFTD vs controls (missing GLOBAL_I2); also modality is VBM not fMRI/FDG-PET.",[],[]
30014499,2,30014499_analysis_2,PNFA<controls,,85,2,MNI,"[[36.0, -66.0, -46.0], [-20.0, -74.0, -38.0]]",0,False,,"Fails global inclusion GLOBAL_I2: contrast is PNFA vs controls, not a bvFTD vs healthy controls comparison.",[],[],False,,"Fails global inclusion GLOBAL_I2: contrast is PNFA vs controls, not bvFTD vs controls (missing GLOBAL_I2).",[],[],False,,"Fails global inclusion GLOBAL_I2: analysis compares PNFA to controls, not bvFTD to controls (missing GLOBAL_I2).",[],[],False,,"Fails global inclusion GLOBAL_I2: PNFA vs controls contrast, not bvFTD vs controls (missing GLOBAL_I2); modality appears structural (VBM), not fMRI/FDG-PET.",[],[]
30014499,3,30014499_analysis_3,bvFTD<SD,,85,1,MNI,"[[46.0, -52.0, -60.0]]",0,False,,"Fails global inclusion GLOBAL_I2: contrast is bvFTD vs SD, not a bvFTD vs healthy controls comparison.",[],[],False,,"Fails global inclusion GLOBAL_I2: contrast is bvFTD vs SD (patient vs patient), not bvFTD vs healthy controls (missing GLOBAL_I2).",[],[],False,,"Fails global inclusion GLOBAL_I2: analysis compares bvFTD to SD (not bvFTD to controls), so GLOBAL_I2 is not met.",[],[],False,,"Fails global inclusion GLOBAL_I2: bvFTD vs SD, not bvFTD vs healthy controls (missing GLOBAL_I2); modality appears structural (VBM), not fMRI/FDG-PET.",[],[]
30014499,4,30014499_analysis_4,bvFTD>SD,,85,0,,[],0,False,,"Fails global inclusion GLOBAL_I2: contrast is bvFTD>SD (patient vs patient), not bvFTD vs healthy controls.",[],[],False,,"Fails GLOBAL_I2: contrast is bvFTD>SD (patient vs patient), not bvFTD vs controls (missing GLOBAL_I2).",[],[],False,,"Fails GLOBAL_I2: bvFTD vs SD comparison, not bvFTD vs healthy controls (missing GLOBAL_I2).",[],[],False,,"Fails GLOBAL_I2: bvFTD>SD is not a bvFTD vs control contrast (missing GLOBAL_I2); modality appears structural (VBM), not fMRI/FDG-PET.",[],[]
30014499,5,30014499_analysis_5,bvFTD<PNFA,,85,1,MNI,"[[26.0, -46.0, -32.0]]",0,False,,"Fails GLOBAL_I2: contrast is bvFTD<PNFA (patient vs patient), not bvFTD vs healthy controls.",[],[],False,,"Fails GLOBAL_I2: contrast is bvFTD<PNFA, not bvFTD vs controls (missing GLOBAL_I2).",[],[],False,,"Fails GLOBAL_I2: bvFTD vs PNFA comparison, not bvFTD vs healthy controls (missing GLOBAL_I2).",[],[],False,,"Fails GLOBAL_I2: bvFTD<PNFA is not a bvFTD vs control contrast (missing GLOBAL_I2); modality appears structural (VBM), not fMRI/FDG-PET.",[],[]
30014499,6,30014499_analysis_6,bvFTD>PNFA,,85,0,,[],0,False,,"Fails GLOBAL_I2: contrast is bvFTD>PNFA (patient vs patient), not bvFTD vs healthy controls.",[],[],False,,"Fails GLOBAL_I2: bvFTD>PNFA is a patient vs patient contrast, not bvFTD vs healthy controls (missing GLOBAL_I2).",[],[],False,,Fails GLOBAL_I2: analysis compares bvFTD to PNFA rather than bvFTD to healthy controls (missing GLOBAL_I2).,[],[],False,,"Fails GLOBAL_I2: bvFTD>PNFA is not a bvFTD vs control contrast (missing GLOBAL_I2); modality appears structural (VBM), not fMRI/FDG-PET.",[],[]
30014499,7,30014499_analysis_7,SD<PNFA,,85,0,,[],0,False,,"Fails GLOBAL_I2: contrast is SD<PNFA (patient vs patient), not bvFTD vs healthy controls.",[],[],False,,Fails GLOBAL_I2: SD vs PNFA contrast does not compare bvFTD to controls (missing GLOBAL_I2).,[],[],False,,"Fails GLOBAL_I2: SD vs PNFA comparison, not bvFTD vs controls (missing GLOBAL_I2).",[],[],False,,"Fails GLOBAL_I2: SD<PNFA is not a bvFTD vs control contrast (missing GLOBAL_I2); modality appears structural (VBM), not fMRI/FDG-PET.",[],[]
30014499,8,30014499_analysis_8,SD>PNFA,,85,0,,[],0,False,,"Fails GLOBAL_I2: contrast is SD>PNFA, a patient vs patient comparison, not bvFTD vs healthy controls.",[],[],False,,Fails GLOBAL_I2: SD>PNFA is not a bvFTD vs control contrast (missing GLOBAL_I2).,[],[],False,,Fails GLOBAL_I2: analysis compares SD to PNFA rather than bvFTD to healthy controls (missing GLOBAL_I2).,[],[],False,,"Fails GLOBAL_I2: SD>PNFA is not bvFTD vs controls (missing GLOBAL_I2); modality appears structural (VBM), not fMRI/FDG-PET.",[],[]
30014499,9,30014499_analysis_9,F test,,86,3,MNI,"[[42.0, -56.0, -60.0], [-14.0, -78.0, -38.0], [-46.0, -66.0, -54.0]]",0,False,,Fails GLOBAL_I2: 'F test' across groups does not specifically compare bvFTD to healthy controls as required.,[],[],False,,Fails GLOBAL_I2: F test is not a direct bvFTD vs control contrast reporting decreases for bvFTD (missing GLOBAL_I2 and DEMENTIA_DECREASING_ACTIVITY_I1).,[],[],False,,"Fails GLOBAL_I2: F test does not specifically compare bvFTD to healthy controls (missing GLOBAL_I2), so structural annotation not included.",[],[],False,,"Fails GLOBAL_I2: F test does not meet the required bvFTD vs control comparison (missing GLOBAL_I2); modality appears structural, not fMRI/FDG-PET (missing FUNCTIONAL_I1).",[],[]
30014499,10,30014499_analysis_10,All participants,,87,1,MNI,"[[16.0, -72.0, -30.0]]",0,False,,Fails GLOBAL_I2: 'All participants' analysis is not a bvFTD vs healthy controls contrast as required.,[],[],False,,Fails GLOBAL_I2: 'All participants' does not specifically report bvFTD decreases vs controls (missing GLOBAL_I2 and DEMENTIA_DECREASING_ACTIVITY_I1).,[],[],False,,Fails GLOBAL_I2: analysis across all participants is not a direct bvFTD vs controls comparison (missing GLOBAL_I2).,[],[],False,,"Fails GLOBAL_I2: not a bvFTD vs control contrast (missing GLOBAL_I2); modality appears to be VBM, not fMRI/FDG-PET (missing FUNCTIONAL_I1).",[],[]
30014499,11,30014499_analysis_11,bvFTD & controls,,87,2,MNI,"[[48.0, -52.0, -34.0], [12.0, -72.0, -28.0]]",0,True,,"Analysis labeled 'bvFTD & controls' indicates a bvFTD vs healthy control comparison; study uses whole-brain VBM, meeting global and local modality criteria.","[""GLOBAL_I1"", ""GLOBAL_I2"", ""DEMENTIA_ALL_I1""]",[],False,,"Although this analysis compares bvFTD to controls (GLOBAL_I1 and GLOBAL_I2 met), the contrast label does not specify decreases for bvFTD. Missing DEMENTIA_DECREASING_ACTIVITY_I1 (no explicit bvFTD<controls reported).","[""GLOBAL_I1"", ""GLOBAL_I2""]",[],True,,"This is a whole-brain VBM comparison involving bvFTD and controls, meeting global and structural inclusion criteria.","[""GLOBAL_I1"", ""GLOBAL_I2"", ""STRUCTURAL_I1""]",[],False,,"Modality is VBM (structural), not fMRI or FDG-PET; missing FUNCTIONAL_I1.",[],[]
30014499,12,30014499_analysis_12,SD & controls,,87,1,MNI,"[[50.0, -58.0, -34.0]]",0,False,,"Fails GLOBAL_I2: 'SD & controls' is a semantic dementia vs controls contrast, not bvFTD vs healthy controls.",[],[],False,,Fails GLOBAL_I2: SD vs controls contrast does not target bvFTD vs controls (missing GLOBAL_I2).,[],[],False,,Fails GLOBAL_I2: analysis concerns SD vs controls rather than bvFTD vs controls (missing GLOBAL_I2).,[],[],False,,"Fails GLOBAL_I2: 'SD & controls' is not a bvFTD vs healthy control contrast (missing GLOBAL_I2); modality appears structural (VBM), not fMRI/FDG-PET.",[],[]
30014499,13,30014499_analysis_13,PNFA & controls,,87,1,MNI,"[[46.0, -48.0, -38.0]]",0,False,,"Fails GLOBAL_I2: 'PNFA & controls' is PNFA vs controls, not a bvFTD vs healthy controls comparison.",[],[],False,,Fails GLOBAL_I2: PNFA vs controls does not compare bvFTD to controls (missing GLOBAL_I2).,[],[],False,,Fails GLOBAL_I2: analysis is PNFA vs controls rather than bvFTD vs controls (missing GLOBAL_I2).,[],[],False,,"Fails GLOBAL_I2: 'PNFA & controls' is not a bvFTD vs control contrast (missing GLOBAL_I2); modality appears structural (VBM), not fMRI/FDG-PET.",[],[]
30488224,0,30488224_analysis_0,Positive Films (Zygomaticus - Corrugator),,96,1,MNI,"[[36.0, -10.0, 4.0]]",0,False,,"Excluded because GLOBAL_I2 is not met: these results are VBM correlational maps linking EMG responses to gray-matter integrity across participants, not a direct bvFTD vs healthy control group comparison where bvFTD is not pooled with other patient groups.",[],[],False,,"Excluded because GLOBAL_I2 is not met (no direct bvFTD vs control group comparison) and DEMENTIA_DECREASING_ACTIVITY_I1 is not met (the analysis does not report decreases for the bvFTD group specifically, e.g., Control > bvFTD).",[],[],False,,"Excluded because GLOBAL_I2 is not met: although STRUCTURAL_I1 (VBM) is satisfied, the analysis is not a bvFTD versus healthy control group comparison as required by the global criteria.",[],[],False,,"Excluded because GLOBAL_I2 is not met (no bvFTD vs control comparison) and FUNCTIONAL_I1 is not met (this is VBM structural analysis, not fMRI or FDG-PET).",[],[]
30488224,1,30488224_analysis_1,Neutral Films (Zygomaticus - Corrugator),,96,3,MNI,"[[-22.0, -32.0, -32.0], [-70.0, -12.0, 14.0], [-54.0, 2.0, -24.0]]",0,False,,"Excluded because GLOBAL_I2 is not met: these results are VBM correlational maps linking EMG responses to gray-matter integrity across participants, not a direct bvFTD vs healthy control group comparison where bvFTD is not pooled with other patient groups.",[],[],False,,Excluded because GLOBAL_I2 is not met (no direct bvFTD vs control group comparison) and DEMENTIA_DECREASING_ACTIVITY_I1 is not met (the analysis does not report decreases for the bvFTD group specifically).,[],[],False,,"Excluded because GLOBAL_I2 is not met: although STRUCTURAL_I1 (VBM) is satisfied, the analysis is not a bvFTD versus healthy control group comparison as required by the global criteria.",[],[],False,,"Excluded because GLOBAL_I2 is not met (no bvFTD vs control comparison) and FUNCTIONAL_I1 is not met (this is VBM structural analysis, not fMRI or FDG-PET).",[],[]
30488224,2,30488224_analysis_2,Negative Films (Corrugator - Zygomaticus),,96,3,MNI,"[[-38.0, 32.0, 42.0], [-28.0, -14.0, -48.0], [-12.0, 12.0, -18.0]]",0,False,,"Excluded because GLOBAL_I2 is not met: these results are VBM correlational maps linking EMG responses to gray-matter integrity across participants, not a direct bvFTD vs healthy control group comparison where bvFTD is not pooled with other patient groups.",[],[],False,,Excluded because GLOBAL_I2 is not met (no direct bvFTD vs control group comparison) and DEMENTIA_DECREASING_ACTIVITY_I1 is not met (the analysis does not report decreases for the bvFTD group specifically).,[],[],False,,"Excluded because GLOBAL_I2 is not met: although STRUCTURAL_I1 (VBM) is satisfied, the analysis is not a bvFTD versus healthy control group comparison as required by the global criteria.",[],[],False,,"Excluded because GLOBAL_I2 is not met (no bvFTD vs control comparison) and FUNCTIONAL_I1 is not met (this is VBM structural analysis, not fMRI or FDG-PET).",[],[]
30488224,3,30488224_analysis_3,Positive Films (SCL Positive - SCL Neutral),,97,1,MNI,"[[-52.0, 14.0, -24.0]]",0,False,,"Excluded because GLOBAL_I2 is not met: these results are VBM correlational maps linking SCL responses to gray-matter integrity across participants, not a direct bvFTD vs healthy control group comparison where bvFTD is not pooled with other patient groups.",[],[],False,,Excluded because GLOBAL_I2 is not met (no direct bvFTD vs control group comparison) and DEMENTIA_DECREASING_ACTIVITY_I1 is not met (the analysis does not report decreases for the bvFTD group specifically).,[],[],False,,"Excluded because GLOBAL_I2 is not met: although STRUCTURAL_I1 (VBM) is satisfied, the analysis is not a bvFTD versus healthy control group comparison as required by the global criteria.",[],[],False,,"Excluded because GLOBAL_I2 is not met (no bvFTD vs control comparison) and FUNCTIONAL_I1 is not met (this is VBM structural analysis, not fMRI or FDG-PET).",[],[]
30488224,4,30488224_analysis_4,Negative Films (SCL Negative - SCL Neutral),,97,3,MNI,"[[-20.0, -12.0, 22.0], [-18.0, 0.0, -12.0], [24.0, 26.0, 48.0]]",0,False,,"Excluded because GLOBAL_I2 is not met: these results are VBM correlational maps linking SCL responses to gray-matter integrity across participants, not a direct bvFTD vs healthy control group comparison where bvFTD is not pooled with other patient groups.",[],[],False,,Excluded because GLOBAL_I2 is not met (no direct bvFTD vs control group comparison) and DEMENTIA_DECREASING_ACTIVITY_I1 is not met (the analysis does not report decreases for the bvFTD group specifically).,[],[],False,,"Excluded because GLOBAL_I2 is not met: although STRUCTURAL_I1 (VBM) is satisfied, the analysis is not a bvFTD versus healthy control group comparison as required by the global criteria.",[],[],False,,"Excluded because GLOBAL_I2 is not met (no bvFTD vs control comparison) and FUNCTIONAL_I1 is not met (this is VBM structural analysis, not fMRI or FDG-PET).",[],[]
30545239,0,30545239_analysis_0,elderly BD patients<healthy controls,,93,2,None,"[[32.0, 29.0, 7.0], [-9.0, 13.0, -11.0]]",0,False,,"Global inclusion GLOBAL_I2 not met: this analysis compares elderly BD to healthy controls, not bvFTD to healthy controls.",[],[],False,,Global inclusion GLOBAL_I2 not met: analysis does not compare bvFTD to healthy controls.,[],[],False,,"Global inclusion GLOBAL_I2 not met: analysis is BD vs healthy controls, not bvFTD vs healthy controls.",[],[],False,,Global inclusion GLOBAL_I2 not met: analysis compares BD to healthy controls rather than bvFTD to healthy controls.,[],[]
30545239,1,30545239_analysis_1,elderly BD patients>healthy controls,,93,5,None,"[[32.0, -36.0, 15.0], [-21.0, -101.0, 15.0], [17.0, -104.0, 4.0], [23.0, -25.0, -1.0], [-30.0, -43.0, 16.0]]",0,False,,"Global inclusion GLOBAL_I2 not met: this analysis compares elderly BD to healthy controls, not bvFTD to healthy controls.",[],[],False,,Global inclusion GLOBAL_I2 not met: analysis does not involve bvFTD vs healthy controls.,[],[],False,,"Global inclusion GLOBAL_I2 not met: comparison is BD>HC, not bvFTD vs HC.",[],[],False,,Global inclusion GLOBAL_I2 not met: analysis compares BD to healthy controls rather than bvFTD to healthy controls.,[],[]
30545239,2,30545239_analysis_2,bvFTD patients<healthy controls,,93,18,None,"[[-13.0, 40.0, 39.0], [12.0, 15.0, 57.0], [37.0, 49.0, -13.0], [7.0, 38.0, 4.0], [-6.0, -39.0, 31.0], [-53.0, 8.0, -11.0], [39.0, 18.0, -25.0], [56.0, -2.0, -5.0], [-38.0, -48.0, 24.0], [-56.0, -18.0, -19.0], [33.0, -42.0, 31.0], [-7.0, -64.0, 52.0], [16.0, -46.0, 37.0], [-7.0, -74.0, 8.0], [-39.0, -25.0, -14.0], [-3.0, -36.0, -17.0], [36.0, -32.0, -25.0], [-10.0, -16.0, 4.0]]",0,True,,"Meets GLOBAL_I1 (whole-brain voxelwise VBM), GLOBAL_I2 (bvFTD vs healthy controls), and local DEMENTIA_ALL_I1 (VBM modality included).","[""GLOBAL_I1"", ""GLOBAL_I2"", ""DEMENTIA_ALL_I1""]",[],True,,"Meets GLOBAL_I1 (whole-brain VBM), GLOBAL_I2 (bvFTD vs healthy controls) and local criteria: reports decrease (bvFTD<controls) and uses VBM (DEMENTIA_DECREASING_ACTIVITY_I1, DEMENTIA_DECREASING_ACTIVITY_I2).","[""GLOBAL_I1"", ""GLOBAL_I2"", ""DEMENTIA_DECREASING_ACTIVITY_I1"", ""DEMENTIA_DECREASING_ACTIVITY_I2""]",[],True,,"Meets GLOBAL_I1 (whole-brain VBM), GLOBAL_I2 (bvFTD vs healthy controls), and STRUCTURAL_I1 (uses VBM).","[""GLOBAL_I1"", ""GLOBAL_I2"", ""STRUCTURAL_I1""]",[],False,,"Excluded because local inclusion FUNCTIONAL_I1 is not met: this is a VBM (structural) analysis, not fMRI or FDG-PET. Global criteria GLOBAL_I1 and GLOBAL_I2 are met.","[""GLOBAL_I1"", ""GLOBAL_I2""]",[]
30545239,3,30545239_analysis_3,bvFTD patients<elderly BD patients,,93,9,None,"[[11.0, 8.0, 68.0], [27.0, 34.0, -21.0], [-59.0, 10.0, -12.0], [-13.0, -62.0, 14.0], [-24.0, -32.0, -3.0], [-40.0, -28.0, -15.0], [42.0, -49.0, -16.0], [15.0, -100.0, 15.0], [2.0, 10.0, 12.0]]",0,False,,"Global inclusion GLOBAL_I2 not met: this analysis compares bvFTD to elderly BD patients, not bvFTD to healthy controls.",[],[],False,,"Global inclusion GLOBAL_I2 not met: comparison is bvFTD vs BD, not bvFTD vs healthy controls.",[],[],False,,Global inclusion GLOBAL_I2 not met: analysis does not compare bvFTD to healthy controls.,[],[],False,,Global inclusion GLOBAL_I2 not met: analysis compares bvFTD to BD rather than bvFTD to healthy controls.,[],[]
30545239,4,30545239_analysis_4,elderly BD patients<bvFTD patients,,93,0,,[],0,False,,"Global inclusion GLOBAL_I2 not met: comparison is elderly BD patients < bvFTD patients (bvFTD vs BD), not bvFTD vs healthy controls.",[],[],False,,Global inclusion GLOBAL_I2 not met: analysis does not compare bvFTD to healthy controls.,[],[],False,,Global inclusion GLOBAL_I2 not met: this is a bvFTD vs BD contrast rather than bvFTD vs healthy controls.,[],[],False,,Global inclusion GLOBAL_I2 not met: comparison is bvFTD vs BD not bvFTD vs healthy controls.,[],[]
30545239,5,30545239_analysis_5,Elderly BD patients<healthy controls,,94,4,None,"[[44.0, -34.0, 11.0], [-8.0, -10.0, 2.0], [8.0, -21.0, 5.0], [26.0, -39.0, -42.0]]",0,False,,"Global inclusion GLOBAL_I2 not met: this PET analysis compares elderly BD patients to healthy controls, not bvFTD to healthy controls.",[],[],False,,Global inclusion GLOBAL_I2 not met: analysis involves BD vs healthy controls rather than bvFTD vs healthy controls.,[],[],False,,"Global inclusion GLOBAL_I2 not met: analysis is PET (functional) BD vs HC, and does not compare bvFTD to healthy controls.",[],[],False,,"Global inclusion GLOBAL_I2 not met: this PET contrast compares BD to healthy controls, not bvFTD to healthy controls.",[],[]
30545239,6,30545239_analysis_6,bvFTD patients<healthy controls,,94,4,None,"[[-38.0, 13.0, -16.0], [30.0, 11.0, -21.0], [-2.0, 7.0, 27.0], [-14.0, 8.0, 11.0]]",0,True,,"Meets GLOBAL_I1 (whole-brain PET), GLOBAL_I2 (bvFTD vs healthy controls), and DEMENTIA_ALL_I1 (FDG-PET modality included).","[""GLOBAL_I1"", ""GLOBAL_I2"", ""DEMENTIA_ALL_I1""]",[],True,,"Meets GLOBAL_I1 (whole-brain FDG-PET), GLOBAL_I2 (bvFTD vs healthy controls) and local criteria: reports decrease (bvFTD<controls) and uses FDG-PET (DEMENTIA_DECREASING_ACTIVITY_I1, DEMENTIA_DECREASING_ACTIVITY_I2).","[""GLOBAL_I1"", ""GLOBAL_I2"", ""DEMENTIA_DECREASING_ACTIVITY_I1"", ""DEMENTIA_DECREASING_ACTIVITY_I2""]",[],False,,"Excluded because STRUCTURAL_I1 is not met: this is FDG-PET (functional) data, not a VBM structural analysis. Global criteria GLOBAL_I1 and GLOBAL_I2 are met.","[""GLOBAL_I1"", ""GLOBAL_I2""]",[],True,,"Meets GLOBAL_I1 (whole-brain FDG-PET), GLOBAL_I2 (bvFTD vs healthy controls), and FUNCTIONAL_I1 (FDG-PET included as functional modality).","[""GLOBAL_I1"", ""GLOBAL_I2"", ""FUNCTIONAL_I1""]",[]
30545239,7,30545239_analysis_7,bvFTD patients<elderly BD patients,,94,4,None,"[[-4.0, 42.0, -14.0], [-36.0, 17.0, -16.0], [-4.0, 7.0, 29.0], [-6.0, 19.0, -6.0]]",0,False,,"Global inclusion GLOBAL_I2 not met: this analysis compares bvFTD to elderly BD patients, not bvFTD to healthy controls.",[],[],False,,Global inclusion GLOBAL_I2 not met: contrast is bvFTD vs BD rather than bvFTD vs healthy controls.,[],[],False,,"Global inclusion GLOBAL_I2 not met: analysis is bvFTD vs BD, not bvFTD vs healthy controls.",[],[],False,,"Global inclusion GLOBAL_I2 not met: this PET contrast compares bvFTD to BD, not bvFTD to healthy controls.",[],[]
30545239,8,30545239_analysis_8,Elderly BD patients<bvFTD patients,,94,3,None,"[[51.0, -6.0, 26.0], [-14.0, -56.0, -24.0], [24.0, -44.0, -21.0]]",0,False,,"Global inclusion GLOBAL_I2 not met: comparison is elderly BD patients < bvFTD patients (bvFTD vs BD), not bvFTD vs healthy controls.",[],[],False,,Global inclusion GLOBAL_I2 not met: analysis does not compare bvFTD to healthy controls.,[],[],False,,"Global inclusion GLOBAL_I2 not met: this is a bvFTD vs BD contrast, not bvFTD vs healthy controls.",[],[],False,,"Global inclusion GLOBAL_I2 not met: comparison is bvFTD vs BD, not bvFTD vs healthy controls.",[],[]
31461580,0,31461580_analysis_0,Regions that covary with BMI increase,,acn350869-tbl-0003,6,MNI,"[[-10.0, 28.0, 48.0], [-44.0, -52.0, 24.0], [-48.0, 10.0, -20.0], [34.0, -36.0, 44.0], [10.0, 26.0, 66.0], [-66.0, -4.0, 20.0]]",0,False,,Excluded because GLOBAL_I2 is not met: the table describes VBM covariation analyses in combined groups (bvFTD combined with Controls and AD combined with Controls) rather than a direct bvFTD versus healthy control comparison where bvFTD is not pooled with other patient groups. GLOBAL_I1 (whole-brain voxelwise VBM) appears satisfied but GLOBAL_I2 is required.,[],[],False,,"Excluded because GLOBAL_I2 is not met: the analysis reports covariation across combined groups rather than a direct bvFTD vs. healthy control comparison without pooling; although decreases in gray matter are reported, the global group-comparison requirement fails.",[],[],False,,"Excluded because GLOBAL_I2 is not met: while STRUCTURAL_I1 (VBM) and GLOBAL_I1 (whole-brain voxelwise) are satisfied, the analysis does not perform the required bvFTD versus healthy control comparison where bvFTD is not pooled with other patient groups.",[],[],False,,"Excluded because GLOBAL_I2 is not met: the analysis uses VBM (a structural modality) rather than fMRI/FDG-PET, and additionally it does not perform an unpooled bvFTD vs. control comparison required by GLOBAL_I2.",[],[]
31461580,1,31461580_analysis_1,Regions that covary with VAT increase,,acn350869-tbl-0003,23,MNI,"[[48.0, 16.0, -34.0], [-28.0, 24.0, -36.0], [10.0, 68.0, -10.0], [46.0, -52.0, -56.0], [-18.0, -84.0, 18.0], [24.0, -72.0, 16.0], [-30.0, -74.0, -60.0], [-2.0, 2.0, 46.0], [-46.0, -58.0, 4.0], [60.0, -12.0, 4.0], [52.0, -42.0, 48.0], [38.0, -2.0, 38.0], [14.0, -24.0, 48.0], [-18.0, -84.0, -2.0], [46.0, -46.0, -32.0], [-40.0, -8.0, 30.0], [-36.0, -10.0, -48.0], [40.0, -54.0, 24.0], [44.0, -60.0, 2.0], [24.0, -50.0, -64.0], [-46.0, 2.0, -44.0], [-14.0, -56.0, 34.0], [32.0, -8.0, -48.0]]",0,False,,Excluded because GLOBAL_I2 is not met: the analysis reports VBM covariation in combined groups (bvFTD combined with Controls and AD combined with Controls) rather than a direct bvFTD versus healthy control comparison without pooling; GLOBAL_I1 (voxelwise) is met but GLOBAL_I2 is required.,[],[],False,,"Excluded because GLOBAL_I2 is not met: although decreases in gray matter intensity are reported, the analysis examines covariation across combined groups rather than an unpooled bvFTD vs. control contrast required by GLOBAL_I2.",[],[],False,,"Excluded because GLOBAL_I2 is not met: STRUCTURAL_I1 (VBM) and GLOBAL_I1 (whole-brain voxelwise) appear satisfied, but the required bvFTD versus healthy control comparison without pooling is not performed.",[],[],False,,"Excluded because GLOBAL_I2 is not met: the modality is VBM (structural) rather than fMRI/FDG-PET, and the analysis does not provide the unpooled bvFTD vs. control comparison required by GLOBAL_I2.",[],[]
31461580,2,31461580_analysis_2,Regions that covary with Android: Gynoid Ratio,,acn350869-tbl-0003,24,MNI,"[[10.0, 56.0, 24.0], [48.0, 10.0, -36.0], [-42.0, 12.0, 12.0], [-16.0, -72.0, 24.0], [52.0, -18.0, 12.0], [20.0, 52.0, -10.0], [-38.0, -70.0, -58.0], [18.0, -6.0, 54.0], [22.0, 18.0, 58.0], [-42.0, 12.0, -42.0], [24.0, -30.0, 18.0], [66.0, -46.0, 18.0], [-66.0, -24.0, 18.0], [-14.0, 28.0, -24.0], [-50.0, -50.0, -54.0], [42.0, 12.0, 34.0], [20.0, -72.0, -50.0], [20.0, -60.0, 32.0], [-14.0, -76.0, -30.0], [10.0, 56.0, -24.0], [36.0, -80.0, 44.0], [-62.0, -10.0, -32.0], [18.0, 12.0, -32.0], [-56.0, 30.0, 8.0]]",0,False,,Excluded because GLOBAL_I2 is not met: this VBM covariation analysis is reported for combined groups (bvFTD with Controls and AD with Controls) rather than a direct bvFTD versus healthy control comparison without pooling; GLOBAL_I1 is met but GLOBAL_I2 is required.,[],[],False,,"Excluded because GLOBAL_I2 is not met: decreases in gray matter intensity are reported, but the analysis does not present an unpooled bvFTD vs. control contrast as required by GLOBAL_I2.",[],[],False,,"Excluded because GLOBAL_I2 is not met: although this is a VBM whole-brain analysis (satisfying STRUCTURAL_I1 and GLOBAL_I1), it does not perform the required bvFTD versus healthy control comparison without pooling with other patient groups.",[],[],False,,"Excluded because GLOBAL_I2 is not met: modality is structural VBM rather than fMRI/FDG-PET, and the analysis lacks the unpooled bvFTD vs. control comparison required by GLOBAL_I2.",[],[]
31873787,0,31873787_analysis_0,"Emotional, executive, initiation (common regions)",,25,3,MNI,"[[-26.0, 16.0, -10.0], [-46.0, 14.0, 18.0], [16.0, 54.0, -14.0]]",0,False,,"Global inclusion criterion GLOBAL_I2 (analysis must compare the target bvFTD group to healthy controls, with bvFTD not pooled with other patient groups) is not met. These VBM results report correlations of apathy across participants irrespective of diagnosis rather than a bvFTD vs control comparison. GLOBAL_I1 (whole-brain voxelwise VBM) appears met.",[],[],False,,Global inclusion criterion GLOBAL_I2 (bvFTD vs healthy controls comparison required) is not met. The analysis reports VBM correlations irrespective of diagnosis rather than Control > bvFTD or bvFTD < Control contrasts. GLOBAL_I1 (whole-brain voxelwise VBM) appears met.,[],[],False,,"Global inclusion criterion GLOBAL_I2 (requires a bvFTD vs healthy controls comparison) is not met. Although STRUCTURAL_I1 (uses VBM) is satisfied, the hard-gate GLOBAL_I2 is missing because analyses are reported irrespective of diagnosis.",[],[],False,,Global inclusion criterion GLOBAL_I2 (bvFTD vs healthy controls comparison required) is not met. This analysis uses VBM (a structural modality) rather than fMRI/FDG-PET required by FUNCTIONAL_I1; additionally GLOBAL_I2 is not satisfied.,[],[]
31873787,1,31873787_analysis_1,Emotional (exclusive regions),,25,7,MNI,"[[38.0, -58.0, -60.0], [18.0, -36.0, 46.0], [-44.0, -70.0, -50.0], [42.0, -40.0, 16.0], [-44.0, 14.0, 14.0], [-30.0, -10.0, -18.0], [-50.0, -6.0, 0.0]]",0,False,,Global inclusion criterion GLOBAL_I2 (bvFTD vs healthy controls comparison required) is not met. These are VBM correlations reported irrespective of diagnosis rather than a bvFTD vs control contrast. GLOBAL_I1 (whole-brain voxelwise VBM) appears met.,[],[],False,,GLOBAL_I2 is not met: the analysis reports VBM-correlates across all participants irrespective of diagnosis rather than decreases for bvFTD relative to controls. GLOBAL_I1 is met.,[],[],False,,"Although STRUCTURAL_I1 (uses VBM) is satisfied, the global required criterion GLOBAL_I2 (bvFTD vs healthy controls comparison) is not satisfied because results are reported irrespective of diagnosis.",[],[],False,,"Excluded because GLOBAL_I2 (bvFTD vs healthy controls comparison) is not met. Additionally, this analysis uses VBM (structural) rather than fMRI/FDG-PET required for FUNCTIONAL_I1.",[],[]
31873787,2,31873787_analysis_2,Executive (exclusive regions),,25,8,MNI,"[[-20.0, 20.0, -26.0], [-48.0, 44.0, -20.0], [46.0, -58.0, 10.0], [46.0, 14.0, -28.0], [-42.0, 42.0, 16.0], [18.0, 38.0, -26.0], [-52.0, -50.0, 24.0], [46.0, 36.0, -20.0]]",0,False,,Global inclusion criterion GLOBAL_I2 (requires a bvFTD vs healthy controls comparison) is not met. The analysis shows VBM correlations irrespective of diagnosis rather than a group comparison. GLOBAL_I1 (whole-brain voxelwise VBM) appears met.,[],[],False,,GLOBAL_I2 is not satisfied: the analysis reports VBM correlates across all participants irrespective of diagnosis rather than decreases for bvFTD versus controls. GLOBAL_I1 is met.,[],[],False,,"STRUCTURAL_I1 (VBM) is satisfied, but the hard-gate GLOBAL_I2 (bvFTD vs healthy controls comparison) is not met because analyses are irrespective of diagnosis, so overall exclusion applies.",[],[],False,,Excluded due to missing GLOBAL_I2 (bvFTD vs healthy controls comparison). Also modality is structural (VBM) not functional (fMRI/FDG-PET) required by FUNCTIONAL_I1.,[],[]
31873787,3,31873787_analysis_3,Initiation (exclusive regions),,25,3,MNI,"[[2.0, 48.0, -22.0], [4.0, 36.0, -26.0], [-50.0, 36.0, -18.0]]",0,False,,GLOBAL_I2 (bvFTD vs healthy controls comparison required) is not met. The reported VBM correlations are irrespective of diagnosis rather than a bvFTD vs control contrast. GLOBAL_I1 is met.,[],[],False,,GLOBAL_I2 is not met: the analysis reports VBM correlates across all participants irrespective of diagnosis rather than showing decreases for bvFTD relative to controls. GLOBAL_I1 is met.,[],[],False,,"Although STRUCTURAL_I1 (uses VBM) applies, the global required inclusion GLOBAL_I2 (bvFTD vs healthy controls comparison) is not met because the analyses are irrespective of diagnosis, so exclude.",[],[],False,,"Excluded because GLOBAL_I2 (bvFTD vs healthy controls comparison) is not satisfied. Moreover, the modality is structural VBM rather than fMRI/FDG-PET required by FUNCTIONAL_I1.",[],[]
