pmid,analysis_index,analysis_id,analysis_name,analysis_description,table_id,coordinate_count,coordinate_spaces,coordinates_json,invalid_point_count,dementia_all__include,dementia_all__confidence,dementia_all__reasoning,dementia_all__inclusion_criteria_applied,dementia_all__exclusion_criteria_applied,dementia_decreasing_activity__include,dementia_decreasing_activity__confidence,dementia_decreasing_activity__reasoning,dementia_decreasing_activity__inclusion_criteria_applied,dementia_decreasing_activity__exclusion_criteria_applied,structural__include,structural__confidence,structural__reasoning,structural__inclusion_criteria_applied,structural__exclusion_criteria_applied,functional__include,functional__confidence,functional__reasoning,functional__inclusion_criteria_applied,functional__exclusion_criteria_applied
14527604,0,14527604_analysis_0,"Conjunction (c1, c2, c3)",,TABLE2,8,MNI,"[[0.0, 56.0, 0.0], [-2.0, 36.0, 20.0], [0.0, 18.0, -16.0], [-14.0, 60.0, 22.0], [-22.0, 24.0, 46.0], [-46.0, 18.0, 30.0], [-64.0, -20.0, -22.0], [-10.0, 10.0, 2.0]]",0,True,,"Analysis is a whole-brain voxelwise FDG-PET conjunction comparing clinically diagnosed FTD patients to age-matched controls, satisfying global criteria and the local imaging modality requirement.","[""GLOBAL_I1"", ""GLOBAL_I2"", ""GLOBAL_I3"", ""DEMENTIA_ALL_I1""]",[],True,,"Conjunction analysis of FDG-PET reports consistent decreases in metabolism (Control > FTD / FTD < Control) across subjects, meeting global criteria and local modality and decrease-reporting requirements.","[""GLOBAL_I1"", ""GLOBAL_I2"", ""GLOBAL_I3"", ""DEMENTIA_DECREASING_ACTIVITY_I1"", ""DEMENTIA_DECREASING_ACTIVITY_I2""]",[],False,,"Analysis uses FDG-PET (functional metabolic imaging), not VBM; missing required structural inclusion criterion STRUCTURAL_I1.",[],[],True,,FDG-PET whole-brain voxelwise analysis comparing FTD to controls meets global criteria and the functional imaging modality requirement.,"[""GLOBAL_I1"", ""GLOBAL_I2"", ""GLOBAL_I3"", ""FUNCTIONAL_I1""]",[]
14527604,1,14527604_analysis_1,Interaction (c1 versus c2 and c3),,TABLE2,1,MNI,"[[-6.0, 28.0, -12.0]]",0,True,,"Interaction is based on whole-brain voxelwise FDG-PET contrasts comparing clinically diagnosed FTD groups to controls across centers, satisfying global criteria and the local imaging modality requirement.","[""GLOBAL_I1"", ""GLOBAL_I2"", ""GLOBAL_I3"", ""DEMENTIA_ALL_I1""]",[],False,,"Global criteria are met, but this analysis is an interaction test between center-specific contrasts and does not itself report a direct Control > FTD decrease map; missing DEMENTIA_DECREASING_ACTIVITY_I1 and DEMENTIA_DECREASING_ACTIVITY_I2 for this specific analysis.",[],[],False,,"Analysis uses FDG-PET (functional metabolic imaging), not VBM; missing required structural inclusion criterion STRUCTURAL_I1.",[],[],True,,"Interaction analysis derives from whole-brain FDG-PET comparisons (functional modality) between FTD and controls across centers, meeting global criteria and FUNCTIONAL_I1.","[""GLOBAL_I1"", ""GLOBAL_I2"", ""GLOBAL_I3"", ""FUNCTIONAL_I1""]",[]
14527604,2,14527604_analysis_2,Interaction (c2 versus c1 and c3),,TABLE2,0,,[],0,True,,"Interaction is based on whole-brain voxelwise FDG-PET contrasts comparing clinically diagnosed FTD groups to controls across centers, satisfying global criteria and the local imaging modality requirement.","[""GLOBAL_I1"", ""GLOBAL_I2"", ""GLOBAL_I3"", ""DEMENTIA_ALL_I1""]",[],False,,"Global criteria are met, but this analysis is an interaction test between center-specific contrasts and does not itself report a direct Control > FTD decrease map; missing DEMENTIA_DECREASING_ACTIVITY_I1 and DEMENTIA_DECREASING_ACTIVITY_I2 for this specific analysis.",[],[],False,,"Analysis uses FDG-PET (functional metabolic imaging), not VBM; missing required structural inclusion criterion STRUCTURAL_I1.",[],[],True,,"Interaction analysis derives from whole-brain FDG-PET comparisons (functional modality) between FTD and controls across centers, meeting global criteria and FUNCTIONAL_I1.","[""GLOBAL_I1"", ""GLOBAL_I2"", ""GLOBAL_I3"", ""FUNCTIONAL_I1""]",[]
14527604,3,14527604_analysis_3,Interaction (c3 versus c1 and c2),,TABLE2,1,MNI,"[[58.0, 8.0, -12.0]]",0,True,,"Interaction is based on whole-brain voxelwise FDG-PET contrasts comparing clinically diagnosed FTD groups to controls across centers, satisfying global criteria and the local imaging modality requirement.","[""GLOBAL_I1"", ""GLOBAL_I2"", ""GLOBAL_I3"", ""DEMENTIA_ALL_I1""]",[],False,,"Global criteria are met, but this analysis is an interaction test between center-specific contrasts and does not itself report a direct Control > FTD decrease map; missing DEMENTIA_DECREASING_ACTIVITY_I1 and DEMENTIA_DECREASING_ACTIVITY_I2 for this specific analysis.",[],[],False,,"Analysis uses FDG-PET (functional metabolic imaging), not VBM; missing required structural inclusion criterion STRUCTURAL_I1.",[],[],True,,"Interaction analysis derives from whole-brain FDG-PET comparisons (functional modality) between FTD and controls across centers, meeting global criteria and FUNCTIONAL_I1.","[""GLOBAL_I1"", ""GLOBAL_I2"", ""GLOBAL_I3"", ""FUNCTIONAL_I1""]",[]
15585344,0,15585344_analysis_0,Atrophic regions in frontotemporal dementia,,TBL2,19,None,"[[-2.0, 44.0, -10.0], [0.0, 26.0, -10.0], [-38.0, 30.0, 2.0], [-32.0, 22.0, 10.0], [4.0, 6.0, -6.0], [-52.0, 8.0, 18.0], [18.0, -10.0, -14.0], [-62.0, -28.0, -24.0], [8.0, 18.0, -18.0], [-4.0, 50.0, 24.0], [-18.0, -10.0, -14.0], [38.0, 22.0, 8.0], [14.0, 20.0, -2.0], [-4.0, 32.0, 18.0], [-8.0, 14.0, 38.0], [18.0, -6.0, -22.0], [10.0, 22.0, 36.0], [8.0, 34.0, 26.0], [-4.0, 46.0, 24.0]]",0,True,,Global criteria met (whole-brain VBM comparing clinically diagnosed FTD patients to healthy controls). Local criterion met: study uses Voxel-Based Morphometry.,"[""GLOBAL_I1"", ""GLOBAL_I2"", ""GLOBAL_I3"", ""DEMENTIA_ALL_I1""]",[],True,,"Global criteria met (whole-brain VBM, clinical FTD vs controls). Local criteria met: VBM modality and the analysis reports decreased gray matter (atrophy) in FTD (Control > FTD).","[""GLOBAL_I1"", ""GLOBAL_I2"", ""GLOBAL_I3"", ""DEMENTIA_DECREASING_ACTIVITY_I1"", ""DEMENTIA_DECREASING_ACTIVITY_I2""]",[],True,,Global criteria met (whole-brain VBM comparing clinically diagnosed FTD to controls). Local criterion met: study uses VBM (structural morphometry).,"[""GLOBAL_I1"", ""GLOBAL_I2"", ""GLOBAL_I3"", ""STRUCTURAL_I1""]",[],False,,"Does not meet FUNCTIONAL_I1: study uses structural VBM (MRI morphometry), not fMRI or FDG-PET.",[],[]
15668960,0,15668960_analysis_0,vs controls (p < 0.001),Apathetic subjects,88,11,None,"[[-16.0, 64.0, -4.0], [-16.0, 64.0, -4.0], [16.0, 64.0, 0.0], [-2.0, 42.0, -24.0], [4.0, 40.0, -24.0], [-52.0, 16.0, 20.0], [-42.0, 12.0, 0.0], [58.0, 20.0, 24.0], [44.0, 6.0, 2.0], [-2.0, -16.0, 4.0], [12.0, -22.0, 6.0]]",0,True,,"Analysis is a whole-brain voxelwise FDG-PET comparison of clinically diagnosed fv-FTLD (apathetic subgroup) vs healthy controls, satisfying global requirements and local modality criterion (FDG-PET).","[""GLOBAL_I1"", ""GLOBAL_I2"", ""GLOBAL_I3"", ""DEMENTIA_ALL_I1""]",[],True,,"Whole-brain voxelwise FDG-PET analysis reports decreases in metabolism for the bvFTD (apathetic) group relative to controls (hypometabolism), and uses FDG-PET.","[""GLOBAL_I1"", ""GLOBAL_I2"", ""GLOBAL_I3"", ""DEMENTIA_DECREASING_ACTIVITY_I1"", ""DEMENTIA_DECREASING_ACTIVITY_I2""]",[],False,,Excluded because the analysis does not use Voxel-Based Morphometry; missing STRUCTURAL_I1.,[],[],True,,"Analysis uses FDG-PET (functional modality) in a whole-brain voxelwise comparison of fv-FTLD apathetic patients vs controls, meeting global criteria and FUNCTIONAL_I1.","[""GLOBAL_I1"", ""GLOBAL_I2"", ""GLOBAL_I3"", ""FUNCTIONAL_I1""]",[]
15668960,1,15668960_analysis_1,vs disinhibited (p < 0.01),Apathetic subjects,88,8,None,"[[-42.0, 12.0, 26.0], [-46.0, 20.0, 18.0], [42.0, 34.0, 2.0], [38.0, 28.0, 24.0], [-24.0, -12.0, 68.0], [44.0, 6.0, 10.0], [0.0, 26.0, 58.0], [8.0, 40.0, 40.0]]",0,False,,Excluded because the analysis is a direct comparison between fv-FTLD subgroups (apathetic vs disinhibited) and does not compare the target group to healthy controls (missing GLOBAL_I3).,[],[],False,,Excluded because the analysis compares two patient subgroups (apathetic vs disinhibited) rather than comparing bvFTD to healthy controls (missing GLOBAL_I3).,[],[],False,,Excluded because the analysis does not compare a bvFTD group to healthy controls (missing GLOBAL_I3) and it does not use VBM (missing STRUCTURAL_I1).,[],[],False,,Excluded because the analysis is between fv-FTLD subgroups (apathetic vs disinhibited) and does not include a comparison to healthy controls (missing GLOBAL_I3).,[],[]
15668960,2,15668960_analysis_2,vs controls (p < 0.001),Disinhibited subjects,88,12,None,"[[-10.0, 12.0, -24.0], [12.0, 24.0, -28.0], [-8.0, 38.0, 18.0], [8.0, 34.0, 20.0], [-46.0, 6.0, 0.0], [-4.0, -18.0, 8.0], [10.0, -20.0, 6.0], [-48.0, -18.0, -36.0], [48.0, -16.0, -36.0], [-24.0, -12.0, -30.0], [20.0, -8.0, -30.0], [46.0, 8.0, -2.0]]",0,True,,Whole-brain voxelwise FDG-PET comparison of fv-FTLD (disinhibited subgroup) vs healthy controls meets global criteria and DEMENTIA_ALL_I1 (FDG-PET modality).,"[""GLOBAL_I1"", ""GLOBAL_I2"", ""GLOBAL_I3"", ""DEMENTIA_ALL_I1""]",[],True,,Analysis reports decreases in metabolism (hypometabolism) for the bvFTD disinhibited group relative to controls and uses FDG-PET.,"[""GLOBAL_I1"", ""GLOBAL_I2"", ""GLOBAL_I3"", ""DEMENTIA_DECREASING_ACTIVITY_I1"", ""DEMENTIA_DECREASING_ACTIVITY_I2""]",[],False,,Excluded because the analysis does not use Voxel-Based Morphometry; missing STRUCTURAL_I1.,[],[],True,,FDG-PET whole-brain voxelwise analysis of fv-FTLD disinhibited patients vs controls meets global criteria and FUNCTIONAL_I1.,"[""GLOBAL_I1"", ""GLOBAL_I2"", ""GLOBAL_I3"", ""FUNCTIONAL_I1""]",[]
15668960,3,15668960_analysis_3,vs apathetic (p < 0.01),Disinhibited subjects,88,7,None,"[[-18.0, 12.0, -20.0], [11.0, 12.0, -18.0], [36.0, -12.0, -18.0], [-22.0, -28.0, -28.0], [50.0, -30.0, -28.0], [-12.0, 26.0, 26.0], [14.0, 32.0, 22.0]]",0,False,,Excluded because this analysis directly compares two patient subgroups (disinhibited vs apathetic) and does not compare a bvFTD group to healthy controls (missing GLOBAL_I3).,[],[],False,,Excluded because the analysis is between patient subgroups (disinhibited vs apathetic) rather than bvFTD vs healthy controls (missing GLOBAL_I3).,[],[],False,,Excluded because the analysis does not compare a bvFTD group to healthy controls (missing GLOBAL_I3) and does not use VBM (missing STRUCTURAL_I1).,[],[],False,,Excluded because this is a patient subgroup (disinhibited vs apathetic) comparison and lacks a bvFTD vs healthy control contrast (missing GLOBAL_I3).,[],[]
18268196,0,18268196_analysis_0,"Regions of Gray Matter Loss in Very Mild, Mild, and Moderate to Severe bvFTD",,77,105,None,"[[2.0, 36.0, 14.0], [4.0, 38.0, 20.0], [2.0, 28.0, 18.0], [-2.0, 36.0, 12.0], [-2.0, 38.0, 16.0], [-2.0, 32.0, 16.0], [2.0, 44.0, 20.0], [2.0, 44.0, 30.0], [2.0, 44.0, 28.0], [-2.0, 48.0, 22.0], [-2.0, 46.0, 28.0], [-2.0, 46.0, 24.0], [2.0, 53.0, -4.0], [-2.0, 58.0, 2.0], [1.0, 53.0, -3.0], [-2.0, 54.0, -4.0], [-2.0, 54.0, -2.0], [-2.0, 54.0, -4.0], [2.0, 8.0, -4.0], [4.0, 8.0, -8.0], [4.0, 8.0, -6.0], [-4.0, 12.0, -6.0], [-4.0, 8.0, -6.0], [-4.0, 10.0, -6.0], [42.0, 17.0, -10.0], [36.0, 18.0, -8.0], [42.0, 16.0, -12.0], [-39.0, 17.0, -13.0], [-38.0, 20.0, -10.0], [-39.0, 17.0, -13.0], [39.0, 23.0, 5.0], [35.0, 18.0, 5.0], [35.0, 16.0, 7.0], [-34.0, 24.0, 4.0], [-32.0, 22.0, 4.0], [-36.0, 24.0, 4.0], [33.0, 36.0, -13.0], [34.0, 36.0, -13.0], [42.0, 16.0, -12.0], [-29.0, 38.0, -13.0], [-29.0, 38.0, -14.0], [-30.0, 38.0, -15.0], [44.0, -10.0, -4.0], [-40.0, -12.0, -2.0], [28.0, 61.0, -15.0], [24.0, 61.0, -13.0], [33.0, 63.0, -6.0], [-31.0, 61.0, -2.0], [-29.0, 61.0, -2.0], [-27.0, 61.0, -3.0], [30.0, 52.0, 18.0], [38.0, 52.0, 6.0], [36.0, 44.0, 28.0], [-42.0, 52.0, 9.0], [-42.0, 53.0, 7.0], [-45.0, 53.0, 4.0], [38.0, 14.0, 33.0], [38.0, 15.0, 33.0], [38.0, 13.0, 34.0], [-44.0, 13.0, 28.0], [-44.0, 11.0, 27.0], [-43.0, 10.0, 25.0], [47.0, -6.0, 33.0], [47.0, -6.0, 34.0], [-53.0, -30.0, -8.0], [-54.0, -29.0, -4.0], [45.0, 36.0, 17.0], [45.0, 34.0, 20.0], [44.0, 34.0, 24.0], [-48.0, 36.0, 26.0], [-56.0, 28.0, 18.0], [26.0, 34.0, 40.0], [30.0, 26.0, 40.0], [-40.0, 25.0, 46.0], [-42.0, 28.0, 45.0], [0.0, 36.0, 38.0], [0.0, 36.0, 38.0], [-24.0, 19.0, 47.0], [-25.0, 21.0, 47.0], [48.0, -18.0, -4.0], [50.0, -18.0, -6.0], [-50.0, -51.0, 26.0], [48.0, -59.0, 44.0], [29.0, -13.0, -13.0], [30.0, -14.0, -10.0], [-30.0, -14.0, -10.0], [28.0, -14.0, -16.0], [27.0, -26.0, -10.0], [-28.0, -32.0, -6.0], [-7.0, 15.0, 6.0], [-8.0, 13.0, 9.0], [-10.0, 15.0, 7.0], [9.0, 13.0, 9.0], [9.0, 13.0, 9.0], [9.0, 12.0, 7.0], [30.0, 4.0, 8.0], [27.0, 6.0, 8.0], [29.0, 8.0, 10.0], [-22.0, 3.0, 6.0], [-22.0, 5.0, 4.0], [-22.0, 11.0, 4.0], [2.0, -8.0, 10.0], [2.0, -8.0, 8.0], [2.0, -8.0, 8.0], [48.0, -67.0, -48.0]]",0,True,,Global inclusion criteria met (whole-brain VBM comparison of clinically diagnosed bvFTD groups vs controls). Local inclusion DEMENTIA_ALL_I1 met because the analysis uses VBM.,"[""GLOBAL_I1"", ""GLOBAL_I2"", ""GLOBAL_I3"", ""DEMENTIA_ALL_I1""]",[],True,,Global criteria met and local inclusion criteria satisfied: the VBM analysis reports decreases in gray matter for bvFTD versus controls (Control > bvFTD) and uses VBM.,"[""GLOBAL_I1"", ""GLOBAL_I2"", ""GLOBAL_I3"", ""DEMENTIA_DECREASING_ACTIVITY_I1"", ""DEMENTIA_DECREASING_ACTIVITY_I2""]",[],True,,Global criteria met and local inclusion STRUCTURAL_I1 met because the study uses voxel-based morphometry (VBM).,"[""GLOBAL_I1"", ""GLOBAL_I2"", ""GLOBAL_I3"", ""STRUCTURAL_I1""]",[],False,,Excluded because the analysis uses VBM (structural MRI) and does not use fMRI or FDG-PET; missing FUNCTIONAL_I1.,[],[]
18661129,0,18661129_analysis_0,NC > FTD,,64,9,None,"[[-8.0, 10.0, -16.0], [-8.0, 20.0, -22.0], [10.0, 38.0, 15.0], [-8.0, 9.0, -14.0], [-17.0, 8.0, 2.0], [-44.0, 35.0, -2.0], [30.0, 55.0, 12.0], [-61.0, -30.0, -15.0], [61.0, -11.0, -21.0]]",0,True,,"Analysis is a whole-brain voxelwise FDG-PET comparison of FTD vs controls; meets global whole-brain, FTD sample, and FTD-vs-control requirements and uses an accepted modality (FDG-PET).","[""GLOBAL_I1"", ""GLOBAL_I2"", ""GLOBAL_I3"", ""DEMENTIA_ALL_I1""]",[],True,,"This is a whole-brain FDG-PET NC > FTD contrast (controls > FTD), showing decreased metabolism/ activity in the FTD group; meets global criteria and local decrease+modality criteria.","[""GLOBAL_I1"", ""GLOBAL_I2"", ""GLOBAL_I3"", ""DEMENTIA_DECREASING_ACTIVITY_I1"", ""DEMENTIA_DECREASING_ACTIVITY_I2""]",[],False,,Excluded because STRUCTURAL_I1 is not met: this analysis reports FDG-PET metabolism (functional) rather than VBM structural data.,[],[],True,,Whole-brain FDG-PET analysis comparing FTD to controls; meets global criteria and uses FDG-PET (functional) modality.,"[""GLOBAL_I1"", ""GLOBAL_I2"", ""GLOBAL_I3"", ""FUNCTIONAL_I1""]",[]
18661129,1,18661129_analysis_1,NC > AD,,64,10,None,"[[4.0, -48.0, 25.0], [-4.0, -45.0, 32.0], [52.0, -56.0, 34.0], [-55.0, -23.0, -22.0], [-46.0, -70.0, 33.0], [63.0, -40.0, -14.0], [-10.0, 10.0, 6.0], [43.0, 24.0, 33.0], [-45.0, 26.0, 27.0], [6.0, 8.0, 23.0]]",0,False,,Excluded because GLOBAL_I2 and GLOBAL_I3 are not met: this analysis compares NC > AD and does not include a clinically diagnosed FTD (bvFTD) group nor compare FTD to healthy controls.,[],[],False,,Excluded because GLOBAL_I2 and GLOBAL_I3 are not met: the analysis is NC > AD (no FTD sample and no FTD-vs-control comparison).,[],[],False,,Excluded because GLOBAL_I2 and GLOBAL_I3 are not met: this is an NC > AD voxelwise analysis that does not include or compare a bvFTD group to controls.,[],[],False,,Excluded because GLOBAL_I2 and GLOBAL_I3 are not met: the analysis does not include a bvFTD group nor compare bvFTD to healthy controls (NC > AD).,[],[]
18661129,2,18661129_analysis_2,AD > FTD,,64,8,None,"[[-6.0, 22.0, -19.0], [-8.0, 15.0, -18.0], [-4.0, 32.0, 24.0], [18.0, 13.0, -19.0], [12.0, 36.0, 24.0], [-22.0, 14.0, -1.0], [43.0, -1.0, -30.0], [32.0, 10.0, -2.0]]",0,False,,Excluded because GLOBAL_I3 is not met: this analysis compares AD > FTD (AD vs FTD) and does not compare the FTD group to healthy controls.,[],[],False,,Excluded because GLOBAL_I3 is not met: AD > FTD does not provide a bvFTD vs control (NC) decrease contrast required by the global inclusion criteria.,[],[],False,,Excluded because GLOBAL_I3 is not met: this analysis (AD > FTD) does not compare FTD to healthy controls.,[],[],False,,Excluded because GLOBAL_I3 is not met: the analysis compares AD to FTD but lacks the required FTD vs healthy control comparison.,[],[]
18661129,3,18661129_analysis_3,FTD > AD,,64,6,None,"[[26.0, -69.0, 31.0], [-22.0, -59.0, 35.0], [14.0, -62.0, 36.0], [-10.0, -62.0, 38.0], [-48.0, -64.0, 3.0], [41.0, -30.0, -12.0]]",0,False,,Excluded because GLOBAL_I3 is not met: this FTD > AD contrast does not compare the FTD group to healthy controls.,[],[],False,,"Excluded because GLOBAL_I3 is not met: the contrast FTD > AD does not report decreases in bvFTD relative to controls (it shows increases relative to AD), and does not compare FTD to healthy controls.",[],[],False,,Excluded because GLOBAL_I3 is not met: analysis compares FTD to AD but not to healthy controls.,[],[],False,,Excluded because GLOBAL_I3 is not met: the analysis lacks an FTD vs healthy control comparison.,[],[]
18661129,4,18661129_analysis_4,FTD > NC,,64,6,None,"[[31.0, -83.0, 8.0], [-14.0, -83.0, 4.2], [-15.0, -21.0, -7.0], [-46.0, -25.0, -2.0], [21.0, -16.0, -8.0], [65.0, -36.0, 17.0]]",0,True,,Whole-brain voxelwise FDG-PET contrast including FTD vs controls (FTD > NC); meets global criteria and uses FDG-PET modality.,"[""GLOBAL_I1"", ""GLOBAL_I2"", ""GLOBAL_I3"", ""DEMENTIA_ALL_I1""]",[],False,,Excluded because DEMENTIA_DECREASING_ACTIVITY_I1 is not met: this contrast is FTD > NC (increased activity in FTD relative to controls) rather than a Control > FTD decrease contrast.,[],[],False,,Excluded because STRUCTURAL_I1 is not met: this analysis reports FDG-PET (functional) data rather than VBM structural data.,[],[],True,,Whole-brain FDG-PET analysis comparing FTD to controls (FTD > NC); meets global criteria and uses FDG-PET (functional) modality.,"[""GLOBAL_I1"", ""GLOBAL_I2"", ""GLOBAL_I3"", ""FUNCTIONAL_I1""]",[]
18661129,5,18661129_analysis_5,AD > NC,,64,7,None,"[[-1.0, -32.0, -25.0], [-46.0, -16.0, 28.0], [30.0, -16.0, -1.0], [-18.0, -16.0, -1.0], [18.0, -72.0, 5.0], [-6.0, -85.0, 6.0], [66.0, -6.0, 28.0]]",0,False,,Excluded because GLOBAL_I2 and GLOBAL_I3 are not met: this analysis is AD > NC and does not include or compare a bvFTD group to healthy controls.,[],[],False,,Excluded because GLOBAL_I2 and GLOBAL_I3 are not met: no bvFTD group is included and no FTD-vs-control comparison is present (AD > NC).,[],[],False,,Excluded because GLOBAL_I2 and GLOBAL_I3 are not met: the contrast AD > NC does not involve a bvFTD sample nor a bvFTD vs control comparison.,[],[],False,,Excluded because GLOBAL_I2 and GLOBAL_I3 are not met: this analysis does not include a bvFTD group nor compare bvFTD to healthy controls.,[],[]
18661129,6,18661129_analysis_6,NC > FTD,,65,9,None,"[[-10.0, 37.0, 14.0], [-60.0, 7.0, -16.0], [35.0, 58.0, -6.0], [-32.0, 47.0, 18.0], [-37.0, 0.0, -7.0], [42.0, -5.0, -10.0], [-25.0, -8.0, -18.0], [29.0, -8.0, -19.0], [55.0, -3.0, -29.0]]",0,True,,Whole-brain voxelwise VBM contrast (NC > FTD) comparing FTD to controls; meets global criteria and uses an accepted modality (VBM).,"[""GLOBAL_I1"", ""GLOBAL_I2"", ""GLOBAL_I3"", ""DEMENTIA_ALL_I1""]",[],True,,"This whole-brain VBM NC > FTD contrast shows decreased grey matter volume in FTD relative to controls, satisfying the local decrease criterion and modality requirement.","[""GLOBAL_I1"", ""GLOBAL_I2"", ""GLOBAL_I3"", ""DEMENTIA_DECREASING_ACTIVITY_I1"", ""DEMENTIA_DECREASING_ACTIVITY_I2""]",[],True,,This is a whole-brain VBM analysis comparing FTD to controls; meets global criteria and STRUCTURAL_I1.,"[""GLOBAL_I1"", ""GLOBAL_I2"", ""GLOBAL_I3"", ""STRUCTURAL_I1""]",[],False,,Excluded because FUNCTIONAL_I1 is not met: this analysis uses VBM (structural MRI) rather than FDG-PET or fMRI (functional) modalities.,[],[]
18661129,7,18661129_analysis_7,NC > AD,,65,7,None,"[[-25.0, -11.0, -10.0], [51.0, -59.0, 34.0], [-11.0, -54.0, 44.0], [-6.0, 22.0, 27.0], [28.0, -12.0, -12.0], [8.0, -53.0, 36.0], [-52.0, -51.0, 35.0]]",0,False,,Excluded because GLOBAL_I2 and GLOBAL_I3 are not met: this NC > AD VBM contrast does not include or compare a bvFTD group to healthy controls.,[],[],False,,Excluded because GLOBAL_I2 and GLOBAL_I3 are not met: the analysis is NC > AD (no bvFTD sample or bvFTD-vs-control comparison).,[],[],False,,Excluded because GLOBAL_I2 and GLOBAL_I3 are not met: this VBM contrast (NC > AD) does not involve a bvFTD sample nor a bvFTD vs healthy control comparison.,[],[],False,,Excluded because GLOBAL_I2 and GLOBAL_I3 are not met: no bvFTD group is included and no bvFTD-vs-control comparison is present.,[],[]
18661129,8,18661129_analysis_8,AD > FTD,,65,4,None,"[[-28.0, 7.0, -41.0], [-8.0, 12.0, -18.0], [34.0, 14.0, -39.0], [-9.0, 17.0, -20.0]]",0,False,,Excluded because GLOBAL_I3 is not met: this AD > FTD VBM contrast compares AD to FTD but does not compare the FTD group to healthy controls.,[],[],False,,Excluded because GLOBAL_I3 is not met: the analysis (AD > FTD) lacks an FTD versus healthy control comparison required by the global criteria.,[],[],False,,"Excluded because GLOBAL_I3 is not met: although this is a VBM analysis, it does not compare FTD to healthy controls (it compares AD to FTD).",[],[],False,,Excluded because GLOBAL_I3 is not met: this VBM AD > FTD contrast lacks the required FTD vs healthy control comparison and does not use FDG-PET/fMRI.,[],[]
20493673,0,20493673_analysis_0,SD,,tbl2,13,MNI,"[[-60.0, -20.0, -30.0], [-50.0, -6.0, -34.0], [-46.0, -26.0, -30.0], [-12.0, 10.0, -22.0], [-12.0, 4.0, 8.0], [8.0, 58.0, 34.0], [6.0, 58.0, 10.0], [-40.0, -2.0, 8.0], [-40.0, 14.0, 4.0], [-8.0, 8.0, 28.0], [62.0, -14.0, -28.0], [12.0, 32.0, 20.0], [12.0, 24.0, 26.0]]",0,False,,Analysis is SD (semantic dementia) group only and does not include behavioral variant FTD (bvFTD) nor compare a bvFTD group to healthy controls; missing required global inclusion criteria GLOBAL_I2 and GLOBAL_I3.,[],[],False,,"Although this is a whole-brain FDG-PET group comparison, the analysis is SD only (no bvFTD) and does not meet GLOBAL_I2 and GLOBAL_I3 (requires bvFTD group vs controls); missing GLOBAL_I2 and GLOBAL_I3.",[],[],False,,Excluded because the analysis is FDG-PET functional imaging (not VBM); also it does not include bvFTD or compare bvFTD to controls (missing GLOBAL_I2 and GLOBAL_I3 and STRUCTURAL_I1).,[],[],False,,"Functional modality (FDG-PET) is present, but the analysis is SD-only and does not include a bvFTD group nor compare bvFTD to healthy controls; missing GLOBAL_I2 and GLOBAL_I3.",[],[]
20493673,1,20493673_analysis_1,FTD,,tbl2,8,MNI,"[[4.0, 28.0, 38.0], [4.0, 66.0, 2.0], [4.0, 64.0, 20.0], [-8.0, 8.0, 4.0], [-14.0, 0.0, 16.0], [0.0, 30.0, -24.0], [-10.0, 20.0, -26.0], [20.0, 6.0, 10.0]]",0,True,,Analysis is a whole-brain voxelwise FDG-PET group comparison of FTD vs controls (meets global criteria) and uses FDG-PET as allowed imaging modality.,"[""GLOBAL_I1"", ""GLOBAL_I2"", ""GLOBAL_I3"", ""DEMENTIA_ALL_I1""]",[],True,,"FTD vs controls shows decreases in metabolism (Control > FTD) on whole-brain FDG-PET, satisfying both global and local inclusion criteria.","[""GLOBAL_I1"", ""GLOBAL_I2"", ""GLOBAL_I3"", ""DEMENTIA_DECREASING_ACTIVITY_I1"", ""DEMENTIA_DECREASING_ACTIVITY_I2""]",[],False,,"Excluded because the modality is FDG-PET (functional), not VBM; missing STRUCTURAL_I1.",[],[],True,,FDG-PET whole-brain voxelwise group comparison of FTD vs controls meets global criteria and the functional-modality criterion.,"[""GLOBAL_I1"", ""GLOBAL_I2"", ""GLOBAL_I3"", ""FUNCTIONAL_I1""]",[]
20493673,2,20493673_analysis_2,Executive deficits,,tbl3,12,MNI,"[[0.0, 0.0, 30.0], [2.0, 18.0, 24.0], [12.0, 18.0, 24.0], [-12.0, -2.0, 12.0], [-12.0, 8.0, 6.0], [-8.0, -30.0, 12.0], [-26.0, 50.0, 30.0], [-58.0, 14.0, 22.0], [-48.0, 12.0, 42.0], [2.0, 56.0, 4.0], [-26.0, 18.0, 54.0], [-40.0, 18.0, -2.0]]",0,False,,This is a voxelwise correlation analysis across patients and controls (executive deficits) and does not perform a bvFTD group vs healthy control group comparison required by GLOBAL_I3; missing GLOBAL_I3.,[],[],False,,"Although FDG-PET and whole-brain voxelwise methods are used, the analysis is a correlational study (executive score vs metabolism) rather than a bvFTD vs control group comparison; missing GLOBAL_I3.",[],[],False,,Excluded because the modality is FDG-PET (not VBM) and the analysis does not meet GLOBAL_I3 (no bvFTD vs control group comparison); missing STRUCTURAL_I1 and GLOBAL_I3.,[],[],False,,"Functional modality (FDG-PET) is used, but the analysis is a correlational analysis including patients and controls rather than a bvFTD group vs controls comparison required by GLOBAL_I3; missing GLOBAL_I3.",[],[]
20493673,3,20493673_analysis_3,Behavioral deficits (NPI),,tbl3,7,MNI,"[[-56.0, 24.0, 24.0], [-8.0, 66.0, -2.0], [-4.0, 60.0, -20.0], [-6.0, 8.0, -12.0], [-32.0, 12.0, 6.0], [-40.0, 54.0, 14.0], [-54.0, -32.0, -24.0]]",0,False,,Behavioral deficits (NPI) correlation is a voxelwise correlational analysis across patients and controls and does not constitute a bvFTD vs healthy control group comparison required by GLOBAL_I3; missing GLOBAL_I3.,[],[],False,,"While FDG-PET whole-brain methods are used to find areas where behavior correlates with hypometabolism, the analysis is correlational across groups rather than a bvFTD vs control group comparison required by GLOBAL_I3; missing GLOBAL_I3.",[],[],False,,Excluded because the analysis uses FDG-PET (not VBM) and does not perform a bvFTD vs control group comparison (missing STRUCTURAL_I1 and GLOBAL_I3).,[],[],False,,"Although FDG-PET is the modality, the correlational design (behavioral score vs metabolism across patients and controls) does not meet GLOBAL_I3 (requires bvFTD vs healthy control comparison); missing GLOBAL_I3.",[],[]
21930136,0,21930136_analysis_0,Corticobasal syndrome/posterior cortical atrophy: grey matter atrophy,,tbl0060,25,None,"[[61.0, -22.0, 34.0], [29.0, -42.0, -3.0], [11.0, -45.0, 31.0], [50.0, -72.0, -5.0], [23.0, -76.0, -6.0], [-46.0, -53.0, 13.0], [-25.0, -52.0, 66.0], [-48.0, -28.0, 52.0], [17.0, 42.0, 45.0], [36.0, 21.0, 51.0], [30.0, 30.0, -17.0], [5.0, 52.0, 11.0], [2.0, 52.0, -20.0], [32.0, 49.0, -6.0], [-9.0, 16.0, -27.0], [-22.0, 14.0, 14.0], [-14.0, -16.0, 44.0], [50.0, -27.0, -1.0], [62.0, -34.0, -15.0], [-58.0, 2.0, -9.0], [-67.0, -36.0, -13.0], [-29.0, -23.0, -21.0], [17.0, -65.0, 27.0], [22.0, 18.0, 3.0], [-17.0, -30.0, 2.0]]",0,False,,"Analysis is VBM of CBS/PCA vs controls (whole-brain VBM) but does not compare a bvFTD group to healthy controls, so GLOBAL_I3 is not met.","[""GLOBAL_I1"", ""GLOBAL_I2""]",[],False,,Does not involve bvFTD comparisons (missing GLOBAL_I3); criterion for reporting decreases in bvFTD (DEMENTIA_DECREASING_ACTIVITY_I1) cannot be applied.,"[""GLOBAL_I1"", ""GLOBAL_I2""]",[],False,,"Although this is a VBM (STRUCTURAL_I1) whole-brain analysis, it does not compare a bvFTD group to healthy controls (missing GLOBAL_I3).","[""GLOBAL_I1"", ""STRUCTURAL_I1""]",[],False,,Analysis uses VBM (not fMRI/FDG-PET) so FUNCTIONAL_I1 is not met; additionally it does not compare a bvFTD group to controls (missing GLOBAL_I3).,"[""GLOBAL_I1""]",[]
21930136,1,21930136_analysis_1,Corticobasal syndrome/posterior cortical atrophy: regression for cardinal quantifier comprehension accuracy,,tbl0060,15,None,"[[60.0, -57.0, -6.0], [38.0, -46.0, -11.0], [42.0, -85.0, -2.0], [18.0, -82.0, -2.0], [-56.0, -31.0, 45.0], [-48.0, -42.0, 14.0], [-65.0, -49.0, 5.0], [-48.0, -72.0, 15.0], [-56.0, -61.0, -6.0], [-46.0, -69.0, -7.0], [-48.0, -67.0, 8.0], [-50.0, -34.0, 2.0], [-28.0, -25.0, -17.0], [-22.0, -41.0, -4.0], [-55.0, -31.0, 20.0]]",0,False,,"Regression VBM for CBS/PCA group (whole-brain) but does not involve a bvFTD vs control comparison, so GLOBAL_I3 is not met.","[""GLOBAL_I1"", ""GLOBAL_I2""]",[],False,,Regression relates performance to atrophy in CBS/PCA but does not involve bvFTD comparisons (missing GLOBAL_I3); DEMENTIA_DECREASING_ACTIVITY_I1 pertains to decreases in bvFTD and is not applicable.,"[""GLOBAL_I1"", ""GLOBAL_I2""]",[],False,,"This is a VBM regression (STRUCTURAL_I1) but the analysis does not compare a bvFTD group to healthy controls (missing GLOBAL_I3), so global criteria fail.","[""GLOBAL_I1"", ""STRUCTURAL_I1""]",[],False,,Modality is VBM not fMRI/FDG-PET (missing FUNCTIONAL_I1); additionally the analysis does not compare bvFTD to controls (missing GLOBAL_I3).,"[""GLOBAL_I1""]",[]
21930136,2,21930136_analysis_2,Behavioral variant frontotemporal dementia: grey matter atrophy,,tbl0060,2,None,"[[24.0, 47.0, 13.0], [32.0, 49.0, -6.0]]",0,True,,"Whole-brain VBM contrast of bvFTD vs healthy controls (voxelwise atrophy map) meets global criteria and uses VBM, satisfying DEMENTIA_ALL_I1.","[""GLOBAL_I1"", ""GLOBAL_I2"", ""GLOBAL_I3"", ""DEMENTIA_ALL_I1""]",[],True,,"Analysis reports gray matter decreases in bvFTD relative to controls (group atrophy contrast), is whole-brain VBM and meets DEMENTIA_DECREASING_ACTIVITY_I1 and I2.","[""GLOBAL_I1"", ""GLOBAL_I2"", ""GLOBAL_I3"", ""DEMENTIA_DECREASING_ACTIVITY_I1"", ""DEMENTIA_DECREASING_ACTIVITY_I2""]",[],True,,"This is a voxelwise VBM atrophy analysis (STRUCTURAL_I1) of bvFTD vs controls, satisfying global criteria and the structural inclusion.","[""GLOBAL_I1"", ""GLOBAL_I2"", ""GLOBAL_I3"", ""STRUCTURAL_I1""]",[],False,,"Modality is VBM (structural) not fMRI/FDG-PET, so FUNCTIONAL_I1 is not met.","[""GLOBAL_I1"", ""GLOBAL_I2"", ""GLOBAL_I3""]",[]
21930136,3,21930136_analysis_3,Behavioral variant frontotemporal dementia: regression for logical quantifier comprehension accuracy,,tbl0060,1,None,"[[17.0, 62.0, 7.0]]",0,True,,Whole-brain voxelwise VBM regression relating logical-quantifier performance to grey matter atrophy in the bvFTD group; meets GLOBAL_I1/I2/I3 and uses VBM (DEMENTIA_ALL_I1).,"[""GLOBAL_I1"", ""GLOBAL_I2"", ""GLOBAL_I3"", ""DEMENTIA_ALL_I1""]",[],True,,"Regression identifies associations within areas of significant bvFTD atrophy (i.e., decreases in gray matter related to performance) and uses VBM, satisfying DEMENTIA_DECREASING_ACTIVITY_I1 and I2.","[""GLOBAL_I1"", ""GLOBAL_I2"", ""GLOBAL_I3"", ""DEMENTIA_DECREASING_ACTIVITY_I1"", ""DEMENTIA_DECREASING_ACTIVITY_I2""]",[],True,,This is a voxelwise VBM regression analysis (STRUCTURAL_I1) relating behavior to gray matter atrophy in bvFTD and meets global criteria.,"[""GLOBAL_I1"", ""GLOBAL_I2"", ""GLOBAL_I3"", ""STRUCTURAL_I1""]",[],False,,"Modality is VBM (structural), not fMRI/FDG-PET, so FUNCTIONAL_I1 is not met.","[""GLOBAL_I1"", ""GLOBAL_I2"", ""GLOBAL_I3""]",[]
21930136,4,21930136_analysis_4,Behavioral variant frontotemporal dementia: regression for majority quantifier comprehension accuracy,,tbl0060,4,None,"[[55.0, -27.0, 3.0], [32.0, 3.0, -1.0], [25.0, 6.0, 14.0], [-23.0, -2.0, 7.0]]",0,True,,Whole-brain VBM regression relating majority-quantifier performance to grey matter atrophy in the bvFTD group; meets global inclusion and uses VBM (DEMENTIA_ALL_I1).,"[""GLOBAL_I1"", ""GLOBAL_I2"", ""GLOBAL_I3"", ""DEMENTIA_ALL_I1""]",[],True,,"Regression reveals associations in regions of bvFTD atrophy (decreased gray matter) and is a whole-brain VBM analysis, satisfying DEMENTIA_DECREASING_ACTIVITY_I1 and I2.","[""GLOBAL_I1"", ""GLOBAL_I2"", ""GLOBAL_I3"", ""DEMENTIA_DECREASING_ACTIVITY_I1"", ""DEMENTIA_DECREASING_ACTIVITY_I2""]",[],True,,This is a voxelwise VBM regression (STRUCTURAL_I1) linking behavior to gray matter atrophy in bvFTD and meets global criteria.,"[""GLOBAL_I1"", ""GLOBAL_I2"", ""GLOBAL_I3"", ""STRUCTURAL_I1""]",[],False,,"Modality is VBM (structural), not fMRI/FDG-PET, so FUNCTIONAL_I1 is not met.","[""GLOBAL_I1"", ""GLOBAL_I2"", ""GLOBAL_I3""]",[]
22952324,0,22952324_analysis_0,AD (Rey recall),,69,4,None,"[[30.0, 43.0, 18.0], [11.0, 43.0, 2.0], [20.0, 15.0, 42.0], [-14.0, 35.0, -20.0]]",0,False,,Global inclusion criterion GLOBAL_I3 is not met: this analysis is the AD group (Rey recall) regression and does not compare the bvFTD group to healthy controls as required by GLOBAL_I3.,[],[],False,,Global inclusion criterion GLOBAL_I3 is not met: analysis is AD-specific (Rey recall) and does not compare the bvFTD group to healthy controls as required.,[],[],False,,Global inclusion criterion GLOBAL_I3 is not met: the analysis targets the AD subgroup rather than a bvFTD vs healthy control comparison required by GLOBAL_I3.,[],[],False,,"Global inclusion criterion GLOBAL_I3 is not met: the analysis is AD-specific and does not compare the bvFTD group to healthy controls as required. Additionally, the modality here is VBM (structural), so FUNCTIONAL_I1 (fMRI/FDG-PET) is not met.",[],[]
22952324,1,22952324_analysis_1,"bvFTD (areas of overlap for Rey recall, TROG and BNT)",,69,8,None,"[[-1.0, 32.0, -22.0], [-5.0, 16.0, -12.0], [4.0, 41.0, 11.0], [3.0, 19.0, -12.0], [14.0, 47.0, 12.0], [4.0, 53.0, -22.0], [11.0, 42.0, 13.0], [2.0, 14.0, -12.0]]",0,True,,"Analysis is a whole-brain voxelwise VBM study including a clinically diagnosed bvFTD group and includes comparisons to healthy controls; modality is VBM, satisfying the local VBM/fMRI/FDG-PET requirement.","[""GLOBAL_I1"", ""GLOBAL_I2"", ""GLOBAL_I3"", ""DEMENTIA_ALL_I1""]",[],True,,"The analysis reports reduced grey matter density for bvFTD versus controls (Control > bvFTD) using VBM, satisfying both the decrease and modality criteria.","[""GLOBAL_I1"", ""GLOBAL_I2"", ""GLOBAL_I3"", ""DEMENTIA_DECREASING_ACTIVITY_I1"", ""DEMENTIA_DECREASING_ACTIVITY_I2""]",[],True,,"This is a Voxel-Based Morphometry (VBM) whole-brain analysis (structural MRI), meeting the structural inclusion criterion.","[""GLOBAL_I1"", ""GLOBAL_I2"", ""GLOBAL_I3"", ""STRUCTURAL_I1""]",[],False,,"Modality requirement FUNCTIONAL_I1 is not met: the analysis uses VBM (structural MRI), not fMRI or FDG-PET.",[],[]
23565102,0,23565102_analysis_0,Regions of activation for doubly-quantified sentences minus baseline sentences (p< 0.05 FDR-corrected; 20 voxel extent).,,T2,5,MNI,"[[-32.0, -60.0, 54.0], [24.0, 60.0, -6.0], [-54.0, -44.0, 8.0], [-46.0, 18.0, 20.0], [4.0, 16.0, 54.0]]",0,False,,Analysis is an fMRI whole-brain study in healthy young adults and does not include bvFTD patients or a bvFTD vs control comparison; missing GLOBAL_I2 and GLOBAL_I3.,[],[],False,,Analysis does not include bvFTD patients or a bvFTD vs control comparison; missing GLOBAL_I2 and GLOBAL_I3.,[],[],False,,Analysis is an fMRI activation map in healthy subjects and does not include bvFTD patients or a bvFTD vs control comparison; missing GLOBAL_I2 and GLOBAL_I3.,[],[],False,,"Although this is a whole-brain fMRI map, the analysis does not include bvFTD patients or a bvFTD vs control comparison; missing GLOBAL_I2 and GLOBAL_I3.",[],[]
23565102,1,23565102_analysis_1,Regions of significantly reduced gray matter density in bvFTD patients relative to demographically matched healthy seniors (p<0.05 FDR-corrected; 100 voxel extent).,,T3,11,MNI,"[[-6.0, 50.0, 16.0], [-26.0, 52.0, 4.0], [-26.0, 44.0, 30.0], [50.0, 4.0, 22.0], [-40.0, 2.0, 38.0], [-18.0, -10.0, 24.0], [-38.0, 12.0, 4.0], [-38.0, -24.0, -16.0], [-36.0, 8.0, -26.0], [42.0, 10.0, -30.0], [52.0, -26.0, 0.0]]",0,True,,"Whole-brain VBM voxelwise comparison of bvFTD patients versus healthy seniors (vbM modality present), meeting global and local criteria.","[""GLOBAL_I1"", ""GLOBAL_I2"", ""GLOBAL_I3"", ""DEMENTIA_ALL_I1""]",[],True,,"Analysis reports decreased gray matter density in bvFTD relative to controls (Control > bvFTD) using VBM, meeting global and local criteria.","[""GLOBAL_I1"", ""GLOBAL_I2"", ""GLOBAL_I3"", ""DEMENTIA_DECREASING_ACTIVITY_I1"", ""DEMENTIA_DECREASING_ACTIVITY_I2""]",[],True,,"This is a voxel-based morphometry (VBM) whole-brain analysis comparing bvFTD to controls, meeting structural inclusion criteria.","[""GLOBAL_I1"", ""GLOBAL_I2"", ""GLOBAL_I3"", ""STRUCTURAL_I1""]",[],False,,Analysis uses VBM (structural) rather than fMRI or FDG-PET; missing FUNCTIONAL_I1.,[],[]
23565102,2,23565102_analysis_2,Regions of overlap between fMRI activation in healthy young adults and reduced gray matter density in bvFTD patients relative to healthy seniors.,,T4,5,MNI,"[[-46.0, 6.0, 38.0], [22.0, 58.0, -6.0], [-36.0, 18.0, 22.0], [-34.0, 30.0, -2.0], [-42.0, 20.0, 30.0]]",0,True,,"Whole-brain voxelwise conjunction of VBM (bvFTD vs controls) and fMRI activation maps; includes bvFTD comparison and involves VBM/fMRI modalities, meeting global and local criteria.","[""GLOBAL_I1"", ""GLOBAL_I2"", ""GLOBAL_I3"", ""DEMENTIA_ALL_I1""]",[],True,,"Conjunction includes regions of decreased gray matter density in bvFTD (Control > bvFTD) derived from VBM, satisfying criteria for reporting decreases and required modalities.","[""GLOBAL_I1"", ""GLOBAL_I2"", ""GLOBAL_I3"", ""DEMENTIA_DECREASING_ACTIVITY_I1"", ""DEMENTIA_DECREASING_ACTIVITY_I2""]",[],True,,"Overlapping map includes VBM-derived reduced gray matter in bvFTD (voxelwise), satisfying STRUCTURAL_I1.","[""GLOBAL_I1"", ""GLOBAL_I2"", ""GLOBAL_I3"", ""STRUCTURAL_I1""]",[],True,,"Overlap analysis includes whole-brain task-based fMRI activation maps (healthy young adults), satisfying FUNCTIONAL_I1.","[""GLOBAL_I1"", ""GLOBAL_I2"", ""GLOBAL_I3"", ""FUNCTIONAL_I1""]",[]
23576128,0,23576128_analysis_0,Regions of significant atrophy in the behavioural variant FTD group,,48,8,None,"[[-10.0, 14.0, -12.0], [20.0, 26.0, 44.0], [28.0, 36.0, -14.0], [-26.0, 34.0, -14.0], [-60.0, -6.0, -12.0], [-4.0, 34.0, 2.0], [-48.0, -36.0, -22.0], [-60.0, 8.0, -20.0]]",0,True,,Whole-brain VBM comparison of bvFTD patients vs controls (voxelwise atrophy map); satisfies global whole-brain + patient + between-group comparison and uses VBM.,"[""GLOBAL_I1"", ""GLOBAL_I2"", ""GLOBAL_I3"", ""DEMENTIA_ALL_I1""]",[],True,,"Table reports reduced gray matter volume (Control > bvFTD) from whole-brain VBM, i.e. decreases in bvFTD; modality is VBM.","[""GLOBAL_I1"", ""GLOBAL_I2"", ""GLOBAL_I3"", ""DEMENTIA_DECREASING_ACTIVITY_I1"", ""DEMENTIA_DECREASING_ACTIVITY_I2""]",[],True,,"This analysis uses voxel-based morphometry (VBM), meeting the structural VBM criterion and global whole-brain + patient + comparison criteria.","[""GLOBAL_I1"", ""GLOBAL_I2"", ""GLOBAL_I3"", ""STRUCTURAL_I1""]",[],False,,Analysis is VBM (structural) rather than fMRI/FDG-PET; missing FUNCTIONAL_I1.,[],[]
23576128,1,23576128_analysis_1,Brain regions demonstrating greater activity for moral-personal than non-moral dilemmas in control subjects,,49,3,None,"[[50.0, -60.0, 26.0], [0.0, -78.0, 42.0], [8.0, 60.0, -4.0]]",0,False,,Whole-brain fMRI activation map from control subjects only; missing required global criteria: GLOBAL_I2 (includes bvFTD patients) and GLOBAL_I3 (between-group comparison with bvFTD).,[],[],False,,This analysis reports fMRI activations in controls (no bvFTD comparison). Missing GLOBAL_I2 (includes bvFTD) and GLOBAL_I3 (between-group comparison). Also does not report decreases in bvFTD (no patient data).,[],[],False,,This is a task fMRI activation map (not VBM); additionally missing GLOBAL_I2 and GLOBAL_I3 (no bvFTD comparison). Missing STRUCTURAL_I1 and the global patient/comparison criteria.,[],[],False,,"Although modality is fMRI (satisfies FUNCTIONAL_I1), the analysis includes only healthy controls and does not include or compare bvFTD patients (missing GLOBAL_I2 and GLOBAL_I3).",[],[]
23576128,2,23576128_analysis_2,Brain regions demonstrating greater activity for moral-personal than moral-impersonal dilemmas in control subjects,,50,4,None,"[[-4.0, 34.0, -14.0], [56.0, -64.0, 26.0], [4.0, -58.0, 24.0], [-20.0, 4.0, -12.0]]",0,False,,Task fMRI contrast in control subjects only; missing GLOBAL_I2 (includes bvFTD patients) and GLOBAL_I3 (between-group comparison with bvFTD).,[],[],False,,"Reports activations in controls (no bvFTD comparison), so does not meet GLOBAL_I2/GLOBAL_I3 and does not report decreases for bvFTD (no patient data).",[],[],False,,"This is a functional activation table (not VBM); and it lacks bvFTD patient comparison (missing GLOBAL_I2 and GLOBAL_I3), therefore STRUCTURAL_I1 is not satisfied.",[],[],False,,Modality is fMRI (FUNCTIONAL_I1 satisfied) but analysis includes only controls and lacks a bvFTD vs control comparison (missing GLOBAL_I2 and GLOBAL_I3).,[],[]
23576128,3,23576128_analysis_3,Brain regions demonstrating greater activity for non-moral than moral-personal dilemmas in control subjects,,51,5,None,"[[34.0, -84.0, 16.0], [-22.0, -96.0, 4.0], [40.0, -2.0, 62.0], [36.0, -46.0, 48.0], [-34.0, -24.0, 66.0]]",0,False,,Whole-brain task fMRI contrast reported for control subjects only; missing GLOBAL_I2 (bvFTD included) and GLOBAL_I3 (bvFTD vs control comparison).,[],[],False,,No bvFTD patient comparison present (missing GLOBAL_I2 and GLOBAL_I3); does not report decreases in bvFTD.,[],[],False,,"This is an fMRI activation table, not VBM; missing STRUCTURAL_I1 and also missing GLOBAL_I2/GLOBAL_I3 (no bvFTD comparison).",[],[],False,,"Although modality is fMRI, the analysis includes only controls and does not compare to bvFTD (missing GLOBAL_I2 and GLOBAL_I3).",[],[]
23576128,4,23576128_analysis_4,Brain regions demonstrating greater activity for moral-impersonal than moral-personal dilemmas in control subjects,,52,8,None,"[[-32.0, -60.0, 44.0], [40.0, -58.0, 46.0], [-36.0, 14.0, 30.0], [46.0, 38.0, 14.0], [-26.0, -72.0, 30.0], [8.0, 0.0, 52.0], [44.0, 20.0, 40.0], [4.0, 26.0, 48.0]]",0,False,,Task fMRI activation table derived from control subjects only; missing GLOBAL_I2 (includes bvFTD) and GLOBAL_I3 (between-group comparison).,[],[],False,,"No bvFTD patient data or bvFTD vs control comparison present (missing GLOBAL_I2 and GLOBAL_I3), so cannot satisfy criteria for decreases in bvFTD.",[],[],False,,This is a functional activation result (not VBM); missing STRUCTURAL_I1 and also missing GLOBAL_I2/GLOBAL_I3 (no bvFTD comparison).,[],[],False,,Modality is fMRI but analysis lacks bvFTD patient inclusion and between-group comparison (missing GLOBAL_I2 and GLOBAL_I3).,[],[]
23576128,5,23576128_analysis_5,Brain regions demonstrating greater contrast between moral-personal and non-moral dilemmas in control subjects than in patients with behavioural variant FTD,,53,1,None,"[[4.0, -42.0, 38.0]]",0,True,,Whole-brain fMRI between-group contrast (Control > bvFTD) reporting differences; satisfies global whole-brain + patient + between-group comparison and uses fMRI.,"[""GLOBAL_I1"", ""GLOBAL_I2"", ""GLOBAL_I3"", ""DEMENTIA_ALL_I1""]",[],True,,"Table reports reduced task-related activation in bvFTD (Control > bvFTD) from whole-brain fMRI contrast, satisfying local criteria for decreases and modality.","[""GLOBAL_I1"", ""GLOBAL_I2"", ""GLOBAL_I3"", ""DEMENTIA_DECREASING_ACTIVITY_I1"", ""DEMENTIA_DECREASING_ACTIVITY_I2""]",[],False,,This analysis is a task fMRI between-group contrast rather than VBM; missing STRUCTURAL_I1 (VBM required).,[],[],True,,Whole-brain task fMRI between-group contrast (Control > bvFTD) meets global inclusion criteria and the functional modality requirement.,"[""GLOBAL_I1"", ""GLOBAL_I2"", ""GLOBAL_I3"", ""FUNCTIONAL_I1""]",[]
23582296,0,23582296_analysis_0,Controls vs bvFTD,,tbl3,10,MNI,"[[-10.0, 28.0, -26.0], [32.0, -6.0, -50.0], [-40.0, -14.0, -48.0], [6.0, 0.0, 4.0], [-18.0, -14.0, -26.0], [-32.0, 22.0, 4.0], [50.0, 12.0, -4.0], [48.0, -20.0, 10.0], [-18.0, 26.0, 42.0], [-14.0, 22.0, 0.0]]",0,True,,Whole-brain VBM group contrast directly compares clinically diagnosed bvFTD patients with healthy controls using voxelwise analysis (reported atrophy in bvFTD). Meets global whole-brain and sample criteria and uses an accepted modality (VBM).,"[""GLOBAL_I1"", ""GLOBAL_I2"", ""GLOBAL_I3"", ""DEMENTIA_ALL_I1""]",[],True,,Group contrast (Controls > bvFTD) reports decreased grey matter volume in bvFTD relative to controls (atrophy). Analysis is whole-brain VBM and reports decreases for bvFTD.,"[""GLOBAL_I1"", ""GLOBAL_I2"", ""GLOBAL_I3"", ""DEMENTIA_DECREASING_ACTIVITY_I1"", ""DEMENTIA_DECREASING_ACTIVITY_I2""]",[],True,,Analysis uses voxel-based morphometry (VBM) whole-brain structural MRI to assess grey matter differences.,"[""GLOBAL_I1"", ""GLOBAL_I2"", ""GLOBAL_I3"", ""STRUCTURAL_I1""]",[],False,,Excluded because the analysis uses structural VBM data rather than fMRI or FDG-PET (missing FUNCTIONAL_I1).,[],[]
23582296,1,23582296_analysis_1,Controls vs AD,,tbl3,5,MNI,"[[-14.0, 60.0, -12.0], [32.0, -12.0, -24.0], [-36.0, 22.0, 8.0], [-44.0, -58.0, 14.0], [-20.0, 10.0, 44.0]]",0,False,,Excluded because GLOBAL_I3 is not met: this analysis compares Controls vs AD and does not include a comparison of bvFTD to healthy controls.,[],[],False,,Excluded because GLOBAL_I3 is not met: analysis does not compare bvFTD to healthy controls (Controls vs AD).,[],[],False,,"Excluded because GLOBAL_I3 is not met: although this is a VBM group contrast, it compares Controls vs AD and does not include bvFTD vs controls as required.",[],[],False,,"Excluded because GLOBAL_I3 is not met (analysis compares Controls vs AD, not bvFTD vs controls) and additionally the modality is structural VBM rather than fMRI/FDG-PET (missing FUNCTIONAL_I1).",[],[]
23582296,2,23582296_analysis_2,bvFTD vs AD,,tbl3,1,MNI,"[[22.0, 12.0, -10.0]]",0,False,,Excluded because GLOBAL_I3 is not met: this analysis compares bvFTD vs AD but does not include a comparison of bvFTD to healthy controls.,[],[],False,,Excluded because GLOBAL_I3 is not met: bvFTD vs AD contrast does not compare bvFTD to healthy controls as required by the global inclusion criteria.,[],[],False,,"Excluded because GLOBAL_I3 is not met: although this is a VBM structural contrast, it lacks the required bvFTD vs healthy control comparison.",[],[],False,,"Excluded because GLOBAL_I3 is not met (analysis compares bvFTD vs AD, not bvFTD vs controls) and the modality is structural VBM rather than fMRI/FDG-PET (missing FUNCTIONAL_I1).",[],[]
23582296,3,23582296_analysis_3,Episodic past retrieval,VBM results showing regions of significant grey matter intensity that covary with episodic past and future thinking performance.,tbl4,7,MNI,"[[-12.0, 52.0, -4.0], [-12.0, 16.0, 40.0], [14.0, -28.0, 14.0], [-14.0, -34.0, 40.0], [-12.0, 52.0, -4.0], [-18.0, 18.0, 38.0], [-2.0, -44.0, 32.0]]",0,False,,"Excluded because GLOBAL_E3 applies: the analysis report includes pooled analyses (e.g., all participants combined or bvFTD pooled with other patient groups), which violates the global exclusion criterion prohibiting pooling bvFTD with other patient groups.",[],"[""GLOBAL_E3""]",False,,"Excluded because GLOBAL_E3 applies: the VBM covariate results include pooled participant analyses (bvFTD pooled with other patient groups), violating the global exclusion criterion.",[],"[""GLOBAL_E3""]",False,,"Excluded because GLOBAL_E3 applies: although this is a VBM structural analysis, it includes pooled analyses combining bvFTD with other patient groups (all participants combined), which violates the global exclusion criterion.",[],"[""GLOBAL_E3""]",False,,"Excluded because GLOBAL_E3 applies (pooled bvFTD with other patient groups). Additionally, the modality is VBM (structural), not fMRI/FDG-PET (missing FUNCTIONAL_I1).",[],"[""GLOBAL_E3""]"
23582296,4,23582296_analysis_4,Episodic future thinking,VBM results showing regions of significant grey matter intensity that covary with episodic past and future thinking performance.,tbl4,21,MNI,"[[26.0, -28.0, -32.0], [-58.0, 10.0, -14.0], [-52.0, -2.0, -42.0], [42.0, -8.0, 28.0], [-40.0, -46.0, 14.0], [18.0, 60.0, 4.0], [-22.0, 20.0, 40.0], [28.0, 54.0, 8.0], [-44.0, -48.0, 8.0], [10.0, 68.0, 26.0], [-54.0, 6.0, -20.0], [26.0, -26.0, -16.0], [-30.0, 28.0, 36.0], [-52.0, 2.0, -42.0], [-38.0, -16.0, -42.0], [-42.0, -68.0, -8.0], [68.0, -28.0, -4.0], [48.0, -10.0, 26.0], [32.0, -32.0, -18.0], [-6.0, -38.0, 34.0], [-42.0, -56.0, 18.0]]",0,False,,"Excluded because GLOBAL_E3 applies: the reported VBM correlational results include pooled analyses (e.g., all participants combined), thus pooling bvFTD with other patient groups and violating the global exclusion criterion.",[],"[""GLOBAL_E3""]",False,,"Excluded because GLOBAL_E3 applies: VBM covariate analyses include pooled participant analyses that combine bvFTD with other patient groups, violating the global exclusion rule.",[],"[""GLOBAL_E3""]",False,,"Excluded because GLOBAL_E3 applies: although modality is VBM, the analysis includes pooled bvFTD+other patients (all participants combined), which violates the global exclusion criterion.",[],"[""GLOBAL_E3""]",False,,"Excluded because GLOBAL_E3 applies (pooled bvFTD with other patient groups). Additionally, the analysis uses VBM (structural) rather than fMRI/FDG-PET (missing FUNCTIONAL_I1).",[],"[""GLOBAL_E3""]"
23670951,0,23670951_analysis_0,AD and controls,,9,16,MNI,"[[16.0, 70.0, -4.0], [64.0, -32.0, -8.0], [4.0, -54.0, 22.0], [-38.0, -34.0, 36.0], [-24.0, -16.0, -24.0], [62.0, -58.0, -22.0], [12.0, 20.0, 40.0], [-60.0, -22.0, -32.0], [-26.0, 18.0, -12.0], [6.0, -76.0, 56.0], [26.0, -4.0, -38.0], [22.0, 6.0, -28.0], [-54.0, -22.0, 24.0], [-48.0, -50.0, 6.0], [20.0, -34.0, -4.0], [30.0, 10.0, 28.0]]",0,False,,"Global inclusion criterion GLOBAL_I3 not met: this analysis is an AD vs Controls contrast and does not compare the bvFTD group to healthy controls. Although it is a whole-brain VBM analysis (meets GLOBAL_I1 and STRUCTURAL_I1), it fails the required bvFTD-vs-controls comparison.","[""GLOBAL_I1"", ""GLOBAL_I2""]",[],False,,Global inclusion criterion GLOBAL_I3 not met: analysis is AD vs Controls (no bvFTD vs Controls comparison).,"[""GLOBAL_I1"", ""GLOBAL_I2""]",[],False,,"Global inclusion criterion GLOBAL_I3 not met: this analysis is AD vs Controls rather than a bvFTD vs Controls contrast. The local structural criterion (STRUCTURAL_I1: VBM) is satisfied, but global requirement failed.","[""GLOBAL_I1"", ""STRUCTURAL_I1""]",[],False,,"Global inclusion criterion GLOBAL_I3 not met: analysis is AD vs Controls and does not include bvFTD vs Controls. Additionally, local functional criterion FUNCTIONAL_I1 is not met (modality is VBM, not fMRI/FDG-PET).","[""GLOBAL_I1""]",[]
23670951,1,23670951_analysis_1,bvFTD and controls,,9,4,MNI,"[[0.0, 46.0, 2.0], [34.0, 24.0, -34.0], [-10.0, 24.0, -26.0], [28.0, -12.0, -20.0]]",0,True,,Meets global whole-brain VBM criteria and explicitly compares bvFTD to healthy controls; modality is VBM so DEMENTIA_ALL_I1 is satisfied.,"[""GLOBAL_I1"", ""GLOBAL_I2"", ""GLOBAL_I3"", ""DEMENTIA_ALL_I1""]",[],True,,"Analysis reports decreased gray matter in bvFTD relative to controls (Control > bvFTD/atrophy) using whole-brain VBM, satisfying both global and local inclusion criteria.","[""GLOBAL_I1"", ""GLOBAL_I2"", ""GLOBAL_I3"", ""DEMENTIA_DECREASING_ACTIVITY_I1"", ""DEMENTIA_DECREASING_ACTIVITY_I2""]",[],True,,"This is a whole-brain VBM analysis comparing bvFTD to controls, satisfying STRUCTURAL_I1 and all global inclusion criteria.","[""GLOBAL_I1"", ""GLOBAL_I2"", ""GLOBAL_I3"", ""STRUCTURAL_I1""]",[],False,,"Local functional inclusion FUNCTIONAL_I1 not met: modality is VBM (structural), not fMRI or FDG-PET.","[""GLOBAL_I1"", ""GLOBAL_I2"", ""GLOBAL_I3""]",[]
23670951,2,23670951_analysis_2,Regions of overlap,,10,4,MNI,"[[26.0, 12.0, -30.0], [16.0, 70.0, -4.0], [0.0, 46.0, 8.0], [26.0, -16.0, -20.0]]",0,True,,"Overlap analysis derived from whole-brain VBM contrasts that include bvFTD vs controls; modality is VBM, satisfying DEMENTIA_ALL_I1 and global criteria.","[""GLOBAL_I1"", ""GLOBAL_I2"", ""GLOBAL_I3"", ""DEMENTIA_ALL_I1""]",[],True,,"Overlap identifies common regions of decreased gray matter related to episodic recall that include bvFTD contrasts (Control > bvFTD) and is derived from whole-brain VBM, satisfying local criteria.","[""GLOBAL_I1"", ""GLOBAL_I2"", ""GLOBAL_I3"", ""DEMENTIA_DECREASING_ACTIVITY_I1"", ""DEMENTIA_DECREASING_ACTIVITY_I2""]",[],True,,"Analysis is based on voxel-based morphometry whole-brain maps (STRUCTURAL_I1) and includes bvFTD vs controls, satisfying global criteria.","[""GLOBAL_I1"", ""GLOBAL_I2"", ""GLOBAL_I3"", ""STRUCTURAL_I1""]",[],False,,"Local functional inclusion FUNCTIONAL_I1 not met: this is a structural VBM overlap analysis, not fMRI or FDG-PET.","[""GLOBAL_I1"", ""GLOBAL_I2"", ""GLOBAL_I3""]",[]
23670951,3,23670951_analysis_3,AD and controls,Voxel‐based morphometry results showing regions of significant grey matter intensity decrease that correlate with recall performance unique to Alzheimer's disease (AD) and behavioral variant frontotemporal dementia (bvFTD) groups,11,15,MNI,"[[66.0, -38.0, -22.0], [10.0, 60.0, -6.0], [8.0, -56.0, 20.0], [-38.0, -36.0, 36.0], [-22.0, -16.0, -24.0], [62.0, -58.0, -24.0], [14.0, 20.0, 38.0], [-64.0, -16.0, -34.0], [-24.0, 16.0, -12.0], [8.0, -74.0, 50.0], [26.0, -6.0, -40.0], [-58.0, -26.0, 24.0], [-46.0, -50.0, 6.0], [24.0, -34.0, -4.0], [36.0, 10.0, 26.0]]",0,False,,Global inclusion criterion GLOBAL_I3 not met: this analysis is an AD-exclusive contrast (AD vs Controls) and does not provide a bvFTD vs Controls comparison required by the global gate.,"[""GLOBAL_I1"", ""GLOBAL_I2""]",[],False,,Global inclusion criterion GLOBAL_I3 not met: this is an AD-exclusive map (no bvFTD vs Controls comparison).,"[""GLOBAL_I1"", ""GLOBAL_I2""]",[],False,,"Global inclusion criterion GLOBAL_I3 not met: although the analysis uses VBM (STRUCTURAL_I1), it is AD-exclusive and does not include the required bvFTD vs Controls comparison.","[""GLOBAL_I1"", ""STRUCTURAL_I1""]",[],False,,Global inclusion criterion GLOBAL_I3 not met: analysis is AD-exclusive and lacks the bvFTD vs Controls comparison. Also local functional criterion FUNCTIONAL_I1 is not met (modality is VBM).,"[""GLOBAL_I1""]",[]
23670951,4,23670951_analysis_4,bvFTD and Controls,Voxel‐based morphometry results showing regions of significant grey matter intensity decrease that correlate with recall performance unique to Alzheimer's disease (AD) and behavioral variant frontotemporal dementia (bvFTD) groups,11,3,MNI,"[[16.0, 68.0, -8.0], [42.0, 2.0, -44.0], [-28.0, 16.0, -28.0]]",0,True,,"This analysis is a whole-brain VBM contrast comparing bvFTD to healthy controls (exclusive bvFTD mask), meeting global inclusion criteria and DEMENTIA_ALL_I1.","[""GLOBAL_I1"", ""GLOBAL_I2"", ""GLOBAL_I3"", ""DEMENTIA_ALL_I1""]",[],True,,"Analysis reports regions of decreased gray matter uniquely associated with bvFTD (Control > bvFTD exclusive mask) using whole-brain VBM, satisfying local and global inclusion criteria.","[""GLOBAL_I1"", ""GLOBAL_I2"", ""GLOBAL_I3"", ""DEMENTIA_DECREASING_ACTIVITY_I1"", ""DEMENTIA_DECREASING_ACTIVITY_I2""]",[],True,,"Uses voxel-based morphometry whole-brain maps comparing bvFTD to controls, satisfying STRUCTURAL_I1 and global criteria.","[""GLOBAL_I1"", ""GLOBAL_I2"", ""GLOBAL_I3"", ""STRUCTURAL_I1""]",[],False,,"Local functional inclusion FUNCTIONAL_I1 not met: modality is VBM (structural), not fMRI or FDG-PET.","[""GLOBAL_I1"", ""GLOBAL_I2"", ""GLOBAL_I3""]",[]
23986673,0,23986673_analysis_0,Voxel level correction,Functional brain regions showing increased functional connectivity in patients with bvFTD compared to healthy controls.,T1,15,MNI,"[[21.0, 42.0, 31.0], [13.0, 10.0, 14.0], [9.0, 18.0, 28.0], [17.0, 9.0, 24.0], [29.0, 35.0, 25.0], [22.0, 44.0, 17.0], [34.0, 41.0, 14.0], [11.0, 39.0, 12.0], [23.0, 12.0, 21.0], [11.0, 32.0, 27.0], [30.0, 24.0, 35.0], [10.0, 42.0, 13.0], [7.0, 29.0, 26.0], [6.0, 22.0, 22.0], [35.0, 16.0, 24.0]]",0,True,,"Analysis is a whole-brain (voxelwise) resting-state fMRI comparison between clinically diagnosed bvFTD patients and healthy controls, satisfying the global criteria and the local modality requirement (fMRI).","[""GLOBAL_I1"", ""GLOBAL_I2"", ""GLOBAL_I3"", ""DEMENTIA_ALL_I1""]",[],False,,"Excluded because the analysis reports only increased connectivity in bvFTD (bvFTD > controls); no decreases (Control > bvFTD) are reported, so DEMENTIA_DECREASING_ACTIVITY_I1 is not met.",[],[],False,,Excluded because this analysis is resting-state fMRI and does not use Voxel-Based Morphometry (missing STRUCTURAL_I1).,[],[],True,,"Analysis uses whole-brain resting-state fMRI comparing bvFTD to controls, meeting the global criteria and the functional modality requirement.","[""GLOBAL_I1"", ""GLOBAL_I2"", ""GLOBAL_I3"", ""FUNCTIONAL_I1""]",[]
23986673,1,23986673_analysis_1,Inter-IC corrected y-concatenation for all RSNs,Functional brain regions showing increased functional connectivity in patients with bvFTD compared to healthy controls.,T1,6,MNI,"[[11.0, 12.0, 15.0], [30.0, 38.0, 31.0], [22.0, 45.0, 17.0], [7.0, 18.0, 16.0], [17.0, 33.0, 30.0], [24.0, 11.0, 27.0]]",0,True,,"Analysis is a whole-brain (voxelwise) resting-state fMRI comparison between clinically diagnosed bvFTD patients and healthy controls, satisfying the global criteria and the local modality requirement (fMRI).","[""GLOBAL_I1"", ""GLOBAL_I2"", ""GLOBAL_I3"", ""DEMENTIA_ALL_I1""]",[],False,,"Excluded because the analysis reports only increased connectivity in bvFTD (bvFTD > controls); no decreases (Control > bvFTD) are reported, so DEMENTIA_DECREASING_ACTIVITY_I1 is not met.",[],[],False,,Excluded because this analysis is resting-state fMRI and does not use Voxel-Based Morphometry (missing STRUCTURAL_I1).,[],[],True,,"Analysis uses whole-brain resting-state fMRI comparing bvFTD to controls, meeting the global criteria and the functional modality requirement.","[""GLOBAL_I1"", ""GLOBAL_I2"", ""GLOBAL_I3"", ""FUNCTIONAL_I1""]",[]
24278277,0,24278277_analysis_0,Controls >FTD,,pone-0080353-t003,8,MNI,"[[-4.0, 40.0, -27.0], [28.0, 8.0, -26.0], [4.0, 32.0, 45.0], [36.0, -9.0, -18.0], [15.0, 60.0, 16.0], [-54.0, 8.0, -24.0], [-2.0, 17.0, 34.0], [32.0, 54.0, 9.0]]",0,True,,Whole-brain VBM comparison of controls vs bvFTD (Controls > FTD) satisfies global whole-brain requirement and includes clinically diagnosed bvFTD compared to healthy controls; modality is VBM which meets the local imaging modality requirement.,"[""GLOBAL_I1"", ""GLOBAL_I2"", ""GLOBAL_I3"", ""DEMENTIA_ALL_I1""]",[],True,,"This is a whole-brain VBM contrast showing decreases in bvFTD relative to controls (Controls > FTD), and uses VBM modality, meeting both global and local inclusion criteria.","[""GLOBAL_I1"", ""GLOBAL_I2"", ""GLOBAL_I3"", ""DEMENTIA_DECREASING_ACTIVITY_I1"", ""DEMENTIA_DECREASING_ACTIVITY_I2""]",[],True,,"Analysis uses voxel-based morphometry (VBM), a structural modality, and meets global whole-brain and bvFTD vs control inclusion criteria.","[""GLOBAL_I1"", ""GLOBAL_I2"", ""GLOBAL_I3"", ""STRUCTURAL_I1""]",[],False,,Does not use a functional imaging modality (fMRI or FDG-PET); missing FUNCTIONAL_I1.,"[""GLOBAL_I1"", ""GLOBAL_I2"", ""GLOBAL_I3""]",[]
24278277,1,24278277_analysis_1,Controls >PSP,,pone-0080353-t003,5,MNI,"[[-51.0, -19.0, -30.0], [54.0, -3.0, 31.0], [3.0, 28.0, -29.0], [50.0, -81.0, 7.0], [9.0, -12.0, 18.0]]",0,False,,Excluded because GLOBAL_I3 is not met: this analysis compares PSP patients to controls (Controls > PSP) and does not compare bvFTD to healthy controls.,[],[],False,,"Excluded because GLOBAL_I3 is not met: this analysis compares PSP (not bvFTD) to controls, so it does not report decreases for the bvFTD group versus controls.",[],[],False,,"Excluded because GLOBAL_I3 is not met: although VBM was used (STRUCTURAL_I1 would apply), the analysis does not include a bvFTD vs control comparison required by GLOBAL_I3.",[],[],False,,Excluded because GLOBAL_I3 is not met (analysis does not compare bvFTD to healthy controls) and additionally does not use a functional modality (missing FUNCTIONAL_I1).,[],[]
24278277,2,24278277_analysis_2,PSP>FTD,,pone-0080353-t003,13,MNI,"[[42.0, -18.0, -17.0], [-15.0, 24.0, -14.0], [-4.0, 21.0, -3.0], [-30.0, 41.0, 28.0], [-36.0, 20.0, 46.0], [3.0, 27.0, 58.0], [-44.0, -3.0, -18.0], [2.0, 11.0, 39.0], [32.0, 8.0, -24.0], [34.0, -6.0, 3.0], [-18.0, 53.0, 13.0], [-32.0, -6.0, 1.0], [-26.0, 51.0, -12.0]]",0,False,,Excluded because GLOBAL_I3 is not met: this contrast is PSP > FTD (patient vs patient) and does not compare bvFTD to healthy controls.,[],[],False,,Excluded because GLOBAL_I3 is not met: PSP>FTD is a patient-patient contrast and does not report bvFTD decreases relative to controls as required.,[],[],False,,"Excluded because GLOBAL_I3 is not met: although VBM was used, the analysis does not include a bvFTD vs control comparison.",[],[],False,,Excluded because GLOBAL_I3 is not met (no bvFTD vs control comparison) and the modality is structural VBM rather than functional (missing FUNCTIONAL_I1).,[],[]
24278277,3,24278277_analysis_3,Controls >FTD,,pone-0080353-t004,1,MNI,"[[-32.0, 18.0, -5.0]]",0,True,,"Whole-brain VBM white-matter comparison of controls vs bvFTD (Controls > FTD) satisfies global criteria and uses VBM modality, meeting the local inclusion requirement.","[""GLOBAL_I1"", ""GLOBAL_I2"", ""GLOBAL_I3"", ""DEMENTIA_ALL_I1""]",[],True,,"This whole-brain VBM contrast reports decreased white matter volume in bvFTD relative to controls (Controls > FTD) and uses VBM modality, meeting both global and local inclusion criteria.","[""GLOBAL_I1"", ""GLOBAL_I2"", ""GLOBAL_I3"", ""DEMENTIA_DECREASING_ACTIVITY_I1"", ""DEMENTIA_DECREASING_ACTIVITY_I2""]",[],True,,"Uses voxel-based morphometry (VBM) on whole-brain white matter maps and includes a bvFTD vs control comparison, meeting STRUCTURAL_I1 and global criteria.","[""GLOBAL_I1"", ""GLOBAL_I2"", ""GLOBAL_I3"", ""STRUCTURAL_I1""]",[],False,,Does not use a functional imaging modality (fMRI or FDG-PET); missing FUNCTIONAL_I1.,"[""GLOBAL_I1"", ""GLOBAL_I2"", ""GLOBAL_I3""]",[]
24278277,4,24278277_analysis_4,Controls >PSP,,pone-0080353-t004,7,MNI,"[[-2.0, -21.0, -5.0], [36.0, -13.0, 0.0], [24.0, 18.0, 43.0], [34.0, -34.0, 43.0], [44.0, -10.0, 31.0], [9.0, 8.0, 42.0], [-6.0, 15.0, 31.0]]",0,False,,Excluded because GLOBAL_I3 is not met: this analysis compares PSP to controls (Controls > PSP) and does not include a bvFTD vs control comparison.,[],[],False,,"Excluded because GLOBAL_I3 is not met: the contrast addresses PSP decreases relative to controls, not bvFTD decreases versus controls required by the local criterion.",[],[],False,,"Excluded because GLOBAL_I3 is not met: although VBM is used, the analysis lacks the required bvFTD vs control comparison.",[],[],False,,Excluded because GLOBAL_I3 is not met (no bvFTD vs control comparison) and modality is structural rather than functional (missing FUNCTIONAL_I1).,[],[]
24278277,5,24278277_analysis_5,FTD>PSP,,pone-0080353-t004,1,MNI,"[[2.0, -28.0, -6.0]]",0,False,,Excluded because GLOBAL_I3 is not met: this is an FTD>PSP patient-patient contrast and does not compare bvFTD to healthy controls.,[],[],False,,Excluded because GLOBAL_I3 is not met: FTD>PSP is not a comparison of bvFTD decreases relative to controls as required by the annotation.,[],[],False,,"Excluded because GLOBAL_I3 is not met: despite using VBM, the analysis does not include bvFTD vs control comparison.",[],[],False,,Excluded because GLOBAL_I3 is not met (no bvFTD vs control comparison) and the modality is structural VBM rather than functional (missing FUNCTIONAL_I1).,[],[]
24278277,6,24278277_analysis_6,Stroop Interference T-score,,pone-0080353-t005,8,MNI,"[[-10.0, 20.0, 27.0], [52.0, 30.0, 6.0], [34.0, 14.0, 39.0], [-45.0, -39.0, 0.0], [27.0, -75.0, -6.0], [-42.0, 56.0, 10.0], [38.0, 39.0, 24.0], [48.0, 20.0, 30.0]]",0,False,,Excluded because GLOBAL_I3 is not met: this analysis is a within-bvFTD correlation (VBM regression) and does not compare bvFTD to healthy controls.,[],[],False,,"Excluded because GLOBAL_I3 is not met: this is a correlation within bvFTD (no bvFTD vs control contrast reporting decreases), so it does not fulfil the required comparison.",[],[],False,,"Excluded because GLOBAL_I3 is not met: although VBM was used for the correlation, the analysis lacks a bvFTD vs control comparison required by GLOBAL_I3.",[],[],False,,Excluded because GLOBAL_I3 is not met (no bvFTD vs control comparison) and modality is structural VBM rather than functional (missing FUNCTIONAL_I1).,[],[]
24278277,7,24278277_analysis_7,WCST number of categories,,pone-0080353-t005,9,MNI,"[[-63.0, -22.0, 39.0], [38.0, 40.0, -2.0], [44.0, 32.0, 46.0], [66.0, -61.0, 7.0], [-56.0, -48.0, 15.0], [-32.0, 41.0, 30.0], [52.0, -72.0, 7.0], [-38.0, 56.0, 4.0], [-50.0, 26.0, 40.0]]",0,False,,Excluded because GLOBAL_I3 is not met: this is a within-bvFTD VBM correlation (WCST categories) and does not compare bvFTD to healthy controls.,[],[],False,,Excluded because GLOBAL_I3 is not met: the analysis reports correlations within bvFTD rather than decreases relative to controls.,[],[],False,,Excluded because GLOBAL_I3 is not met: VBM modality is used but the required bvFTD vs control comparison is absent.,[],[],False,,Excluded because GLOBAL_I3 is not met and the modality is VBM not functional imaging (missing FUNCTIONAL_I1).,[],[]
24278277,8,24278277_analysis_8,Letter fluency,,pone-0080353-t005,6,MNI,"[[-28.0, -91.0, -11.0], [4.0, -51.0, 6.0], [-28.0, 12.0, 40.0], [-39.0, 11.0, 22.0], [-42.0, -19.0, 0.0], [51.0, -30.0, 15.0]]",0,False,,Excluded because GLOBAL_I3 is not met: this is a within-bvFTD VBM correlation (letter fluency) rather than a bvFTD vs control comparison.,[],[],False,,Excluded because GLOBAL_I3 is not met: the analysis reports within-group correlations and not decreases of bvFTD vs controls.,[],[],False,,"Excluded because GLOBAL_I3 is not met: although using VBM, the analysis lacks the required bvFTD vs control contrast.",[],[],False,,Excluded because GLOBAL_I3 is not met (no bvFTD vs control comparison) and modality is structural VBM rather than functional (missing FUNCTIONAL_I1).,[],[]
24278277,9,24278277_analysis_9,MDRS initiation score,,pone-0080353-t005,1,MNI,"[[33.0, -4.0, -12.0]]",0,False,,Excluded because GLOBAL_I3 is not met: this MDRS initiation score correlation is within bvFTD and does not compare bvFTD to healthy controls.,[],[],False,,"Excluded because GLOBAL_I3 is not met: within-group correlation (bvFTD only), not a decrease vs controls contrast for bvFTD.",[],[],False,,Excluded because GLOBAL_I3 is not met: VBM correlation lacks the required bvFTD vs control comparison.,[],[],False,,Excluded because GLOBAL_I3 is not met and the modality is VBM rather than functional imaging (missing FUNCTIONAL_I1).,[],[]
24278277,10,24278277_analysis_10,MDRS attention score,,pone-0080353-t005,1,MNI,"[[12.0, -22.0, 40.0]]",0,False,,Excluded because GLOBAL_I3 is not met: this is an attention-score VBM correlation within bvFTD and does not compare bvFTD to healthy controls.,[],[],False,,Excluded because GLOBAL_I3 is not met: the analysis reports within-group correlations rather than bvFTD decreases versus controls.,[],[],False,,"Excluded because GLOBAL_I3 is not met: despite using VBM, the required bvFTD vs control comparison is absent.",[],[],False,,Excluded because GLOBAL_I3 is not met (no bvFTD vs control comparison) and modality is VBM not functional imaging (missing FUNCTIONAL_I1).,[],[]
24278277,11,24278277_analysis_11,Concept score,,pone-0080353-t005,1,MNI,"[[-45.0, -46.0, 19.0]]",0,False,,Excluded because GLOBAL_I3 is not met: the concept-score correlation is within bvFTD and lacks a bvFTD vs control comparison.,[],[],False,,Excluded because GLOBAL_I3 is not met: this within-group correlation does not report decreases of bvFTD relative to controls.,[],[],False,,Excluded because GLOBAL_I3 is not met: VBM modality is used but the necessary bvFTD vs control comparison is missing.,[],[],False,,Excluded because GLOBAL_I3 is not met and modality is structural VBM rather than functional (missing FUNCTIONAL_I1).,[],[]
24278277,12,24278277_analysis_12,Stroop Interference T- score,,pone-0080353-t006,2,MNI,"[[2.0, 32.0, 6.0], [40.0, 22.0, 7.0]]",0,False,,Excluded because GLOBAL_I3 is not met: this is a within-bvFTD white-matter correlation (Stroop interference) and does not compare bvFTD to healthy controls.,[],[],False,,"Excluded because GLOBAL_I3 is not met: within-group white-matter correlation, not a bvFTD vs control decrease contrast.",[],[],False,,"Excluded because GLOBAL_I3 is not met: although white-matter VBM was used, the analysis lacks the required bvFTD vs control comparison.",[],[],False,,Excluded because GLOBAL_I3 is not met and modality is VBM rather than functional imaging (missing FUNCTIONAL_I1).,[],[]
24278277,13,24278277_analysis_13,WCST number of categories,,pone-0080353-t006,4,MNI,"[[-15.0, 45.0, 33.0], [10.0, 64.0, 0.0], [32.0, 46.0, 15.0], [15.0, 9.0, 37.0]]",0,False,,Excluded because GLOBAL_I3 is not met: this WCST white-matter correlation is within the bvFTD group and does not include a bvFTD vs control comparison.,[],[],False,,"Excluded because GLOBAL_I3 is not met: analysis reports within-group correlations, not decreases of bvFTD vs controls.",[],[],False,,"Excluded because GLOBAL_I3 is not met: although white-matter VBM was performed, the necessary bvFTD vs control contrast is absent.",[],[],False,,Excluded because GLOBAL_I3 is not met and modality is structural VBM rather than functional (missing FUNCTIONAL_I1).,[],[]
24278277,14,24278277_analysis_14,MDRS attention score,,pone-0080353-t006,1,MNI,"[[32.0, 8.0, 39.0]]",0,False,,Excluded because GLOBAL_I3 is not met: this MDRS attention-score white-matter correlation is within bvFTD and lacks a bvFTD vs control comparison.,[],[],False,,Excluded because GLOBAL_I3 is not met: within-group white-matter correlation rather than a bvFTD decrease vs controls contrast.,[],[],False,,Excluded because GLOBAL_I3 is not met: VBM modality used but no bvFTD vs control comparison present.,[],[],False,,Excluded because GLOBAL_I3 is not met and the modality is structural (VBM) rather than functional imaging (missing FUNCTIONAL_I1).,[],[]
25009480,0,25009480_analysis_0,TOTAL SCORE—MEMORY,,T4,14,MNI,"[[-10.0, 40.0, -14.0], [-26.0, 26.0, 40.0], [-46.0, -64.0, 18.0], [-34.0, -14.0, -10.0], [2.0, 18.0, 56.0], [-48.0, 24.0, 16.0], [44.0, -58.0, 28.0], [48.0, -48.0, 36.0], [10.0, -32.0, 38.0], [-26.0, 48.0, 22.0], [-34.0, 16.0, 26.0], [46.0, -8.0, 28.0], [-48.0, 2.0, -42.0], [-30.0, -82.0, 8.0]]",0,True,,Whole-brain VBM analysis including clinically diagnosed bvFTD and control participants; meets global whole-brain and sample criteria and local modality requirement (VBM).,"[""GLOBAL_I1"", ""GLOBAL_I2"", ""GLOBAL_I3"", ""DEMENTIA_ALL_I1""]",[],False,,This analysis reports voxelwise correlations with memory across all participants rather than reporting decreases in bvFTD relative to controls—missing required local inclusion DEMENTIA_DECREASING_ACTIVITY_I1.,[],[],True,,"Analysis uses voxel-based morphometry (VBM), a structural whole-brain method; meets global and local structural criteria.","[""GLOBAL_I1"", ""GLOBAL_I2"", ""GLOBAL_I3"", ""STRUCTURAL_I1""]",[],False,,Analysis is VBM (structural) and does not use fMRI or FDG-PET; missing FUNCTIONAL_I1.,[],[]
25009480,1,25009480_analysis_1,TOTAL SCORE—EMOTIONAL ENHANCEMENT,,T4,7,MNI,"[[-46.0, -84.0, -8.0], [-35.0, -6.0, -34.0], [32.0, -16.0, -34.0], [36.0, 48.0, 34.0], [42.0, -46.0, 8.0], [12.0, 68.0, 14.0], [32.0, -28.0, 22.0]]",0,True,,Whole-brain VBM analysis of emotional-enhancement correlations including clinically diagnosed bvFTD and controls; meets global and local VBM criteria.,"[""GLOBAL_I1"", ""GLOBAL_I2"", ""GLOBAL_I3"", ""DEMENTIA_ALL_I1""]",[],False,,This analysis reports voxelwise correlations for emotional enhancement across participants rather than reporting decreases in bvFTD relative to controls—missing DEMENTIA_DECREASING_ACTIVITY_I1.,[],[],True,,"Analysis uses voxel-based morphometry (VBM), satisfying structural modality criteria and global whole-brain/sample requirements.","[""GLOBAL_I1"", ""GLOBAL_I2"", ""GLOBAL_I3"", ""STRUCTURAL_I1""]",[],False,,"Analysis is structural VBM, not fMRI or FDG-PET; missing FUNCTIONAL_I1.",[],[]
25009480,2,25009480_analysis_2,bvFTD,,T5,7,MNI,"[[64.0, -20.0, -16.0], [-54.0, -72.0, -24.0], [42.0, 48.0, 18.0], [-34.0, -2.0, -38.0], [-40.0, 60.0, 18.0], [20.0, -68.0, 12.0], [-20.0, 30.0, 40.0]]",0,True,,This analysis reports VBM results specifically for bvFTD (with controls included) using whole-brain voxelwise maps; meets global and local VBM criteria.,"[""GLOBAL_I1"", ""GLOBAL_I2"", ""GLOBAL_I3"", ""DEMENTIA_ALL_I1""]",[],True,,Table/figure explicitly reports regions of significant gray matter intensity decrease that covary with emotional enhancement in the bvFTD group (Control > bvFTD style decreases) using VBM.,"[""GLOBAL_I1"", ""GLOBAL_I2"", ""GLOBAL_I3"", ""DEMENTIA_DECREASING_ACTIVITY_I1"", ""DEMENTIA_DECREASING_ACTIVITY_I2""]",[],True,,Analysis uses voxel-based morphometry (VBM) to identify gray matter decreases associated with emotional enhancement in bvFTD; satisfies structural inclusion.,"[""GLOBAL_I1"", ""GLOBAL_I2"", ""GLOBAL_I3"", ""STRUCTURAL_I1""]",[],False,,Analysis is VBM (structural) rather than fMRI or FDG-PET; missing FUNCTIONAL_I1.,[],[]
25009480,3,25009480_analysis_3,AD,,T5,9,MNI,"[[-26.0, 0.0, 40.0], [32.0, -28.0, 18.0], [-36.0, -26.0, 60.0], [-36.0, -14.0, -26.0], [-28.0, 46.0, 24.0], [44.0, -2.0, -10.0], [-64.0, 4.0, -14.0], [32.0, -10.0, -34.0], [-26.0, -40.0, -22.0]]",0,True,,VBM whole-brain analysis reporting gray matter correlates for AD (with controls included); includes clinically diagnosed patients and controls and uses VBM.,"[""GLOBAL_I1"", ""GLOBAL_I2"", ""GLOBAL_I3"", ""DEMENTIA_ALL_I1""]",[],False,,This analysis reports decreases related to AD group rather than decreases for the bvFTD group specifically; does not meet DEMENTIA_DECREASING_ACTIVITY_I1 which specifies decreases for bvFTD.,[],[],True,,Analysis employs voxel-based morphometry (VBM) to report gray matter intensity decreases associated with emotional enhancement in AD; satisfies structural inclusion criteria.,"[""GLOBAL_I1"", ""GLOBAL_I2"", ""GLOBAL_I3"", ""STRUCTURAL_I1""]",[],False,,"This is a structural VBM analysis, not fMRI or FDG-PET; missing FUNCTIONAL_I1.",[],[]
25396740,0,25396740_analysis_0,BvFTD vs. Controls,,pone-0113081-t002,2,MNI,"[[18.0, -62.0, -64.0], [-26.0, -84.0, -52.0]]",0,True,,Analysis is a whole-brain voxelwise VBM contrast comparing clinically diagnosed bvFTD patients to healthy controls and uses VBM (an accepted modality) — meets global and local inclusion criteria.,"[""GLOBAL_I1"", ""GLOBAL_I2"", ""GLOBAL_I3"", ""DEMENTIA_ALL_I1""]",[],True,,"Whole-brain VBM contrast shows decreased grey matter intensity in bvFTD relative to controls (Control > bvFTD), satisfying both global criteria and local criteria for decreases and VBM modality.","[""GLOBAL_I1"", ""GLOBAL_I2"", ""GLOBAL_I3"", ""DEMENTIA_DECREASING_ACTIVITY_I1"", ""DEMENTIA_DECREASING_ACTIVITY_I2""]",[],True,,"This is a whole-brain VBM (voxel-based morphometry) analysis comparing bvFTD to controls, satisfying global criteria and the structural local inclusion criterion.","[""GLOBAL_I1"", ""GLOBAL_I2"", ""GLOBAL_I3"", ""STRUCTURAL_I1""]",[],False,,Excluded because the analysis uses VBM (structural) rather than fMRI or FDG-PET; missing FUNCTIONAL_I1.,"[""GLOBAL_I1"", ""GLOBAL_I2"", ""GLOBAL_I3""]",[]
25396740,1,25396740_analysis_1,SD vs. Controls,,pone-0113081-t002,3,MNI,"[[-24.0, -6.0, -52.0], [34.0, -8.0, -52.0], [-26.0, -82.0, -54.0]]",0,False,,Excluded because analysis compares SD (semantic dementia) to controls and does not include or compare the bvFTD group to healthy controls — missing GLOBAL_I2 and GLOBAL_I3.,[],[],False,,Excluded because analysis compares SD (semantic dementia) to controls and does not include or compare the bvFTD group to healthy controls — missing GLOBAL_I2 and GLOBAL_I3.,[],[],False,,Excluded because analysis compares SD (semantic dementia) to controls and does not include or compare the bvFTD group to healthy controls — missing GLOBAL_I2 and GLOBAL_I3.,[],[],False,,"Excluded because analysis compares SD (semantic dementia) to controls and does not include or compare the bvFTD group to healthy controls — missing GLOBAL_I2 and GLOBAL_I3 (and modality is VBM, not fMRI/FDG-PET).",[],[]
25396740,2,25396740_analysis_2,AD vs. Controls,,pone-0113081-t002,1,MNI,"[[30.0, -2.0, -54.0]]",0,False,,Excluded because analysis compares AD to controls and does not include or compare the bvFTD group to healthy controls — missing GLOBAL_I2 and GLOBAL_I3.,[],[],False,,Excluded because analysis compares AD to controls and does not include or compare the bvFTD group to healthy controls — missing GLOBAL_I2 and GLOBAL_I3.,[],[],False,,Excluded because analysis compares AD to controls and does not include or compare the bvFTD group to healthy controls — missing GLOBAL_I2 and GLOBAL_I3.,[],[],False,,"Excluded because analysis compares AD to controls and does not include or compare the bvFTD group to healthy controls — missing GLOBAL_I2 and GLOBAL_I3 (and modality is VBM, not fMRI/FDG-PET).",[],[]
25396740,3,25396740_analysis_3,Remote,,pone-0113081-t003,9,MNI,"[[-18.0, 4.0, -50.0], [-12.0, 50.0, -28.0], [-14.0, 0.0, -22.0], [34.0, -20.0, -10.0], [-44.0, -12.0, 28.0], [-8.0, -102.0, -10.0], [38.0, 20.0, -28.0], [-12.0, 4.0, 4.0], [26.0, -86.0, -8.0]]",0,False,,Excluded because this is a covariate VBM analysis across all participants combined (not a bvFTD vs controls contrast) — missing GLOBAL_I3 (must compare bvFTD group to healthy controls).,[],[],False,,Excluded because this covariate analysis across all participants does not implement a bvFTD vs controls comparison — missing GLOBAL_I3.,[],[],False,,"Although this uses VBM, it does not compare the bvFTD group to healthy controls (covariate across all participants), so GLOBAL_I3 is not met.",[],[],False,,Excluded because this is a VBM covariate analysis (structural) and does not compare bvFTD to controls — missing GLOBAL_I3 and modality does not meet FUNCTIONAL_I1.,[],[]
25396740,4,25396740_analysis_4,Recent,,pone-0113081-t003,9,MNI,"[[-2.0, 42.0, -30.0], [-24.0, 24.0, -8.0], [34.0, -40.0, -14.0], [-34.0, -66.0, 16.0], [22.0, 12.0, 42.0], [-4.0, -30.0, 26.0], [-62.0, -6.0, -38.0], [60.0, -30.0, -30.0], [-26.0, -100.0, -8.0]]",0,False,,Excluded because this is a covariate VBM analysis of Recent ABM across all participants rather than a bvFTD vs controls contrast — missing GLOBAL_I3.,[],[],False,,Excluded because this covariate analysis does not implement a bvFTD vs controls contrast — missing GLOBAL_I3.,[],[],False,,"Although modality is VBM, the analysis does not compare bvFTD to controls (covariate across all participants), so GLOBAL_I3 is not satisfied.",[],[],False,,Excluded because modality is structural VBM not fMRI/FDG-PET and the analysis does not compare bvFTD to controls (missing GLOBAL_I3 and FUNCTIONAL_I1).,[],[]
25396740,5,25396740_analysis_5,Overlap,,pone-0113081-t004,2,MNI,"[[-6.0, 46.0, -26.0], [40.0, -22.0, -12.0]]",0,False,,Excluded because the overlap VBM analysis reports regions across participants/time periods and is not a bvFTD vs controls whole-brain contrast — missing GLOBAL_I3.,[],[],False,,Excluded because the overlap analysis does not present a bvFTD vs controls contrast showing decreases specifically for bvFTD — missing GLOBAL_I3.,[],[],False,,"This is derived from VBM maps but the contrast is not a bvFTD vs controls comparison (overlap across groups), so GLOBAL_I3 is not met.",[],[],False,,Excluded because the analysis is structural overlap VBM (not fMRI/FDG-PET) and does not compare bvFTD to controls — missing GLOBAL_I3 and FUNCTIONAL_I1.,[],[]
25396740,6,25396740_analysis_6,Remote,,pone-0113081-t004,6,MNI,"[[-16.0, 2.0, -46.0], [-14.0, -14.0, -24.0], [-46.0, -14.0, 28.0], [-14.0, 44.0, -28.0], [48.0, 6.0, -28.0], [44.0, -32.0, 4.0]]",0,False,,Excluded because this VBM exclusive Remote mask/contrast is derived from a covariate analysis across participants rather than a bvFTD vs controls contrast — missing GLOBAL_I3.,[],[],False,,Excluded because the exclusive Remote VBM results do not reflect a bvFTD vs controls contrast — missing GLOBAL_I3.,[],[],False,,"Although modality is VBM, this exclusive Remote contrast is not a bvFTD vs controls comparison (covariate across participants), so GLOBAL_I3 is not satisfied.",[],[],False,,Excluded because this is a structural VBM exclusive-mask analysis (not fMRI/FDG-PET) and it does not compare bvFTD to controls — missing GLOBAL_I3 and FUNCTIONAL_I1.,[],[]
25396740,7,25396740_analysis_7,Recent,,pone-0113081-t004,8,MNI,"[[-26.0, 22.0, -10.0], [-36.0, -64.0, 14.0], [-14.0, 58.0, -16.0], [-6.0, -36.0, 26.0], [20.0, 20.0, 44.0], [-62.0, -6.0, -40.0], [60.0, -30.0, -30.0], [34.0, -36.0, -16.0]]",0,False,,Excluded because this VBM exclusive Recent mask/contrast is not a bvFTD vs controls whole-brain contrast — missing GLOBAL_I3.,[],[],False,,Excluded because the exclusive Recent VBM results do not constitute a bvFTD vs controls contrast — missing GLOBAL_I3.,[],[],False,,"Although based on VBM, this exclusive Recent contrast is not a direct bvFTD vs controls comparison (covariate across participants), so GLOBAL_I3 is not met.",[],[],False,,"Excluded because this is a VBM-derived exclusive Recent analysis (structural) and not an fMRI/FDG-PET contrast, and it does not compare bvFTD to controls — missing GLOBAL_I3 and FUNCTIONAL_I1.",[],[]
25396740,8,25396740_analysis_8,BvFTD versus Controls,Tract-based spatial statistics results showing regions of white matter integrity decrease in each of the patient groups compared with Controlsa,pone-0113081-t005,1,MNI,"[[-28.0, 0.0, -36.0]]",0,False,,"Excluded because although this is a whole-brain bvFTD vs controls contrast, it is a diffusion tensor imaging (DTI) tract-based analysis and GLOBAL_E2 disallows DTI methods.",[],"[""GLOBAL_E2""]",False,,Excluded because this is a DTI TBSS analysis (white matter fractional anisotropy) — GLOBAL_E2 prohibits DTI methods despite being a bvFTD vs control contrast.,[],"[""GLOBAL_E2""]",False,,"Excluded because the analysis uses DTI/TBSS (white matter), which is listed under GLOBAL_E2 as an excluded modality (seed-based FC/DTI/cortical thickness).",[],"[""GLOBAL_E2""]",False,,Excluded because this is a DTI TBSS analysis (not fMRI/FDG-PET) and GLOBAL_E2 excludes DTI methods.,[],"[""GLOBAL_E2""]"
25396740,9,25396740_analysis_9,SD versus Controls,Tract-based spatial statistics results showing regions of white matter integrity decrease in each of the patient groups compared with Controlsa,pone-0113081-t005,1,MNI,"[[-34.0, -3.0, -34.0]]",0,False,,Excluded because this is a DTI TBSS SD vs controls analysis (DTI is excluded per GLOBAL_E2) and it does not compare bvFTD to controls (missing GLOBAL_I2/GLOBAL_I3).,[],"[""GLOBAL_E2""]",False,,Excluded because the analysis uses DTI (GLOBAL_E2) and does not involve a bvFTD vs controls contrast — missing GLOBAL_I2/GLOBAL_I3 as well.,[],"[""GLOBAL_E2""]",False,,"Excluded because this employs DTI/TBSS (white matter), which is disallowed by GLOBAL_E2; additionally it does not compare bvFTD to controls.",[],"[""GLOBAL_E2""]",False,,Excluded because modality is DTI (not fMRI/FDG-PET) and GLOBAL_E2 excludes DTI methods; also not a bvFTD vs controls contrast.,[],"[""GLOBAL_E2""]"
25396740,10,25396740_analysis_10,AD versus Controls,Tract-based spatial statistics results showing regions of white matter integrity decrease in each of the patient groups compared with Controlsa,pone-0113081-t005,1,MNI,"[[-24.0, -56.0, 11.0]]",0,False,,Excluded because this is a DTI TBSS AD vs controls analysis (DTI excluded by GLOBAL_E2) and it does not compare bvFTD to controls (missing GLOBAL_I2/GLOBAL_I3).,[],"[""GLOBAL_E2""]",False,,Excluded because the analysis uses DTI (GLOBAL_E2) and does not involve a bvFTD vs controls contrast — missing GLOBAL_I2/GLOBAL_I3 as well.,[],"[""GLOBAL_E2""]",False,,"Excluded because this employs DTI/TBSS (white matter), which is disallowed by GLOBAL_E2; additionally it is not a bvFTD vs controls structural VBM contrast.",[],"[""GLOBAL_E2""]",False,,Excluded because modality is DTI (not fMRI/FDG-PET) and GLOBAL_E2 excludes DTI methods; also not a bvFTD vs controls contrast.,[],"[""GLOBAL_E2""]"
25619850,0,25619850_analysis_0,Clusters of reduced gray matter density in patients with bvFTD relative to controls,,t0010,5,MNI,"[[26.0, 34.0, -16.0], [40.0, -50.0, -16.0], [-46.0, -54.0, -20.0], [50.0, -66.0, -14.0], [20.0, -64.0, 4.0]]",0,True,,"Whole-brain voxelwise VBM comparison of clinically diagnosed bvFTD patients to healthy controls; modality is VBM, matching local and global inclusion criteria.","[""GLOBAL_I1"", ""GLOBAL_I2"", ""GLOBAL_I3"", ""DEMENTIA_ALL_I1""]",[],True,,Analysis reports reduced gray matter density in bvFTD patients relative to controls (Control > bvFTD) using VBM whole-brain voxelwise comparison.,"[""GLOBAL_I1"", ""GLOBAL_I2"", ""GLOBAL_I3"", ""DEMENTIA_DECREASING_ACTIVITY_I1"", ""DEMENTIA_DECREASING_ACTIVITY_I2""]",[],True,,"Uses voxel-based morphometry (VBM) whole-brain analysis comparing bvFTD to controls, satisfying structural VBM criteria.","[""GLOBAL_I1"", ""GLOBAL_I2"", ""GLOBAL_I3"", ""STRUCTURAL_I1""]",[],False,,"Missing FUNCTIONAL_I1: analysis uses VBM (structural MRI), not fMRI or FDG-PET.",[],[]
25619850,1,25619850_analysis_1,Clusters of reduced gray matter density related to overall accuracy in patients,,t0010,10,MNI,"[[-46.0, 22.0, 26.0], [-6.0, 36.0, -4.0], [24.0, 10.0, 52.0], [-4.0, 30.0, 30.0], [-28.0, 44.0, -16.0], [10.0, 32.0, 28.0], [-36.0, 32.0, -14.0], [30.0, 30.0, 46.0], [-12.0, 50.0, 6.0], [30.0, 36.0, 34.0]]",0,False,,Missing GLOBAL_I3: this is a within-patient voxelwise regression relating performance to GM density and does not itself compare the bvFTD group to healthy controls.,[],[],False,,"Missing GLOBAL_I3: although the regression identifies regions where reduced GM in patients relates to behavior, the analysis is a within-patient regression and does not perform a bvFTD vs control comparison.",[],[],False,,Missing GLOBAL_I3: modality is VBM (meets STRUCTURAL_I1) but the analysis is a within-patient regression and does not compare bvFTD to healthy controls as required by GLOBAL_I3.,[],[],False,,"Missing GLOBAL_I3 and FUNCTIONAL_I1: analysis is a VBM-based within-patient regression (structural), not an fMRI/FDG-PET comparison of bvFTD vs controls.",[],[]
25619850,2,25619850_analysis_2,Clusters of reduced GM density related to patient performance in the colorblind condition,,t0015,11,MNI,"[[-14.0, 14.0, -24.0], [-2.0, 24.0, 20.0], [10.0, 52.0, -4.0], [8.0, 44.0, -20.0], [-28.0, 22.0, -16.0], [20.0, 20.0, 46.0], [-28.0, 44.0, -14.0], [10.0, 24.0, 38.0], [4.0, 58.0, -16.0], [-6.0, 46.0, -22.0], [-64.0, -6.0, -24.0]]",0,False,,Missing GLOBAL_I3: this is a within-patient voxelwise regression (colorblind condition) and does not itself compare bvFTD patients to healthy controls.,[],[],False,,"Missing GLOBAL_I3: although it reports regions where reduced GM in patients relate to performance in the colorblind condition, the analysis is within-patient and lacks a direct bvFTD vs control comparison.",[],[],False,,Missing GLOBAL_I3: modality is VBM (meets STRUCTURAL_I1) but the analysis is a within-patient regression rather than a bvFTD vs control comparison required by GLOBAL_I3.,[],[],False,,Missing GLOBAL_I3 and FUNCTIONAL_I1: analysis is structural VBM regression (not fMRI/FDG-PET) and does not compare bvFTD to controls.,[],[]
25619850,3,25619850_analysis_3,Clusters of reduced GM density related to patient performance in the privileged ground condition,,t0015,4,MNI,"[[-46.0, 18.0, 26.0], [-32.0, 56.0, 2.0], [-58.0, 18.0, 12.0], [-30.0, 32.0, -12.0]]",0,False,,Missing GLOBAL_I3: this is a within-patient voxelwise regression for the privileged ground condition and does not perform a bvFTD vs healthy control comparison.,[],[],False,,"Missing GLOBAL_I3: although it identifies regions where reduced GM relates to performance, the analysis is within-patient and lacks a bvFTD vs control contrast.",[],[],False,,"Missing GLOBAL_I3: modality is VBM but the analysis is a within-patient regression, not a direct bvFTD vs control comparison as required by GLOBAL_I3.",[],[],False,,Missing GLOBAL_I3 and FUNCTIONAL_I1: this is a structural VBM regression (not fMRI/FDG-PET) and does not compare bvFTD to controls.,[],[]
25773639,0,25773639_analysis_0,Musical mode,bvFTD > controls,tbl1,1,MNI,"[[1.0, -29.0, -24.0]]",0,True,,Task-based whole-brain fMRI comparing clinically diagnosed bvFTD patients to healthy controls; modality (fMRI) meets the local inclusion criterion.,"[""GLOBAL_I1"", ""GLOBAL_I2"", ""GLOBAL_I3"", ""DEMENTIA_ALL_I1""]",[],False,,"Contrast reports bvFTD > controls (increased activity in bvFTD), so it does not report decreases in bvFTD; missing inclusion criterion DEMENTIA_DECREASING_ACTIVITY_I1.",[],[],False,,"This analysis uses task-based fMRI, not VBM; missing inclusion criterion STRUCTURAL_I1.",[],[],True,,Task-based fMRI whole-brain comparison of bvFTD vs controls meets global and functional modality criteria.,"[""GLOBAL_I1"", ""GLOBAL_I2"", ""GLOBAL_I3"", ""FUNCTIONAL_I1""]",[]
25773639,1,25773639_analysis_1,Music emotion level,,tbl1,2,MNI,"[[-65.0, -29.0, 0.0], [55.0, 12.0, 11.0]]",0,True,,Whole-brain/task fMRI analysis comparing clinically diagnosed bvFTD to controls; modality is fMRI.,"[""GLOBAL_I1"", ""GLOBAL_I2"", ""GLOBAL_I3"", ""DEMENTIA_ALL_I1""]",[],False,,"Reported effect for music emotion level is (control < bvFTD) (i.e. bvFTD > controls), so no decreases in bvFTD are reported; missing inclusion criterion DEMENTIA_DECREASING_ACTIVITY_I1.",[],[],False,,"Modality is task-based fMRI, not VBM; missing inclusion criterion STRUCTURAL_I1.",[],[],True,,Task-based fMRI whole-brain comparison of bvFTD vs controls satisfies global and functional inclusion criteria.,"[""GLOBAL_I1"", ""GLOBAL_I2"", ""GLOBAL_I3"", ""FUNCTIONAL_I1""]",[]
25773639,2,25773639_analysis_2,Vocal emotion,Controls > bvFTD,tbl1,2,MNI,"[[-52.0, -10.0, -11.0], [-59.0, 33.0, 1.0]]",0,True,,Whole-brain task fMRI analysis comparing clinically diagnosed bvFTD to healthy controls; modality satisfies local inclusion.,"[""GLOBAL_I1"", ""GLOBAL_I2"", ""GLOBAL_I3"", ""DEMENTIA_ALL_I1""]",[],True,,"Contrast is reported as Controls > bvFTD (reduced activity in bvFTD), meeting the criterion of decreases in bvFTD and using fMRI modality.","[""GLOBAL_I1"", ""GLOBAL_I2"", ""GLOBAL_I3"", ""DEMENTIA_DECREASING_ACTIVITY_I1"", ""DEMENTIA_DECREASING_ACTIVITY_I2""]",[],False,,Analysis is task-based fMRI rather than VBM; missing inclusion criterion STRUCTURAL_I1.,[],[],True,,Task-based fMRI whole-brain comparison of bvFTD vs controls meets global and functional inclusion criteria.,"[""GLOBAL_I1"", ""GLOBAL_I2"", ""GLOBAL_I3"", ""FUNCTIONAL_I1""]",[]
25773639,3,25773639_analysis_3,Music-specific emotion,bvFTD > controls,tbl1,1,MNI,"[[-61.0, -31.0, 0.0]]",0,True,,Whole-brain task fMRI analysis comparing diagnosed bvFTD patients to healthy controls; modality is fMRI.,"[""GLOBAL_I1"", ""GLOBAL_I2"", ""GLOBAL_I3"", ""DEMENTIA_ALL_I1""]",[],False,,"Reported contrast is bvFTD > controls (increased activity in bvFTD), so it does not report decreases in bvFTD; missing inclusion criterion DEMENTIA_DECREASING_ACTIVITY_I1.",[],[],False,,"This is a task-based fMRI analysis, not VBM; missing inclusion criterion STRUCTURAL_I1.",[],[],True,,Task-based whole-brain fMRI comparison of bvFTD vs controls satisfies global and modality inclusion criteria.,"[""GLOBAL_I1"", ""GLOBAL_I2"", ""GLOBAL_I3"", ""FUNCTIONAL_I1""]",[]
25797589,0,25797589_analysis_0,Identity-Matching – Total score,,t0010,6,MNI,"[[42.0, -2.0, -48.0], [-26.0, -4.0, -34.0], [66.0, -36.0, 6.0], [-24.0, 18.0, -40.0], [-30.0, -6.0, -4.0], [-44.0, -8.0, -46.0]]",0,False,,"This analysis appears to be a VBM correlation performed in the SD patient group (not a bvFTD vs control comparison). GLOBAL_I1 and GLOBAL_I2 are satisfied (whole-brain VBM, includes dementia patients), but GLOBAL_I3 (analysis must compare the target bvFTD group to healthy controls) is not satisfied for this SD-specific analysis, so it does not meet the global gate for inclusion.","[""GLOBAL_I1"", ""GLOBAL_I2""]",[],False,,"Excluded because GLOBAL_I3 (must compare bvFTD group to healthy controls) is not met for this SD-specific VBM correlation; additionally the local inclusion DEMENTIA_DECREASING_ACTIVITY_I1 (analysis reporting decreases for bvFTD, e.g., Control > bvFTD) is not applicable to this SD correlation.","[""GLOBAL_I1"", ""GLOBAL_I2""]",[],False,,"Although this is a VBM (structural) analysis (GLOBAL_I1 and STRUCTURAL_I1 satisfied), GLOBAL_I3 (analysis must compare the target bvFTD group to healthy controls) is not satisfied because this analysis pertains to the SD group rather than a bvFTD vs control comparison; therefore it does not pass the required global gate for this annotation set.","[""GLOBAL_I1"", ""STRUCTURAL_I1"", ""GLOBAL_I2""]",[],False,,"Excluded because the analysis uses VBM (structural MRI), not a functional modality (FUNCTIONAL_I1 not met). Also GLOBAL_I3 (bvFTD vs control comparison) is not satisfied for this SD-specific analysis.","[""GLOBAL_I1"", ""GLOBAL_I2""]",[]
25797589,1,25797589_analysis_1,CFMT (Face Memory) –Total Score,,t0010,3,MNI,"[[-20.0, -4.0, -44.0], [54.0, 4.0, -36.0], [-54.0, 0.0, -36.0]]",0,False,,"This analysis corresponds to a VBM correlation in the SD group (face memory CFMT) rather than a bvFTD vs control comparison. GLOBAL_I1 and GLOBAL_I2 are met, but GLOBAL_I3 (must compare the target bvFTD group to healthy controls) is not met, so it fails the global gate for inclusion.","[""GLOBAL_I1"", ""GLOBAL_I2""]",[],False,,Excluded because GLOBAL_I3 (bvFTD vs control comparison) is not satisfied for this SD-specific VBM correlation; the local inclusion DEMENTIA_DECREASING_ACTIVITY_I1 (reports decreases for bvFTD) is not applicable.,"[""GLOBAL_I1"", ""GLOBAL_I2""]",[],False,,"Although modality is VBM (STRUCTURAL_I1 satisfied), GLOBAL_I3 (analysis must compare the target bvFTD group to healthy controls) is not satisfied because this analysis is SD-focused; therefore it does not meet the required global inclusion for these annotations.","[""GLOBAL_I1"", ""STRUCTURAL_I1"", ""GLOBAL_I2""]",[],False,,Excluded because the analysis is structural VBM (FUNCTIONAL_I1 not met) and GLOBAL_I3 (bvFTD vs control comparison) is not satisfied for this SD-specific analysis.,"[""GLOBAL_I1"", ""GLOBAL_I2""]",[]
25797589,2,25797589_analysis_2,CCMT (Object Memory) – Total Score,,t0010,0,,[],0,False,,"This analysis appears to be the VBM correlation for object memory (CCMT) in the SD group. GLOBAL_I1 and GLOBAL_I2 (whole-brain VBM, includes dementia patients) are met, but GLOBAL_I3 (must compare the target bvFTD group to healthy controls) is not met for this SD-specific analysis, so it does not pass the global gate.","[""GLOBAL_I1"", ""GLOBAL_I2""]",[],False,,"Excluded because GLOBAL_I3 (bvFTD vs control comparison) is not met for this SD-specific analysis; moreover the paper reports no significant regions correlated with object memory in SD, so DEMENTIA_DECREASING_ACTIVITY_I1 is not satisfied.","[""GLOBAL_I1"", ""GLOBAL_I2""]",[],False,,"While the modality is VBM (STRUCTURAL_I1 satisfied), GLOBAL_I3 (analysis must compare the target bvFTD group to healthy controls) is not satisfied because this is an SD-focused VBM correlation; therefore it fails the global inclusion requirement for these annotations.","[""GLOBAL_I1"", ""STRUCTURAL_I1"", ""GLOBAL_I2""]",[],False,,Excluded because the analysis uses structural VBM (FUNCTIONAL_I1 not met) and GLOBAL_I3 (bvFTD vs control comparison) is not satisfied for this SD-specific analysis.,"[""GLOBAL_I1"", ""GLOBAL_I2""]",[]
25797589,3,25797589_analysis_3,Identity-Matching – Total score,,t0010,4,MNI,"[[-28.0, 16.0, -26.0], [-34.0, -8.0, -44.0], [-10.0, 2.0, 40.0], [-38.0, 34.0, -10.0]]",0,True,,Global and local inclusion criteria are met: this is a whole-brain voxelwise VBM analysis that includes clinically diagnosed bvFTD patients and involves bvFTD vs controls/covariate analyses; it uses VBM as the modality (DEMENTIA_ALL_I1).,"[""GLOBAL_I1"", ""GLOBAL_I2"", ""GLOBAL_I3"", ""DEMENTIA_ALL_I1""]",[],False,,"Although the study reports bvFTD gray matter decreases in group contrasts elsewhere, this specific analysis is a voxelwise behaviour–GM correlation in the bvFTD context (identity-matching correlation) rather than a contrast reporting Control > bvFTD decreases; therefore the local inclusion DEMENTIA_DECREASING_ACTIVITY_I1 (analysis reporting decreases for bvFTD) is not satisfied for this particular map.","[""GLOBAL_I1"", ""GLOBAL_I2"", ""GLOBAL_I3""]",[],True,,"This is a VBM (voxel-based morphometry) whole-brain analysis (STRUCTURAL_I1) including bvFTD patients and comparisons/covariate analyses with controls, so it meets global and local structural inclusion criteria.","[""GLOBAL_I1"", ""GLOBAL_I2"", ""GLOBAL_I3"", ""STRUCTURAL_I1""]",[],False,,"Excluded because this analysis uses structural VBM (not fMRI or FDG-PET), so FUNCTIONAL_I1 is not met.","[""GLOBAL_I1"", ""GLOBAL_I2"", ""GLOBAL_I3""]",[]
25797589,4,25797589_analysis_4,CFMT (Face Memory) –Total score,,t0010,2,MNI,"[[-52.0, 18.0, -24.0], [-40.0, 4.0, 0.0]]",0,True,,"This analysis is a whole-brain VBM correlation/analysis that includes clinically diagnosed bvFTD patients and involves bvFTD with controls; it uses VBM modality (DEMENTIA_ALL_I1), satisfying global and local inclusion criteria.","[""GLOBAL_I1"", ""GLOBAL_I2"", ""GLOBAL_I3"", ""DEMENTIA_ALL_I1""]",[],False,,This specific map represents a behaviour–GM correlation for face memory in bvFTD rather than a group contrast showing Control > bvFTD; therefore the local inclusion DEMENTIA_DECREASING_ACTIVITY_I1 (reports decreases for bvFTD) is not met for this analysis.,"[""GLOBAL_I1"", ""GLOBAL_I2"", ""GLOBAL_I3""]",[],True,,"The analysis employs voxel-based morphometry (STRUCTURAL_I1) across the whole brain including bvFTD patients and comparisons/covariate analyses with controls, satisfying global and local structural inclusion criteria.","[""GLOBAL_I1"", ""GLOBAL_I2"", ""GLOBAL_I3"", ""STRUCTURAL_I1""]",[],False,,Excluded because this study/analysis uses structural VBM rather than a functional modality (FUNCTIONAL_I1 not met).,"[""GLOBAL_I1"", ""GLOBAL_I2"", ""GLOBAL_I3""]",[]
25797589,5,25797589_analysis_5,CCMT (Object Memory) – Total score,,t0010,2,MNI,"[[-36.0, 2.0, 2.0], [-10.0, -12.0, 2.0]]",0,True,,"This is a whole-brain VBM analysis including clinically diagnosed bvFTD patients and involving bvFTD with controls (object memory CCMT in bvFTD); it uses VBM modality (DEMENTIA_ALL_I1), so global and local inclusion criteria are satisfied.","[""GLOBAL_I1"", ""GLOBAL_I2"", ""GLOBAL_I3"", ""DEMENTIA_ALL_I1""]",[],False,,This specific analysis is a behaviour–GM correlation (object memory in bvFTD) rather than a group contrast explicitly reporting Control > bvFTD decreases; thus the local inclusion DEMENTIA_DECREASING_ACTIVITY_I1 is not satisfied for this map.,"[""GLOBAL_I1"", ""GLOBAL_I2"", ""GLOBAL_I3""]",[],True,,"The analysis uses voxel-based morphometry (STRUCTURAL_I1) across the whole brain including bvFTD patients with controls, satisfying both global and local structural inclusion criteria.","[""GLOBAL_I1"", ""GLOBAL_I2"", ""GLOBAL_I3"", ""STRUCTURAL_I1""]",[],False,,"Excluded because the modality is structural VBM (not fMRI or FDG-PET), so FUNCTIONAL_I1 is not met.","[""GLOBAL_I1"", ""GLOBAL_I2"", ""GLOBAL_I3""]",[]
25913063,0,25913063_analysis_0,bvFTD > AD,,tbl2,2,MNI,"[[8.0, -70.0, 34.0], [46.0, -66.0, 42.0]]",0,False,,"Although this analysis is a whole-brain VBM contrast that includes bvFTD (GLOBAL_I1 and GLOBAL_I2 met), it does not compare the bvFTD group to healthy controls (GLOBAL_I3 missing). Per global criteria, the required comparison to controls is not present, so the annotation is excluded.",[],[],False,,"The analysis is a whole-brain VBM contrast including bvFTD (GLOBAL_I1 and GLOBAL_I2 met) but does not compare bvFTD to healthy controls (GLOBAL_I3 missing). Global inclusion criteria are not fully satisfied, so exclude.",[],[],False,,"Although this is a VBM (structural) whole-brain analysis (STRUCTURAL_I1 and GLOBAL_I1 met), it fails the global requirement of comparing the bvFTD group to healthy controls (GLOBAL_I3 missing). Therefore exclude.",[],[],False,,"This analysis is structural VBM rather than a functional modality (FUNCTIONAL_I1 not met) and, importantly, does not compare bvFTD to healthy controls (GLOBAL_I3 missing). Thus it cannot be included for the functional annotation.",[],[]
25913063,1,25913063_analysis_1,SD > AD,,tbl2,3,MNI,"[[8.0, -60.0, 20.0], [46.0, -62.0, 26.0], [44.0, -56.0, 6.0]]",0,False,,"This contrast (SD > AD) does not include bvFTD (GLOBAL_I2 missing) and does not compare a bvFTD group to healthy controls (GLOBAL_I3 missing). Although it appears to be a whole-brain VBM analysis (GLOBAL_I1 met), required global inclusion criteria are not satisfied.",[],[],False,,"The analysis does not include bvFTD (GLOBAL_I2 missing) and does not compare the target group to healthy controls (GLOBAL_I3 missing). Despite being whole-brain VBM (GLOBAL_I1), global inclusion criteria fail, so exclude.",[],[],False,,"While this is a VBM structural whole-brain contrast (STRUCTURAL_I1 and GLOBAL_I1 met), it neither includes bvFTD (GLOBAL_I2 missing) nor compares bvFTD to healthy controls (GLOBAL_I3 missing). Global criteria are not met, therefore exclude.",[],[],False,,The analysis is structural VBM rather than a functional modality (FUNCTIONAL_I1 not met) and also fails global criteria requiring bvFTD inclusion and comparison to controls (GLOBAL_I2 and GLOBAL_I3 missing). Exclude.,[],[]
26673947,0,26673947_analysis_0,Regions of GM atrophy in nfvPPA versus control subjects.,,tbl3,11,None,"[[-26.0, -10.0, 55.0], [-48.0, 0.0, 42.0], [-62.0, -1.0, 24.0], [-56.0, -9.0, 42.0], [-3.0, 8.0, 55.0], [-56.0, 7.0, 9.0], [-9.0, 14.0, 43.0], [-38.0, 23.0, 1.0], [-29.0, 5.0, 12.0], [-9.0, 8.0, 13.0], [-12.0, -19.0, 15.0]]",0,False,,Analysis is a VBM whole-brain comparison of nfvPPA versus controls and does not include a bvFTD group or compare bvFTD to controls; missing required global inclusion criteria GLOBAL_I2 and GLOBAL_I3.,[],[],False,,"The analysis reports GM atrophy for nfvPPA versus controls, not decreases for bvFTD versus controls. Missing required global inclusion criteria GLOBAL_I2 and GLOBAL_I3.",[],[],False,,"Although this is a VBM (structural) analysis, the comparison is nfvPPA versus controls and does not include bvFTD; missing required global inclusion criteria GLOBAL_I2 and GLOBAL_I3.",[],[],False,,This is a structural VBM analysis (not fMRI/FDG-PET) and additionally does not include bvFTD; missing FUNCTIONAL_I1 and global inclusion criteria GLOBAL_I2 and GLOBAL_I3.,[],[]
26673947,1,26673947_analysis_1,Regions of GM atrophy in bvFTD versus control subjects.,,tbl4,14,None,"[[2.0, 33.0, -12.0], [-29.0, 35.0, -15.0], [18.0, 23.0, 61.0], [35.0, 11.0, -36.0], [54.0, -12.0, -23.0], [3.0, 45.0, 10.0], [-6.0, 45.0, 10.0], [39.0, 21.0, 0.0], [-33.0, 14.0, -12.0], [11.0, 9.0, 9.0], [-9.0, 11.0, 9.0], [14.0, 6.0, -3.0], [-21.0, -1.0, 7.0], [-26.0, 6.0, 9.0]]",0,True,,Whole-brain VBM comparison including clinically diagnosed bvFTD patients versus healthy controls; meets global criteria and uses VBM.,"[""GLOBAL_I1"", ""GLOBAL_I2"", ""GLOBAL_I3"", ""DEMENTIA_ALL_I1""]",[],True,,"Analysis reports gray-matter decreases (atrophy) in bvFTD relative to controls using VBM, satisfying both global and local inclusion criteria.","[""GLOBAL_I1"", ""GLOBAL_I2"", ""GLOBAL_I3"", ""DEMENTIA_DECREASING_ACTIVITY_I1"", ""DEMENTIA_DECREASING_ACTIVITY_I2""]",[],True,,"This analysis uses Voxel-Based Morphometry (VBM) for a whole-brain comparison of bvFTD versus controls, meeting global and local structural criteria.","[""GLOBAL_I1"", ""GLOBAL_I2"", ""GLOBAL_I3"", ""STRUCTURAL_I1""]",[],False,,The analysis modality is structural VBM rather than fMRI or FDG-PET; missing local inclusion criterion FUNCTIONAL_I1.,[],[]
26682697,0,26682697_analysis_0,AD versus Control,,38,5,MNI,"[[-22.0, -94.0, 6.0], [-2.0, 54.0, -4.0], [36.0, -8.0, 8.0], [8.0, 6.0, 6.0], [-46.0, 10.0, -46.0]]",0,False,,Global inclusion criterion GLOBAL_I3 (analysis must compare the target bvFTD group to healthy controls) is not met: this analysis compares AD to Controls only.,[],[],False,,Global inclusion criterion GLOBAL_I3 (must compare bvFTD to controls) is not met: AD vs Control does not include bvFTD.,[],[],False,,Global inclusion criterion GLOBAL_I3 is not met: this is an AD vs Control VBM analysis and does not compare bvFTD to Controls.,[],[],False,,"Global inclusion criterion GLOBAL_I3 is not met (no bvFTD vs Control comparison). Additionally, local inclusion FUNCTIONAL_I1 (fMRI or FDG-PET modality) is not met because this is a VBM structural analysis.",[],[]
26682697,1,26682697_analysis_1,bvFTD versus Control,,38,4,MNI,"[[-30.0, -14.0, -48.0], [-50.0, -76.0, -14.0], [34.0, -76.0, -2.0], [22.0, -92.0, -2.0]]",0,True,,Whole-brain VBM comparison including clinically-diagnosed bvFTD patients versus healthy controls using voxelwise methods.,"[""GLOBAL_I1"", ""GLOBAL_I2"", ""GLOBAL_I3"", ""DEMENTIA_ALL_I1""]",[],True,,Analysis reports decreases in gray matter volume for bvFTD relative to Controls using whole-brain VBM (Control > bvFTD contrasts shown).,"[""GLOBAL_I1"", ""GLOBAL_I2"", ""GLOBAL_I3"", ""DEMENTIA_DECREASING_ACTIVITY_I1"", ""DEMENTIA_DECREASING_ACTIVITY_I2""]",[],True,,Analysis uses voxel-based morphometry (VBM) whole-brain structural MRI to identify gray matter intensity decreases in bvFTD.,"[""GLOBAL_I1"", ""GLOBAL_I2"", ""GLOBAL_I3"", ""STRUCTURAL_I1""]",[],False,,"Local inclusion FUNCTIONAL_I1 (fMRI or FDG-PET modality) is not met: this is a structural VBM analysis, not fMRI/FDG-PET.",[],[]
26682697,2,26682697_analysis_2,Overlap,,39,4,MNI,"[[-26.0, -8.0, -24.0], [-36.0, -32.0, -10.0], [-30.0, 2.0, -44.0], [26.0, -12.0, -24.0]]",0,False,,Global inclusion criterion GLOBAL_I3 (analysis must compare the target bvFTD group to healthy controls) is not met: this is an overlap covariate map pooling groups rather than a bvFTD vs Control comparison.,[],[],False,,GLOBAL_I3 is not met (no direct bvFTD vs Control contrast in this overlap covariate analysis).,[],[],False,,"GLOBAL_I3 is not met: although VBM was used, the overlap covariate map does not constitute a bvFTD vs Control comparison required by GLOBAL_I3.",[],[],False,,"GLOBAL_I3 is not met (no bvFTD vs Control contrast). Also local inclusion FUNCTIONAL_I1 is not met because this is VBM structural data, not fMRI/FDG-PET.",[],[]
26682697,3,26682697_analysis_3,Exclusive to AD,,39,17,MNI,"[[50.0, -78.0, -8.0], [-48.0, -56.0, 0.0], [-16.0, -98.0, -18.0], [-30.0, 34.0, -22.0], [-40.0, 16.0, 20.0], [-28.0, 14.0, -48.0], [40.0, 4.0, -46.0], [26.0, -12.0, -26.0], [-40.0, -24.0, 36.0], [-22.0, 4.0, -20.0], [36.0, -36.0, -10.0], [-60.0, -24.0, -30.0], [0.0, 32.0, 12.0], [-36.0, -34.0, -10.0], [-28.0, -8.0, -24.0], [40.0, 12.0, -20.0], [10.0, 30.0, -28.0]]",0,False,,Global inclusion criterion GLOBAL_I3 (must compare bvFTD to Controls) is not met: this analysis is exclusive to AD (AD-specific covariate) and does not provide a bvFTD vs Control comparison.,[],[],False,,GLOBAL_I3 is not met: this is an AD-specific map (exclusive to AD) rather than a bvFTD vs Control analysis.,[],[],False,,"GLOBAL_I3 is not met: although VBM modality is used, the contrast is exclusive to AD and does not compare bvFTD to Controls.",[],[],False,,"GLOBAL_I3 is not met (no bvFTD vs Control comparison). Additionally, FUNCTIONAL_I1 is not met because this is VBM structural analysis.",[],[]
26682697,4,26682697_analysis_4,Exclusive to bvFTD,,39,3,MNI,"[[-26.0, -6.0, -52.0], [-50.0, -4.0, -36.0], [-38.0, -28.0, -12.0]]",0,True,,Whole-brain VBM covariate analysis identifying regions exclusive to bvFTD for Time-based PM; includes clinically-diagnosed bvFTD and uses voxelwise VBM methods.,"[""GLOBAL_I1"", ""GLOBAL_I2"", ""GLOBAL_I3"", ""DEMENTIA_ALL_I1""]",[],True,,Analysis reports bvFTD-specific decreases in gray matter related to Time-based PM using VBM exclusive-masking (bvFTD-specific clusters are reported).,"[""GLOBAL_I1"", ""GLOBAL_I2"", ""GLOBAL_I3"", ""DEMENTIA_DECREASING_ACTIVITY_I1"", ""DEMENTIA_DECREASING_ACTIVITY_I2""]",[],True,,Uses voxel-based morphometry (VBM) whole-brain structural analysis to identify gray matter correlates exclusive to bvFTD.,"[""GLOBAL_I1"", ""GLOBAL_I2"", ""GLOBAL_I3"", ""STRUCTURAL_I1""]",[],False,,"Local inclusion FUNCTIONAL_I1 (fMRI or FDG-PET) is not met: this is a structural VBM analysis, not fMRI/FDG-PET.",[],[]
26682697,5,26682697_analysis_5,Overlap,,40,0,,[],0,False,,Global inclusion criterion GLOBAL_I3 (must compare bvFTD to Controls) is not met: this is an overlap covariate map pooling groups rather than a bvFTD vs Control comparison for Event-based PM.,[],[],False,,GLOBAL_I3 is not met: overlap analysis does not constitute a direct bvFTD vs Control comparison.,[],[],False,,"GLOBAL_I3 is not met: although VBM modality is used, the overlap covariate map is not a bvFTD vs Control comparison as required.",[],[],False,,"GLOBAL_I3 is not met (no bvFTD vs Control contrast). Also FUNCTIONAL_I1 is not met because this is a structural VBM analysis, not fMRI/FDG-PET.",[],[]
26682697,6,26682697_analysis_6,Exclusive to AD,,40,10,MNI,"[[-44.0, -56.0, 2.0], [-44.0, -26.0, 36.0], [-28.0, -10.0, -22.0], [52.0, -56.0, 6.0], [-24.0, -102.0, 0.0], [10.0, -70.0, 28.0], [-16.0, -98.0, -18.0], [-32.0, -54.0, 40.0], [40.0, 4.0, -48.0], [10.0, 30.0, -28.0]]",0,False,,Global inclusion criterion GLOBAL_I3 (must compare bvFTD to Controls) is not met: this analysis is exclusive to AD for Event-based PM and does not provide a bvFTD vs Control comparison.,[],[],False,,GLOBAL_I3 is not met: exclusive-to-AD contrasts do not compare bvFTD to Controls.,[],[],False,,"GLOBAL_I3 is not met: although VBM is used, the contrast is AD-specific and lacks a bvFTD vs Control comparison.",[],[],False,,"GLOBAL_I3 is not met (no bvFTD vs Control comparison). Additionally, FUNCTIONAL_I1 is not met because this is structural VBM data.",[],[]
26682697,7,26682697_analysis_7,Exclusive to bvFTD,,40,2,MNI,"[[-44.0, -16.0, -40.0], [30.0, -10.0, -28.0]]",0,True,,Whole-brain VBM covariate analysis identifying regions exclusive to bvFTD for Event-based PM; includes clinically-diagnosed bvFTD and uses voxelwise VBM methods.,"[""GLOBAL_I1"", ""GLOBAL_I2"", ""GLOBAL_I3"", ""DEMENTIA_ALL_I1""]",[],True,,Analysis reports bvFTD-specific decreases in gray matter related to Event-based PM using VBM exclusive-masking; bvFTD-specific clusters are reported.,"[""GLOBAL_I1"", ""GLOBAL_I2"", ""GLOBAL_I3"", ""DEMENTIA_DECREASING_ACTIVITY_I1"", ""DEMENTIA_DECREASING_ACTIVITY_I2""]",[],True,,Uses voxel-based morphometry (VBM) whole-brain structural analysis to identify gray matter correlates exclusive to bvFTD for Event-based PM.,"[""GLOBAL_I1"", ""GLOBAL_I2"", ""GLOBAL_I3"", ""STRUCTURAL_I1""]",[],False,,Local inclusion FUNCTIONAL_I1 (fMRI or FDG-PET modality) is not met: this is a structural VBM analysis rather than fMRI/FDG-PET.,[],[]
26707083,0,26707083_analysis_0,analysis_0,Regions of significant atrophy in bvFTD patients compared with controls.,tbl2,8,None,"[[28.0, 4.0, -16.0], [34.0, -7.0, -24.0], [28.0, 1.0, -30.0], [10.0, 19.0, -22.0], [13.0, 46.0, -3.0], [4.0, 43.0, 12.0], [-45.0, -16.0, -27.0], [-36.0, -3.0, -18.0]]",0,True,,"Meets global whole-brain VBM criteria (voxelwise VBM, clinically diagnosed bvFTD sample compared to healthy controls) and local criterion DEMENTIA_ALL_I1 (uses VBM).","[""GLOBAL_I1"", ""GLOBAL_I2"", ""GLOBAL_I3"", ""DEMENTIA_ALL_I1""]",[],True,,"Analysis reports decreases in gray matter volume in bvFTD relative to controls (Control > bvFTD) using VBM, satisfying both global and local inclusion criteria.","[""GLOBAL_I1"", ""GLOBAL_I2"", ""GLOBAL_I3"", ""DEMENTIA_DECREASING_ACTIVITY_I1"", ""DEMENTIA_DECREASING_ACTIVITY_I2""]",[],True,,"Uses voxel-based morphometry (VBM) whole-brain analysis comparing bvFTD to controls, satisfying global and STRUCTURAL_I1.","[""GLOBAL_I1"", ""GLOBAL_I2"", ""GLOBAL_I3"", ""STRUCTURAL_I1""]",[],False,,Analysis is structural VBM (no fMRI or FDG-PET data). Missing local inclusion criterion FUNCTIONAL_I1 (fMRI or FDG-PET required).,[],[]
26810632,0,26810632_analysis_0,bvFTD,Regions that covary with total caloric intake on the ad libitum breakfast test meal in bvFTD and semantic dementia,95,6,MNI,"[[14.0, -52.0, 2.0], [-50.0, -78.0, 12.0], [-12.0, -36.0, 10.0], [18.0, -44.0, -58.0], [-4.0, 22.0, 2.0], [10.0, -30.0, -12.0]]",0,False,,"Global inclusion criterion GLOBAL_I3 (analysis must compare bvFTD to healthy controls) is not met: this is a within-bvFTD covariate (VBM) analysis of caloric intake and does not compare bvFTD to controls. GLOBAL_I1 and GLOBAL_I2 are met (whole-brain VBM; includes bvFTD), but missing GLOBAL_I3.","[""GLOBAL_I1"", ""GLOBAL_I2""]",[],False,,"Global inclusion criterion GLOBAL_I3 (requires bvFTD vs controls comparison) is not met: this is a within-group VBM covariate analysis reporting associations with decreased gray matter in bvFTD but without a direct comparison to healthy controls. GLOBAL_I1 and GLOBAL_I2 are met, but GLOBAL_I3 is missing.","[""GLOBAL_I1"", ""GLOBAL_I2"", ""DEMENTIA_DECREASING_ACTIVITY_I2""]",[],False,,"Global inclusion criterion GLOBAL_I3 (requires bvFTD vs controls comparison) is not met. The analysis does use VBM (STRUCTURAL_I1 satisfied) and is whole-brain (GLOBAL_I1) and includes bvFTD (GLOBAL_I2), but it is a within-group covariate rather than a comparison with healthy controls.","[""GLOBAL_I1"", ""GLOBAL_I2"", ""STRUCTURAL_I1""]",[],False,,"Excluded because GLOBAL_I3 (comparison to healthy controls) is not met. This analysis is structural VBM rather than fMRI/FDG-PET, so FUNCTIONAL_I1 is not applicable; GLOBAL_I1 and GLOBAL_I2 are met but GLOBAL_I3 is missing.","[""GLOBAL_I1"", ""GLOBAL_I2""]",[]
26810632,1,26810632_analysis_1,Semantic dementia,Regions that covary with total caloric intake on the ad libitum breakfast test meal in bvFTD and semantic dementia,95,10,MNI,"[[28.0, -48.0, -16.0], [2.0, 2.0, -28.0], [-10.0, -38.0, -10.0], [60.0, 10.0, 2.0], [-36.0, 40.0, -10.0], [-38.0, 10.0, 42.0], [12.0, 38.0, 34.0], [24.0, 40.0, -22.0], [14.0, -66.0, 50.0], [-26.0, 2.0, 46.0]]",0,False,,"Global inclusion criterion GLOBAL_I3 (analysis must compare semantic dementia to healthy controls or bvFTD vs controls) is not met: this is a within-semantic-dementia VBM covariate analysis of caloric intake and does not compare the group to controls. GLOBAL_I1 and GLOBAL_I2 are met, but GLOBAL_I3 is missing.","[""GLOBAL_I1"", ""GLOBAL_I2""]",[],False,,"Global inclusion criterion GLOBAL_I3 is not met: the analysis reports decreases in gray matter associated with intake within the semantic dementia group but does not perform a comparison to healthy controls. GLOBAL_I1 and GLOBAL_I2 and DEMENTIA_DECREASING_ACTIVITY_I2 (VBM modality) are met, but GLOBAL_I3 is missing.","[""GLOBAL_I1"", ""GLOBAL_I2"", ""DEMENTIA_DECREASING_ACTIVITY_I2""]",[],False,,"Global inclusion criterion GLOBAL_I3 (require comparison to controls) is not met. The analysis uses VBM (STRUCTURAL_I1) and is whole-brain (GLOBAL_I1) and includes semantic dementia patients (GLOBAL_I2), but it is a within-group covariate rather than a patient vs control contrast.","[""GLOBAL_I1"", ""GLOBAL_I2"", ""STRUCTURAL_I1""]",[],False,,"Excluded because GLOBAL_I3 (comparison to healthy controls) is not met. This analysis is structural VBM rather than functional modality, so FUNCTIONAL_I1 is not satisfied; GLOBAL_I1 and GLOBAL_I2 are met but GLOBAL_I3 is missing.","[""GLOBAL_I1"", ""GLOBAL_I2""]",[]
26810632,2,26810632_analysis_2,bvFTD and semantic dementia,Regions that covary with sweet preference ratings (for most sweet dessert [C]) in the bvFTD and semantic dementia groups,95,14,MNI,"[[44.0, 20.0, -22.0], [24.0, -50.0, -26.0], [36.0, -58.0, 22.0], [28.0, 12.0, 28.0], [-36.0, -56.0, 20.0], [32.0, -36.0, 66.0], [44.0, 6.0, 4.0], [-14.0, -8.0, 54.0], [-48.0, 6.0, 8.0], [10.0, -24.0, 54.0], [24.0, -12.0, -22.0], [-24.0, -2.0, -12.0], [-38.0, -54.0, -62.0], [30.0, 36.0, 20.0]]",0,False,,"Excluded due to GLOBAL_E3: analysis explicitly pools bvFTD and semantic dementia groups (covariate across combined group). In addition, GLOBAL_I3 (requirement to compare bvFTD to healthy controls) is not met. Although GLOBAL_I1 (whole-brain VBM) and GLOBAL_I2 are met, GLOBAL_E3 applies and GLOBAL_I3 is missing.","[""GLOBAL_I1"", ""GLOBAL_I2""]","[""GLOBAL_E3""]",False,,"Excluded because GLOBAL_E3 applies (explicit pooling of bvFTD and semantic dementia) and GLOBAL_I3 (bvFTD vs controls comparison) is not met. The analysis uses VBM (DEMENTIA_DECREASING_ACTIVITY_I2), but pooling across patient groups without the specified control contrast violates global exclusion.","[""GLOBAL_I1"", ""GLOBAL_I2"", ""DEMENTIA_DECREASING_ACTIVITY_I2""]","[""GLOBAL_E3""]",False,,"Excluded because GLOBAL_E3 (explicit pooling of patient groups) applies and GLOBAL_I3 (comparison to healthy controls) is not met. While the analysis is VBM (STRUCTURAL_I1) and whole-brain (GLOBAL_I1), pooling without the required control comparison violates global criteria.","[""GLOBAL_I1"", ""GLOBAL_I2"", ""STRUCTURAL_I1""]","[""GLOBAL_E3""]",False,,"Excluded because GLOBAL_E3 applies (bvFTD pooled with semantic dementia) and GLOBAL_I3 is not met. This is a structural VBM covariate (so FUNCTIONAL_I1 is not applicable), and the pooling exclusion applies.","[""GLOBAL_I1"", ""GLOBAL_I2""]","[""GLOBAL_E3""]"
26928581,0,26928581_analysis_0,Controls vs. bvFTD,,67,6,TAL,"[[51.0, 9.0, 18.0], [48.0, 15.0, 25.0], [-6.0, -25.0, 3.0], [-30.0, -39.0, -3.0], [-16.0, -37.0, 6.0], [-36.0, -4.0, 8.0]]",0,True,,Meets global criteria (whole-brain voxelwise analysis comparing clinically diagnosed bvFTD to healthy controls) and uses VBM modality as per DEMENTIA_ALL_I1.,"[""GLOBAL_I1"", ""GLOBAL_I2"", ""GLOBAL_I3"", ""DEMENTIA_ALL_I1""]",[],True,,"Analysis reports decreases in grey matter density (Control > bvFTD) using VBM, meeting global and local criteria.","[""GLOBAL_I1"", ""GLOBAL_I2"", ""GLOBAL_I3"", ""DEMENTIA_DECREASING_ACTIVITY_I1"", ""DEMENTIA_DECREASING_ACTIVITY_I2""]",[],True,,"This is a voxel-based morphometry (VBM) whole-brain comparison (GM density), satisfying STRUCTURAL_I1 and global criteria.","[""GLOBAL_I1"", ""GLOBAL_I2"", ""GLOBAL_I3"", ""STRUCTURAL_I1""]",[],False,,Excluded because the analysis uses VBM (structural MRI) not FDG-PET or fMRI; missing FUNCTIONAL_I1.,[],[]
26928581,1,26928581_analysis_1,Controls vs. bvFTD+,,67,5,TAL,"[[-46.0, 9.0, 18.0], [-50.0, 19.0, 29.0], [42.0, 43.0, 11.0], [51.0, 11.0, 16.0], [46.0, 21.0, -1.0]]",0,True,,Meets global criteria (whole-brain voxelwise analysis comparing bvFTD+ subgroup to healthy controls) and uses VBM modality as per DEMENTIA_ALL_I1.,"[""GLOBAL_I1"", ""GLOBAL_I2"", ""GLOBAL_I3"", ""DEMENTIA_ALL_I1""]",[],True,,"Analysis reports decreases in grey matter density (Control > bvFTD+) using VBM, meeting global and local criteria.","[""GLOBAL_I1"", ""GLOBAL_I2"", ""GLOBAL_I3"", ""DEMENTIA_DECREASING_ACTIVITY_I1"", ""DEMENTIA_DECREASING_ACTIVITY_I2""]",[],True,,"This is a voxel-based morphometry (VBM) whole-brain comparison (GM density) for the bvFTD+ subgroup, satisfying STRUCTURAL_I1 and global criteria.","[""GLOBAL_I1"", ""GLOBAL_I2"", ""GLOBAL_I3"", ""STRUCTURAL_I1""]",[],False,,Excluded because the analysis uses VBM (structural MRI) not FDG-PET or fMRI; missing FUNCTIONAL_I1.,[],[]
26928581,2,26928581_analysis_2,Controls vs. bvFTD-,,67,4,TAL,"[[-36.0, 53.0, 14.0], [-51.0, 16.0, 7.0], [-46.0, -44.0, 43.0], [48.0, 15.0, 25.0]]",0,True,,Meets global criteria (whole-brain voxelwise analysis comparing bvFTD- subgroup to healthy controls) and uses VBM modality as per DEMENTIA_ALL_I1.,"[""GLOBAL_I1"", ""GLOBAL_I2"", ""GLOBAL_I3"", ""DEMENTIA_ALL_I1""]",[],True,,"Analysis reports decreases in grey matter density (Control > bvFTD-) using VBM, meeting global and local criteria.","[""GLOBAL_I1"", ""GLOBAL_I2"", ""GLOBAL_I3"", ""DEMENTIA_DECREASING_ACTIVITY_I1"", ""DEMENTIA_DECREASING_ACTIVITY_I2""]",[],True,,"This is a voxel-based morphometry (VBM) whole-brain comparison (GM density) for the bvFTD- subgroup, satisfying STRUCTURAL_I1 and global criteria.","[""GLOBAL_I1"", ""GLOBAL_I2"", ""GLOBAL_I3"", ""STRUCTURAL_I1""]",[],False,,Excluded because the analysis uses VBM (structural MRI) not FDG-PET or fMRI; missing FUNCTIONAL_I1.,[],[]
26928581,3,26928581_analysis_3,Controls vs. bvFTD,,68,23,TAL,"[[-36.0, 53.0, 14.0], [-14.0, 12.0, 12.0], [8.0, 10.0, 12.0], [18.0, 62.0, -3.0], [6.0, 12.0, 9.0], [-44.0, 42.0, 24.0], [-10.0, 55.0, 10.0], [10.0, 9.0, 18.0], [38.0, 21.0, -4.0], [6.0, 18.0, 6.0], [-51.0, 16.0, 7.0], [-53.0, 10.0, 1.0], [-51.0, 27.0, 6.0], [-28.0, 58.0, 1.0], [26.0, 58.0, 25.0], [28.0, 46.0, 29.0], [36.0, 24.0, 8.0], [-8.0, 4.0, -4.0], [2.0, 8.0, 36.0], [-10.0, 10.0, 36.0], [-14.0, 12.0, 38.0], [-6.0, 6.0, 0.0], [50.0, -47.0, 36.0]]",0,True,,Meets global criteria (whole-brain voxelwise analysis comparing bvFTD to healthy controls) and uses FDG-PET modality satisfying DEMENTIA_ALL_I1.,"[""GLOBAL_I1"", ""GLOBAL_I2"", ""GLOBAL_I3"", ""DEMENTIA_ALL_I1""]",[],True,,"Analysis reports decreases in metabolism (Control > bvFTD) using FDG-PET, meeting global and local criteria.","[""GLOBAL_I1"", ""GLOBAL_I2"", ""GLOBAL_I3"", ""DEMENTIA_DECREASING_ACTIVITY_I1"", ""DEMENTIA_DECREASING_ACTIVITY_I2""]",[],False,,Excluded because the analysis uses FDG-PET (functional modality) not VBM; missing STRUCTURAL_I1.,[],[],True,,This is a whole-brain FDG-PET comparison (metabolism) satisfying FUNCTIONAL_I1 and global criteria.,"[""GLOBAL_I1"", ""GLOBAL_I2"", ""GLOBAL_I3"", ""FUNCTIONAL_I1""]",[]
26928581,4,26928581_analysis_4,Controls vs. bvFTD+,,68,11,TAL,"[[6.0, 17.0, -18.0], [-16.0, 9.0, 18.0], [-12.0, 24.0, -18.0], [38.0, 22.0, 12.0], [36.0, 21.0, -4.0], [34.0, 15.0, -9.0], [44.0, 9.0, -14.0], [-42.0, 18.0, 12.0], [16.0, 62.0, -3.0], [-51.0, -19.0, 18.0], [-61.0, -24.0, 21.0]]",0,True,,Meets global criteria (whole-brain voxelwise analysis comparing bvFTD+ to healthy controls) and uses FDG-PET modality satisfying DEMENTIA_ALL_I1.,"[""GLOBAL_I1"", ""GLOBAL_I2"", ""GLOBAL_I3"", ""DEMENTIA_ALL_I1""]",[],True,,"Analysis reports decreases in metabolism (Control > bvFTD+) using FDG-PET, meeting global and local criteria.","[""GLOBAL_I1"", ""GLOBAL_I2"", ""GLOBAL_I3"", ""DEMENTIA_DECREASING_ACTIVITY_I1"", ""DEMENTIA_DECREASING_ACTIVITY_I2""]",[],False,,Excluded because the analysis uses FDG-PET (functional modality) not VBM; missing STRUCTURAL_I1.,[],[],True,,"This is a whole-brain FDG-PET comparison (metabolism) for the bvFTD+ subgroup, satisfying FUNCTIONAL_I1 and global criteria.","[""GLOBAL_I1"", ""GLOBAL_I2"", ""GLOBAL_I3"", ""FUNCTIONAL_I1""]",[]
26928581,5,26928581_analysis_5,Controls vs. bvFTD-,,68,5,TAL,"[[-16.0, 57.0, 21.0], [-38.0, 23.0, -5.0], [-46.0, -44.0, 43.0], [51.0, 16.0, 7.0], [50.0, -47.0, 36.0]]",0,True,,Meets global criteria (whole-brain voxelwise analysis comparing bvFTD- to healthy controls) and uses FDG-PET modality satisfying DEMENTIA_ALL_I1.,"[""GLOBAL_I1"", ""GLOBAL_I2"", ""GLOBAL_I3"", ""DEMENTIA_ALL_I1""]",[],True,,"Analysis reports decreases in metabolism (Control > bvFTD-) using FDG-PET, meeting global and local criteria.","[""GLOBAL_I1"", ""GLOBAL_I2"", ""GLOBAL_I3"", ""DEMENTIA_DECREASING_ACTIVITY_I1"", ""DEMENTIA_DECREASING_ACTIVITY_I2""]",[],False,,Excluded because the analysis uses FDG-PET (functional modality) not VBM; missing STRUCTURAL_I1.,[],[],True,,"This is a whole-brain FDG-PET comparison (metabolism) for the bvFTD- subgroup, satisfying FUNCTIONAL_I1 and global criteria.","[""GLOBAL_I1"", ""GLOBAL_I2"", ""GLOBAL_I3"", ""FUNCTIONAL_I1""]",[]
26944874,0,26944874_analysis_0,"Grey Matter Atrophy, svPPA<Control",,31,3,MNI,"[[-28.0, -6.0, -36.0], [42.0, -10.0, -38.0], [12.0, 18.0, -16.0]]",0,False,,Excluded because GLOBAL_I3 not met: this analysis compares svPPA to controls and does not include a bvFTD vs. control comparison.,[],[],False,,Excluded because GLOBAL_I3 not met: this analysis compares svPPA to controls and does not include a bvFTD vs. control comparison.,[],[],False,,Excluded because GLOBAL_I3 not met: this analysis compares svPPA to controls and does not include a bvFTD vs. control comparison.,[],[],False,,Excluded because GLOBAL_I3 not met: this analysis compares svPPA to controls and does not include a bvFTD vs. control comparison.,[],[]
26944874,1,26944874_analysis_1,Regression of Task Accuracy with Grey Matter Atrophy,,31,3,MNI,"[[-46.0, 10.0, -26.0], [-46.0, 0.0, -40.0], [-40.0, -24.0, -26.0]]",0,False,,Excluded because GLOBAL_I3 not met: this analysis compares svPPA to controls and does not include a bvFTD vs. control comparison.,[],[],False,,Excluded because GLOBAL_I3 not met: this analysis compares svPPA to controls and does not include a bvFTD vs. control comparison.,[],[],False,,Excluded because GLOBAL_I3 not met: this analysis compares svPPA to controls and does not include a bvFTD vs. control comparison.,[],[],False,,Excluded because GLOBAL_I3 not met: this analysis compares svPPA to controls and does not include a bvFTD vs. control comparison.,[],[]
26944874,2,26944874_analysis_2,Regression of the Reversal of Concreteness Effect with Grey Matter Atrophy,,31,3,MNI,"[[-42.0, 2.0, -40.0], [-66.0, -8.0, -18.0], [-46.0, -12.0, -2.0]]",0,False,,Excluded because GLOBAL_I3 not met: this analysis compares svPPA to controls and does not include a bvFTD vs. control comparison.,[],[],False,,Excluded because GLOBAL_I3 not met: this analysis compares svPPA to controls and does not include a bvFTD vs. control comparison.,[],[],False,,Excluded because GLOBAL_I3 not met: this analysis compares svPPA to controls and does not include a bvFTD vs. control comparison.,[],[],False,,Excluded because GLOBAL_I3 not met: this analysis compares svPPA to controls and does not include a bvFTD vs. control comparison.,[],[]
26944874,3,26944874_analysis_3,"Grey Matter Atrophy, bvFTD<Control",,32,4,MNI,"[[-10.0, 46.0, -6.0], [-64.0, -10.0, -14.0], [-52.0, 0.0, -36.0], [42.0, -12.0, -28.0]]",0,True,,Global and local inclusion criteria are met: whole-brain VBM analysis comparing bvFTD to controls (grey matter atrophy).,"[""GLOBAL_I1"", ""GLOBAL_I2"", ""GLOBAL_I3"", ""DEMENTIA_ALL_I1""]",[],True,,"Analysis reports decreased grey matter in bvFTD relative to controls (bvFTD < Control) using VBM, meeting global and local criteria.","[""GLOBAL_I1"", ""GLOBAL_I2"", ""GLOBAL_I3"", ""DEMENTIA_DECREASING_ACTIVITY_I1"", ""DEMENTIA_DECREASING_ACTIVITY_I2""]",[],True,,Uses voxel-based morphometry (VBM) whole-brain analysis comparing bvFTD to controls.,"[""GLOBAL_I1"", ""GLOBAL_I2"", ""GLOBAL_I3"", ""STRUCTURAL_I1""]",[],False,,"Excluded because FUNCTIONAL_I1 not met: analysis is structural VBM, not fMRI or FDG-PET.",[],[]
26944874,4,26944874_analysis_4,Regression of Task Accuracy with Grey Matter Atrophy,,32,7,MNI,"[[-8.0, 56.0, 2.0], [-30.0, 48.0, -12.0], [-20.0, 40.0, 40.0], [-4.0, 12.0, -16.0], [26.0, 58.0, 14.0], [12.0, 2.0, 18.0], [28.0, 54.0, -14.0]]",0,True,,Whole-brain VBM regression analysis relating bvFTD grey matter atrophy to task accuracy; meets global and local criteria for dementia_all.,"[""GLOBAL_I1"", ""GLOBAL_I2"", ""GLOBAL_I3"", ""DEMENTIA_ALL_I1""]",[],True,,Regression relates decreased grey matter in bvFTD to poorer task accuracy and is based on VBM; meets criteria for reporting decreases in bvFTD.,"[""GLOBAL_I1"", ""GLOBAL_I2"", ""GLOBAL_I3"", ""DEMENTIA_DECREASING_ACTIVITY_I1"", ""DEMENTIA_DECREASING_ACTIVITY_I2""]",[],True,,VBM-based regression analysis (structural) relating grey matter to behavior in bvFTD.,"[""GLOBAL_I1"", ""GLOBAL_I2"", ""GLOBAL_I3"", ""STRUCTURAL_I1""]",[],False,,"Excluded because FUNCTIONAL_I1 not met: analysis is structural VBM, not fMRI or FDG-PET.",[],[]
26944874,5,26944874_analysis_5,Regression of the Concreteness Effect with Grey Matter Atrophy,,32,2,MNI,"[[-30.0, 46.0, -14.0], [40.0, 10.0, -8.0]]",0,True,,Whole-brain VBM regression relating the concreteness-effect difference score to grey matter atrophy in bvFTD; meets global and local criteria.,"[""GLOBAL_I1"", ""GLOBAL_I2"", ""GLOBAL_I3"", ""DEMENTIA_ALL_I1""]",[],True,,Analysis links decreased grey matter in bvFTD to the concreteness effect using VBM regressions; meets local and global criteria for decreases in bvFTD.,"[""GLOBAL_I1"", ""GLOBAL_I2"", ""GLOBAL_I3"", ""DEMENTIA_DECREASING_ACTIVITY_I1"", ""DEMENTIA_DECREASING_ACTIVITY_I2""]",[],True,,Uses voxel-based morphometry (VBM) to relate grey matter to behavioral concreteness differences in bvFTD.,"[""GLOBAL_I1"", ""GLOBAL_I2"", ""GLOBAL_I3"", ""STRUCTURAL_I1""]",[],False,,"Excluded because FUNCTIONAL_I1 not met: analysis is structural VBM, not fMRI or FDG-PET.",[],[]
27252632,0,27252632_analysis_0,AD vs. Controls,,T3,9,MNI,"[[-28.0, 4.0, -48.0], [-40.0, 14.0, 22.0], [46.0, -86.0, 6.0], [14.0, 48.0, -4.0], [-14.0, 56.0, -10.0], [34.0, 6.0, -42.0], [-46.0, -56.0, -36.0], [-4.0, 4.0, 72.0], [26.0, -12.0, -16.0]]",0,False,,Global inclusion criteria not met: this analysis compares AD patients to controls and does not include or compare the bvFTD group to healthy controls (missing GLOBAL_I2 and GLOBAL_I3).,[],[],False,,Global inclusion criteria not met: analysis does not include or compare the bvFTD group to controls (missing GLOBAL_I2 and GLOBAL_I3).,[],[],False,,"Global inclusion criteria not met: although the modality is VBM, the analysis does not include the bvFTD group or compare bvFTD to controls (missing GLOBAL_I2 and GLOBAL_I3).",[],[],False,,Global inclusion criteria not met: analysis does not include or compare the bvFTD group to controls (missing GLOBAL_I2 and GLOBAL_I3); additionally modality is VBM not fMRI/FDG-PET (missing FUNCTIONAL_I1).,[],[]
27252632,1,27252632_analysis_1,bvFTD vs. Controls,,T3,8,MNI,"[[-32.0, -76.0, -58.0], [50.0, -58.0, -50.0], [48.0, -54.0, 20.0], [44.0, -2.0, 38.0], [-48.0, -44.0, 10.0], [6.0, -46.0, -22.0], [46.0, 14.0, 52.0], [-18.0, -28.0, 42.0]]",0,True,,Meets global whole-brain VBM criteria and includes a bvFTD vs. Control comparison; modality is VBM which satisfies the local criterion for dementia_all.,"[""GLOBAL_I1"", ""GLOBAL_I2"", ""GLOBAL_I3"", ""DEMENTIA_ALL_I1""]",[],True,,"This VBM whole-brain analysis reports gray matter decreases in bvFTD relative to controls (Control > bvFTD), satisfying the local criteria for decreases in gray matter volume.","[""GLOBAL_I1"", ""GLOBAL_I2"", ""GLOBAL_I3"", ""DEMENTIA_DECREASING_ACTIVITY_I1"", ""DEMENTIA_DECREASING_ACTIVITY_I2""]",[],True,,"Analysis uses whole-brain VBM and directly compares bvFTD patients to controls, meeting the structural annotation criteria.","[""GLOBAL_I1"", ""GLOBAL_I2"", ""GLOBAL_I3"", ""STRUCTURAL_I1""]",[],False,,"Modality is structural VBM, not fMRI or FDG-PET (missing FUNCTIONAL_I1). Global criteria are met but the local functional inclusion criterion is not.",[],[]
27252632,2,27252632_analysis_2,Episodic future thinking,,T4,7,MNI,"[[30.0, -14.0, -10.0], [36.0, -32.0, -6.0], [-32.0, -36.0, 4.0], [-6.0, -84.0, -20.0], [-20.0, -58.0, -50.0], [-42.0, -28.0, -2.0], [-28.0, -72.0, -8.0]]",0,False,,"Excluded because the analysis pools bvFTD with other patient groups (AD + bvFTD combined), triggering GLOBAL_E3 (explicit pooling with other patient groups).",[],"[""GLOBAL_E3""]",False,,"Excluded due to pooling of bvFTD with other patient groups in the analysis (GLOBAL_E3), violating the global criteria.",[],"[""GLOBAL_E3""]",False,,"Although modality is VBM, the analysis pools bvFTD with AD (GLOBAL_E3), so it fails the global exclusion criteria.",[],"[""GLOBAL_E3""]",False,,Excluded because GLOBAL_E3 applies (pooling bvFTD with other patient groups); additionally modality is VBM not fMRI/FDG-PET (missing FUNCTIONAL_I1).,[],"[""GLOBAL_E3""]"
27252632,3,27252632_analysis_3,Semantic future thinking,,T4,13,MNI,"[[46.0, -86.0, 6.0], [16.0, -90.0, 18.0], [-14.0, 14.0, 46.0], [-54.0, -72.0, -4.0], [-20.0, -94.0, 28.0], [28.0, -38.0, 70.0], [-34.0, -30.0, -26.0], [50.0, -28.0, -18.0], [30.0, -16.0, -46.0], [-42.0, 4.0, 6.0], [-24.0, -6.0, -32.0], [52.0, -6.0, -36.0], [20.0, 60.0, -18.0]]",0,False,,"Excluded because the analysis pools bvFTD with other patient groups (AD + bvFTD combined), triggering GLOBAL_E3 (explicit pooling with other patient groups).",[],"[""GLOBAL_E3""]",False,,"Excluded due to pooling of bvFTD with other patient groups in the analysis (GLOBAL_E3), violating the global criteria.",[],"[""GLOBAL_E3""]",False,,"Although modality is VBM, the analysis pools bvFTD with AD (GLOBAL_E3), so it fails the global exclusion criteria.",[],"[""GLOBAL_E3""]",False,,Excluded because GLOBAL_E3 applies (pooling bvFTD with other patient groups); additionally modality is VBM not fMRI/FDG-PET (missing FUNCTIONAL_I1).,[],"[""GLOBAL_E3""]"
27258418,0,27258418_analysis_0,AD versus Controls,,44,4,MNI,"[[-46.0, -56.0, 14.0], [-14.0, 48.0, 4.0], [24.0, -80.0, -56.0], [34.0, -36.0, 54.0]]",0,False,,Fails global criteria: this analysis is AD versus Controls (VBM) and does not include bvFTD or compare bvFTD to healthy controls (missing GLOBAL_I2 and GLOBAL_I3).,[],[],False,,Fails global criteria: analysis does not include bvFTD or compare bvFTD to healthy controls (missing GLOBAL_I2 and GLOBAL_I3).,[],[],False,,"Fails global criteria: although this is a whole-brain VBM analysis, it does not involve bvFTD compared to controls (missing GLOBAL_I2 and GLOBAL_I3).",[],[],False,,"Fails global criteria: analysis does not include bvFTD compared to healthy controls (missing GLOBAL_I2 and GLOBAL_I3); additionally, modality is VBM (not fMRI/FDG-PET), so FUNCTIONAL_I1 is not met.",[],[]
27258418,1,27258418_analysis_1,bvFTD versus Controls,,44,1,MNI,"[[34.0, -8.0, -52.0]]",0,True,,Whole-brain VBM analysis comparing bvFTD to healthy controls (meets global criteria) and uses VBM (meets local modality criterion).,"[""GLOBAL_I1"", ""GLOBAL_I2"", ""GLOBAL_I3"", ""DEMENTIA_ALL_I1""]",[],True,,"Whole-brain VBM bvFTD versus Controls analysis reports grey matter decreases in bvFTD (Control > bvFTD), and uses VBM.","[""GLOBAL_I1"", ""GLOBAL_I2"", ""GLOBAL_I3"", ""DEMENTIA_DECREASING_ACTIVITY_I1"", ""DEMENTIA_DECREASING_ACTIVITY_I2""]",[],True,,This is a voxel-based morphometry (VBM) whole-brain structural analysis comparing bvFTD to controls.,"[""GLOBAL_I1"", ""GLOBAL_I2"", ""GLOBAL_I3"", ""STRUCTURAL_I1""]",[],False,,"Modality mismatch: analysis uses VBM (structural) rather than fMRI or FDG-PET, so FUNCTIONAL_I1 is not met.",[],[]
27258418,2,27258418_analysis_2,bvFTD versus AD,,44,4,MNI,"[[50.0, 8.0, -40.0], [-12.0, 18.0, -18.0], [12.0, 14.0, 2.0], [-32.0, 14.0, -30.0]]",0,False,,Fails global criteria: this analysis compares bvFTD to AD (patient vs patient) and does not compare bvFTD to healthy controls (missing GLOBAL_I3).,[],[],False,,Fails global criteria: bvFTD versus AD comparison does not involve healthy controls (missing GLOBAL_I3).,[],[],False,,"Fails global criteria: although VBM is used, the contrast is bvFTD versus AD (no healthy control comparison), so GLOBAL_I3 is not met.",[],[],False,,Fails global criteria: analysis does not compare bvFTD to healthy controls (missing GLOBAL_I3) and modality is structural VBM not fMRI/FDG-PET (missing FUNCTIONAL_I1).,[],[]
27258418,3,27258418_analysis_3,AD versus bvFTD,,44,0,,[],0,False,,Fails global criteria: AD versus bvFTD (patient vs patient) does not compare bvFTD to healthy controls (missing GLOBAL_I3).,[],[],False,,Fails global criteria: contrast is AD versus bvFTD and does not include healthy controls (missing GLOBAL_I3).,[],[],False,,"Fails global criteria: although VBM is employed, the comparison is between patient groups rather than bvFTD vs controls (missing GLOBAL_I3).",[],[],False,,Fails global criteria: analysis does not compare bvFTD to healthy controls (missing GLOBAL_I3) and uses VBM not fMRI/FDG-PET (missing FUNCTIONAL_I1).,[],[]
27258418,4,27258418_analysis_4,AD,Perspective Taking,45,5,MNI,"[[-56.0, -22.0, -18.0], [-50.0, -54.0, -4.0], [-28.0, -16.0, -38.0], [54.0, -20.0, -14.0], [-32.0, -60.0, -34.0]]",0,False,,Fails global criteria: this covariate analysis targets AD (AD + Controls) and does not include a bvFTD versus healthy controls contrast (missing GLOBAL_I2 and GLOBAL_I3).,[],[],False,,Fails global criteria: analysis does not involve bvFTD compared to healthy controls (missing GLOBAL_I2 and GLOBAL_I3).,[],[],False,,"Fails global criteria: although VBM modality is used, the analysis concerns AD (not bvFTD vs controls), so GLOBAL_I2 and GLOBAL_I3 are not met.",[],[],False,,"Fails global criteria: analysis does not compare bvFTD to healthy controls (missing GLOBAL_I2 and GLOBAL_I3) and modality is VBM (not fMRI/FDG-PET), so FUNCTIONAL_I1 is not met.",[],[]
27258418,5,27258418_analysis_5,bvFTD,Perspective Taking,45,17,MNI,"[[44.0, -4.0, -48.0], [6.0, 30.0, -30.0], [-42.0, -8.0, -48.0], [-44.0, -14.0, -4.0], [-24.0, 58.0, -4.0], [24.0, -32.0, -10.0], [-28.0, -72.0, -36.0], [-50.0, -54.0, -4.0], [10.0, -82.0, -34.0], [-20.0, -72.0, 16.0], [-26.0, -88.0, -4.0], [-58.0, -14.0, -22.0], [20.0, -86.0, 26.0], [-58.0, -22.0, 36.0], [-24.0, -38.0, 0.0], [24.0, -90.0, -12.0], [-10.0, 32.0, -28.0]]",0,True,,Whole-brain VBM covariate analysis including bvFTD (with Controls) meets global criteria and uses VBM (meets local modality criterion).,"[""GLOBAL_I1"", ""GLOBAL_I2"", ""GLOBAL_I3"", ""DEMENTIA_ALL_I1""]",[],True,,"Covariate VBM analysis reports associations between reduced perspective-taking and decreased grey matter intensity in bvFTD (i.e., decreases for bvFTD/Control > bvFTD) and uses VBM.","[""GLOBAL_I1"", ""GLOBAL_I2"", ""GLOBAL_I3"", ""DEMENTIA_DECREASING_ACTIVITY_I1"", ""DEMENTIA_DECREASING_ACTIVITY_I2""]",[],True,,"This analysis uses voxel-based morphometry (VBM) to examine structural correlates in bvFTD (with Controls), satisfying the structural criterion.","[""GLOBAL_I1"", ""GLOBAL_I2"", ""GLOBAL_I3"", ""STRUCTURAL_I1""]",[],False,,"Modality mismatch: this is a VBM (structural) analysis, not fMRI or FDG-PET, so FUNCTIONAL_I1 is not met.",[],[]
27258418,6,27258418_analysis_6,AD,Empathic Concern,46,0,,[],0,False,,Fails global criteria: this covariate analysis targets AD (AD + Controls) and does not provide a bvFTD versus healthy control contrast (missing GLOBAL_I2 and GLOBAL_I3).,[],[],False,,Fails global criteria: no bvFTD versus healthy control comparison is present (missing GLOBAL_I2 and GLOBAL_I3).,[],[],False,,"Fails global criteria: although VBM is used, the analysis is focused on AD (not bvFTD vs controls), so GLOBAL_I2 and GLOBAL_I3 are not satisfied.",[],[],False,,Fails global criteria: analysis does not include bvFTD versus healthy controls (missing GLOBAL_I2 and GLOBAL_I3) and modality is structural VBM not fMRI/FDG-PET (missing FUNCTIONAL_I1).,[],[]
27258418,7,27258418_analysis_7,bvFTD,Empathic Concern,46,7,MNI,"[[-38.0, 24.0, -12.0], [-28.0, -26.0, 50.0], [-12.0, -26.0, 36.0], [-28.0, -70.0, 28.0], [-10.0, -6.0, 8.0], [-42.0, -50.0, 16.0], [12.0, -18.0, 38.0]]",0,True,,Whole-brain VBM covariate analysis including bvFTD (with Controls) meets global criteria and uses VBM (meets local modality criterion).,"[""GLOBAL_I1"", ""GLOBAL_I2"", ""GLOBAL_I3"", ""DEMENTIA_ALL_I1""]",[],True,,Covariate VBM analysis reports grey matter intensity decreases associated with reduced empathic concern in bvFTD (Control > bvFTD patterns) and uses VBM.,"[""GLOBAL_I1"", ""GLOBAL_I2"", ""GLOBAL_I3"", ""DEMENTIA_DECREASING_ACTIVITY_I1"", ""DEMENTIA_DECREASING_ACTIVITY_I2""]",[],True,,"This is a voxel-based morphometry analysis examining structural correlates of empathic concern in bvFTD (with Controls), satisfying the structural inclusion criterion.","[""GLOBAL_I1"", ""GLOBAL_I2"", ""GLOBAL_I3"", ""STRUCTURAL_I1""]",[],False,,"Modality mismatch: analysis is VBM (structural) not fMRI or FDG-PET, so FUNCTIONAL_I1 is not met.",[],[]
27301638,0,27301638_analysis_0,Quantifiers,,t0010,17,MNI,"[[-12.0, 12.0, 7.0], [10.0, 14.0, 7.0], [-8.0, -42.0, -30.0], [-8.0, 25.0, -13.0], [4.0, -19.0, 6.0], [-55.0, 7.0, 18.0], [28.0, 48.0, 23.0], [10.0, -32.0, -24.0], [-22.0, 16.0, 42.0], [40.0, -27.0, 49.0], [8.0, -44.0, 19.0], [-38.0, -36.0, 17.0], [-24.0, 9.0, 59.0], [26.0, 14.0, 47.0], [-4.0, 15.0, 38.0], [-40.0, 21.0, 27.0], [42.0, 25.0, 2.0]]",0,False,,Analysis is a whole-brain regression across the combined patient cohort and does not compare the bvFTD group to healthy controls (missing GLOBAL_I3).,[],[],False,,Analysis does not compare bvFTD to healthy controls (missing GLOBAL_I3).,[],[],False,,Analysis does not compare bvFTD to healthy controls (missing GLOBAL_I3).,[],[],False,,Analysis does not compare bvFTD to healthy controls (missing GLOBAL_I3).,[],[]
27301638,1,27301638_analysis_1,Object Nouns,,t0010,11,MNI,"[[-44.0, -46.0, -18.0], [-55.0, -3.0, -13.0], [-46.0, 12.0, -31.0], [-34.0, -2.0, -40.0], [-6.0, -12.0, 26.0], [-63.0, -36.0, -15.0], [-6.0, 17.0, 19.0], [-63.0, -13.0, -21.0], [-34.0, -24.0, -19.0], [10.0, -41.0, -40.0], [28.0, -39.0, -5.0]]",0,False,,Analysis is a whole-brain regression across the combined patient cohort and does not compare the bvFTD group to healthy controls (missing GLOBAL_I3).,[],[],False,,Analysis does not compare bvFTD to healthy controls (missing GLOBAL_I3).,[],[],False,,Analysis does not compare bvFTD to healthy controls (missing GLOBAL_I3).,[],[],False,,Analysis does not compare bvFTD to healthy controls (missing GLOBAL_I3).,[],[]
27301638,2,27301638_analysis_2,CBS < Eld,,t0015,7,MNI,"[[-26.0, 4.0, -44.0], [64.0, -4.0, -24.0], [26.0, -8.0, -14.0], [32.0, 18.0, 54.0], [-4.0, -66.0, 44.0], [-12.0, -24.0, 44.0], [44.0, -2.0, 48.0]]",0,False,,This analysis compares CBS to elders and therefore does not include a bvFTD group (missing GLOBAL_I2) and does not compare bvFTD to healthy controls (missing GLOBAL_I3).,[],[],False,,Does not include bvFTD (missing GLOBAL_I2) and does not compare bvFTD to healthy controls (missing GLOBAL_I3).,[],[],False,,Does not include bvFTD (missing GLOBAL_I2) and does not compare bvFTD to healthy controls (missing GLOBAL_I3).,[],[],False,,Does not include bvFTD (missing GLOBAL_I2) and does not compare bvFTD to healthy controls (missing GLOBAL_I3).,[],[]
27301638,3,27301638_analysis_3,bvFTD < Eld,,t0015,2,MNI,"[[42.0, -2.0, -48.0], [-18.0, -34.0, -6.0]]",0,True,,"Whole-brain voxelwise VBM comparison of bvFTD vs healthy elders (meets GLOBAL_I1, includes bvFTD, and compares bvFTD to controls) and uses VBM (STRUCTURAL), satisfying the dementia_all local inclusion.","[""GLOBAL_I1"", ""GLOBAL_I2"", ""GLOBAL_I3"", ""DEMENTIA_ALL_I1""]",[],True,,"Analysis reports decreased gray matter in bvFTD relative to elders (bvFTD < Eld) using whole-brain VBM, meeting both global and local inclusion criteria for decreases in GM (DEMENTIA_DECREASING_ACTIVITY_I1,I2).","[""GLOBAL_I1"", ""GLOBAL_I2"", ""GLOBAL_I3"", ""DEMENTIA_DECREASING_ACTIVITY_I1"", ""DEMENTIA_DECREASING_ACTIVITY_I2""]",[],True,,"This is a whole-brain VBM analysis of bvFTD vs controls, satisfying STRUCTURAL_I1 and global criteria.","[""GLOBAL_I1"", ""GLOBAL_I2"", ""GLOBAL_I3"", ""STRUCTURAL_I1""]",[],False,,"Although global criteria are met, this analysis uses VBM (structural) rather than fMRI or FDG-PET (missing FUNCTIONAL_I1).",[],[]
27301638,4,27301638_analysis_4,svPPA < Eld,,t0015,3,MNI,"[[-24.0, -4.0, -50.0], [36.0, -8.0, -48.0], [14.0, 6.0, -12.0]]",0,False,,This analysis compares svPPA to elders and does not include a bvFTD group (missing GLOBAL_I2) and thus does not compare bvFTD to healthy controls (missing GLOBAL_I3).,[],[],False,,Does not include bvFTD (missing GLOBAL_I2) and does not compare bvFTD to controls (missing GLOBAL_I3).,[],[],False,,Does not include bvFTD (missing GLOBAL_I2) and does not compare bvFTD to controls (missing GLOBAL_I3).,[],[],False,,Does not include bvFTD (missing GLOBAL_I2) and does not compare bvFTD to controls (missing GLOBAL_I3).,[],[]
27301638,5,27301638_analysis_5,CBS < Eld,,t0020,1,MNI,"[[9.0, -12.0, -14.0]]",0,False,,This analysis compares CBS to elders and does not include bvFTD (missing GLOBAL_I2) and does not compare bvFTD to controls (missing GLOBAL_I3).,[],[],False,,Does not include bvFTD (missing GLOBAL_I2) and does not compare bvFTD to controls (missing GLOBAL_I3).,[],[],False,,Does not include bvFTD (missing GLOBAL_I2) and does not compare bvFTD to controls (missing GLOBAL_I3).,[],[],False,,Does not include bvFTD (missing GLOBAL_I2) and does not compare bvFTD to controls (missing GLOBAL_I3).,[],[]
27301638,6,27301638_analysis_6,(quantifier connections),,t0020,5,MNI,"[[-2.0, -8.0, 27.0], [-44.0, -46.0, 1.0], [-9.0, 43.0, -15.0], [10.0, 34.0, -16.0], [20.0, -10.0, 46.0]]",0,False,,This analysis examines white-matter streamlines/FA (diffusion/DTI) and DTI-based analyses are excluded by GLOBAL_E2.,[],"[""GLOBAL_E2""]",False,,"Uses DTI/white-matter FA analyses, which are excluded by GLOBAL_E2.",[],"[""GLOBAL_E2""]",False,,"This is a DTI/white-matter analysis (excluded by GLOBAL_E2), not a VBM structural gray-matter VBM experiment (STRUCTURAL_I1).",[],"[""GLOBAL_E2""]",False,,This analysis uses diffusion/DTI rather than fMRI or FDG-PET and is excluded by GLOBAL_E2.,[],"[""GLOBAL_E2""]"
27301638,7,27301638_analysis_7,bvFTD < Eld,,t0020,1,MNI,"[[-13.0, 38.0, -17.0]]",0,True,,"Whole-brain voxelwise VBM comparison of bvFTD vs healthy elders (meets GLOBAL_I1, includes bvFTD, and compares bvFTD to controls) and uses VBM, satisfying the dementia_all local inclusion.","[""GLOBAL_I1"", ""GLOBAL_I2"", ""GLOBAL_I3"", ""DEMENTIA_ALL_I1""]",[],True,,"Analysis reports decreased gray matter in bvFTD relative to elders using whole-brain VBM, meeting both global and local inclusion criteria for decreases in GM (DEMENTIA_DECREASING_ACTIVITY_I1,I2).","[""GLOBAL_I1"", ""GLOBAL_I2"", ""GLOBAL_I3"", ""DEMENTIA_DECREASING_ACTIVITY_I1"", ""DEMENTIA_DECREASING_ACTIVITY_I2""]",[],True,,"This is a whole-brain VBM analysis of bvFTD vs controls, satisfying STRUCTURAL_I1 and global criteria.","[""GLOBAL_I1"", ""GLOBAL_I2"", ""GLOBAL_I3"", ""STRUCTURAL_I1""]",[],False,,"Although global criteria are met, this analysis uses VBM (structural) rather than fMRI or FDG-PET (missing FUNCTIONAL_I1).",[],[]
27301638,8,27301638_analysis_8,(quantifier connections),,t0020,5,MNI,"[[4.0, -37.0, -18.0], [-38.0, -34.0, -7.0], [3.0, -37.0, 20.0], [37.0, -11.0, -18.0], [2.0, 0.0, 3.0]]",0,False,,This is a white-matter/DTI streamline FA analysis (quantifier connections) and is excluded by GLOBAL_E2.,[],"[""GLOBAL_E2""]",False,,"Uses DTI/white-matter FA analyses, which are excluded by GLOBAL_E2.",[],"[""GLOBAL_E2""]",False,,"This is a DTI/white-matter analysis (excluded by GLOBAL_E2), not a VBM structural gray-matter analysis (STRUCTURAL_I1).",[],"[""GLOBAL_E2""]",False,,This analysis uses diffusion/DTI rather than fMRI or FDG-PET and is excluded by GLOBAL_E2.,[],"[""GLOBAL_E2""]"
27301638,9,27301638_analysis_9,CBS < Eld,,t0020,1,MNI,"[[-46.0, -44.0, -2.0]]",0,False,,This analysis compares CBS to elders and therefore does not include a bvFTD group (missing GLOBAL_I2) and does not compare bvFTD to healthy controls (missing GLOBAL_I3).,[],[],False,,Does not include bvFTD (missing GLOBAL_I2) and does not compare bvFTD to controls (missing GLOBAL_I3).,[],[],False,,Does not include bvFTD (missing GLOBAL_I2) and does not compare bvFTD to controls (missing GLOBAL_I3).,[],[],False,,Does not include bvFTD (missing GLOBAL_I2) and does not compare bvFTD to controls (missing GLOBAL_I3).,[],[]
27301638,10,27301638_analysis_10,(noun connections),,t0020,1,MNI,"[[-44.0, -39.0, 29.0]]",0,False,,This is a DTI/white-matter streamline FA analysis (noun connections) and is excluded by GLOBAL_E2.,[],"[""GLOBAL_E2""]",False,,"Uses DTI/white-matter FA analyses, which are excluded by GLOBAL_E2.",[],"[""GLOBAL_E2""]",False,,"This is a DTI/white-matter analysis (excluded by GLOBAL_E2), not a VBM structural gray-matter experiment (STRUCTURAL_I1).",[],"[""GLOBAL_E2""]",False,,This analysis uses diffusion/DTI rather than fMRI or FDG-PET and is excluded by GLOBAL_E2.,[],"[""GLOBAL_E2""]"
27301638,11,27301638_analysis_11,bvFTD < Eld,,t0020,1,MNI,"[[-48.0, -26.0, -21.0]]",0,True,,"Whole-brain voxelwise VBM comparison of bvFTD vs healthy elders (meets GLOBAL_I1, includes bvFTD, and compares bvFTD to controls) and uses VBM, satisfying the dementia_all local inclusion.","[""GLOBAL_I1"", ""GLOBAL_I2"", ""GLOBAL_I3"", ""DEMENTIA_ALL_I1""]",[],True,,"Analysis reports decreased gray matter in bvFTD relative to elders using whole-brain VBM, meeting both global and local inclusion criteria for decreases in GM (DEMENTIA_DECREASING_ACTIVITY_I1,I2).","[""GLOBAL_I1"", ""GLOBAL_I2"", ""GLOBAL_I3"", ""DEMENTIA_DECREASING_ACTIVITY_I1"", ""DEMENTIA_DECREASING_ACTIVITY_I2""]",[],True,,"This is a whole-brain VBM analysis of bvFTD vs controls, satisfying STRUCTURAL_I1 and global criteria.","[""GLOBAL_I1"", ""GLOBAL_I2"", ""GLOBAL_I3"", ""STRUCTURAL_I1""]",[],False,,"Although global criteria are met, this analysis uses VBM (structural) rather than fMRI or FDG-PET (missing FUNCTIONAL_I1).",[],[]
27301638,12,27301638_analysis_12,(noun connections),,t0020,1,MNI,"[[-15.0, 28.0, -14.0]]",0,False,,This is a DTI/white-matter streamline FA analysis (noun connections) and is excluded by GLOBAL_E2.,[],"[""GLOBAL_E2""]",False,,"Uses DTI/white-matter FA analyses, which are excluded by GLOBAL_E2.",[],"[""GLOBAL_E2""]",False,,"This is a DTI/white-matter analysis (excluded by GLOBAL_E2), not a VBM structural gray-matter experiment (STRUCTURAL_I1).",[],"[""GLOBAL_E2""]",False,,This analysis uses diffusion/DTI rather than fMRI or FDG-PET and is excluded by GLOBAL_E2.,[],"[""GLOBAL_E2""]"
27301638,13,27301638_analysis_13,svPPA < Eld (noun connections),,t0020,1,MNI,"[[-34.0, 1.0, -37.0]]",0,False,,This appears to be a white-matter/DTI noun-connections analysis (excluded by GLOBAL_E2). It also does not include a bvFTD-only comparison (missing GLOBAL_I2/GLOBAL_I3).,[],"[""GLOBAL_E2""]",False,,Uses DTI/white-matter FA analyses and is excluded by GLOBAL_E2; additionally it does not compare bvFTD to healthy controls (missing GLOBAL_I2/GLOBAL_I3).,[],"[""GLOBAL_E2""]",False,,This is a DTI/white-matter analysis (excluded by GLOBAL_E2) and does not represent a VBM structural experiment (STRUCTURAL_I1); it also does not include bvFTD (missing GLOBAL_I2/GLOBAL_I3).,[],"[""GLOBAL_E2""]",False,,This analysis uses diffusion/DTI (excluded by GLOBAL_E2) rather than fMRI or FDG-PET.,[],"[""GLOBAL_E2""]"
27567867,0,27567867_analysis_0,VBM differences between DbvFTD >AbvFTD groups in selected ROIs,,35,9,None,"[[52.5, 9.9, 24.3], [49.4, 12.9, 17.6], [62.5, 19.9, 14.3], [39.6, 61.2, 0.8], [29.6, 69.3, 0.9], [-1.8, 30.6, 24.3], [-8.1, 12.6, -1.5], [-34.2, 9.9, -24.3], [-37.8, 10.8, -24.2]]",0,False,,"Global exclusion applies: this analysis is an ROI-based VBM comparison between DbvFTD and AbvFTD (GLOBAL_E1). It also does not meet required global whole-brain voxelwise map (GLOBAL_I1) nor the required comparison to healthy controls (GLOBAL_I3). Although the modality (VBM) matches the local inclusion DEMENTIA_ALL_I1, global criteria override inclusion.",[],"[""GLOBAL_E1""]",False,,"Excluded because the analysis is ROI-based (GLOBAL_E1) rather than a whole-brain voxelwise map (fails GLOBAL_I1), and it does not compare the bvFTD group to healthy controls (fails GLOBAL_I3). The local modality criterion (VBM) would be satisfied, but global exclusions prevent inclusion.",[],"[""GLOBAL_E1""]",False,,"Although the analysis uses VBM (meets STRUCTURAL_I1), it is an ROI analysis (GLOBAL_E1) and therefore excluded by the global exclusion criteria. Additionally, it does not represent a whole-brain voxelwise map (fails GLOBAL_I1) and does not compare bvFTD to healthy controls (fails GLOBAL_I3).",[],"[""GLOBAL_E1""]",False,,Excluded because the analysis is structural VBM ROI-based (GLOBAL_E1) and not an fMRI/FDG-PET whole-brain analysis (does not meet FUNCTIONAL_I1 or GLOBAL_I1). It also does not compare the bvFTD group to healthy controls (fails GLOBAL_I3).,[],"[""GLOBAL_E1""]"
28119587,0,28119587_analysis_0,AD,Statistics of significant differences in gray matter anatomical volume.,T2,1,MNI,"[[30.0, 25.0, 12.0]]",0,False,,Analysis is AD VBM (does not include bvFTD group). Fails global inclusion criteria GLOBAL_I2 and GLOBAL_I3 (analysis does not include bvFTD vs controls).,[],[],False,,"Analysis concerns AD group, not bvFTD; fails global inclusion criteria GLOBAL_I2 and GLOBAL_I3 (no bvFTD vs controls).",[],[],False,,"Although modality is VBM (STRUCTURAL_I1 met), the global inclusion criteria GLOBAL_I2 and GLOBAL_I3 are not met because this analysis is AD-only and does not include bvFTD vs controls.",[],[],False,,"Modality is VBM, not fMRI/FDG-PET (missing FUNCTIONAL_I1) and additionally the analysis does not include bvFTD (missing GLOBAL_I2 and GLOBAL_I3).",[],[]
28119587,1,28119587_analysis_1,bvFTD,Statistics of significant differences in gray matter anatomical volume.,T2,1,MNI,"[[31.0, 16.0, 30.0]]",0,True,,"Analysis is whole-brain VBM comparing bvFTD to controls and uses an eligible modality (VBM). Meets GLOBAL_I1, GLOBAL_I2, GLOBAL_I3 and local DEMENTIA_ALL_I1.","[""GLOBAL_I1"", ""GLOBAL_I2"", ""GLOBAL_I3"", ""DEMENTIA_ALL_I1""]",[],True,,VBM analysis reports decreased gray matter volume in bvFTD vs controls (bvFTD < Control). Meets GLOBAL_I1-3 and local DEMENTIA_DECREASING_ACTIVITY_I1 and DEMENTIA_DECREASING_ACTIVITY_I2.,"[""GLOBAL_I1"", ""GLOBAL_I2"", ""GLOBAL_I3"", ""DEMENTIA_DECREASING_ACTIVITY_I1"", ""DEMENTIA_DECREASING_ACTIVITY_I2""]",[],True,,This is a voxelwise VBM (structural) analysis comparing bvFTD to controls. Meets GLOBAL_I1-3 and STRUCTURAL_I1.,"[""GLOBAL_I1"", ""GLOBAL_I2"", ""GLOBAL_I3"", ""STRUCTURAL_I1""]",[],False,,"Analysis modality is VBM, not fMRI/FDG-PET; missing FUNCTIONAL_I1.",[],[]
28119587,2,28119587_analysis_2,"AD, DMN, wbICA non-CV",,T3,1,MNI,"[[23.0, 21.0, 22.0]]",0,False,,"Analysis is AD (resting-state fMRI) comparing AD to controls, not bvFTD. Fails GLOBAL_I2 and GLOBAL_I3 (does not include bvFTD vs controls).",[],[],False,,Analysis concerns AD group (not bvFTD); fails GLOBAL_I2 and GLOBAL_I3 (no bvFTD vs controls).,[],[],False,,"Modality is fMRI, not VBM; additionally this analysis does not include bvFTD (missing GLOBAL_I2 and GLOBAL_I3). Missing STRUCTURAL_I1 and global inclusion criteria.",[],[],False,,"Although modality is fMRI (FUNCTIONAL_I1 would be met), the analysis does not include bvFTD vs controls, so it fails GLOBAL_I2 and GLOBAL_I3 required by the global gate.",[],[]
28119587,3,28119587_analysis_3,"AD, DMN, wbICA CV",,T3,1,MNI,"[[23.0, 21.0, 22.0]]",0,False,,"AD wbICA with CV is AD vs controls, not bvFTD. Fails GLOBAL_I2 and GLOBAL_I3 (no bvFTD comparison).",[],[],False,,"This analysis reports AD group effects, not bvFTD; fails GLOBAL_I2 and GLOBAL_I3.",[],[],False,,Modality is fMRI not VBM (missing STRUCTURAL_I1) and analysis does not include bvFTD (missing GLOBAL_I2 and GLOBAL_I3).,[],[],False,,"Although modality is fMRI, the analysis does not include bvFTD vs controls and thus fails GLOBAL_I2 and GLOBAL_I3 required by the global gate.",[],[]
28119587,4,28119587_analysis_4,"AD, DMN, gmICA non-CV",,T3,0,,[],0,False,,"AD gmICA without CV is AD vs controls, not bvFTD. Fails global inclusion GLOBAL_I2 and GLOBAL_I3 (no bvFTD comparison).",[],[],False,,"Analysis pertains to AD group, not bvFTD; missing GLOBAL_I2 and GLOBAL_I3.",[],[],False,,"Modality is fMRI (gmICA), not VBM; also does not include bvFTD (missing GLOBAL_I2 and GLOBAL_I3). Missing STRUCTURAL_I1 and global criteria.",[],[],False,,"Modality is fMRI but analysis does not include bvFTD vs controls (fails GLOBAL_I2 and GLOBAL_I3), so global inclusion gate not met.",[],[]
28119587,5,28119587_analysis_5,"AD, DMN, gmICA CV",,T3,1,MNI,"[[23.0, 20.0, 23.0]]",0,False,,"AD gmICA with CV compares AD to controls, not bvFTD. Fails GLOBAL_I2 and GLOBAL_I3 (no bvFTD comparison).",[],[],False,,"This analysis reports AD group decreases, not bvFTD; therefore GLOBAL_I2 and GLOBAL_I3 are not met.",[],[],False,,Modality is fMRI (gmICA) not VBM; additionally analysis does not include bvFTD (missing GLOBAL_I2 and GLOBAL_I3).,[],[],False,,"Although modality is fMRI, the analysis does not include bvFTD vs controls and thus fails GLOBAL_I2 and GLOBAL_I3.",[],[]
28119587,6,28119587_analysis_6,"bvFTD, SLN, wbICA non-CV",,T3,1,MNI,"[[35.0, 32.0, 16.0]]",0,True,,"Whole-brain wbICA voxelwise analysis comparing bvFTD to controls using fMRI. Meets GLOBAL_I1, GLOBAL_I2, GLOBAL_I3 and local DEMENTIA_ALL_I1.","[""GLOBAL_I1"", ""GLOBAL_I2"", ""GLOBAL_I3"", ""DEMENTIA_ALL_I1""]",[],True,,wbICA (non-CV) reports decreased connectivity in bvFTD (Control > bvFTD in SLN). Meets GLOBAL_I1-3 and local DEMENTIA_DECREASING_ACTIVITY_I1 and DEMENTIA_DECREASING_ACTIVITY_I2.,"[""GLOBAL_I1"", ""GLOBAL_I2"", ""GLOBAL_I3"", ""DEMENTIA_DECREASING_ACTIVITY_I1"", ""DEMENTIA_DECREASING_ACTIVITY_I2""]",[],False,,"Modality is fMRI (wbICA), not VBM; missing STRUCTURAL_I1.",[],[],True,,"This is a voxelwise fMRI analysis (wbICA) comparing bvFTD to controls. Meets GLOBAL_I1, GLOBAL_I2, GLOBAL_I3 and FUNCTIONAL_I1.","[""GLOBAL_I1"", ""GLOBAL_I2"", ""GLOBAL_I3"", ""FUNCTIONAL_I1""]",[]
28119587,7,28119587_analysis_7,"bvFTD, SLN, wbICA CV",,T3,2,MNI,"[[22.0, 7.0, 19.0], [35.0, 32.0, 16.0]]",0,True,,"wbICA with CV is a voxelwise fMRI comparison of bvFTD vs controls. Meets GLOBAL_I1, GLOBAL_I2, GLOBAL_I3 and DEMENTIA_ALL_I1.","[""GLOBAL_I1"", ""GLOBAL_I2"", ""GLOBAL_I3"", ""DEMENTIA_ALL_I1""]",[],True,,wbICA with CV reports decreased SLN connectivity in bvFTD (Control > bvFTD). Meets GLOBAL_I1-3 and DEMENTIA_DECREASING_ACTIVITY_I1 and I2.,"[""GLOBAL_I1"", ""GLOBAL_I2"", ""GLOBAL_I3"", ""DEMENTIA_DECREASING_ACTIVITY_I1"", ""DEMENTIA_DECREASING_ACTIVITY_I2""]",[],False,,"Modality is fMRI (wbICA), not VBM; missing STRUCTURAL_I1.",[],[],True,,Voxelwise fMRI analysis comparing bvFTD to controls with reported decreases; meets GLOBAL_I1-3 and FUNCTIONAL_I1.,"[""GLOBAL_I1"", ""GLOBAL_I2"", ""GLOBAL_I3"", ""FUNCTIONAL_I1""]",[]
28119587,8,28119587_analysis_8,"bvFTD, SLN, gmICA non-CV",,T3,0,,[],0,True,,"gmICA (non-CV) is a voxelwise fMRI analysis focusing on gray matter comparing bvFTD to controls; modality is fMRI and global bvFTD comparison is present. Meets GLOBAL_I1, GLOBAL_I2, GLOBAL_I3 and DEMENTIA_ALL_I1.","[""GLOBAL_I1"", ""GLOBAL_I2"", ""GLOBAL_I3"", ""DEMENTIA_ALL_I1""]",[],False,,gmICA without CV reported no significant decreases for the bvFTD group (no Control > bvFTD effects detected); missing DEMENTIA_DECREASING_ACTIVITY_I1.,[],[],False,,"Modality is fMRI (gmICA), not VBM; missing STRUCTURAL_I1.",[],[],True,,"This is a voxelwise fMRI (gmICA) analysis comparing bvFTD to controls. Meets GLOBAL_I1, GLOBAL_I2, GLOBAL_I3 and FUNCTIONAL_I1.","[""GLOBAL_I1"", ""GLOBAL_I2"", ""GLOBAL_I3"", ""FUNCTIONAL_I1""]",[]
28119587,9,28119587_analysis_9,"bvFTD, SLN, gmICA CV",,T3,1,MNI,"[[8.0, 31.0, 16.0]]",0,True,,"gmICA with CV is a voxelwise gray-matter-focused fMRI comparison of bvFTD vs controls. Meets GLOBAL_I1, GLOBAL_I2, GLOBAL_I3 and DEMENTIA_ALL_I1.","[""GLOBAL_I1"", ""GLOBAL_I2"", ""GLOBAL_I3"", ""DEMENTIA_ALL_I1""]",[],True,,"gmICA with CV reports decreased connectivity in bvFTD (reduced FC in right insula, Control > bvFTD). Meets GLOBAL_I1-3 and DEMENTIA_DECREASING_ACTIVITY_I1 and I2.","[""GLOBAL_I1"", ""GLOBAL_I2"", ""GLOBAL_I3"", ""DEMENTIA_DECREASING_ACTIVITY_I1"", ""DEMENTIA_DECREASING_ACTIVITY_I2""]",[],False,,"Modality is fMRI (gmICA), not VBM; missing STRUCTURAL_I1.",[],[],True,,"Voxelwise fMRI (gmICA with CV) analysis comparing bvFTD to controls. Meets GLOBAL_I1, GLOBAL_I2, GLOBAL_I3 and FUNCTIONAL_I1.","[""GLOBAL_I1"", ""GLOBAL_I2"", ""GLOBAL_I3"", ""FUNCTIONAL_I1""]",[]
28219620,0,28219620_analysis_0,analysis_0,Regions (based on AAL) of significant atrophy (local maxima) in bvFTD patients compared with healthy controls.,t0015,19,None,"[[37.7, -19.5, -30.0], [24.0, -6.0, -16.5], [-13.5, -36.0, 3.0], [-24.0, 9.0, -19.5], [48.0, 10.5, -19.5], [66.0, -45.0, 10.5], [46.5, -79.5, 7.5], [-4.5, -1.5, 57.0], [6.0, 0.0, 43.5], [-4.5, -34.5, 49.5], [-42.0, -4.5, 54.0], [48.0, 33.0, 9.0], [-24.0, -78.0, 43.5], [-24.0, -84.0, 30.0], [60.0, -9.0, 4.5], [-13.5, -72.0, 12.0], [13.5, -57.0, 28.5], [15.0, -60.0, 19.5], [1.5, 37.5, -12.0]]",0,True,,Analysis_0 is a whole-brain VBM comparison of clinically diagnosed bvFTD patients vs healthy controls (voxelwise DARTEL VBM). This meets global whole-brain and bvFTD vs control criteria and local DEMENTIA_ALL_I1 (VBM).,"[""GLOBAL_I1"", ""GLOBAL_I2"", ""GLOBAL_I3"", ""DEMENTIA_ALL_I1""]",[],True,,"Analysis_0 reports regions of significant GM atrophy (Control > bvFTD; decreased GM in bvFTD) using VBM, meeting global criteria and local DEMENTIA_DECREASING_ACTIVITY_I1 and DEMENTIA_DECREASING_ACTIVITY_I2.","[""GLOBAL_I1"", ""GLOBAL_I2"", ""GLOBAL_I3"", ""DEMENTIA_DECREASING_ACTIVITY_I1"", ""DEMENTIA_DECREASING_ACTIVITY_I2""]",[],True,,"Analysis_0 uses voxel-based morphometry (VBM) whole-brain to assess GM differences in bvFTD vs controls, meeting GLOBAL_I1/I2/I3 and STRUCTURAL_I1.","[""GLOBAL_I1"", ""GLOBAL_I2"", ""GLOBAL_I3"", ""STRUCTURAL_I1""]",[],False,,Analysis_0 is a structural VBM study and does not use fMRI or FDG-PET; missing FUNCTIONAL_I1.,[],[]
28219620,1,28219620_analysis_1,Regions (based on AAL) of significant atrophy (local maxima) in BD patients compared with healthy controls.,,t0020,4,None,"[[27.0, -9.0, 63.0], [-28.5, 3.0, 7.5], [-42.0, -10.5, 0.0], [-10.5, -72.0, 15.0]]",0,False,,"Analysis_1 does not include clinically diagnosed bvFTD (it compares BD patients with healthy controls), thus missing required global inclusion criteria GLOBAL_I2 and GLOBAL_I3.",[],[],False,,"Although Analysis_1 uses VBM, it does not include bvFTD patients nor compare bvFTD to controls; missing GLOBAL_I2 and GLOBAL_I3.",[],[],False,,"Analysis_1 is a VBM study but it does not include bvFTD patients or compare bvFTD to healthy controls, so GLOBAL_I2 and GLOBAL_I3 are not met.",[],[],False,,Analysis_1 does not include bvFTD (missing GLOBAL_I2 and GLOBAL_I3) and does not use fMRI/FDG-PET (missing FUNCTIONAL_I1).,[],[]
28219620,2,28219620_analysis_2,Regions (based on AAL) of significant atrophy (local maxima) in bvFTD patients compared with BD patients.,,t0025,13,None,"[[36.0, -28.5, -30.0], [57.0, -42.0, -9.0], [-40.5, -28.5, -28.5], [-4.5, -19.5, 10.5], [7.5, -39.0, 33.0], [7.5, -1.5, 45.0], [-25.5, 54.0, 3.0], [-10.5, 49.5, 31.5], [-21.0, -54.0, 64.5], [-45.0, 27.0, 22.5], [-15.0, -70.5, 37.5], [-19.5, -78.0, 42.0], [46.5, -57.0, 37.5]]",0,False,,"Analysis_2 includes bvFTD but compares bvFTD to BD (not to healthy controls), thus failing GLOBAL_I3 (must compare bvFTD to controls).",[],[],False,,"Although Analysis_2 reports decreased GM in bvFTD relative to BD using VBM, it does not compare bvFTD to healthy controls, so GLOBAL_I3 is not met.",[],[],False,,"Analysis_2 uses VBM and includes bvFTD, but it does not compare bvFTD to healthy controls (missing GLOBAL_I3), therefore global inclusion criteria fail.",[],[],False,,Analysis_2 is a VBM structural comparison (no fMRI/FDG-PET) and does not compare bvFTD to healthy controls (missing GLOBAL_I3 and FUNCTIONAL_I1).,[],[]
28662418,0,28662418_analysis_0,TASIT Part 1,,tbl2,12,MNI,"[[28.0, 6.0, -20.0], [24.0, 64.0, -6.0], [-40.0, -16.0, -42.0], [50.0, -8.0, -20.0], [18.0, -54.0, 10.0], [26.0, -20.0, -10.0], [-22.0, -86.0, -48.0], [52.0, -50.0, 4.0], [-14.0, 20.0, -8.0], [-40.0, -16.0, 32.0], [-40.0, -32.0, 20.0], [52.0, 10.0, -8.0]]",0,False,,Analysis is a whole-brain VBM covariate/signal correlation across all participants rather than a direct bvFTD vs. healthy control group comparison. Missing required global inclusion criterion GLOBAL_I3 (analysis must compare the target bvFTD group to healthy controls).,[],[],False,,"Does not present a Control > bvFTD group contrast (missing GLOBAL_I3). Although modality is VBM, the analysis is a covariate analysis across all participants rather than an explicit report of decreases for bvFTD versus controls (missing DEMENTIA_DECREASING_ACTIVITY_I1 and GLOBAL_I3).",[],[],False,,Modality is VBM (would meet STRUCTURAL_I1) but the analysis does not perform a bvFTD vs control comparison (missing GLOBAL_I3).,[],[],False,,"Modality is structural VBM, not fMRI/FDG-PET (FUNCTIONAL_I1 not met). Also the analysis does not compare bvFTD to controls (missing GLOBAL_I3).",[],[]
28662418,1,28662418_analysis_1,TASIT Part 2,,tbl2,0,,[],0,False,,This VBM GLM (Part 2 across all participants) is a covariate analysis across groups rather than a direct bvFTD vs control group comparison; missing GLOBAL_I3 (must compare bvFTD to healthy controls).,[],[],False,,Does not explicitly report Control > bvFTD decreases (missing GLOBAL_I3 and no explicit bvFTD decrease contrast reported).,[],[],False,,"Although modality is VBM (meets STRUCTURAL_I1), the analysis is a covariate correlation across all participants and does not perform a bvFTD vs control comparison (missing GLOBAL_I3).",[],[],False,,"Modality is VBM, not fMRI/FDG-PET (FUNCTIONAL_I1 not met). Also missing GLOBAL_I3 (no bvFTD vs control comparison).",[],[]
28662418,2,28662418_analysis_2,Average Sincere & Sarcasm,,tbl2,2,MNI,"[[-16.0, -70.0, 18.0], [26.0, 2.0, -20.0]]",0,False,,Average sincere & sarcasm VBM covariate analysis was conducted across all participants rather than a direct bvFTD vs control comparison (missing GLOBAL_I3).,[],[],False,,"Does not explicitly report Control > bvFTD decreases (missing GLOBAL_I3). The analysis is a correlation across participants, not an explicit bvFTD decrease contrast (missing DEMENTIA_DECREASING_ACTIVITY_I1 and GLOBAL_I3).",[],[],False,,Modality is VBM (would meet STRUCTURAL_I1) but the analysis lacks the required bvFTD vs control comparison (missing GLOBAL_I3).,[],[],False,,"Modality is structural VBM, not fMRI/FDG-PET (FUNCTIONAL_I1 not met). Also missing GLOBAL_I3 (no bvFTD vs control comparison).",[],[]
28662418,3,28662418_analysis_3,Sarcasm covarying for Sincere,,tbl2,2,MNI,"[[-42.0, 10.0, -38.0], [34.0, 20.0, -30.0]]",0,False,,Sarcasm covarying for sincere VBM analysis is a covariate analysis across participants rather than a direct bvFTD vs control contrast; missing GLOBAL_I3 (bvFTD vs healthy control comparison).,[],[],False,,This analysis reports correlations (sarcasm controlling for sincere) and does not present an explicit Control > bvFTD decrease contrast (missing GLOBAL_I3 and DEMENTIA_DECREASING_ACTIVITY_I1).,[],[],False,,Modality is VBM (meets STRUCTURAL_I1) but the required bvFTD vs control group comparison (GLOBAL_I3) is not present for this covariate analysis.,[],[],False,,Modality is VBM not fMRI/FDG-PET (FUNCTIONAL_I1 not met) and analysis does not perform a bvFTD vs control comparison (missing GLOBAL_I3).,[],[]
28662418,4,28662418_analysis_4,bvFTD & controls,,tbl3,12,MNI,"[[54.0, 16.0, -26.0], [-38.0, -4.0, -50.0], [16.0, 58.0, -12.0], [-16.0, -86.0, -48.0], [-14.0, 56.0, -14.0], [-50.0, -50.0, -6.0], [-46.0, -8.0, 26.0], [-28.0, -26.0, 50.0], [-48.0, -28.0, 6.0], [22.0, -68.0, -34.0], [-20.0, -34.0, -6.0], [10.0, 30.0, -26.0]]",0,True,,"Whole-brain voxelwise VBM t-test comparing bvFTD patients to healthy controls using VBM; meets global whole-brain requirement, includes clinically diagnosed bvFTD, and is a bvFTD vs control comparison. Modality is VBM which matches the allowed modalities.","[""GLOBAL_I1"", ""GLOBAL_I2"", ""GLOBAL_I3"", ""DEMENTIA_ALL_I1""]",[],True,,"This analysis reports decreases in grey matter for bvFTD relative to controls (Control > bvFTD atrophy pattern) using VBM whole-brain t-tests, meeting both global and local criteria.","[""GLOBAL_I1"", ""GLOBAL_I2"", ""GLOBAL_I3"", ""DEMENTIA_DECREASING_ACTIVITY_I1"", ""DEMENTIA_DECREASING_ACTIVITY_I2""]",[],True,,Uses whole-brain VBM to test bvFTD vs controls (VBM criterion satisfied along with global criteria).,"[""GLOBAL_I1"", ""GLOBAL_I2"", ""GLOBAL_I3"", ""STRUCTURAL_I1""]",[],False,,"Modality is structural VBM, not fMRI/FDG-PET; FUNCTIONAL_I1 is not met.",[],[]
28662418,5,28662418_analysis_5,AD & controls,,tbl3,14,MNI,"[[60.0, -34.0, -28.0], [48.0, -52.0, 0.0], [-40.0, -14.0, -44.0], [22.0, 64.0, -8.0], [-20.0, -35.0, -6.0], [-36.0, -2.0, 6.0], [42.0, 14.0, 14.0], [-30.0, -34.0, 60.0], [-46.0, -56.0, 14.0], [34.0, -38.0, 48.0], [-44.0, -28.0, 16.0], [-14.0, 18.0, -6.0], [-38.0, -16.0, 34.0], [-48.0, 10.0, -22.0]]",0,False,,This analysis compares AD patients to controls rather than bvFTD to controls; therefore it does not meet GLOBAL_I3 (analysis must compare the target bvFTD group to healthy controls).,[],[],False,,"Reports decreases for AD vs controls, not bvFTD vs controls; DEMENTIA_DECREASING_ACTIVITY_I1 (decreases for bvFTD) is not met and GLOBAL_I3 (bvFTD vs controls) is not satisfied.",[],[],False,,Modality is VBM (STRUCTURAL_I1 would be met) but the analysis compares AD to controls rather than bvFTD to controls (missing GLOBAL_I3 requirement focused on bvFTD).,[],[],False,,"Modality is VBM not fMRI/FDG-PET (FUNCTIONAL_I1 not met). Additionally, analysis does not compare bvFTD to controls (missing GLOBAL_I3).",[],[]
28662418,6,28662418_analysis_6,bvFTD & controls: Average Sincere & Sarcasm,,tbl4,2,MNI,"[[-36.0, -2.0, -42.0], [28.0, 4.0, -24.0]]",0,False,,"This is a VBM GLM in bvFTD+controls assessing correlations (Average Sincere & Sarcasm); it is not an explicit bvFTD vs control group contrast, so GLOBAL_I3 is not satisfied (analysis must compare bvFTD to healthy controls).",[],[],False,,Analysis reports correlations of performance with grey matter in bvFTD+controls rather than reporting explicit decreases (Control > bvFTD) for bvFTD; missing GLOBAL_I3 and DEMENTIA_DECREASING_ACTIVITY_I1.,[],[],False,,Modality is VBM (STRUCTURAL_I1 satisfied) but the analysis is a covariate/correlation across bvFTD and controls rather than a direct bvFTD vs control group comparison (missing GLOBAL_I3).,[],[],False,,Modality is VBM not fMRI/FDG-PET (FUNCTIONAL_I1 not met). Also missing GLOBAL_I3 (no explicit bvFTD vs control contrast).,[],[]
28662418,7,28662418_analysis_7,bvFTD & controls: Sarcasm covarying for Sincere,,tbl4,2,MNI,"[[-38.0, -4.0, -44.0], [24.0, -10.0, -16.0]]",0,False,,"Sarcasm covarying for sincere in bvFTD+controls is a voxelwise covariate analysis, not an explicit bvFTD vs control group contrast; missing GLOBAL_I3 (bvFTD vs healthy controls comparison).",[],[],False,,Does not present Control > bvFTD decreases; it is a covariate correlation across participants (missing GLOBAL_I3 and DEMENTIA_DECREASING_ACTIVITY_I1).,[],[],False,,Uses VBM (STRUCTURAL_I1) but lacks the required bvFTD vs control comparison for inclusion (missing GLOBAL_I3).,[],[],False,,Modality is VBM not fMRI/FDG-PET (FUNCTIONAL_I1 not met) and analysis does not perform a bvFTD vs control comparison (missing GLOBAL_I3).,[],[]
28662418,8,28662418_analysis_8,AD & controls: Average Sincere & Sarcasm,,tbl4,0,,[],0,False,,"This analysis is AD + controls GLM; it does not compare bvFTD to controls (missing GLOBAL_I3 requirement focused on bvFTD), so it does not satisfy the global gating criterion.",[],[],False,,Reports correlations/associations in AD+controls rather than decreases for bvFTD (missing DEMENTIA_DECREASING_ACTIVITY_I1 and GLOBAL_I3).,[],[],False,,Modality is VBM (would meet STRUCTURAL_I1) but analysis compares AD to controls rather than bvFTD to controls (missing GLOBAL_I3).,[],[],False,,Modality is VBM not fMRI/FDG-PET (FUNCTIONAL_I1 not met). Also missing GLOBAL_I3 (no bvFTD vs control comparison).,[],[]
28662418,9,28662418_analysis_9,AD & controls: Sarcasm covarying for Sincere,,tbl4,0,,[],0,False,,"Sarcasm covarying for sincere in AD+controls is not a bvFTD vs control comparison (missing GLOBAL_I3 focused on bvFTD), so the global gating criterion is not satisfied.",[],[],False,,Does not report decreases for bvFTD (analysis is AD+controls and/or a covariate analysis); DEMENTIA_DECREASING_ACTIVITY_I1 and GLOBAL_I3 are not met.,[],[],False,,"While modality is VBM (STRUCTURAL_I1), the analysis is AD+controls and not a bvFTD vs control comparison, so GLOBAL_I3 is not satisfied.",[],[],False,,"Modality is VBM not fMRI/FDG-PET (FUNCTIONAL_I1 not met). Additionally, the analysis does not compare bvFTD to controls (missing GLOBAL_I3).",[],[]
29704671,0,29704671_analysis_0,Affective apathy,,tbl3,8,MNI,"[[-32.0, 12.0, -28.0], [46.0, 28.0, -6.0], [-58.0, -14.0, -38.0], [44.0, 8.0, -44.0], [22.0, 62.0, 20.0], [0.0, 52.0, -22.0], [-34.0, -20.0, 8.0], [32.0, 18.0, -26.0]]",0,False,,Excluded: GLOBAL_E3 applies because the VBM correlations for affective apathy were conducted 'irrespective of diagnosis' (pooled bvFTD + AD) rather than as a bvFTD vs healthy control comparison. Also GLOBAL_I3 (requires bvFTD vs control comparison) is not met.,[],"[""GLOBAL_E3""]",False,,Excluded: GLOBAL_E3 applies because the analysis reports VBM correlations pooled across diagnoses (bvFTD + AD) rather than reporting decreases specifically in bvFTD versus controls. GLOBAL_I3 (bvFTD vs control comparison) is not met.,[],"[""GLOBAL_E3""]",False,,"Excluded: GLOBAL_E3 applies because although the modality is VBM, the reported affective-apathy maps were derived from pooled patient correlations (bvFTD + AD) rather than a bvFTD vs control whole-brain comparison (GLOBAL_I3 not met).",[],"[""GLOBAL_E3""]",False,,"Excluded: The analysis is structural VBM (not fMRI/FDG-PET), so FUNCTIONAL_I1 is not met. Additionally GLOBAL_E3 applies because the analysis pooled bvFTD with other patient groups; GLOBAL_I3 (bvFTD vs control comparison) is also not met.",[],"[""GLOBAL_E3""]"
29704671,1,29704671_analysis_1,Behavioural apathy,,tbl3,10,MNI,"[[6.0, 56.0, -24.0], [-8.0, 18.0, -4.0], [50.0, 2.0, 16.0], [-22.0, 62.0, -14.0], [44.0, 24.0, 34.0], [38.0, 16.0, 6.0], [-28.0, 44.0, -12.0], [14.0, -76.0, -32.0], [-16.0, 34.0, -18.0], [14.0, -76.0, -32.0]]",0,False,,Excluded: GLOBAL_E3 applies because the behavioural-apathy VBM correlations were performed 'irrespective of diagnosis' (pooled bvFTD + AD) rather than as a bvFTD vs healthy control comparison. GLOBAL_I3 is not met.,[],"[""GLOBAL_E3""]",False,,Excluded: GLOBAL_E3 applies because the analysis reports lower grey matter associated with behavioural apathy across pooled patient groups (bvFTD + AD) rather than decreases specifically reported for bvFTD versus controls. GLOBAL_I3 not met.,[],"[""GLOBAL_E3""]",False,,"Excluded: Although modality is VBM, GLOBAL_E3 applies because the behavioural-apathy maps pool bvFTD with AD (correlations irrespective of diagnosis) instead of providing a bvFTD vs control whole-brain comparison (GLOBAL_I3 missing).",[],"[""GLOBAL_E3""]",False,,Excluded: The analysis used structural VBM not fMRI/FDG-PET (FUNCTIONAL_I1 not met). Additionally GLOBAL_E3 applies due to pooling bvFTD with other patient groups; GLOBAL_I3 (bvFTD vs control) is not met.,[],"[""GLOBAL_E3""]"
29704671,2,29704671_analysis_2,Cognitive apathy,,tbl3,4,MNI,"[[-44.0, 14.0, -34.0], [-56.0, -10.0, -36.0], [10.0, -22.0, 38.0], [16.0, 10.0, 6.0]]",0,False,,Excluded: GLOBAL_E3 applies because the cognitive-apathy VBM correlations were conducted pooled across bvFTD and AD (irrespective of diagnosis) rather than as a bvFTD vs control comparison. GLOBAL_I3 is not met.,[],"[""GLOBAL_E3""]",False,,Excluded: GLOBAL_E3 applies because the analysis associates lower grey matter with cognitive apathy across pooled patient groups (bvFTD + AD) rather than reporting decreases specifically for bvFTD versus controls. GLOBAL_I3 not met.,[],"[""GLOBAL_E3""]",False,,Excluded: Modality is VBM but GLOBAL_E3 applies because the cognitive-apathy maps pool bvFTD with AD (irrespective of diagnosis) instead of providing a bvFTD vs control whole-brain comparison (GLOBAL_I3 missing).,[],"[""GLOBAL_E3""]",False,,Excluded: The analysis is structural VBM (FUNCTIONAL_I1 not met). Also GLOBAL_E3 applies due to pooling bvFTD with other patient groups; GLOBAL_I3 (bvFTD vs control) is not met.,[],"[""GLOBAL_E3""]"
29704671,3,29704671_analysis_3,ABC overlap,,tbl3,3,MNI,"[[-14.0, 14.0, -10.0], [38.0, 18.0, 4.0], [-18.0, 60.0, 10.0]]",0,False,,Excluded: GLOBAL_E3 applies because the ABC overlap (inclusive masking) analysis identified regions common across apathy measures using pooled patient data (bvFTD + AD) rather than a bvFTD vs control comparison. GLOBAL_I3 is not met.,[],"[""GLOBAL_E3""]",False,,Excluded: GLOBAL_E3 applies because the overlap analysis reports common regions across apathy types from pooled bvFTD+AD correlations rather than decreases specific to bvFTD vs controls. GLOBAL_I3 not met.,[],"[""GLOBAL_E3""]",False,,"Excluded: Although the modality is VBM, GLOBAL_E3 applies because the overlap maps were derived from pooled patient correlations (bvFTD + AD) instead of a bvFTD vs control whole-brain contrast (GLOBAL_I3 missing).",[],"[""GLOBAL_E3""]",False,,Excluded: The analysis used structural VBM (FUNCTIONAL_I1 not met). Additionally GLOBAL_E3 applies because the analysis pooled bvFTD with AD; GLOBAL_I3 (bvFTD vs control) is not met.,[],"[""GLOBAL_E3""]"
30014499,0,30014499_analysis_0,bvFTD<controls,,85,1,MNI,"[[38.0, -68.0, -60.0]]",0,True,,Whole-brain voxelwise VBM analysis comparing bvFTD to controls; meets global whole-brain/sample/comparison criteria and local modality criterion (VBM).,"[""GLOBAL_I1"", ""GLOBAL_I2"", ""GLOBAL_I3"", ""DEMENTIA_ALL_I1""]",[],True,,"Contrast is bvFTD < controls (decreased gray matter in bvFTD) and uses VBM, satisfying both global and local criteria.","[""GLOBAL_I1"", ""GLOBAL_I2"", ""GLOBAL_I3"", ""DEMENTIA_DECREASING_ACTIVITY_I1"", ""DEMENTIA_DECREASING_ACTIVITY_I2""]",[],True,,Uses voxel-based morphometry (VBM) whole-brain analysis comparing bvFTD to controls; meets global and structural local criteria.,"[""GLOBAL_I1"", ""GLOBAL_I2"", ""GLOBAL_I3"", ""STRUCTURAL_I1""]",[],False,,"Modality is VBM (structural); does not use fMRI or FDG-PET, so FUNCTIONAL_I1 is not met.",[],[]
30014499,1,30014499_analysis_1,SD<controls,,85,2,MNI,"[[20.0, -76.0, -40.0], [-14.0, -76.0, -38.0]]",0,False,,"Excluded because GLOBAL_I3 is not met: this analysis compares SD to controls, not the target bvFTD group vs healthy controls.",[],[],False,,Excluded because GLOBAL_I3 is not met: analysis does not compare bvFTD to healthy controls (SD vs controls).,[],[],False,,Excluded because GLOBAL_I3 is not met: analysis compares SD to controls rather than bvFTD to controls.,[],[],False,,Excluded because GLOBAL_I3 is not met: analysis compares SD to controls rather than bvFTD to controls; additionally modality is VBM not fMRI/FDG-PET (FUNCTIONAL_I1 not met).,[],[]
30014499,2,30014499_analysis_2,PNFA<controls,,85,2,MNI,"[[36.0, -66.0, -46.0], [-20.0, -74.0, -38.0]]",0,False,,"Excluded because GLOBAL_I3 is not met: this analysis compares PNFA to controls, not bvFTD to healthy controls.",[],[],False,,Excluded because GLOBAL_I3 is not met: analysis does not compare bvFTD to healthy controls (PNFA vs controls).,[],[],False,,Excluded because GLOBAL_I3 is not met: analysis compares PNFA to controls rather than bvFTD to controls.,[],[],False,,Excluded because GLOBAL_I3 is not met: analysis compares PNFA to controls rather than bvFTD to controls; modality is VBM not fMRI/FDG-PET (FUNCTIONAL_I1 not met).,[],[]
30014499,3,30014499_analysis_3,bvFTD<SD,,85,1,MNI,"[[46.0, -52.0, -60.0]]",0,False,,Excluded because GLOBAL_I3 is not met: analysis is a patient-group comparison (bvFTD vs SD) but does not compare the bvFTD group to healthy controls.,[],[],False,,Excluded because GLOBAL_I3 is not met: this contrast (bvFTD vs SD) does not compare bvFTD to healthy controls as required.,[],[],False,,Excluded because GLOBAL_I3 is not met: the analysis compares bvFTD to SD rather than bvFTD to controls.,[],[],False,,Excluded because GLOBAL_I3 is not met: analysis does not compare bvFTD to healthy controls; modality is structural VBM not fMRI/FDG-PET (FUNCTIONAL_I1 not met).,[],[]
30014499,4,30014499_analysis_4,bvFTD>SD,,85,0,,[],0,False,,Excluded because GLOBAL_I3 is not met: bvFTD>SD contrast does not compare bvFTD to healthy controls.,[],[],False,,Excluded because GLOBAL_I3 is not met: this contrast is between patient groups (bvFTD vs SD) and does not report bvFTD vs controls.,[],[],False,,Excluded because GLOBAL_I3 is not met: analysis compares bvFTD to SD rather than bvFTD to controls.,[],[],False,,Excluded because GLOBAL_I3 is not met: analysis does not compare bvFTD to healthy controls; additionally modality is VBM not fMRI/FDG-PET (FUNCTIONAL_I1 not met).,[],[]
30014499,5,30014499_analysis_5,bvFTD<PNFA,,85,1,MNI,"[[26.0, -46.0, -32.0]]",0,False,,Excluded because GLOBAL_I3 is not met: bvFTD<PNFA contrast does not compare bvFTD to healthy controls.,[],[],False,,Excluded because GLOBAL_I3 is not met: patient-group contrast (bvFTD vs PNFA) does not represent bvFTD vs controls.,[],[],False,,Excluded because GLOBAL_I3 is not met: analysis compares bvFTD to PNFA rather than bvFTD to controls.,[],[],False,,Excluded because GLOBAL_I3 is not met: analysis does not compare bvFTD to healthy controls; modality is VBM not fMRI/FDG-PET (FUNCTIONAL_I1 not met).,[],[]
30014499,6,30014499_analysis_6,bvFTD>PNFA,,85,0,,[],0,False,,Excluded because GLOBAL_I3 is not met: bvFTD>PNFA contrast is a patient-group comparison and does not perform bvFTD vs controls.,[],[],False,,Excluded because GLOBAL_I3 is not met: contrast does not compare bvFTD to healthy controls (patient vs patient).,[],[],False,,Excluded because GLOBAL_I3 is not met: analysis compares patient groups (bvFTD vs PNFA) rather than bvFTD to controls.,[],[],False,,Excluded because GLOBAL_I3 is not met: analysis does not compare bvFTD to healthy controls; modality is VBM not fMRI/FDG-PET (FUNCTIONAL_I1 not met).,[],[]
30014499,7,30014499_analysis_7,SD<PNFA,,85,0,,[],0,False,,Excluded because GLOBAL_I3 is not met: SD vs PNFA contrast does not include a bvFTD vs healthy controls comparison.,[],[],False,,Excluded because GLOBAL_I3 is not met: patient-group contrast (SD vs PNFA) does not compare bvFTD to controls.,[],[],False,,Excluded because GLOBAL_I3 is not met: analysis compares SD to PNFA rather than bvFTD to controls.,[],[],False,,Excluded because GLOBAL_I3 is not met: analysis does not compare bvFTD to healthy controls; modality is VBM not fMRI/FDG-PET (FUNCTIONAL_I1 not met).,[],[]
30014499,8,30014499_analysis_8,SD>PNFA,,85,0,,[],0,False,,Excluded because GLOBAL_I3 is not met: SD>PNFA contrast is between patient groups and does not perform bvFTD vs controls.,[],[],False,,Excluded because GLOBAL_I3 is not met: analysis is a patient-group contrast (SD vs PNFA) rather than bvFTD vs healthy controls.,[],[],False,,Excluded because GLOBAL_I3 is not met: analysis compares SD to PNFA rather than bvFTD to controls.,[],[],False,,Excluded because GLOBAL_I3 is not met: analysis does not compare bvFTD to healthy controls; modality is VBM not fMRI/FDG-PET (FUNCTIONAL_I1 not met).,[],[]
30014499,9,30014499_analysis_9,F test,,86,3,MNI,"[[42.0, -56.0, -60.0], [-14.0, -78.0, -38.0], [-46.0, -66.0, -54.0]]",0,False,,Excluded because GLOBAL_I3 is not met: the F-test assesses group differences overall and does not constitute a bvFTD vs healthy controls comparison as required.,[],[],False,,Excluded because GLOBAL_I3 is not met: the omnibus F-test is not a direct bvFTD<controls contrast reporting decreases for bvFTD.,[],[],False,,Excluded because GLOBAL_I3 is not met: the F-test does not provide a bvFTD vs control VBM contrast as required.,[],[],False,,Excluded because GLOBAL_I3 is not met: the F-test is not a bvFTD vs control fMRI/FDG-PET analysis; modality is VBM in the study (FUNCTIONAL_I1 not met).,[],[]
30014499,10,30014499_analysis_10,All participants,,87,1,MNI,"[[16.0, -72.0, -30.0]]",0,False,,Excluded because GLOBAL_E3 applies: this analysis pools bvFTD with other patient groups (all patients combined) rather than comparing bvFTD alone to healthy controls; GLOBAL_I3 is therefore not met.,[],"[""GLOBAL_E3""]",False,,Excluded because GLOBAL_E3 applies: patients are pooled (all participants combined) rather than providing a bvFTD vs control contrast reporting decreases for bvFTD; GLOBAL_I3 is not met.,[],"[""GLOBAL_E3""]",False,,Excluded because GLOBAL_E3 applies: analysis pools bvFTD with other patient groups (all patients combined) rather than comparing bvFTD alone to healthy controls; thus GLOBAL_I3 is not satisfied.,[],"[""GLOBAL_E3""]",False,,Excluded because GLOBAL_E3 applies: pooled patient analysis (all participants) rather than bvFTD vs controls; additionally modality is VBM not fMRI/FDG-PET (FUNCTIONAL_I1 not met).,[],"[""GLOBAL_E3""]"
30014499,11,30014499_analysis_11,bvFTD & controls,,87,2,MNI,"[[48.0, -52.0, -34.0], [12.0, -72.0, -28.0]]",0,True,,Analysis includes bvFTD and controls in a voxelwise VBM correlational analysis; meets global whole-brain and sample criteria and uses VBM modality.,"[""GLOBAL_I1"", ""GLOBAL_I2"", ""GLOBAL_I3"", ""DEMENTIA_ALL_I1""]",[],False,,This analysis reports voxelwise correlations (cerebellar–cognition associations) rather than a bvFTD<controls (decrease) contrast; missing DEMENTIA_DECREASING_ACTIVITY_I1.,[],[],True,,Uses voxel-based morphometry (VBM) in a whole-brain analysis including bvFTD and controls; meets global and structural local criteria.,"[""GLOBAL_I1"", ""GLOBAL_I2"", ""GLOBAL_I3"", ""STRUCTURAL_I1""]",[],False,,"Modality is VBM (structural); does not use fMRI or FDG-PET, so FUNCTIONAL_I1 is not met.",[],[]
30014499,12,30014499_analysis_12,SD & controls,,87,1,MNI,"[[50.0, -58.0, -34.0]]",0,False,,Excluded because GLOBAL_I3 is not met: this analysis combines SD with controls rather than comparing bvFTD to healthy controls.,[],[],False,,Excluded because GLOBAL_I3 is not met: analysis (SD & controls) does not represent a bvFTD vs control decrease contrast.,[],[],False,,Excluded because GLOBAL_I3 is not met: analysis involves SD and controls rather than bvFTD and controls as required.,[],[],False,,Excluded because GLOBAL_I3 is not met: analysis does not compare bvFTD to healthy controls; modality is VBM not fMRI/FDG-PET (FUNCTIONAL_I1 not met).,[],[]
30014499,13,30014499_analysis_13,PNFA & controls,,87,1,MNI,"[[46.0, -48.0, -38.0]]",0,False,,Excluded because GLOBAL_I3 is not met: this analysis combines PNFA with controls rather than comparing bvFTD to healthy controls.,[],[],False,,Excluded because GLOBAL_I3 is not met: analysis (PNFA & controls) does not provide a bvFTD<controls decrease contrast.,[],[],False,,Excluded because GLOBAL_I3 is not met: analysis includes PNFA and controls rather than bvFTD vs controls.,[],[],False,,Excluded because GLOBAL_I3 is not met: analysis does not compare bvFTD to healthy controls; modality is VBM not fMRI/FDG-PET (FUNCTIONAL_I1 not met).,[],[]
30488224,0,30488224_analysis_0,Positive Films (Zygomaticus - Corrugator),,96,1,MNI,"[[36.0, -10.0, 4.0]]",0,False,,The analysis is a whole-brain VBM voxel-wise correlation including bvFTD patients (GLOBAL_I1 and GLOBAL_I2 met) but it does NOT perform a direct comparison of the bvFTD group versus healthy controls (GLOBAL_I3 is not met). Therefore it fails the global inclusion criteria.,"[""GLOBAL_I1"", ""GLOBAL_I2"", ""DEMENTIA_ALL_I1""]",[],False,,"Although the modality is VBM (DEMENTIA_DECREASING_ACTIVITY_I2 met), this analysis does not report decreases for the bvFTD group (DEMENTIA_DECREASING_ACTIVITY_I1 not met) and also does not include a bvFTD vs control comparison (GLOBAL_I3 missing).","[""GLOBAL_I1"", ""GLOBAL_I2"", ""DEMENTIA_DECREASING_ACTIVITY_I2""]",[],False,,"Modality is VBM so STRUCTURAL_I1 is met and GLOBAL_I1/GLOBAL_I2 are met, but the analysis does not include a direct bvFTD versus control comparison (GLOBAL_I3 missing), so it fails the global criteria.","[""GLOBAL_I1"", ""GLOBAL_I2"", ""STRUCTURAL_I1""]",[],False,,"This analysis uses VBM (structural), not a functional modality (FUNCTIONAL_I1 not met). In addition, it does not perform a bvFTD vs control comparison (GLOBAL_I3 missing).","[""GLOBAL_I1"", ""GLOBAL_I2""]",[]
30488224,1,30488224_analysis_1,Neutral Films (Zygomaticus - Corrugator),,96,3,MNI,"[[-22.0, -32.0, -32.0], [-70.0, -12.0, 14.0], [-54.0, 2.0, -24.0]]",0,False,,The analysis is a whole-brain VBM voxel-wise correlation including bvFTD patients (GLOBAL_I1 and GLOBAL_I2 met) but it does NOT perform a direct comparison of the bvFTD group versus healthy controls (GLOBAL_I3 is not met). Therefore it fails the global inclusion criteria.,"[""GLOBAL_I1"", ""GLOBAL_I2"", ""DEMENTIA_ALL_I1""]",[],False,,"Although the modality is VBM (DEMENTIA_DECREASING_ACTIVITY_I2 met), this analysis does not report decreases for the bvFTD group (DEMENTIA_DECREASING_ACTIVITY_I1 not met) and also does not include a bvFTD vs control comparison (GLOBAL_I3 missing).","[""GLOBAL_I1"", ""GLOBAL_I2"", ""DEMENTIA_DECREASING_ACTIVITY_I2""]",[],False,,"Modality is VBM so STRUCTURAL_I1 is met and GLOBAL_I1/GLOBAL_I2 are met, but the analysis does not include a direct bvFTD versus control comparison (GLOBAL_I3 missing), so it fails the global criteria.","[""GLOBAL_I1"", ""GLOBAL_I2"", ""STRUCTURAL_I1""]",[],False,,"This analysis uses VBM (structural), not a functional modality (FUNCTIONAL_I1 not met). In addition, it does not perform a bvFTD vs control comparison (GLOBAL_I3 missing).","[""GLOBAL_I1"", ""GLOBAL_I2""]",[]
30488224,2,30488224_analysis_2,Negative Films (Corrugator - Zygomaticus),,96,3,MNI,"[[-38.0, 32.0, 42.0], [-28.0, -14.0, -48.0], [-12.0, 12.0, -18.0]]",0,False,,The analysis is a whole-brain VBM voxel-wise correlation including bvFTD patients (GLOBAL_I1 and GLOBAL_I2 met) but it does NOT perform a direct comparison of the bvFTD group versus healthy controls (GLOBAL_I3 is not met). Therefore it fails the global inclusion criteria.,"[""GLOBAL_I1"", ""GLOBAL_I2"", ""DEMENTIA_ALL_I1""]",[],False,,"Although the modality is VBM (DEMENTIA_DECREASING_ACTIVITY_I2 met), this analysis does not report decreases for the bvFTD group (DEMENTIA_DECREASING_ACTIVITY_I1 not met) and also does not include a bvFTD vs control comparison (GLOBAL_I3 missing).","[""GLOBAL_I1"", ""GLOBAL_I2"", ""DEMENTIA_DECREASING_ACTIVITY_I2""]",[],False,,"Modality is VBM so STRUCTURAL_I1 is met and GLOBAL_I1/GLOBAL_I2 are met, but the analysis does not include a direct bvFTD versus control comparison (GLOBAL_I3 missing), so it fails the global criteria.","[""GLOBAL_I1"", ""GLOBAL_I2"", ""STRUCTURAL_I1""]",[],False,,"This analysis uses VBM (structural), not a functional modality (FUNCTIONAL_I1 not met). In addition, it does not perform a bvFTD vs control comparison (GLOBAL_I3 missing).","[""GLOBAL_I1"", ""GLOBAL_I2""]",[]
30488224,3,30488224_analysis_3,Positive Films (SCL Positive - SCL Neutral),,97,1,MNI,"[[-52.0, 14.0, -24.0]]",0,False,,The analysis is a whole-brain VBM voxel-wise correlation including bvFTD patients (GLOBAL_I1 and GLOBAL_I2 met) but it does NOT perform a direct comparison of the bvFTD group versus healthy controls (GLOBAL_I3 is not met). Therefore it fails the global inclusion criteria.,"[""GLOBAL_I1"", ""GLOBAL_I2"", ""DEMENTIA_ALL_I1""]",[],False,,"Although the modality is VBM (DEMENTIA_DECREASING_ACTIVITY_I2 met), this analysis does not report decreases for the bvFTD group (DEMENTIA_DECREASING_ACTIVITY_I1 not met) and also does not include a bvFTD vs control comparison (GLOBAL_I3 missing).","[""GLOBAL_I1"", ""GLOBAL_I2"", ""DEMENTIA_DECREASING_ACTIVITY_I2""]",[],False,,"Modality is VBM so STRUCTURAL_I1 is met and GLOBAL_I1/GLOBAL_I2 are met, but the analysis does not include a direct bvFTD versus control comparison (GLOBAL_I3 missing), so it fails the global criteria.","[""GLOBAL_I1"", ""GLOBAL_I2"", ""STRUCTURAL_I1""]",[],False,,"This analysis uses VBM (structural), not a functional modality (FUNCTIONAL_I1 not met). In addition, it does not perform a bvFTD vs control comparison (GLOBAL_I3 missing).","[""GLOBAL_I1"", ""GLOBAL_I2""]",[]
30488224,4,30488224_analysis_4,Negative Films (SCL Negative - SCL Neutral),,97,3,MNI,"[[-20.0, -12.0, 22.0], [-18.0, 0.0, -12.0], [24.0, 26.0, 48.0]]",0,False,,The analysis is a whole-brain VBM voxel-wise correlation including bvFTD patients (GLOBAL_I1 and GLOBAL_I2 met) but it does NOT perform a direct comparison of the bvFTD group versus healthy controls (GLOBAL_I3 is not met). Therefore it fails the global inclusion criteria.,"[""GLOBAL_I1"", ""GLOBAL_I2"", ""DEMENTIA_ALL_I1""]",[],False,,"Although the modality is VBM (DEMENTIA_DECREASING_ACTIVITY_I2 met), this analysis does not report decreases for the bvFTD group (DEMENTIA_DECREASING_ACTIVITY_I1 not met) and also does not include a bvFTD vs control comparison (GLOBAL_I3 missing).","[""GLOBAL_I1"", ""GLOBAL_I2"", ""DEMENTIA_DECREASING_ACTIVITY_I2""]",[],False,,"Modality is VBM so STRUCTURAL_I1 is met and GLOBAL_I1/GLOBAL_I2 are met, but the analysis does not include a direct bvFTD versus control comparison (GLOBAL_I3 missing), so it fails the global criteria.","[""GLOBAL_I1"", ""GLOBAL_I2"", ""STRUCTURAL_I1""]",[],False,,"This analysis uses VBM (structural), not a functional modality (FUNCTIONAL_I1 not met). In addition, it does not perform a bvFTD vs control comparison (GLOBAL_I3 missing).","[""GLOBAL_I1"", ""GLOBAL_I2""]",[]
30545239,0,30545239_analysis_0,elderly BD patients<healthy controls,,93,2,None,"[[32.0, 29.0, 7.0], [-9.0, 13.0, -11.0]]",0,False,,Fails global inclusion: analysis does not include a bvFTD group (GLOBAL_I2) and does not compare bvFTD to healthy controls (GLOBAL_I3).,[],[],False,,Fails global inclusion: analysis does not include a bvFTD group (GLOBAL_I2) and thus cannot satisfy GLOBAL_I3 (comparison of bvFTD to healthy controls).,[],[],False,,Fails global inclusion: analysis does not include a bvFTD group (GLOBAL_I2); therefore GLOBAL_I3 is not met.,[],[],False,,Fails global inclusion: analysis does not include a bvFTD group (GLOBAL_I2) and does not compare bvFTD with healthy controls (GLOBAL_I3).,[],[]
30545239,1,30545239_analysis_1,elderly BD patients>healthy controls,,93,5,None,"[[32.0, -36.0, 15.0], [-21.0, -101.0, 15.0], [17.0, -104.0, 4.0], [23.0, -25.0, -1.0], [-30.0, -43.0, 16.0]]",0,False,,Fails global inclusion: analysis does not include a bvFTD group (GLOBAL_I2) and therefore GLOBAL_I3 (bvFTD vs controls) is not met.,[],[],False,,Fails global inclusion: analysis does not include bvFTD (GLOBAL_I2); missing required bvFTD vs control comparison (GLOBAL_I3).,[],[],False,,Fails global inclusion: bvFTD group is not part of this analysis (GLOBAL_I2); GLOBAL_I3 not satisfied.,[],[],False,,Fails global inclusion: analysis does not include bvFTD (GLOBAL_I2) and thus does not meet GLOBAL_I3.,[],[]
30545239,2,30545239_analysis_2,bvFTD patients<healthy controls,,93,18,None,"[[-13.0, 40.0, 39.0], [12.0, 15.0, 57.0], [37.0, 49.0, -13.0], [7.0, 38.0, 4.0], [-6.0, -39.0, 31.0], [-53.0, 8.0, -11.0], [39.0, 18.0, -25.0], [56.0, -2.0, -5.0], [-38.0, -48.0, 24.0], [-56.0, -18.0, -19.0], [33.0, -42.0, 31.0], [-7.0, -64.0, 52.0], [16.0, -46.0, 37.0], [-7.0, -74.0, 8.0], [-39.0, -25.0, -14.0], [-3.0, -36.0, -17.0], [36.0, -32.0, -25.0], [-10.0, -16.0, 4.0]]",0,True,,Whole-brain VBM analysis including clinically diagnosed bvFTD compared to healthy controls; modality (VBM) meets the DEMENTIA_ALL_I1 requirement.,"[""GLOBAL_I1"", ""GLOBAL_I2"", ""GLOBAL_I3"", ""DEMENTIA_ALL_I1""]",[],True,,"Analysis reports decreases in gray matter for bvFTD (bvFTD < HC) using whole-brain VBM, satisfying DEMENTIA_DECREASING_ACTIVITY_I1 and modality requirement DEMENTIA_DECREASING_ACTIVITY_I2.","[""GLOBAL_I1"", ""GLOBAL_I2"", ""GLOBAL_I3"", ""DEMENTIA_DECREASING_ACTIVITY_I1"", ""DEMENTIA_DECREASING_ACTIVITY_I2""]",[],True,,"This is a whole-brain VBM (voxel-based morphometry) analysis including bvFTD vs controls, meeting STRUCTURAL_I1.","[""GLOBAL_I1"", ""GLOBAL_I2"", ""GLOBAL_I3"", ""STRUCTURAL_I1""]",[],False,,Local functional criterion FUNCTIONAL_I1 requires fMRI or FDG-PET; this analysis is VBM (structural) and therefore does not meet FUNCTIONAL_I1.,[],[]
30545239,3,30545239_analysis_3,bvFTD patients<elderly BD patients,,93,9,None,"[[11.0, 8.0, 68.0], [27.0, 34.0, -21.0], [-59.0, 10.0, -12.0], [-13.0, -62.0, 14.0], [-24.0, -32.0, -3.0], [-40.0, -28.0, -15.0], [42.0, -49.0, -16.0], [15.0, -100.0, 15.0], [2.0, 10.0, 12.0]]",0,False,,"Although this is a whole-brain voxelwise analysis that includes bvFTD (GLOBAL_I1 and GLOBAL_I2 satisfied), it does not compare the bvFTD group to healthy controls (missing GLOBAL_I3: required bvFTD vs healthy control comparison).",[],[],False,,"Fails GLOBAL_I3: analysis compares bvFTD to elderly BD rather than to healthy controls, so the required bvFTD vs control comparison is not present.",[],[],False,,"Fails GLOBAL_I3: although modality is VBM, the analysis does not include a bvFTD vs healthy control comparison (required GLOBAL_I3).",[],[],False,,"Fails GLOBAL_I3: analysis does not compare bvFTD to healthy controls (comparison is bvFTD vs elderly BD), so global inclusion criteria are not fully met.",[],[]
30545239,4,30545239_analysis_4,elderly BD patients<bvFTD patients,,93,0,,[],0,False,,"Although bvFTD is included, the analysis does not compare bvFTD to healthy controls (missing GLOBAL_I3), so global inclusion criteria are not met.",[],[],False,,Fails GLOBAL_I3: this contrast compares elderly BD to bvFTD rather than bvFTD to healthy controls; required bvFTD vs control comparison is absent.,[],[],False,,Fails GLOBAL_I3: VBM modality is present but the required bvFTD vs healthy control comparison is not part of this analysis.,[],[],False,,"Fails GLOBAL_I3: analysis does not include bvFTD vs healthy control comparison, so global inclusion criteria are incomplete.",[],[]
30545239,5,30545239_analysis_5,Elderly BD patients<healthy controls,,94,4,None,"[[44.0, -34.0, 11.0], [-8.0, -10.0, 2.0], [8.0, -21.0, 5.0], [26.0, -39.0, -42.0]]",0,False,,"Fails GLOBAL_I2: analysis does not include a bvFTD group (it compares elderly BD to healthy controls), therefore GLOBAL_I3 (bvFTD vs controls) is also not met.",[],[],False,,Fails GLOBAL_I2: bvFTD group is not part of this PET contrast (elderly BD vs controls); missing required bvFTD comparison (GLOBAL_I3).,[],[],False,,"Fails GLOBAL_I2: this is a PET metabolic analysis that does not include bvFTD, and GLOBAL_I3 is not satisfied.",[],[],False,,"Fails GLOBAL_I2: although this is a PET analysis (FUNCTIONAL_I1 modality-eligible), it does not include bvFTD and therefore does not meet GLOBAL_I3 (bvFTD vs controls).",[],[]
30545239,6,30545239_analysis_6,bvFTD patients<healthy controls,,94,4,None,"[[-38.0, 13.0, -16.0], [30.0, 11.0, -21.0], [-2.0, 7.0, 27.0], [-14.0, 8.0, 11.0]]",0,True,,Whole-brain FDG-PET analysis including clinically diagnosed bvFTD compared to healthy controls; modality (FDG-PET) meets DEMENTIA_ALL_I1.,"[""GLOBAL_I1"", ""GLOBAL_I2"", ""GLOBAL_I3"", ""DEMENTIA_ALL_I1""]",[],True,,"Analysis reports decreased metabolism for bvFTD (bvFTD < HC) using whole-brain FDG-PET, satisfying DEMENTIA_DECREASING_ACTIVITY_I1 and DEMENTIA_DECREASING_ACTIVITY_I2.","[""GLOBAL_I1"", ""GLOBAL_I2"", ""GLOBAL_I3"", ""DEMENTIA_DECREASING_ACTIVITY_I1"", ""DEMENTIA_DECREASING_ACTIVITY_I2""]",[],False,,"Fails STRUCTURAL_I1: this analysis uses FDG-PET (functional/metabolic), not voxel-based morphometry (VBM), so it does not meet the structural criterion.",[],[],True,,"This is a whole-brain FDG-PET analysis including bvFTD vs controls, meeting FUNCTIONAL_I1.","[""GLOBAL_I1"", ""GLOBAL_I2"", ""GLOBAL_I3"", ""FUNCTIONAL_I1""]",[]
30545239,7,30545239_analysis_7,bvFTD patients<elderly BD patients,,94,4,None,"[[-4.0, 42.0, -14.0], [-36.0, 17.0, -16.0], [-4.0, 7.0, 29.0], [-6.0, 19.0, -6.0]]",0,False,,"Analysis includes bvFTD and is voxelwise (GLOBAL_I1 and GLOBAL_I2 satisfied) but does not compare bvFTD to healthy controls (missing GLOBAL_I3), so it fails overall global inclusion.",[],[],False,,Fails GLOBAL_I3: contrast compares bvFTD to elderly BD rather than to healthy controls; required bvFTD vs control comparison is absent.,[],[],False,,"Fails GLOBAL_I3: even though modality may be PET, the analysis lacks the required bvFTD vs healthy control comparison.",[],[],False,,"Fails GLOBAL_I3: analysis does not include a bvFTD vs healthy control contrast, so global inclusion criteria are not met.",[],[]
30545239,8,30545239_analysis_8,Elderly BD patients<bvFTD patients,,94,3,None,"[[51.0, -6.0, 26.0], [-14.0, -56.0, -24.0], [24.0, -44.0, -21.0]]",0,False,,"Although bvFTD is present in the contrast, the analysis does not compare bvFTD to healthy controls (missing GLOBAL_I3), so global inclusion criteria fail.",[],[],False,,Fails GLOBAL_I3: this contrast compares elderly BD to bvFTD rather than bvFTD to healthy controls.,[],[],False,,Fails GLOBAL_I3: the analysis does not include a bvFTD vs healthy control comparison required by the global criteria.,[],[],False,,"Fails GLOBAL_I3: despite being a PET contrast, it lacks the required bvFTD versus healthy control comparison, so globals are not satisfied.",[],[]
31461580,0,31461580_analysis_0,Regions that covary with BMI increase,,acn350869-tbl-0003,6,MNI,"[[-10.0, 28.0, 48.0], [-44.0, -52.0, 24.0], [-48.0, 10.0, -20.0], [34.0, -36.0, 44.0], [10.0, 26.0, 66.0], [-66.0, -4.0, 20.0]]",0,True,,"Analysis is a whole-brain voxel-based morphometry (VBM) study including clinically diagnosed bvFTD patients and healthy controls, satisfying global and local inclusion criteria.","[""GLOBAL_I1"", ""GLOBAL_I2"", ""GLOBAL_I3"", ""DEMENTIA_ALL_I1""]",[],True,,"VBM analysis reports decreases in grey matter volume associated with measures in the bvFTD group (bvFTD < Control correlations), and uses VBM modality.","[""GLOBAL_I1"", ""GLOBAL_I2"", ""GLOBAL_I3"", ""DEMENTIA_DECREASING_ACTIVITY_I1"", ""DEMENTIA_DECREASING_ACTIVITY_I2""]",[],True,,"This is a VBM structural MRI analysis (voxel-based morphometry), meeting structural inclusion criteria.","[""GLOBAL_I1"", ""GLOBAL_I2"", ""GLOBAL_I3"", ""STRUCTURAL_I1""]",[],False,,"Modality is VBM (structural MRI), not fMRI or FDG-PET; FUNCTIONAL_I1 (fMRI or FDG-PET modality) is not met.","[""GLOBAL_I1"", ""GLOBAL_I2"", ""GLOBAL_I3""]",[]
31461580,1,31461580_analysis_1,Regions that covary with VAT increase,,acn350869-tbl-0003,23,MNI,"[[48.0, 16.0, -34.0], [-28.0, 24.0, -36.0], [10.0, 68.0, -10.0], [46.0, -52.0, -56.0], [-18.0, -84.0, 18.0], [24.0, -72.0, 16.0], [-30.0, -74.0, -60.0], [-2.0, 2.0, 46.0], [-46.0, -58.0, 4.0], [60.0, -12.0, 4.0], [52.0, -42.0, 48.0], [38.0, -2.0, 38.0], [14.0, -24.0, 48.0], [-18.0, -84.0, -2.0], [46.0, -46.0, -32.0], [-40.0, -8.0, 30.0], [-36.0, -10.0, -48.0], [40.0, -54.0, 24.0], [44.0, -60.0, 2.0], [24.0, -50.0, -64.0], [-46.0, 2.0, -44.0], [-14.0, -56.0, 34.0], [32.0, -8.0, -48.0]]",0,True,,"Analysis is a whole-brain voxel-based morphometry (VBM) study including clinically diagnosed bvFTD patients and healthy controls, satisfying global and local inclusion criteria.","[""GLOBAL_I1"", ""GLOBAL_I2"", ""GLOBAL_I3"", ""DEMENTIA_ALL_I1""]",[],True,,"VBM analysis reports decreases in grey matter volume associated with VAT/android measures in the bvFTD group, and uses VBM modality.","[""GLOBAL_I1"", ""GLOBAL_I2"", ""GLOBAL_I3"", ""DEMENTIA_DECREASING_ACTIVITY_I1"", ""DEMENTIA_DECREASING_ACTIVITY_I2""]",[],True,,"This is a VBM structural MRI analysis (voxel-based morphometry), meeting structural inclusion criteria.","[""GLOBAL_I1"", ""GLOBAL_I2"", ""GLOBAL_I3"", ""STRUCTURAL_I1""]",[],False,,"Modality is VBM (structural MRI), not fMRI or FDG-PET; FUNCTIONAL_I1 (fMRI or FDG-PET modality) is not met.","[""GLOBAL_I1"", ""GLOBAL_I2"", ""GLOBAL_I3""]",[]
31461580,2,31461580_analysis_2,Regions that covary with Android: Gynoid Ratio,,acn350869-tbl-0003,24,MNI,"[[10.0, 56.0, 24.0], [48.0, 10.0, -36.0], [-42.0, 12.0, 12.0], [-16.0, -72.0, 24.0], [52.0, -18.0, 12.0], [20.0, 52.0, -10.0], [-38.0, -70.0, -58.0], [18.0, -6.0, 54.0], [22.0, 18.0, 58.0], [-42.0, 12.0, -42.0], [24.0, -30.0, 18.0], [66.0, -46.0, 18.0], [-66.0, -24.0, 18.0], [-14.0, 28.0, -24.0], [-50.0, -50.0, -54.0], [42.0, 12.0, 34.0], [20.0, -72.0, -50.0], [20.0, -60.0, 32.0], [-14.0, -76.0, -30.0], [10.0, 56.0, -24.0], [36.0, -80.0, 44.0], [-62.0, -10.0, -32.0], [18.0, 12.0, -32.0], [-56.0, 30.0, 8.0]]",0,True,,"Analysis is a whole-brain voxel-based morphometry (VBM) study including clinically diagnosed bvFTD patients and healthy controls, satisfying global and local inclusion criteria.","[""GLOBAL_I1"", ""GLOBAL_I2"", ""GLOBAL_I3"", ""DEMENTIA_ALL_I1""]",[],True,,"VBM analysis reports decreases in grey matter volume associated with android:gynoid ratio in the bvFTD group, and uses VBM modality.","[""GLOBAL_I1"", ""GLOBAL_I2"", ""GLOBAL_I3"", ""DEMENTIA_DECREASING_ACTIVITY_I1"", ""DEMENTIA_DECREASING_ACTIVITY_I2""]",[],True,,"This is a VBM structural MRI analysis (voxel-based morphometry), meeting structural inclusion criteria.","[""GLOBAL_I1"", ""GLOBAL_I2"", ""GLOBAL_I3"", ""STRUCTURAL_I1""]",[],False,,"Modality is VBM (structural MRI), not fMRI or FDG-PET; FUNCTIONAL_I1 (fMRI or FDG-PET modality) is not met.","[""GLOBAL_I1"", ""GLOBAL_I2"", ""GLOBAL_I3""]",[]
31873787,0,31873787_analysis_0,"Emotional, executive, initiation (common regions)",,25,3,MNI,"[[-26.0, 16.0, -10.0], [-46.0, 14.0, 18.0], [16.0, 54.0, -14.0]]",0,False,,"Global inclusion criterion GLOBAL_I3 (analysis must compare bvFTD group to healthy controls) is not met: these VBM results report correlations across all participants irrespective of diagnosis rather than a bvFTD vs control comparison. Additionally, the analysis pools bvFTD with other patient groups (GLOBAL_E3).",[],"[""GLOBAL_E3""]",False,,Global inclusion criterion GLOBAL_I3 (bvFTD vs control comparison) is not met; the analysis reports voxelwise correlations across all diagnoses and thus pools bvFTD with other patient groups (GLOBAL_E3).,[],"[""GLOBAL_E3""]",False,,Global inclusion criterion GLOBAL_I3 (bvFTD vs control comparison) is not met; the VBM maps presented are across all participants irrespective of diagnosis and pool bvFTD with other patient groups (GLOBAL_E3).,[],"[""GLOBAL_E3""]",False,,Excluded because the analysis is structural VBM (not a functional modality) and global criterion GLOBAL_I3 (bvFTD vs control comparison) is not met; the maps are correlational across pooled patient groups (GLOBAL_E3).,[],"[""GLOBAL_E3""]"
31873787,1,31873787_analysis_1,Emotional (exclusive regions),,25,7,MNI,"[[38.0, -58.0, -60.0], [18.0, -36.0, 46.0], [-44.0, -70.0, -50.0], [42.0, -40.0, 16.0], [-44.0, 14.0, 14.0], [-30.0, -10.0, -18.0], [-50.0, -6.0, 0.0]]",0,False,,"Global inclusion criterion GLOBAL_I3 (analysis must compare bvFTD group to healthy controls) is not met: these VBM results report correlations across all participants irrespective of diagnosis rather than a bvFTD vs control comparison. Additionally, the analysis pools bvFTD with other patient groups (GLOBAL_E3).",[],"[""GLOBAL_E3""]",False,,Global inclusion criterion GLOBAL_I3 (bvFTD vs control comparison) is not met; the analysis reports voxelwise correlations across all diagnoses and thus pools bvFTD with other patient groups (GLOBAL_E3).,[],"[""GLOBAL_E3""]",False,,Global inclusion criterion GLOBAL_I3 (bvFTD vs control comparison) is not met; the VBM maps presented are across all participants irrespective of diagnosis and pool bvFTD with other patient groups (GLOBAL_E3).,[],"[""GLOBAL_E3""]",False,,Excluded because the analysis is structural VBM (not a functional modality) and global criterion GLOBAL_I3 (bvFTD vs control comparison) is not met; the maps are correlational across pooled patient groups (GLOBAL_E3).,[],"[""GLOBAL_E3""]"
31873787,2,31873787_analysis_2,Executive (exclusive regions),,25,8,MNI,"[[-20.0, 20.0, -26.0], [-48.0, 44.0, -20.0], [46.0, -58.0, 10.0], [46.0, 14.0, -28.0], [-42.0, 42.0, 16.0], [18.0, 38.0, -26.0], [-52.0, -50.0, 24.0], [46.0, 36.0, -20.0]]",0,False,,"Global inclusion criterion GLOBAL_I3 (analysis must compare bvFTD group to healthy controls) is not met: these VBM results report correlations across all participants irrespective of diagnosis rather than a bvFTD vs control comparison. Additionally, the analysis pools bvFTD with other patient groups (GLOBAL_E3).",[],"[""GLOBAL_E3""]",False,,Global inclusion criterion GLOBAL_I3 (bvFTD vs control comparison) is not met; the analysis reports voxelwise correlations across all diagnoses and thus pools bvFTD with other patient groups (GLOBAL_E3).,[],"[""GLOBAL_E3""]",False,,Global inclusion criterion GLOBAL_I3 (bvFTD vs control comparison) is not met; the VBM maps presented are across all participants irrespective of diagnosis and pool bvFTD with other patient groups (GLOBAL_E3).,[],"[""GLOBAL_E3""]",False,,Excluded because the analysis is structural VBM (not a functional modality) and global criterion GLOBAL_I3 (bvFTD vs control comparison) is not met; the maps are correlational across pooled patient groups (GLOBAL_E3).,[],"[""GLOBAL_E3""]"
31873787,3,31873787_analysis_3,Initiation (exclusive regions),,25,3,MNI,"[[2.0, 48.0, -22.0], [4.0, 36.0, -26.0], [-50.0, 36.0, -18.0]]",0,False,,"Global inclusion criterion GLOBAL_I3 (analysis must compare bvFTD group to healthy controls) is not met: these VBM results report correlations across all participants irrespective of diagnosis rather than a bvFTD vs control comparison. Additionally, the analysis pools bvFTD with other patient groups (GLOBAL_E3).",[],"[""GLOBAL_E3""]",False,,Global inclusion criterion GLOBAL_I3 (bvFTD vs control comparison) is not met; the analysis reports voxelwise correlations across all diagnoses and thus pools bvFTD with other patient groups (GLOBAL_E3).,[],"[""GLOBAL_E3""]",False,,Global inclusion criterion GLOBAL_I3 (bvFTD vs control comparison) is not met; the VBM maps presented are across all participants irrespective of diagnosis and pool bvFTD with other patient groups (GLOBAL_E3).,[],"[""GLOBAL_E3""]",False,,Excluded because the analysis is structural VBM (not a functional modality) and global criterion GLOBAL_I3 (bvFTD vs control comparison) is not met; the maps are correlational across pooled patient groups (GLOBAL_E3).,[],"[""GLOBAL_E3""]"
