{
  "search": {
    "counts": {
      "true_positives": 309,
      "false_negatives": 0,
      "false_positives": 175,
      "meta_total": 309,
      "retrieved_total": 484
    },
    "metrics": {
      "precision": 0.6384297520661157,
      "precision_ci_lower": 0.5946904046818628,
      "precision_ci_upper": 0.6799889174587666,
      "recall": 1.0,
      "recall_ci_lower": 0.9877203031821855,
      "recall_ci_upper": 1
    }
  },
  "abstract": {
    "counts": {
      "true_positives": 307,
      "false_negatives": 2,
      "false_positives": 67,
      "meta_in_search": 309,
      "meta_total": 309,
      "included_total": 374
    },
    "metrics": {
      "precision": 0.820855614973262,
      "precision_ci_lower": 0.7787894191144276,
      "precision_ci_upper": 0.8563973893259347,
      "recall_in_search": 0.9935275080906149,
      "recall_in_search_ci_lower": 0.9767110316336969,
      "recall_in_search_ci_upper": 0.9982232482063245,
      "recall_all_meta": 0.9935275080906149,
      "recall_all_meta_ci_lower": 0.9767110316336969,
      "recall_all_meta_ci_upper": 0.9982232482063245
    }
  },
  "fulltext": {
    "counts": {
      "true_positives": 305,
      "false_negatives": 3,
      "false_positives": 38,
      "additional_false_negatives": 1,
      "meta_in_search_available": 308,
      "meta_total": 309,
      "included_total": 343
    },
    "metrics": {
      "precision": 0.8892128279883382,
      "precision_ci_lower": 0.851589571037009,
      "precision_ci_upper": 0.9182142817880269,
      "recall_in_search": 0.9902597402597403,
      "recall_in_search_ci_lower": 0.97175831733924,
      "recall_in_search_ci_upper": 0.9966820703447637,
      "recall_all_meta": 0.9870550161812298,
      "recall_all_meta_ci_lower": 0.967193430994566,
      "recall_all_meta_ci_upper": 0.9949548255032912
    }
  },
  "fulltext_with_coords": {
    "counts": {
      "true_positives": 0,
      "false_negatives": 308,
      "false_positives": 0,
      "meta_in_search_available": 308,
      "meta_total": 309,
      "included_total": 0
    },
    "metrics": {
      "precision": 0,
      "precision_ci_lower": 0.0,
      "precision_ci_upper": 0.0,
      "recall_in_search": 0.0,
      "recall_in_search_ci_lower": 0,
      "recall_in_search_ci_upper": 0.012319074812340625,
      "recall_all_meta": 0.0,
      "recall_all_meta_ci_lower": 0,
      "recall_all_meta_ci_upper": 0.01227969681781451
    }
  }
}