{
  "search": {
    "counts": {
      "true_positives": 224,
      "false_negatives": 12,
      "false_positives": 799,
      "meta_total": 236,
      "retrieved_total": 1023
    },
    "metrics": {
      "recall": 0.9491525423728814,
      "recall_ci_lower": 0.9132393739475034,
      "recall_ci_upper": 0.9706773444199525,
      "precision": 0.21896383186705767,
      "precision_ci_lower": 0.1946988960846948,
      "precision_ci_upper": 0.2453315818390668
    }
  },
  "abstract": {
    "counts": {
      "true_positives": 223,
      "false_negatives": 1,
      "false_positives": 481,
      "meta_in_search": 224,
      "meta_total": 236,
      "included_total": 704
    },
    "metrics": {
      "recall_in_search": 0.9955357142857143,
      "recall_in_search_ci_lower": 0.9751496060262478,
      "recall_in_search_ci_upper": 0.9992115290781408,
      "recall_all_meta": 0.9449152542372882,
      "recall_all_meta_ci_lower": 0.9080485934142232,
      "recall_all_meta_ci_upper": 0.967529287987502,
      "precision": 0.31676136363636365,
      "precision_ci_lower": 0.28346934126212064,
      "precision_ci_upper": 0.3520423325360851
    }
  },
  "fulltext": {
    "counts": {
      "true_positives": 34,
      "false_negatives": 2,
      "additional_false_negatives": 1,
      "false_positives": 76,
      "meta_in_search_available": 36,
      "meta_total": 236,
      "included_total": 110
    },
    "metrics": {
      "recall_in_search": 0.9444444444444444,
      "recall_in_search_ci_lower": 0.8185502589238879,
      "recall_in_search_ci_upper": 0.9846303362329331,
      "recall_all_meta": 0.1440677966101695,
      "recall_all_meta_ci_lower": 0.10496233108011335,
      "recall_all_meta_ci_upper": 0.1945753637985065,
      "precision": 0.3090909090909091,
      "precision_ci_lower": 0.23039855434915504,
      "precision_ci_upper": 0.40066776938487547
    }
  }
}