{
  "search": {
    "counts": {
      "true_positives": 22,
      "false_negatives": 1,
      "false_positives": 322,
      "meta_total": 23,
      "retrieved_total": 344
    },
    "metrics": {
      "recall": 0.9565217391304348,
      "recall_ci_lower": 0.7900841350594088,
      "recall_ci_upper": 0.9922835330378734,
      "precision": 0.06395348837209303,
      "precision_ci_lower": 0.0426095376608908,
      "precision_ci_upper": 0.09492892812353522
    }
  },
  "abstract": {
    "counts": {
      "true_positives": 22,
      "false_negatives": 0,
      "false_positives": 136,
      "meta_in_search": 22,
      "meta_total": 23,
      "included_total": 158
    },
    "metrics": {
      "recall_in_search": 1.0,
      "recall_in_search_ci_lower": 0.8513404742740388,
      "recall_in_search_ci_upper": 1,
      "recall_all_meta": 0.9565217391304348,
      "recall_all_meta_ci_lower": 0.7900841350594088,
      "recall_all_meta_ci_upper": 0.9922835330378734,
      "precision": 0.13924050632911392,
      "precision_ci_lower": 0.09378299285618732,
      "precision_ci_upper": 0.20182456416252728
    }
  },
  "fulltext": {
    "counts": {
      "true_positives": 5,
      "false_negatives": 1,
      "additional_false_negatives": 1,
      "false_positives": 5,
      "meta_in_search_available": 6,
      "meta_total": 23,
      "included_total": 10
    },
    "metrics": {
      "recall_in_search": 0.8333333333333334,
      "recall_in_search_ci_lower": 0.43649056343635395,
      "recall_in_search_ci_upper": 0.9699474141282697,
      "recall_all_meta": 0.21739130434782608,
      "recall_all_meta_ci_lower": 0.09663835601719065,
      "recall_all_meta_ci_upper": 0.4190388018273492,
      "precision": 0.5,
      "precision_ci_lower": 0.23658959361548726,
      "precision_ci_upper": 0.7634104063845127
    }
  }
}