{
  "search": {
    "counts": {
      "true_positives": 22,
      "false_negatives": 1,
      "false_positives": 322,
      "meta_total": 23,
      "retrieved_total": 344
    },
    "metrics": {
      "recall": 0.9565217391304348,
      "recall_ci_lower": 0.7900841350594088,
      "recall_ci_upper": 0.9922835330378734,
      "precision": 0.06395348837209303,
      "precision_ci_lower": 0.0426095376608908,
      "precision_ci_upper": 0.09492892812353522
    }
  },
  "abstract": {
    "counts": {
      "true_positives": 22,
      "false_negatives": 0,
      "false_positives": 136,
      "meta_in_search": 22,
      "meta_total": 23,
      "included_total": 158
    },
    "metrics": {
      "recall_in_search": 1.0,
      "recall_in_search_ci_lower": 0.8513404742740388,
      "recall_in_search_ci_upper": 1,
      "recall_all_meta": 0.9565217391304348,
      "recall_all_meta_ci_lower": 0.7900841350594088,
      "recall_all_meta_ci_upper": 0.9922835330378734,
      "precision": 0.13924050632911392,
      "precision_ci_lower": 0.09378299285618732,
      "precision_ci_upper": 0.20182456416252728
    }
  },
  "fulltext": {
    "counts": {
      "true_positives": 16,
      "false_negatives": 3,
      "additional_false_negatives": 3,
      "false_positives": 8,
      "meta_in_search_available": 19,
      "meta_total": 23,
      "included_total": 24
    },
    "metrics": {
      "recall_in_search": 0.8421052631578947,
      "recall_in_search_ci_lower": 0.6243407235682331,
      "recall_in_search_ci_upper": 0.9447962896007217,
      "recall_all_meta": 0.6956521739130435,
      "recall_all_meta_ci_lower": 0.49133870939427393,
      "recall_all_meta_ci_upper": 0.8439617197902755,
      "precision": 0.6666666666666666,
      "precision_ci_lower": 0.4670595949408046,
      "precision_ci_upper": 0.8202802131162036
    }
  }
}