{
  "search": {
    "counts": {
      "true_positives": 230,
      "false_negatives": 0,
      "false_positives": 255,
      "meta_total": 230,
      "retrieved_total": 485
    },
    "metrics": {
      "precision": 0.4742268041237113,
      "precision_ci_lower": 0.43016349473324417,
      "precision_ci_upper": 0.518695194870914,
      "recall": 1.0,
      "recall_ci_lower": 0.9835717853452937,
      "recall_ci_upper": 1
    }
  },
  "abstract": {
    "counts": {
      "true_positives": 229,
      "false_negatives": 1,
      "false_positives": 144,
      "meta_in_search": 230,
      "meta_total": 230,
      "included_total": 373
    },
    "metrics": {
      "precision": 0.613941018766756,
      "precision_ci_lower": 0.5636108601710632,
      "precision_ci_upper": 0.6619481014722373,
      "recall_in_search": 0.9956521739130435,
      "recall_in_search_ci_lower": 0.9757868782595205,
      "recall_in_search_ci_upper": 0.9992321089523359,
      "recall_all_meta": 0.9956521739130435,
      "recall_all_meta_ci_lower": 0.9757868782595205,
      "recall_all_meta_ci_upper": 0.9992321089523359
    }
  },
  "fulltext": {
    "counts": {
      "true_positives": 223,
      "false_negatives": 6,
      "false_positives": 112,
      "additional_false_negatives": 5,
      "meta_in_search_available": 229,
      "meta_total": 230,
      "included_total": 335
    },
    "metrics": {
      "precision": 0.6656716417910448,
      "precision_ci_lower": 0.6135269509223252,
      "precision_ci_upper": 0.7140597444539213,
      "recall_in_search": 0.9737991266375546,
      "recall_in_search_ci_lower": 0.9440260882227658,
      "recall_in_search_ci_upper": 0.9879379594388205,
      "recall_all_meta": 0.9695652173913043,
      "recall_all_meta_ci_lower": 0.9385212963728774,
      "recall_all_meta_ci_upper": 0.9851809020383547
    }
  },
  "fulltext_with_coords": {
    "counts": {
      "true_positives": 0,
      "false_negatives": 229,
      "false_positives": 0,
      "meta_in_search_available": 229,
      "meta_total": 230,
      "included_total": 0
    },
    "metrics": {
      "precision": 0,
      "precision_ci_lower": 0.0,
      "precision_ci_upper": 0.0,
      "recall_in_search": 0.0,
      "recall_in_search_ci_lower": 0,
      "recall_in_search_ci_upper": 0.016498769979247693,
      "recall_all_meta": 0.0,
      "recall_all_meta_ci_lower": 0,
      "recall_all_meta_ci_upper": 0.01642821465470643
    }
  }
}