{
  "search": {
    "counts": {
      "true_positives": 364,
      "false_negatives": 1,
      "false_positives": 128,
      "meta_total": 365,
      "retrieved_total": 492
    },
    "metrics": {
      "precision": 0.7398373983739838,
      "precision_ci_lower": 0.6993178447428781,
      "precision_ci_upper": 0.7766406065044558,
      "recall": 0.9972602739726028,
      "recall_ci_lower": 0.9846460873645747,
      "recall_ci_upper": 0.9995162197070787
    }
  },
  "abstract": {
    "counts": {
      "true_positives": 344,
      "false_negatives": 20,
      "false_positives": 40,
      "meta_in_search": 364,
      "meta_total": 365,
      "included_total": 384
    },
    "metrics": {
      "precision": 0.8958333333333334,
      "precision_ci_lower": 0.8612584717978939,
      "precision_ci_upper": 0.9225666774382892,
      "recall_in_search": 0.945054945054945,
      "recall_in_search_ci_lower": 0.9166603686122696,
      "recall_in_search_ci_upper": 0.9641535469426865,
      "recall_all_meta": 0.9424657534246575,
      "recall_all_meta_ci_lower": 0.9136499405902418,
      "recall_all_meta_ci_upper": 0.9620647293385296
    }
  },
  "fulltext": {
    "counts": {
      "true_positives": 312,
      "false_negatives": 51,
      "false_positives": 24,
      "additional_false_negatives": 31,
      "meta_in_search_available": 363,
      "meta_total": 365,
      "included_total": 336
    },
    "metrics": {
      "precision": 0.9285714285714286,
      "precision_ci_lower": 0.8959197815383323,
      "precision_ci_upper": 0.951533855685598,
      "recall_in_search": 0.859504132231405,
      "recall_in_search_ci_lower": 0.8199797587470774,
      "recall_in_search_ci_upper": 0.8914989830313906,
      "recall_all_meta": 0.8547945205479452,
      "recall_all_meta_ci_lower": 0.8149548971798292,
      "recall_all_meta_ci_upper": 0.8872435533203314
    }
  },
  "fulltext_with_coords": {
    "counts": {
      "true_positives": 0,
      "false_negatives": 363,
      "false_positives": 0,
      "meta_in_search_available": 363,
      "meta_total": 365,
      "included_total": 0
    },
    "metrics": {
      "precision": 0,
      "precision_ci_lower": 0.0,
      "precision_ci_upper": 0.0,
      "recall_in_search": 0.0,
      "recall_in_search_ci_lower": 0,
      "recall_in_search_ci_upper": 0.010472094767878016,
      "recall_all_meta": 0.0,
      "recall_all_meta_ci_lower": 0,
      "recall_all_meta_ci_upper": 0.010415311071202379
    }
  }
}