{
  "search": {
    "counts": {
      "true_positives": 230,
      "false_negatives": 0,
      "false_positives": 262,
      "meta_total": 230,
      "retrieved_total": 492
    },
    "metrics": {
      "precision": 0.46747967479674796,
      "precision_ci_lower": 0.4238137674691755,
      "precision_ci_upper": 0.5116494933786436,
      "recall": 1.0,
      "recall_ci_lower": 0.9835717853452937,
      "recall_ci_upper": 1
    }
  },
  "abstract": {
    "counts": {
      "true_positives": 229,
      "false_negatives": 1,
      "false_positives": 154,
      "meta_in_search": 230,
      "meta_total": 230,
      "included_total": 383
    },
    "metrics": {
      "precision": 0.597911227154047,
      "precision_ci_lower": 0.5480675016077816,
      "precision_ci_upper": 0.6458103026407791,
      "recall_in_search": 0.9956521739130435,
      "recall_in_search_ci_lower": 0.9757868782595205,
      "recall_in_search_ci_upper": 0.9992321089523359,
      "recall_all_meta": 0.9956521739130435,
      "recall_all_meta_ci_lower": 0.9757868782595205,
      "recall_all_meta_ci_upper": 0.9992321089523359
    }
  },
  "fulltext": {
    "counts": {
      "true_positives": 218,
      "false_negatives": 3,
      "false_positives": 99,
      "additional_false_negatives": 2,
      "meta_in_search_available": 221,
      "meta_total": 230,
      "included_total": 317
    },
    "metrics": {
      "precision": 0.6876971608832808,
      "precision_ci_lower": 0.634689558622085,
      "precision_ci_upper": 0.7362099756029034,
      "recall_in_search": 0.9864253393665159,
      "recall_in_search_ci_lower": 0.9608558129412927,
      "recall_in_search_ci_upper": 0.9953729276476375,
      "recall_all_meta": 0.9478260869565217,
      "recall_all_meta_ci_lower": 0.9110322236493205,
      "recall_all_meta_ci_upper": 0.9699059840947251
    }
  },
  "fulltext_with_coords": {
    "counts": {
      "true_positives": 0,
      "false_negatives": 221,
      "false_positives": 0,
      "meta_in_search_available": 221,
      "meta_total": 230,
      "included_total": 0
    },
    "metrics": {
      "precision": 0,
      "precision_ci_lower": 0.0,
      "precision_ci_upper": 0.0,
      "recall_in_search": 0.0,
      "recall_in_search_ci_lower": 0,
      "recall_in_search_ci_upper": 0.01708580618533225,
      "recall_all_meta": 0.0,
      "recall_all_meta_ci_lower": 0,
      "recall_all_meta_ci_upper": 0.01642821465470643
    }
  }
}