pmid,projects,tier,year,route,p_tables,already_tried,next_action
24068551,dementia,excluded,2015,pmc,0.747,elsevier-skipped,manual: pmc via browser
24329034,dementia,excluded,2015,pmc,0.747,elsevier-skipped,manual: pmc via browser
24526181,cue_reactivity;decision_making;emotion_regulation_2022,excluded,2015,unknown,0.747,html-saved-no-tables,manual: re-save (current copy lacks tables)
24592963,dementia,excluded,2015,other,0.747,elsevier-skipped,manual: publisher html
24606031,dementia,excluded,2015,other,0.747,elsevier-skipped,manual: publisher html
24612094,vbm_of_substance_use,excluded,2015,other,0.747,nothing,manual: publisher html
24945709,cue_reactivity,excluded,2015,elsevier,0.747,elsevier-skipped,manual: publisher html
24984958,decision_making,excluded,2015,pmc,0.747,nothing,manual: pmc via browser
25140560,dementia,excluded,2015,unknown,0.747,elsevier-skipped;html-saved-no-tables,manual: re-save (current copy lacks tables)
25182743,dementia,excluded,2015,other,0.747,elsevier-skipped,manual: publisher html
25183555,cue_reactivity,excluded,2015,pmc,0.747,nothing,manual: pmc via browser
25223844,emotion_regulation_2022,excluded,2015,other,0.747,nothing,manual: publisher html
25261445,dementia,excluded,2015,other,0.747,elsevier-skipped,manual: publisher html
25298199,dementia,excluded,2015,other,0.747,elsevier-skipped,manual: publisher html
25323700,dementia,excluded,2015,other,0.747,elsevier-skipped,manual: publisher html
25352166,emotion_regulation_2022,excluded,2015,other,0.747,nothing,manual: publisher html
25362525,dementia,excluded,2015,other,0.747,elsevier-skipped,manual: publisher html
25373846,dementia,excluded,2015,unknown,0.747,elsevier-skipped;html-saved-no-tables,manual: re-save (current copy lacks tables)
25377694,dementia,excluded,2015,pmc,0.747,elsevier-skipped,manual: pmc via browser
25449529,dementia,excluded,2015,other,0.747,elsevier-success;text-only,manual: publisher html
25482157,dementia,excluded,2015,pmc,0.747,elsevier-skipped,manual: pmc via browser
25536905,dementia,excluded,2015,other,0.747,elsevier-skipped,manual: publisher html
25556214,cue_reactivity,excluded,2015,pmc,0.747,nothing,manual: pmc via browser
25572411,dementia,excluded,2015,other,0.747,elsevier-skipped,manual: publisher html
25618904,dementia,excluded,2016,other,0.747,elsevier-skipped,manual: publisher html
25629415,dementia,excluded,2015,pmc,0.747,elsevier-skipped,manual: pmc via browser
25632140,cue_reactivity,excluded,2015,pmc,0.747,nothing,manual: pmc via browser
25644499,cue_reactivity,excluded,2015,other,0.747,nothing,manual: publisher html
25646866,dementia,excluded,2015,other,0.747,elsevier-skipped,manual: publisher html
25651064,vbm_of_substance_use,excluded,2015,pmc,0.747,nothing,manual: pmc via browser
25654501,dementia,excluded,2015,other,0.747,elsevier-skipped,manual: publisher html
25655625,dementia,excluded,2015,other,0.747,elsevier-skipped,manual: publisher html
25661058,dementia,excluded,2015,other,0.747,elsevier-skipped,manual: publisher html
25664726,cue_reactivity,excluded,2015,pmc,0.747,nothing,manual: pmc via browser
25672482,vbm_of_substance_use,excluded,2015,pmc,0.747,nothing,manual: pmc via browser
25715271,emotion_regulation_2022,excluded,2015,elsevier,0.747,elsevier-success;text-only,manual: publisher html
25727497,cue_reactivity,excluded,2015,other,0.747,nothing,manual: publisher html
25733379,cue_reactivity,excluded,2015,pmc,0.747,nothing,manual: pmc via browser
25768099,cue_reactivity,excluded,2015,pmc,0.747,nothing,manual: pmc via browser
25769320,vbm_of_substance_use,excluded,2015,other,0.747,nothing,manual: publisher html
25812933,cue_reactivity,excluded,2015,elsevier,0.747,elsevier-success;text-only,manual: publisher html
25814469,vbm_of_substance_use,excluded,2015,other,0.747,nothing,manual: publisher html
25817631,dementia,excluded,2015,pmc,0.747,elsevier-skipped,manual: pmc via browser
25827959,emotion_regulation_2022,excluded,2015,unknown,0.747,elsevier-success;html-saved-no-tables,manual: re-save (current copy lacks tables)
25835426,dementia,excluded,2015,other,0.747,elsevier-skipped,manual: publisher html
25856740,emotion_regulation_2022,excluded,2015,other,0.747,nothing,manual: publisher html
25860658,emotion_regulation_2022,excluded,2015,other,0.747,nothing,manual: publisher html
25901203,vbm_of_substance_use,excluded,2015,pmc,0.747,nothing,manual: pmc via browser
25903500,emotion_regulation_2022,excluded,2015,other,0.747,nothing,manual: publisher html
25959039,emotion_regulation_2022,excluded,2015,other,0.747,nothing,manual: publisher html
25983400,emotion_regulation_2022,excluded,2015,unknown,0.747,html-saved-no-tables,manual: re-save (current copy lacks tables)
25987330,cue_reactivity,excluded,2015,other,0.747,nothing,manual: publisher html
25988463,dementia,excluded,2015,pmc,0.747,elsevier-skipped,manual: pmc via browser
25995480,cue_reactivity,excluded,2015,pmc,0.747,nothing,manual: pmc via browser
26022857,cue_reactivity,excluded,2015,other,0.747,nothing,manual: publisher html
26026289,cue_reactivity,excluded,2016,other,0.747,nothing,manual: publisher html
26028194,dementia,excluded,2015,other,0.747,elsevier-skipped,manual: publisher html
26055632,decision_making,excluded,2015,pmc,0.747,nothing,manual: pmc via browser
26063911,dementia,excluded,2015,pmc,0.747,elsevier-skipped,manual: pmc via browser
26078386,emotion_regulation_2022,excluded,2016,unknown,0.747,html-saved-no-tables,manual: re-save (current copy lacks tables)
26088967,vbm_of_substance_use,excluded,2016,pmc,0.747,nothing,manual: pmc via browser
26092521,dementia,excluded,2015,other,0.747,elsevier-skipped,manual: publisher html
26099619,cue_reactivity,excluded,2016,other,0.747,nothing,manual: publisher html
26200045,dementia,excluded,2015,other,0.747,elsevier-skipped,manual: publisher html
26228524,vbm_of_substance_use,excluded,2016,pmc,0.747,nothing,manual: pmc via browser
26275067,dementia,excluded,2016,other,0.747,elsevier-skipped,manual: publisher html
26284764,dementia,excluded,2016,unknown,0.747,elsevier-skipped;html-saved-no-tables,manual: re-save (current copy lacks tables)
26293889,cue_reactivity,excluded,2015,other,0.747,nothing,manual: publisher html
26299160,dementia,excluded,2016,elsevier,0.747,elsevier-success;text-only,manual: publisher html
26311395,vbm_of_substance_use,excluded,2016,other,0.747,nothing,manual: publisher html
26324898,dementia,excluded,2015,pmc,0.747,elsevier-skipped,manual: pmc via browser
26344059,dementia,excluded,2015,pmc,0.747,elsevier-skipped,manual: pmc via browser
26350468,cue_reactivity,excluded,2016,pmc,0.747,nothing,manual: pmc via browser
26354322,dementia,excluded,2016,other,0.747,elsevier-skipped,manual: publisher html
26354924,decision_making,excluded,2015,pmc,0.747,nothing,manual: pmc via browser
26362247,dementia,excluded,2017,other,0.747,elsevier-skipped,manual: publisher html
26399236,vbm_of_substance_use,excluded,2016,other,0.747,nothing,manual: publisher html
26401701,dementia,excluded,2015,other,0.747,elsevier-skipped,manual: publisher html
26402116,dementia,excluded,2015,other,0.747,elsevier-skipped,manual: publisher html
26404018,vbm_of_substance_use,excluded,2016,pmc,0.747,nothing,manual: pmc via browser
26452682,cue_reactivity,excluded,2016,other,0.747,nothing,manual: publisher html
26454815,cue_reactivity,excluded,2016,pmc,0.747,nothing,manual: pmc via browser
26478196,cue_reactivity,excluded,2015,other,0.747,nothing,manual: publisher html
26484929,dementia,excluded,2016,other,0.747,elsevier-skipped,manual: publisher html
26488590,decision_making,excluded,2016,other,0.747,nothing,manual: publisher html
26489979,cue_reactivity,excluded,2016,other,0.747,nothing,manual: publisher html
26530221,vbm_of_substance_use,excluded,2016,other,0.747,nothing,manual: publisher html
26530404,cue_reactivity,excluded,2015,pmc,0.747,nothing,manual: pmc via browser
26540113,dementia,excluded,2015,no-link,0.747,elsevier-skipped,manual: resolve doi first
26558708,cue_reactivity,excluded,2015,other,0.747,nothing,manual: publisher html
26560730,dementia,excluded,2016,unknown,0.747,elsevier-skipped;html-saved-no-tables,manual: re-save (current copy lacks tables)
26585056,dementia,excluded,2016,other,0.747,elsevier-skipped,manual: publisher html
26590270,dementia,excluded,2016,other,0.747,elsevier-skipped,manual: publisher html
26599058,dementia,excluded,2016,other,0.747,elsevier-skipped,manual: publisher html
26617288,dementia,excluded,2016,other,0.747,elsevier-skipped,manual: publisher html
26620033,dementia,excluded,2015,no-link,0.747,elsevier-skipped,manual: resolve doi first
26631894,dementia,excluded,2015,other,0.747,elsevier-skipped,manual: publisher html
26635213,dementia,excluded,2016,other,0.747,elsevier-skipped,manual: publisher html
26645189,dementia,excluded,2016,other,0.747,elsevier-skipped,manual: publisher html
26646994,dementia,excluded,2016,other,0.747,elsevier-skipped,manual: publisher html
26679216,dementia,excluded,2016,pmc,0.747,elsevier-skipped,manual: pmc via browser
26712857,vbm_of_substance_use,excluded,2016,pmc,0.747,nothing,manual: pmc via browser
26722848,decision_making,excluded,2016,other,0.747,nothing,manual: publisher html
26724781,cue_reactivity,excluded,2016,elsevier,0.747,elsevier-success;text-only,manual: publisher html
26726932,dementia,excluded,2016,other,0.747,elsevier-skipped,manual: publisher html
26732626,cue_reactivity,excluded,2017,pmc,0.747,nothing,manual: pmc via browser
26755768,emotion_regulation_2022,excluded,2016,unknown,0.747,html-saved-no-tables,manual: re-save (current copy lacks tables)
26757195,dementia,excluded,2016,other,0.747,elsevier-skipped,manual: publisher html
26769912,cue_reactivity,excluded,2016,other,0.747,nothing,manual: publisher html
26810719,dementia,excluded,2016,other,0.747,elsevier-skipped,manual: publisher html
26811253,dementia,excluded,2016,other,0.747,elsevier-skipped,manual: publisher html
26853805,vbm_of_substance_use,excluded,2016,other,0.747,nothing,manual: publisher html
26859219,dementia,excluded,2016,other,0.747,elsevier-skipped,manual: publisher html
26872344,emotion_regulation_2022,excluded,2016,elsevier,0.747,elsevier-success;text-only,manual: publisher html
26879253,cue_reactivity,excluded,2016,elsevier,0.747,elsevier-failed,manual: publisher html
26886102,emotion_regulation_2022,excluded,2016,other,0.747,nothing,manual: publisher html
26889898,emotion_regulation_2022,excluded,2016,other,0.747,nothing,manual: publisher html
26890769,dementia,excluded,2016,other,0.747,elsevier-skipped,manual: publisher html
26901360,dementia,excluded,2016,other,0.747,elsevier-skipped,manual: publisher html
26920674,dementia,excluded,2016,pmc,0.747,elsevier-skipped,manual: pmc via browser
26939636,dementia,excluded,2016,pmc,0.747,elsevier-skipped,manual: pmc via browser
26972054,dementia,excluded,2016,other,0.747,elsevier-skipped,manual: publisher html
26978060,dementia,excluded,2015,other,0.747,elsevier-skipped,manual: publisher html
27001827,cue_reactivity,excluded,2016,pmc,0.747,nothing,manual: pmc via browser
27003218,dementia,excluded,2016,pmc,0.747,elsevier-skipped,manual: pmc via browser
27021778,dementia,excluded,2016,elsevier,0.747,elsevier-success;text-only,manual: publisher html
27029053,dementia,excluded,2016,pmc,0.747,elsevier-skipped,manual: pmc via browser
27053210,vbm_of_substance_use,excluded,2016,pmc,0.747,nothing,manual: pmc via browser
27072014,dementia,excluded,2016,other,0.747,elsevier-skipped,manual: publisher html
27075439,emotion_regulation_2022,excluded,2016,unknown,0.747,html-saved-no-tables,manual: re-save (current copy lacks tables)
27104903,dementia,excluded,2016,other,0.747,elsevier-skipped,manual: publisher html
27194245,dementia,excluded,2016,other,0.747,elsevier-skipped,manual: publisher html
27200505,emotion_regulation_2022,excluded,2016,other,0.747,nothing,manual: publisher html
27207511,cue_reactivity,excluded,2016,other,0.747,nothing,manual: publisher html
27208859,emotion_regulation_2022,excluded,2016,elsevier,0.747,elsevier-success;text-only,manual: publisher html
27224435,dementia,excluded,2016,other,0.747,elsevier-skipped,manual: publisher html
27273474,decision_making,excluded,2016,pmc,0.747,nothing,manual: pmc via browser
27314528,dementia,excluded,2016,other,0.747,elsevier-skipped,manual: publisher html
27334648,dementia,excluded,2016,elsevier,0.747,elsevier-success;text-only,manual: publisher html
27351671,emotion_regulation_2022,excluded,2016,other,0.747,nothing,manual: publisher html
27356737,dementia,excluded,2016,other,0.747,elsevier-skipped,manual: publisher html
27384542,cue_reactivity,excluded,2016,pmc,0.747,nothing,manual: pmc via browser
27435367,dementia,excluded,2016,other,0.747,elsevier-skipped,manual: publisher html
27439681,dementia,excluded,2016,no-link,0.747,elsevier-skipped,manual: resolve doi first
27445213,decision_making,excluded,2016,pmc,0.747,nothing,manual: pmc via browser
27447790,emotion_regulation_2022,excluded,2016,other,0.747,nothing,manual: publisher html
27463684,dementia,excluded,2016,other,0.747,elsevier-skipped,manual: publisher html
27464638,cue_reactivity,excluded,2017,pmc,0.747,nothing,manual: pmc via browser
27489094,dementia,excluded,2016,other,0.747,elsevier-skipped,manual: publisher html
27489336,cue_reactivity,excluded,2016,pmc,0.747,nothing,manual: pmc via browser
27497488,dementia,excluded,2016,pmc,0.747,elsevier-skipped,manual: pmc via browser
27502125,dementia,excluded,2016,other,0.747,elsevier-skipped,manual: publisher html
27503449,cue_reactivity,excluded,2016,elsevier,0.747,elsevier-success;text-only,manual: publisher html
27567843,dementia,excluded,2016,other,0.747,elsevier-skipped,manual: publisher html
27570907,dementia,excluded,2016,other,0.747,elsevier-skipped,manual: publisher html
27570951,emotion_regulation_2022,excluded,2016,other,0.747,nothing,manual: publisher html
27611586,emotion_regulation_2022,excluded,2016,other,0.747,nothing,manual: publisher html
27624723,dementia,excluded,2017,other,0.747,elsevier-skipped,manual: publisher html
27636847,dementia,excluded,2017,pmc,0.747,elsevier-skipped,manual: pmc via browser
27641922,cue_reactivity,excluded,2016,other,0.747,nothing,manual: publisher html
27654968,dementia,excluded,2016,pmc,0.747,elsevier-skipped,manual: pmc via browser
27662439,cue_reactivity,excluded,2016,pmc,0.747,nothing,manual: pmc via browser
27663021,cue_reactivity;decision_making,excluded,2017,pmc,0.747,nothing,manual: pmc via browser
27677318,dementia,excluded,2018,no-link,0.747,elsevier-skipped,manual: resolve doi first
27683898,decision_making,excluded,2016,pmc,0.747,nothing,manual: pmc via browser
27687251,dementia,excluded,2017,other,0.747,elsevier-skipped,manual: publisher html
27714552,dementia,excluded,2017,pmc,0.747,elsevier-skipped,manual: pmc via browser
27725214,emotion_regulation_2022,excluded,2016,unknown,0.747,elsevier-success;html-saved-no-tables,manual: re-save (current copy lacks tables)
27738991,vbm_of_substance_use,excluded,2017,other,0.747,nothing,manual: publisher html
27739397,vbm_of_substance_use,excluded,2016,pmc,0.747,nothing,manual: pmc via browser
27743250,dementia,excluded,2016,other,0.747,elsevier-skipped,manual: publisher html
27792009,dementia,excluded,2017,other,0.747,elsevier-skipped,manual: publisher html
27802239,dementia,excluded,2017,other,0.747,elsevier-skipped,manual: publisher html
27802240,dementia,excluded,2017,other,0.747,elsevier-skipped,manual: publisher html
27808568,vbm_of_substance_use,excluded,2017,other,0.747,nothing,manual: publisher html
27822488,emotion_regulation_2022,excluded,2016,unknown,0.747,html-saved-no-tables,manual: re-save (current copy lacks tables)
27829310,vbm_of_substance_use,excluded,2017,no-link,0.747,nothing,manual: resolve doi first
27830632,vbm_of_substance_use,excluded,2017,other,0.747,nothing,manual: publisher html
27848119,dementia,excluded,2017,other,0.747,elsevier-skipped,manual: publisher html
27856361,vbm_of_substance_use,excluded,2016,elsevier,0.747,elsevier-skipped,manual: publisher html
27866269,cue_reactivity,excluded,2017,other,0.747,nothing,manual: publisher html
27869301,vbm_of_substance_use,excluded,2017,pmc,0.747,nothing,manual: pmc via browser
27883214,vbm_of_substance_use,excluded,2017,pmc,0.747,nothing,manual: pmc via browser
27893013,emotion_regulation_2022,excluded,2017,other,0.747,nothing,manual: publisher html
27903310,cue_reactivity,excluded,2017,other,0.747,nothing,manual: publisher html
27915581,dementia,excluded,2017,other,0.747,elsevier-skipped,manual: publisher html
27917536,vbm_of_substance_use,excluded,2017,other,0.747,nothing,manual: publisher html
27928380,dementia,excluded,2016,pmc,0.747,elsevier-skipped,manual: pmc via browser
27933416,dementia,excluded,2017,other,0.747,elsevier-skipped,manual: publisher html
27981671,dementia,excluded,2017,pmc,0.747,elsevier-skipped,manual: pmc via browser
27983552,dementia,excluded,2017,other,0.747,elsevier-skipped,manual: publisher html
27991185,emotion_regulation_2022,excluded,2017,other,0.747,nothing,manual: publisher html
27997711,dementia,excluded,2018,pmc,0.747,elsevier-skipped,manual: pmc via browser
27997993,dementia,excluded,2017,pmc,0.747,elsevier-skipped,manual: pmc via browser
27998326,vbm_of_substance_use,excluded,2017,pmc,0.747,nothing,manual: pmc via browser
28056655,decision_making,excluded,2017,other,0.747,nothing,manual: publisher html
28059556,cue_reactivity,excluded,2017,other,0.747,nothing,manual: publisher html
28070928,cue_reactivity,excluded,2017,pmc,0.747,nothing,manual: pmc via browser
28072380,dementia,excluded,2016,pmc,0.747,elsevier-skipped,manual: pmc via browser
28087578,dementia,excluded,2017,pmc,0.747,elsevier-skipped,manual: pmc via browser
28092323,cue_reactivity,excluded,2017,other,0.747,nothing,manual: publisher html
28103749,dementia,excluded,2017,other,0.747,elsevier-skipped,manual: publisher html
28106934,vbm_of_substance_use,excluded,2017,other,0.747,nothing,manual: publisher html
28130745,cue_reactivity;emotion_regulation_2022,excluded,2018,other,0.747,nothing,manual: publisher html
28146248,cue_reactivity,excluded,2017,other,0.747,nothing,manual: publisher html
28159906,cue_reactivity,excluded,2017,pmc,0.747,nothing,manual: pmc via browser
28177183,emotion_regulation_2022,excluded,2017,other,0.747,nothing,manual: publisher html
28232170,emotion_regulation_2022,excluded,2017,elsevier,0.747,elsevier-success;text-only,manual: publisher html
28235777,dementia,excluded,2017,pmc,0.747,elsevier-skipped,manual: pmc via browser
28238701,emotion_regulation_2022,excluded,2017,elsevier,0.747,elsevier-failed,manual: publisher html
28244174,dementia,excluded,2017,other,0.747,elsevier-skipped,manual: publisher html
28259856,dementia,excluded,2017,other,0.747,elsevier-skipped,manual: publisher html
28264983,emotion_regulation_2022,excluded,2017,unknown,0.747,html-saved-no-tables,manual: re-save (current copy lacks tables)
28268100,dementia,excluded,2017,elsevier,0.747,elsevier-success;text-only,manual: publisher html
28304293,dementia,excluded,2017,other,0.747,elsevier-skipped,manual: publisher html
28304299,dementia,excluded,2017,other,0.747,elsevier-skipped,manual: publisher html
28320224,vbm_of_substance_use,excluded,2017,pmc,0.747,nothing,manual: pmc via browser
28320226,cue_reactivity,excluded,2017,pmc,0.747,nothing,manual: pmc via browser
28333776,dementia,excluded,2017,other,0.747,elsevier-skipped,manual: publisher html
28334915,vbm_of_substance_use,excluded,2017,pmc,0.747,nothing,manual: pmc via browser
28347360,emotion_regulation_2022,excluded,2016,other,0.747,nothing,manual: publisher html
28371180,cue_reactivity,excluded,2017,pmc,0.747,nothing,manual: pmc via browser
28401835,emotion_regulation_2022,excluded,2017,other,0.747,nothing,manual: publisher html
28412510,emotion_regulation_2022,excluded,2018,elsevier,0.747,elsevier-success;text-only,manual: publisher html
28424392,dementia,excluded,2017,other,0.747,elsevier-skipped,manual: publisher html
28425061,dementia,excluded,2018,other,0.747,elsevier-skipped,manual: publisher html
28452647,dementia,excluded,2018,other,0.747,elsevier-skipped,manual: publisher html
28476213,emotion_regulation_2022,excluded,2017,unknown,0.747,elsevier-success;html-saved-no-tables,manual: re-save (current copy lacks tables)
28478685,emotion_regulation_2022,excluded,2017,other,0.747,nothing,manual: publisher html
28480617,dementia,excluded,2018,pmc,0.747,elsevier-skipped,manual: pmc via browser
28501822,dementia,excluded,2017,other,0.747,elsevier-skipped,manual: publisher html
28523532,dementia,excluded,2017,pmc,0.747,elsevier-skipped,manual: pmc via browser
28534652,dementia,excluded,2017,other,0.747,elsevier-skipped,manual: publisher html
28559417,dementia,excluded,2017,pmc,0.747,elsevier-skipped,manual: pmc via browser
28570101,dementia,excluded,2017,pmc,0.747,elsevier-skipped,manual: pmc via browser
28576172,dementia,excluded,2017,elsevier,0.747,elsevier-failed,manual: publisher html
28613974,emotion_regulation_2022,excluded,2017,unknown,0.747,html-saved-no-tables,manual: re-save (current copy lacks tables)
28621768,dementia,excluded,2017,other,0.747,elsevier-skipped,manual: publisher html
28630377,dementia,excluded,2017,pmc,0.747,elsevier-skipped,manual: pmc via browser
28637289,decision_making,excluded,2018,pmc,0.747,nothing,manual: pmc via browser
28644924,emotion_regulation_2022,excluded,2017,other,0.747,nothing,manual: publisher html
28656347,vbm_of_substance_use,excluded,2018,pmc,0.747,nothing,manual: pmc via browser
28671125,dementia,excluded,2017,other,0.747,elsevier-skipped,manual: publisher html
28701109,emotion_regulation_2022,excluded,2018,no-link,0.747,nothing,manual: resolve doi first
28731453,dementia,excluded,2017,other,0.747,elsevier-skipped,manual: publisher html
28738334,dementia,excluded,2017,other,0.747,elsevier-skipped,manual: publisher html
28739995,dementia,excluded,2017,other,0.747,elsevier-skipped,manual: publisher html
28750498,dementia,excluded,2017,other,0.747,elsevier-skipped,manual: publisher html
28779478,cue_reactivity,excluded,2018,pmc,0.747,nothing,manual: pmc via browser
28785992,dementia,excluded,2017,pmc,0.747,elsevier-skipped,manual: pmc via browser
28787730,dementia,excluded,2017,other,0.747,elsevier-skipped,manual: publisher html
28803444,dementia,excluded,2018,pmc,0.747,elsevier-skipped,manual: pmc via browser
28809668,decision_making,excluded,2018,other,0.747,nothing,manual: publisher html
28825953,emotion_regulation_2022,excluded,2018,other,0.747,nothing,manual: publisher html
28838910,dementia,excluded,2017,pmc,0.747,elsevier-skipped,manual: pmc via browser
28855404,dementia,excluded,2017,other,0.747,elsevier-skipped,manual: publisher html
28866781,emotion_regulation_2022,excluded,2018,other,0.747,nothing,manual: publisher html
28869463,dementia,excluded,2017,pmc,0.747,elsevier-skipped,manual: pmc via browser
28872040,dementia,excluded,2017,other,0.747,elsevier-skipped,manual: publisher html
28899785,emotion_regulation_2022,excluded,2019,elsevier,0.747,elsevier-success;text-only,manual: publisher html
28901577,emotion_regulation_2022,excluded,2017,other,0.747,nothing,manual: publisher html
28905640,emotion_regulation_2022,excluded,2018,other,0.747,nothing,manual: publisher html
28916463,cue_reactivity,excluded,2018,other,0.747,nothing,manual: publisher html
28944718,cue_reactivity,excluded,2017,pmc,0.747,nothing,manual: pmc via browser
28960637,vbm_of_substance_use,excluded,2018,pmc,0.747,nothing,manual: pmc via browser
28975416,emotion_regulation_2022,excluded,2017,other,0.747,nothing,manual: publisher html
28984590,dementia,excluded,2017,other,0.747,elsevier-skipped,manual: publisher html
28985936,dementia,excluded,2017,elsevier,0.747,elsevier-failed,manual: publisher html
28988390,dementia,excluded,2017,other,0.747,elsevier-skipped,manual: publisher html
28992395,emotion_regulation_2022,excluded,2017,other,0.747,nothing,manual: publisher html
29019036,emotion_regulation_2022,excluded,2018,other,0.747,nothing,manual: publisher html
29054435,emotion_regulation_2022,excluded,2018,elsevier,0.747,elsevier-success;text-only,manual: publisher html
29054917,dementia,excluded,2018,pmc,0.747,elsevier-skipped,manual: pmc via browser
29057579,vbm_of_substance_use,excluded,2019,other,0.747,nothing,manual: publisher html
29058357,decision_making,excluded,2018,pmc,0.747,nothing,manual: pmc via browser
29086152,dementia,excluded,2018,unknown,0.747,elsevier-skipped;html-saved-no-tables,manual: re-save (current copy lacks tables)
29103041,dementia,excluded,2018,other,0.747,elsevier-skipped,manual: publisher html
29105114,vbm_of_substance_use,excluded,2018,pmc,0.747,nothing,manual: pmc via browser
29105977,dementia,excluded,2018,pmc,0.747,elsevier-skipped,manual: pmc via browser
29124352,decision_making,excluded,2018,other,0.747,nothing,manual: publisher html
29130061,emotion_regulation_2022,excluded,2017,unknown,0.747,html-saved-no-tables,manual: re-save (current copy lacks tables)
29134465,dementia,excluded,2017,other,0.747,elsevier-skipped,manual: publisher html
29143870,dementia,excluded,2018,other,0.747,elsevier-skipped,manual: publisher html
29166323,emotion_regulation_2022,excluded,2018,other,0.747,nothing,manual: publisher html
29182198,dementia,excluded,2017,other,0.747,elsevier-skipped,manual: publisher html
29186371,dementia,excluded,2017,pmc,0.747,elsevier-skipped,manual: pmc via browser
29197086,cue_reactivity,excluded,2018,pmc,0.747,nothing,manual: pmc via browser
29197216,dementia,excluded,2018,pmc,0.747,elsevier-skipped,manual: pmc via browser
29206491,dementia,excluded,2017,other,0.747,elsevier-skipped,manual: publisher html
29214483,emotion_regulation_2022,excluded,2018,other,0.747,nothing,manual: publisher html
29226866,dementia,excluded,2018,other,0.747,elsevier-skipped,manual: publisher html
29251844,vbm_of_substance_use,excluded,2017,pmc,0.747,nothing,manual: pmc via browser
29256051,dementia,excluded,2018,other,0.747,elsevier-skipped,manual: publisher html
29265081,dementia,excluded,2017,other,0.747,elsevier-skipped,manual: publisher html
29284291,dementia,excluded,2018,other,0.747,elsevier-skipped,manual: publisher html
29289335,dementia,excluded,2018,elsevier,0.747,elsevier-success;text-only,manual: publisher html
29309493,dementia,excluded,2018,pmc,0.747,elsevier-skipped,manual: pmc via browser
29340793,vbm_of_substance_use,excluded,2018,other,0.747,nothing,manual: publisher html
29355105,decision_making,excluded,2017,other,0.747,nothing,manual: publisher html
29355451,dementia,excluded,2018,other,0.747,elsevier-skipped,manual: publisher html
29365284,cue_reactivity,excluded,2018,pmc,0.747,nothing,manual: pmc via browser
29391909,dementia,excluded,2018,pmc,0.747,elsevier-skipped,manual: pmc via browser
29427182,cue_reactivity,excluded,2018,pmc,0.747,nothing,manual: pmc via browser
29440536,vbm_of_substance_use,excluded,2018,pmc,0.747,nothing,manual: pmc via browser
29453242,dementia,excluded,2018,other,0.747,elsevier-skipped,manual: publisher html
29460357,decision_making,excluded,2018,pmc,0.747,nothing,manual: pmc via browser
29480174,dementia,excluded,2018,other,0.747,elsevier-skipped,manual: publisher html
29508660,dementia,excluded,2018,pmc,0.747,elsevier-skipped,manual: pmc via browser
29516092,vbm_of_substance_use,excluded,2018,pmc,0.747,nothing,manual: pmc via browser
29534203,dementia,excluded,2018,other,0.747,elsevier-skipped,manual: publisher html
29555429,emotion_regulation_2022,excluded,2018,unknown,0.747,elsevier-success;html-saved-no-tables,manual: re-save (current copy lacks tables)
29569252,dementia,excluded,2018,other,0.747,elsevier-skipped,manual: publisher html
29569990,dementia,excluded,2018,pmc,0.747,elsevier-skipped,manual: pmc via browser
29581536,cue_reactivity,excluded,2018,pmc,0.747,nothing,manual: pmc via browser
29584904,dementia,excluded,2018,pmc,0.747,elsevier-skipped,manual: pmc via browser
29616472,decision_making,excluded,2018,other,0.747,nothing,manual: publisher html
29624440,vbm_of_substance_use,excluded,2018,other,0.747,nothing,manual: publisher html
29668866,dementia,excluded,2019,other,0.747,elsevier-skipped,manual: publisher html
29696595,vbm_of_substance_use,excluded,2018,other,0.747,nothing,manual: publisher html
29704037,dementia,excluded,2018,other,0.747,elsevier-skipped,manual: publisher html
29728749,dementia,excluded,2018,other,0.747,elsevier-skipped,manual: publisher html
29728772,cue_reactivity,excluded,2018,other,0.747,nothing,manual: publisher html
29730823,dementia,excluded,2018,other,0.747,elsevier-skipped,manual: publisher html
29733957,cue_reactivity,excluded,2018,elsevier,0.747,elsevier-success;text-only,manual: publisher html
29734226,emotion_regulation_2022,excluded,2018,unknown,0.747,html-saved-no-tables,manual: re-save (current copy lacks tables)
29734953,vbm_of_substance_use,excluded,2019,other,0.747,nothing,manual: publisher html
29746400,dementia,excluded,2018,other,0.747,elsevier-skipped,manual: publisher html
29781643,emotion_regulation_2022,excluded,2018,unknown,0.747,html-saved-no-tables,manual: re-save (current copy lacks tables)
29802593,decision_making,excluded,2018,other,0.747,nothing,manual: publisher html
29806222,cue_reactivity,excluded,2018,other,0.747,nothing,manual: publisher html
29846004,cue_reactivity,excluded,2018,pmc,0.747,nothing,manual: pmc via browser
29852777,decision_making,excluded,2018,other,0.747,nothing,manual: publisher html
29859220,emotion_regulation_2022,excluded,2018,elsevier,0.747,elsevier-success;text-only,manual: publisher html
29874102,cue_reactivity,excluded,2018,pmc,0.747,nothing,manual: pmc via browser
29883011,vbm_of_substance_use,excluded,2018,other,0.747,nothing,manual: publisher html
29913130,emotion_regulation_2022,excluded,2018,elsevier,0.747,elsevier-success;text-only,manual: publisher html
29923666,dementia,excluded,2018,pmc,0.747,elsevier-skipped,manual: pmc via browser
29934780,emotion_regulation_2022,excluded,2018,other,0.747,nothing,manual: publisher html
29959509,cue_reactivity,excluded,2019,other,0.747,nothing,manual: publisher html
29960960,dementia,excluded,2018,pmc,0.747,elsevier-skipped,manual: pmc via browser
30029282,dementia,excluded,2018,other,0.747,elsevier-skipped,manual: publisher html
30035155,dementia,excluded,2018,pmc,0.747,elsevier-skipped,manual: pmc via browser
30049750,dementia,excluded,2018,other,0.747,elsevier-skipped,manual: publisher html
30058519,emotion_regulation_2022,excluded,2019,other,0.747,nothing,manual: publisher html
30058761,emotion_regulation_2022;vbm_of_substance_use,excluded,2019,other,0.747,nothing,manual: publisher html
30073554,emotion_regulation_2022,excluded,2018,other,0.747,nothing,manual: publisher html
30095582,emotion_regulation_2022,excluded,2018,other,0.747,nothing,manual: publisher html
30107413,dementia,excluded,2019,other,0.747,elsevier-skipped,manual: publisher html
30111185,emotion_regulation_2022,excluded,2018,other,0.747,nothing,manual: publisher html
30116768,emotion_regulation_2022,excluded,2015,unknown,0.747,html-saved-no-tables,manual: re-save (current copy lacks tables)
30167865,emotion_regulation_2022,excluded,2018,other,0.747,nothing,manual: publisher html
30169711,emotion_regulation_2022,excluded,2019,other,0.747,nothing,manual: publisher html
30182624,dementia,excluded,2018,other,0.747,elsevier-skipped,manual: publisher html
30183086,dementia,excluded,2019,other,0.747,elsevier-skipped,manual: publisher html
30194648,dementia,excluded,2018,other,0.747,elsevier-skipped,manual: publisher html
30204241,vbm_of_substance_use,excluded,2018,pmc,0.747,nothing,manual: pmc via browser
30240096,dementia,excluded,2019,other,0.747,elsevier-skipped,manual: publisher html
30240509,decision_making,excluded,2019,pmc,0.747,nothing,manual: pmc via browser
30251758,cue_reactivity,excluded,2019,pmc,0.747,nothing,manual: pmc via browser
30255971,dementia,excluded,2018,pmc,0.747,elsevier-skipped,manual: pmc via browser
30276811,vbm_of_substance_use,excluded,2019,other,0.747,nothing,manual: publisher html
30282732,cue_reactivity,excluded,2018,pmc,0.747,nothing,manual: pmc via browser
30291183,dementia,excluded,2018,other,0.747,elsevier-skipped,manual: publisher html
30320576,dementia,excluded,2018,other,0.747,elsevier-skipped,manual: publisher html
30326496,dementia,excluded,2018,pmc,0.747,elsevier-skipped,manual: pmc via browser
30369528,dementia,excluded,2018,other,0.747,elsevier-skipped,manual: publisher html
30370983,decision_making,excluded,2019,elsevier,0.747,elsevier-failed,manual: publisher html
30379118,vbm_of_substance_use,excluded,2018,other,0.747,nothing,manual: publisher html
30394220,cue_reactivity,excluded,2019,other,0.747,nothing,manual: publisher html
30475767,dementia,excluded,2019,other,0.747,elsevier-skipped,manual: publisher html
30506397,dementia,excluded,2019,other,0.747,elsevier-skipped,manual: publisher html
30578340,decision_making,excluded,2019,pmc,0.747,nothing,manual: pmc via browser
30589303,vbm_of_substance_use,excluded,2019,other,0.747,nothing,manual: publisher html
30605431,vbm_of_substance_use,excluded,2018,other,0.747,nothing,manual: publisher html
30630176,dementia,excluded,2019,other,0.747,elsevier-skipped,manual: publisher html
30633429,decision_making,excluded,2019,pmc,0.747,nothing,manual: pmc via browser
30638083,dementia,excluded,2019,other,0.747,elsevier-skipped,manual: publisher html
30689572,dementia,excluded,2019,other,0.747,elsevier-skipped,manual: publisher html
30690666,dementia,excluded,2019,other,0.747,elsevier-skipped,manual: publisher html
30698757,dementia,excluded,2019,pmc,0.747,elsevier-skipped,manual: pmc via browser
30707189,dementia,excluded,2019,pmc,0.747,elsevier-skipped,manual: pmc via browser
30707358,dementia,excluded,2019,unknown,0.747,elsevier-skipped;html-saved-no-tables,manual: re-save (current copy lacks tables)
30714241,dementia,excluded,2019,other,0.747,elsevier-skipped,manual: publisher html
30714955,dementia,excluded,2019,other,0.747,elsevier-skipped,manual: publisher html
30734849,decision_making,excluded,2019,other,0.747,nothing,manual: publisher html
30760634,dementia,excluded,2019,pmc,0.747,elsevier-skipped,manual: pmc via browser
30796570,dementia,excluded,2019,other,0.747,elsevier-skipped,manual: publisher html
30805850,cue_reactivity,excluded,2019,pmc,0.747,nothing,manual: pmc via browser
30813750,emotion_regulation_2022,excluded,2019,other,0.747,nothing,manual: publisher html
30816616,vbm_of_substance_use,excluded,2019,pmc,0.747,nothing,manual: pmc via browser
30834979,dementia,excluded,2019,other,0.747,elsevier-skipped,manual: publisher html
30851133,dementia,excluded,2019,pmc,0.747,elsevier-skipped,manual: pmc via browser
30852650,cue_reactivity,excluded,2019,other,0.747,nothing,manual: publisher html
30868957,cue_reactivity,excluded,2019,other,0.747,nothing,manual: publisher html
30880661,emotion_regulation_2022,excluded,2019,other,0.747,nothing,manual: publisher html
30897955,emotion_regulation_2022,excluded,2019,other,0.747,nothing,manual: publisher html
30925612,dementia,excluded,2019,other,0.747,elsevier-skipped,manual: publisher html
30925614,dementia,excluded,2019,other,0.747,elsevier-skipped,manual: publisher html
30958372,dementia,excluded,2019,other,0.747,elsevier-skipped,manual: publisher html
31008274,dementia,excluded,2016,pmc,0.747,elsevier-skipped,manual: pmc via browser
31028692,vbm_of_substance_use,excluded,2019,pmc,0.747,nothing,manual: pmc via browser
31062381,cue_reactivity,excluded,2019,pmc,0.747,nothing,manual: pmc via browser
31073964,emotion_regulation_2022,excluded,2019,other,0.747,nothing,manual: publisher html
31177233,dementia,excluded,2019,other,0.747,elsevier-skipped,manual: publisher html
31177556,dementia,excluded,2019,other,0.747,elsevier-skipped,manual: publisher html
31182509,dementia,excluded,2019,other,0.747,elsevier-skipped,manual: publisher html
31205125,dementia,excluded,2019,other,0.747,elsevier-skipped,manual: publisher html
31217828,vbm_of_substance_use,excluded,2019,pmc,0.747,nothing,manual: pmc via browser
31228866,cue_reactivity,excluded,2019,other,0.747,nothing,manual: publisher html
31249310,vbm_of_substance_use,excluded,2019,other,0.747,nothing,manual: publisher html
31250445,emotion_regulation_2022,excluded,2019,other,0.747,nothing,manual: publisher html
31284766,dementia,excluded,2019,other,0.747,elsevier-skipped,manual: publisher html
31287716,dementia,excluded,2019,pmc,0.747,elsevier-skipped,manual: pmc via browser
31306118,decision_making,excluded,2019,other,0.747,nothing,manual: publisher html
31356209,dementia,excluded,2019,other,0.747,elsevier-skipped,manual: publisher html
31365137,vbm_of_substance_use,excluded,2019,pmc,0.747,nothing,manual: pmc via browser
31391394,dementia,excluded,2019,other,0.747,elsevier-skipped,manual: publisher html
31392920,dementia,excluded,2019,pmc,0.747,elsevier-skipped,manual: pmc via browser
31393654,dementia,excluded,2019,other,0.747,elsevier-skipped,manual: publisher html
31428914,dementia,excluded,2019,unknown,0.747,elsevier-skipped;html-saved-no-tables,manual: re-save (current copy lacks tables)
31441517,emotion_regulation_2022,excluded,2019,other,0.747,nothing,manual: publisher html
31481163,dementia,excluded,2019,elsevier,0.747,elsevier-success;text-only,manual: publisher html
31523140,vbm_of_substance_use,excluded,2019,pmc,0.747,nothing,manual: pmc via browser
31562527,dementia,excluded,2019,pmc,0.747,elsevier-skipped,manual: pmc via browser
31591898,emotion_regulation_2022,excluded,2019,other,0.747,nothing,manual: publisher html
31617796,dementia,excluded,2019,pmc,0.747,elsevier-skipped,manual: pmc via browser
31673773,emotion_regulation_2022,excluded,2019,other,0.747,nothing,manual: publisher html
31753134,dementia,excluded,2019,elsevier,0.747,elsevier-success;text-only,manual: publisher html
32062656,dementia,excluded,2019,other,0.747,elsevier-skipped,manual: publisher html
32216234,cue_reactivity,excluded,2019,no-link,0.747,nothing,manual: resolve doi first
34996199,dementia,excluded,2018,other,0.747,elsevier-skipped,manual: publisher html
18927345,executive_function,excluded,2010,pmc,0.727,nothing,manual: pmc via browser
19406906,decision_making,excluded,2010,other,0.727,nothing,manual: publisher html
19629426,dementia,excluded,2010,other,0.727,elsevier-skipped,manual: publisher html
19653814,vbm_of_substance_use,excluded,2010,other,0.727,nothing,manual: publisher html
19684248,cue_reactivity,excluded,2010,other,0.727,nothing,manual: publisher html
19735480,emotion_regulation_2022,excluded,2010,other,0.727,nothing,manual: publisher html
19759202,dementia,excluded,2010,pmc,0.727,elsevier-skipped,manual: pmc via browser
19891807,vbm_of_substance_use,excluded,2010,other,0.727,nothing,manual: publisher html
19929329,cue_reactivity,excluded,2010,other,0.727,nothing,manual: publisher html
19955783,cue_reactivity,excluded,2010,other,0.727,nothing,manual: publisher html
19955785,cue_reactivity,excluded,2010,other,0.727,nothing,manual: publisher html
19967597,dementia,excluded,2010,other,0.727,elsevier-skipped,manual: publisher html
20003584,dementia,excluded,2010,pmc,0.727,elsevier-skipped,manual: pmc via browser
20007241,emotion_regulation_2022,excluded,2010,unknown,0.727,html-saved-no-tables,manual: re-save (current copy lacks tables)
20026458,dementia,excluded,2010,other,0.727,elsevier-skipped,manual: publisher html
20038441,emotion_regulation_2022,excluded,2010,elsevier,0.727,elsevier-success;text-only,manual: publisher html
20053886,cue_reactivity,excluded,2010,pmc,0.727,nothing,manual: pmc via browser
20080096,cue_reactivity,excluded,2010,elsevier,0.727,elsevier-skipped,manual: publisher html
20083207,dementia,excluded,2010,elsevier,0.727,elsevier-success;text-only,manual: publisher html
20087893,dementia,excluded,2010,pmc,0.727,elsevier-skipped,manual: pmc via browser
20112261,emotion_regulation_2022,excluded,2010,other,0.727,nothing,manual: publisher html
20127871,emotion_regulation_2022,excluded,2010,unknown,0.727,html-saved-no-tables,manual: re-save (current copy lacks tables)
20133780,dementia,excluded,2010,pmc,0.727,elsevier-skipped,manual: pmc via browser
20141309,emotion_regulation_2022,excluded,2010,other,0.727,nothing,manual: publisher html
20146921,dementia,excluded,2010,no-link,0.727,elsevier-skipped,manual: resolve doi first
20158954,dementia,excluded,2010,other,0.727,elsevier-skipped,manual: publisher html
20164326,cue_reactivity,excluded,2010,pmc,0.727,nothing,manual: pmc via browser
20177696,dementia,excluded,2010,other,0.727,elsevier-skipped,manual: publisher html
20182057,dementia,excluded,2010,other,0.727,elsevier-skipped,manual: publisher html
20190005,dementia,excluded,2010,other,0.727,elsevier-skipped,manual: publisher html
20196488,dementia,excluded,2010,other,0.727,elsevier-skipped,manual: publisher html
20212429,dementia,excluded,2010,other,0.727,elsevier-skipped,manual: publisher html
20303069,emotion_regulation_2022,excluded,2010,elsevier,0.727,elsevier-success;text-only,manual: publisher html
20308780,dementia,excluded,2010,other,0.727,elsevier-skipped,manual: publisher html
20335036,dementia,excluded,2010,elsevier,0.727,elsevier-success;text-only,manual: publisher html
20360166,dementia,excluded,2010,other,0.727,elsevier-skipped,manual: publisher html
20382629,decision_making,excluded,2011,other,0.727,nothing,manual: publisher html
20393800,dementia,excluded,2010,other,0.727,elsevier-skipped,manual: publisher html
20404309,dementia,excluded,2010,unknown,0.727,elsevier-skipped;html-saved-no-tables,manual: re-save (current copy lacks tables)
20408734,dementia,excluded,2010,pmc,0.727,elsevier-skipped,manual: pmc via browser
20417658,cue_reactivity,excluded,2010,elsevier,0.727,elsevier-success;text-only,manual: publisher html
20440289,dementia,excluded,2010,other,0.727,elsevier-skipped,manual: publisher html
20496755,dementia,excluded,2010,no-link,0.727,elsevier-skipped,manual: resolve doi first
20542982,dementia,excluded,2010,pmc,0.727,elsevier-skipped,manual: pmc via browser
20548124,dementia,excluded,2010,other,0.727,elsevier-skipped,manual: publisher html
20562756,dementia,excluded,2010,other,0.727,elsevier-skipped,manual: publisher html
20647266,vbm_of_substance_use,excluded,2010,other,0.727,nothing,manual: publisher html
20652311,emotion_regulation_2022,excluded,2010,other,0.727,nothing,manual: publisher html
20660866,dementia,excluded,2010,pmc,0.727,elsevier-skipped,manual: pmc via browser
20673934,dementia,excluded,2011,elsevier,0.727,elsevier-failed,manual: publisher html
20674934,dementia,excluded,2010,elsevier,0.727,elsevier-success;text-only,manual: publisher html
20683185,dementia,excluded,2010,unknown,0.727,elsevier-skipped;html-saved-no-tables,manual: re-save (current copy lacks tables)
20683187,dementia,excluded,2010,other,0.727,elsevier-skipped,manual: publisher html
20697052,dementia,excluded,2010,pmc,0.727,elsevier-skipped,manual: pmc via browser
20704640,cue_reactivity,excluded,2011,other,0.727,nothing,manual: publisher html
20713947,dementia,excluded,2010,unknown,0.727,elsevier-skipped;html-saved-no-tables,manual: re-save (current copy lacks tables)
20726753,emotion_regulation_2022,excluded,2010,other,0.727,nothing,manual: publisher html
20814988,vbm_of_substance_use,excluded,2011,other,0.727,nothing,manual: publisher html
20819990,emotion_regulation_2022,excluded,2010,other,0.727,nothing,manual: publisher html
20820793,emotion_regulation_2022,excluded,2011,other,0.727,nothing,manual: publisher html
20849398,dementia,excluded,2011,other,0.727,elsevier-skipped,manual: publisher html
20862456,cue_reactivity,excluded,2011,pmc,0.727,nothing,manual: pmc via browser
20879247,dementia,excluded,2010,pmc,0.727,elsevier-skipped,manual: pmc via browser
20881128,cue_reactivity,excluded,2010,pmc,0.727,nothing,manual: pmc via browser
20938027,dementia,excluded,2010,other,0.727,elsevier-skipped,manual: publisher html
20947212,dementia,excluded,2011,elsevier,0.727,elsevier-skipped,manual: publisher html
20950283,emotion_regulation_2022,excluded,2010,other,0.727,nothing,manual: publisher html
20960930,dementia,excluded,2010,other,0.727,elsevier-skipped,manual: publisher html
20962229,cue_reactivity,excluded,2010,pmc,0.727,nothing,manual: pmc via browser
20971753,dementia,excluded,2011,other,0.727,elsevier-skipped,manual: publisher html
21042206,dementia,excluded,2010,pmc,0.727,elsevier-skipped,manual: pmc via browser
21090900,dementia,excluded,2011,pmc,0.727,elsevier-skipped,manual: pmc via browser
21096481,dementia,excluded,2010,no-link,0.727,elsevier-skipped,manual: resolve doi first
21097307,decision_making,excluded,2010,no-link,0.727,nothing,manual: resolve doi first
21121521,dementia,excluded,2010,other,0.727,elsevier-failed,manual: publisher html
21138751,emotion_regulation_2022,excluded,2011,unknown,0.727,elsevier-success;html-saved-no-tables,manual: re-save (current copy lacks tables)
21153383,dementia,excluded,2011,other,0.727,elsevier-skipped,manual: publisher html
21188308,dementia,excluded,2010,no-link,0.727,elsevier-skipped,manual: resolve doi first
21198635,cue_reactivity,excluded,2011,pmc,0.727,nothing,manual: pmc via browser
21239854,dementia,excluded,2011,other,0.727,elsevier-skipped,manual: publisher html
21258152,dementia,excluded,2011,other,0.727,elsevier-skipped,manual: publisher html
21287156,emotion_regulation_2022,excluded,2011,unknown,0.727,html-saved-no-tables,manual: re-save (current copy lacks tables)
21295377,dementia,excluded,2011,elsevier,0.727,elsevier-skipped,manual: publisher html
21298310,dementia,excluded,2012,other,0.727,elsevier-skipped,manual: publisher html
21315749,emotion_regulation_2022,excluded,2011,elsevier,0.727,elsevier-skipped,manual: publisher html
21320991,dementia,excluded,2011,pmc,0.727,elsevier-skipped,manual: pmc via browser
21349378,cue_reactivity,excluded,2011,elsevier,0.727,elsevier-skipped,manual: publisher html
21352827,cue_reactivity,excluded,2011,elsevier,0.727,elsevier-success;text-only,manual: publisher html
21412659,dementia,excluded,2011,other,0.727,elsevier-skipped,manual: publisher html
21430171,dementia,excluded,2011,pmc,0.727,elsevier-skipped,manual: pmc via browser
21464361,emotion_regulation_2022,excluded,2011,other,0.727,nothing,manual: publisher html
21492080,cue_reactivity,excluded,2011,other,0.727,nothing,manual: publisher html
21502759,dementia,excluded,2011,other,0.727,elsevier-skipped,manual: publisher html
21516545,emotion_regulation_2022,excluded,2011,other,0.727,nothing,manual: publisher html
21528366,cue_reactivity,excluded,2011,other,0.727,nothing,manual: publisher html
21540080,emotion_regulation_2022,excluded,2011,elsevier,0.727,elsevier-success;text-only,manual: publisher html
21557880,vbm_of_substance_use,excluded,2012,other,0.727,nothing,manual: publisher html
21562201,decision_making,excluded,2011,pmc,0.727,nothing,manual: pmc via browser
21573926,cue_reactivity,excluded,2011,other,0.727,nothing,manual: publisher html
21576912,vbm_of_substance_use,excluded,2011,other,0.727,nothing,manual: publisher html
21577214,emotion_regulation_2022,excluded,2012,other,0.727,nothing,manual: publisher html
21606659,cue_reactivity,excluded,2011,other,0.727,nothing,manual: publisher html
21625137,dementia,excluded,2011,pmc,0.727,elsevier-skipped,manual: pmc via browser
21646331,dementia,excluded,2011,other,0.727,elsevier-skipped,manual: publisher html
21666130,emotion_regulation_2022,excluded,2012,other,0.727,nothing,manual: publisher html
21675596,dementia,excluded,2011,other,0.727,elsevier-skipped,manual: publisher html
21677378,dementia,excluded,2011,other,0.727,elsevier-skipped,manual: publisher html
21693490,decision_making,excluded,2012,pmc,0.727,nothing,manual: pmc via browser
21696410,dementia,excluded,2011,pmc,0.727,elsevier-skipped,manual: pmc via browser
21704173,emotion_regulation_2022,excluded,2011,unknown,0.727,elsevier-success;html-saved-no-tables,manual: re-save (current copy lacks tables)
21715632,decision_making,excluded,2011,pmc,0.727,nothing,manual: pmc via browser
21725803,decision_making,excluded,2011,other,0.727,nothing,manual: publisher html
21729418,dementia,excluded,2011,elsevier,0.727,elsevier-success;text-only,manual: publisher html
21761686,decision_making,excluded,2011,no-link,0.727,nothing,manual: resolve doi first
21762843,dementia,excluded,2011,elsevier,0.727,elsevier-skipped,manual: publisher html
21764791,dementia,excluded,2011,other,0.727,elsevier-skipped,manual: publisher html
21783023,dementia,excluded,2011,elsevier,0.727,elsevier-skipped,manual: publisher html
21799209,vbm_of_substance_use,excluded,2012,pmc,0.727,nothing,manual: pmc via browser
21822699,dementia,excluded,2012,unknown,0.727,elsevier-skipped;html-saved-no-tables,manual: re-save (current copy lacks tables)
21823158,dementia,excluded,2011,pmc,0.727,elsevier-skipped,manual: pmc via browser
21842406,dementia,excluded,2011,pmc,0.727,elsevier-skipped,manual: pmc via browser
21857031,dementia,excluded,2011,other,0.727,elsevier-skipped,manual: publisher html
21861675,decision_making,excluded,2012,pmc,0.727,nothing,manual: pmc via browser
21881402,dementia,excluded,2011,other,0.727,elsevier-skipped,manual: publisher html
21883853,cue_reactivity,excluded,2012,other,0.727,nothing,manual: publisher html
21891869,dementia,excluded,2011,other,0.727,elsevier-skipped,manual: publisher html
21897354,emotion_regulation_2022,excluded,2011,unknown,0.727,html-saved-no-tables,manual: re-save (current copy lacks tables)
21900560,cue_reactivity,excluded,2011,pmc,0.727,nothing,manual: pmc via browser
21905095,dementia,excluded,2011,other,0.727,elsevier-skipped,manual: publisher html
21911696,dementia,excluded,2011,pmc,0.727,elsevier-skipped,manual: pmc via browser
21940093,emotion_regulation_2022,excluded,2011,elsevier,0.727,elsevier-success;text-only,manual: publisher html
21946269,dementia,excluded,2011,elsevier,0.727,elsevier-success;text-only,manual: publisher html
21971454,dementia,excluded,2011,other,0.727,elsevier-skipped,manual: publisher html
21978320,dementia,excluded,2012,other,0.727,elsevier-skipped,manual: publisher html
21986680,dementia,excluded,2011,other,0.727,elsevier-skipped,manual: publisher html
21987568,dementia,excluded,2011,other,0.727,elsevier-skipped,manual: publisher html
21991849,dementia,excluded,2011,no-link,0.727,elsevier-skipped,manual: resolve doi first
21994389,cue_reactivity,excluded,2011,pmc,0.727,nothing,manual: pmc via browser
21999692,cue_reactivity,excluded,2011,pmc,0.727,nothing,manual: pmc via browser
22008265,dementia,excluded,2012,other,0.727,elsevier-skipped,manual: publisher html
22009274,dementia,excluded,2011,other,0.727,elsevier-skipped,manual: publisher html
22037958,dementia,excluded,2012,pmc,0.727,elsevier-skipped,manual: pmc via browser
22045516,dementia,excluded,2012,pmc,0.727,elsevier-skipped,manual: pmc via browser
22048958,dementia,excluded,2012,pmc,0.727,elsevier-skipped,manual: pmc via browser
22054629,dementia,excluded,2011,elsevier,0.727,elsevier-success;text-only,manual: publisher html
22060063,dementia,excluded,2012,pmc,0.727,elsevier-skipped,manual: pmc via browser
22067221,dementia,excluded,2011,other,0.727,elsevier-skipped,manual: publisher html
22070867,vbm_of_substance_use,excluded,2013,pmc,0.727,nothing,manual: pmc via browser
22076840,vbm_of_substance_use,excluded,2013,pmc,0.727,nothing,manual: pmc via browser
22081869,decision_making,excluded,2012,other,0.727,nothing,manual: publisher html
22138162,cue_reactivity,excluded,2012,elsevier,0.727,elsevier-success;text-only,manual: publisher html
22143952,dementia,excluded,2011,other,0.727,elsevier-skipped,manual: publisher html
22147775,emotion_regulation_2022,excluded,2011,unknown,0.727,html-saved-no-tables,manual: re-save (current copy lacks tables)
22150750,vbm_of_substance_use,excluded,2012,other,0.727,nothing,manual: publisher html
22189451,dementia,excluded,2012,pmc,0.727,elsevier-skipped,manual: pmc via browser
22200654,emotion_regulation_2022,excluded,2012,elsevier,0.727,elsevier-success;text-only,manual: publisher html
22212839,vbm_of_substance_use,excluded,2011,elsevier,0.727,elsevier-failed,manual: publisher html
22250442,emotion_regulation_2022,excluded,2011,no-link,0.727,nothing,manual: resolve doi first
22262538,emotion_regulation_2022,excluded,2011,other,0.727,nothing,manual: publisher html
22277302,vbm_of_substance_use,excluded,2012,elsevier,0.727,elsevier-skipped,manual: publisher html
22286950,dementia,excluded,2013,other,0.727,elsevier-skipped,manual: publisher html
22300873,dementia,excluded,2012,pmc,0.727,elsevier-skipped,manual: pmc via browser
22329857,dementia,excluded,2012,other,0.727,elsevier-skipped,manual: publisher html
22344582,dementia,excluded,2012,pmc,0.727,elsevier-skipped,manual: pmc via browser
22360590,vbm_of_substance_use,excluded,2012,other,0.727,nothing,manual: publisher html
22366770,dementia,excluded,2012,other,0.727,elsevier-skipped,manual: publisher html
22369232,emotion_regulation_2022,excluded,2012,other,0.727,nothing,manual: publisher html
22383132,dementia,excluded,2012,pmc,0.727,elsevier-skipped,manual: pmc via browser
22396079,emotion_regulation_2022,excluded,2012,other,0.727,nothing,manual: publisher html
22406442,dementia,excluded,2012,pmc,0.727,elsevier-skipped,manual: pmc via browser
22415119,decision_making,excluded,2014,other,0.727,nothing,manual: publisher html
22422381,dementia,excluded,2012,pmc,0.727,elsevier-skipped,manual: pmc via browser
22422803,emotion_regulation_2022,excluded,2013,unknown,0.727,html-saved-no-tables,manual: re-save (current copy lacks tables)
22482446,dementia,excluded,2012,elsevier,0.727,elsevier-skipped,manual: publisher html
22500698,emotion_regulation_2022,excluded,2012,elsevier,0.727,elsevier-failed,manual: publisher html
22519463,dementia,excluded,2013,pmc,0.727,elsevier-skipped,manual: pmc via browser
22522963,cue_reactivity,excluded,2013,pmc,0.727,nothing,manual: pmc via browser
22552897,dementia,excluded,2012,pmc,0.727,elsevier-skipped,manual: pmc via browser
22566562,vbm_of_substance_use,excluded,2012,other,0.727,nothing,manual: publisher html
22581200,vbm_of_substance_use,excluded,2012,pmc,0.727,nothing,manual: pmc via browser
22595033,cue_reactivity,excluded,2012,other,0.727,nothing,manual: publisher html
22614246,dementia,excluded,2012,other,0.727,elsevier-skipped,manual: publisher html
22617448,emotion_regulation_2022,excluded,2012,unknown,0.727,html-saved-no-tables,manual: re-save (current copy lacks tables)
22617632,emotion_regulation_2022,excluded,2012,other,0.727,nothing,manual: publisher html
22620487,cue_reactivity,excluded,2012,other,0.727,nothing,manual: publisher html
22642502,dementia,excluded,2012,other,0.727,elsevier-skipped,manual: publisher html
22647478,dementia,excluded,2012,other,0.727,elsevier-skipped,manual: publisher html
22670877,dementia,excluded,2012,other,0.727,elsevier-skipped,manual: publisher html
22693145,vbm_of_substance_use,excluded,2012,pmc,0.727,nothing,manual: pmc via browser
22699847,dementia,excluded,2012,other,0.727,elsevier-skipped,manual: publisher html
22705168,emotion_regulation_2022,excluded,2012,elsevier,0.727,elsevier-success;text-only,manual: publisher html
22710919,dementia,excluded,2013,other,0.727,elsevier-skipped,manual: publisher html
22717469,emotion_regulation_2022,excluded,2012,elsevier,0.727,elsevier-success;text-only,manual: publisher html
22722668,dementia,excluded,2012,other,0.727,elsevier-skipped,manual: publisher html
22731907,dementia,excluded,2012,other,0.727,elsevier-skipped,manual: publisher html
22743119,dementia,excluded,2012,elsevier,0.727,elsevier-success;text-only,manual: publisher html
22746999,vbm_of_substance_use,excluded,2012,other,0.727,nothing,manual: publisher html
22766739,dementia,excluded,2012,pmc,0.727,elsevier-skipped,manual: pmc via browser
22826630,cue_reactivity,excluded,2012,pmc,0.727,nothing,manual: pmc via browser
22850347,vbm_of_substance_use,excluded,2013,pmc,0.727,nothing,manual: pmc via browser
22868886,dementia,excluded,2012,other,0.727,elsevier-skipped,manual: publisher html
22880630,emotion_regulation_2022,excluded,2013,other,0.727,nothing,manual: publisher html
22889797,dementia,excluded,2012,other,0.727,elsevier-skipped,manual: publisher html
22903128,dementia,excluded,2012,other,0.727,elsevier-skipped,manual: publisher html
22928231,dementia,excluded,2012,no-link,0.727,elsevier-skipped,manual: resolve doi first
22932755,dementia,excluded,2012,other,0.727,elsevier-skipped,manual: publisher html
22933816,dementia,excluded,2012,other,0.727,elsevier-skipped,manual: publisher html
22945872,cue_reactivity,excluded,2012,other,0.727,nothing,manual: publisher html
22947919,dementia,excluded,2012,other,0.727,elsevier-skipped,manual: publisher html
22989901,dementia,excluded,2012,other,0.727,elsevier-skipped,manual: publisher html
22992154,dementia,excluded,2013,other,0.727,elsevier-skipped,manual: publisher html
23033449,dementia,excluded,2012,other,0.727,elsevier-skipped,manual: publisher html
23054671,decision_making,excluded,2012,other,0.727,nothing,manual: publisher html
23074972,emotion_regulation_2022,excluded,2012,other,0.727,nothing,manual: publisher html
23094592,decision_making,excluded,2012,other,0.727,nothing,manual: publisher html
23094707,decision_making,excluded,2012,other,0.727,nothing,manual: publisher html
23117721,dementia,excluded,2012,other,0.727,elsevier-skipped,manual: publisher html
23118193,emotion_regulation_2022,excluded,2014,other,0.727,nothing,manual: publisher html
23150101,cue_reactivity,excluded,2013,other,0.727,nothing,manual: publisher html
23163417,decision_making,excluded,2013,other,0.727,nothing,manual: publisher html
23165087,cue_reactivity,excluded,2013,other,0.727,nothing,manual: publisher html
23165972,dementia,excluded,2013,pmc,0.727,elsevier-skipped,manual: pmc via browser
23199140,dementia,excluded,2014,pmc,0.727,elsevier-skipped,manual: pmc via browser
23208196,dementia,excluded,2012,other,0.727,elsevier-skipped,manual: publisher html
23223206,cue_reactivity,excluded,2014,pmc,0.727,nothing,manual: pmc via browser
23229103,dementia,excluded,2012,other,0.727,elsevier-skipped,manual: publisher html
23235646,cue_reactivity,excluded,2012,pmc,0.727,nothing,manual: pmc via browser
23237858,dementia,excluded,2013,pmc,0.727,elsevier-skipped,manual: pmc via browser
23237885,cue_reactivity,excluded,2013,elsevier,0.727,elsevier-success;text-only,manual: publisher html
23240997,vbm_of_substance_use,excluded,2013,pmc,0.727,nothing,manual: pmc via browser
23263196,cue_reactivity,excluded,2013,other,0.727,nothing,manual: publisher html
23265637,vbm_of_substance_use,excluded,2013,elsevier,0.727,elsevier-skipped,manual: publisher html
23300105,cue_reactivity,excluded,2013,other,0.727,nothing,manual: publisher html
23318128,emotion_regulation_2022,excluded,2013,other,0.727,nothing,manual: publisher html
23319314,emotion_regulation_2022,excluded,2013,unknown,0.727,html-saved-no-tables,manual: re-save (current copy lacks tables)
23328472,vbm_of_substance_use,excluded,2012,other,0.727,nothing,manual: publisher html
23335390,cue_reactivity,excluded,2013,pmc,0.727,nothing,manual: pmc via browser
23364872,emotion_regulation_2022;vbm_of_substance_use,excluded,2013,other,0.727,nothing,manual: publisher html
23365241,decision_making,excluded,2013,pmc,0.727,nothing,manual: pmc via browser
23380716,cue_reactivity,excluded,2013,elsevier,0.727,elsevier-success;text-only,manual: publisher html
23381548,emotion_regulation_2022,excluded,2013,other,0.727,nothing,manual: publisher html
23385293,decision_making,excluded,2013,other,0.727,nothing,manual: publisher html
23385487,emotion_regulation_2022,excluded,2013,other,0.727,nothing,manual: publisher html
23390180,dementia,excluded,2013,pmc,0.727,elsevier-skipped,manual: pmc via browser
23398586,emotion_regulation_2022,excluded,2013,unknown,0.727,html-saved-no-tables,manual: re-save (current copy lacks tables)
23416451,decision_making,excluded,2013,pmc,0.727,nothing,manual: pmc via browser
23470155,cue_reactivity,excluded,2013,other,0.727,nothing,manual: publisher html
23473554,emotion_regulation_2022,excluded,2013,other,0.727,nothing,manual: publisher html
23475817,dementia,excluded,2013,pmc,0.727,elsevier-skipped,manual: pmc via browser
23489366,dementia,excluded,2013,pmc,0.727,elsevier-skipped,manual: pmc via browser
23501053,emotion_regulation_2022,excluded,2013,elsevier,0.727,elsevier-success;text-only,manual: publisher html
23527654,dementia,excluded,2013,other,0.727,elsevier-skipped,manual: publisher html
23542864,dementia,excluded,2013,other,0.727,elsevier-skipped,manual: publisher html
23551078,emotion_regulation_2022,excluded,2013,no-link,0.727,nothing,manual: resolve doi first
23553468,emotion_regulation_2022,excluded,2013,other,0.727,nothing,manual: publisher html
23572495,dementia,excluded,2013,pmc,0.727,elsevier-skipped,manual: pmc via browser
23575995,dementia,excluded,2013,other,0.727,elsevier-skipped,manual: publisher html
23579325,dementia,excluded,2013,pmc,0.727,elsevier-skipped,manual: pmc via browser
23586325,dementia,excluded,2013,other,0.727,elsevier-skipped,manual: publisher html
23587169,dementia,excluded,2013,other,0.727,elsevier-skipped,manual: publisher html
23591639,dementia,excluded,2013,other,0.727,elsevier-skipped,manual: publisher html
23595762,decision_making,excluded,2013,pmc,0.727,nothing,manual: pmc via browser
23611351,dementia,excluded,2013,other,0.727,elsevier-skipped,manual: publisher html
23615766,emotion_regulation_2022,excluded,2014,unknown,0.727,html-saved-no-tables,manual: re-save (current copy lacks tables)
23624495,emotion_regulation_2022,excluded,2014,unknown,0.727,elsevier-success;html-saved-no-tables,manual: re-save (current copy lacks tables)
23642578,vbm_of_substance_use,excluded,2013,elsevier,0.727,elsevier-failed,manual: publisher html
23658085,cue_reactivity,excluded,2013,other,0.727,nothing,manual: publisher html
23664945,emotion_regulation_2022,excluded,2013,elsevier,0.727,elsevier-success;text-only,manual: publisher html
23670589,decision_making,excluded,2013,pmc,0.727,nothing,manual: pmc via browser
23672654,dementia,excluded,2014,other,0.727,elsevier-skipped,manual: publisher html
23686576,dementia,excluded,2013,pmc,0.727,elsevier-skipped,manual: pmc via browser
23689018,emotion_regulation_2022,excluded,2013,elsevier,0.727,elsevier-success;text-only,manual: publisher html
23697290,cue_reactivity,excluded,2013,no-link,0.727,nothing,manual: resolve doi first
23711773,cue_reactivity,excluded,2014,other,0.727,nothing,manual: publisher html
23729473,dementia,excluded,2013,other,0.727,elsevier-skipped,manual: publisher html
23732817,cue_reactivity,excluded,2013,pmc,0.727,nothing,manual: pmc via browser
23739983,cue_reactivity,excluded,2013,pmc,0.727,nothing,manual: pmc via browser
23770414,emotion_regulation_2022,excluded,2013,elsevier,0.727,elsevier-success;text-only,manual: publisher html
23770804,decision_making,excluded,2013,pmc,0.727,nothing,manual: pmc via browser
23773427,cue_reactivity,excluded,2013,other,0.727,nothing,manual: publisher html
23782825,dementia,excluded,2013,other,0.727,elsevier-skipped,manual: publisher html
23784725,dementia,excluded,2013,other,0.727,elsevier-skipped,manual: publisher html
23793393,cue_reactivity,excluded,2013,other,0.727,nothing,manual: publisher html
23794681,dementia,excluded,2013,unknown,0.727,elsevier-skipped;html-saved-no-tables,manual: re-save (current copy lacks tables)
23806137,decision_making,excluded,2013,other,0.727,nothing,manual: publisher html
23806174,decision_making,excluded,2013,other,0.727,nothing,manual: publisher html
23813535,dementia,excluded,2013,other,0.727,elsevier-skipped,manual: publisher html
23825407,cue_reactivity,excluded,2013,pmc,0.727,nothing,manual: pmc via browser
23827226,emotion_regulation_2022,excluded,2013,elsevier,0.727,elsevier-success;text-only,manual: publisher html
23851400,vbm_of_substance_use,excluded,2014,pmc,0.727,nothing,manual: pmc via browser
23855491,dementia,excluded,2013,pmc,0.727,elsevier-skipped,manual: pmc via browser
23860029,dementia,excluded,2013,other,0.727,elsevier-skipped,manual: publisher html
23880959,emotion_regulation_2022,excluded,2014,other,0.727,nothing,manual: publisher html
23887281,dementia,excluded,2013,pmc,0.727,elsevier-skipped,manual: pmc via browser
23904492,cue_reactivity,excluded,2013,other,0.727,nothing,manual: publisher html
23924172,dementia,excluded,2014,other,0.727,elsevier-skipped,manual: publisher html
23943190,emotion_regulation_2022,excluded,2014,other,0.727,nothing,manual: publisher html
23946000,emotion_regulation_2022,excluded,2014,unknown,0.727,html-saved-no-tables,manual: re-save (current copy lacks tables)
23957226,dementia,excluded,2013,other,0.727,elsevier-skipped,manual: publisher html
23960247,emotion_regulation_2022,excluded,2013,other,0.727,nothing,manual: publisher html
23981357,emotion_regulation_2022,excluded,2013,other,0.727,nothing,manual: publisher html
23983029,decision_making,excluded,2013,pmc,0.727,nothing,manual: pmc via browser
23986267,decision_making,excluded,2014,pmc,0.727,nothing,manual: pmc via browser
23986300,dementia,excluded,2013,pmc,0.727,elsevier-skipped,manual: pmc via browser
24005336,dementia,excluded,2013,unknown,0.727,elsevier-skipped;html-saved-no-tables,manual: re-save (current copy lacks tables)
24018008,decision_making,excluded,2013,other,0.727,nothing,manual: publisher html
24039027,dementia,excluded,2014,pmc,0.727,elsevier-skipped,manual: pmc via browser
24042580,dementia,excluded,2013,pmc,0.727,elsevier-skipped,manual: pmc via browser
24047381,dementia,excluded,2013,other,0.727,elsevier-skipped,manual: publisher html
24048857,vbm_of_substance_use,excluded,2013,pmc,0.727,nothing,manual: pmc via browser
24056533,dementia,excluded,2013,pmc,0.727,elsevier-skipped,manual: pmc via browser
24059444,dementia,excluded,2013,other,0.727,elsevier-skipped,manual: publisher html
24077574,dementia,excluded,2013,pmc,0.727,elsevier-skipped,manual: pmc via browser
24094712,dementia,excluded,2013,elsevier,0.727,elsevier-success;text-only,manual: publisher html
24107968,cue_reactivity,excluded,2013,pmc,0.727,nothing,manual: pmc via browser
24113470,dementia,excluded,2014,pmc,0.727,elsevier-skipped,manual: pmc via browser
24116842,cue_reactivity;decision_making,excluded,2014,pmc,0.727,nothing,manual: pmc via browser
24122788,dementia,excluded,2014,other,0.727,elsevier-skipped,manual: publisher html
24123413,dementia,excluded,2014,other,0.727,elsevier-skipped,manual: publisher html
24145484,dementia,excluded,2013,other,0.727,elsevier-skipped,manual: publisher html
24188368,decision_making,excluded,2014,other,0.727,nothing,manual: publisher html
24216133,cue_reactivity,excluded,2014,elsevier,0.727,elsevier-success;text-only,manual: publisher html
24217279,dementia,excluded,2014,other,0.727,elsevier-skipped,manual: publisher html
24234359,dementia,excluded,2013,pmc,0.727,elsevier-skipped,manual: pmc via browser
24234836,emotion_regulation_2022,excluded,2014,other,0.727,nothing,manual: publisher html
24246274,vbm_of_substance_use,excluded,2014,other,0.727,nothing,manual: publisher html
24275797,emotion_regulation_2022,excluded,2014,other,0.727,nothing,manual: publisher html
24289467,dementia,excluded,2013,other,0.727,elsevier-skipped,manual: publisher html
24298901,cue_reactivity,excluded,2014,other,0.727,nothing,manual: publisher html
24300238,dementia,excluded,2014,elsevier,0.727,elsevier-success;text-only,manual: publisher html
24343258,dementia,excluded,2014,pmc,0.727,elsevier-skipped,manual: pmc via browser
24365676,emotion_regulation_2022,excluded,2014,unknown,0.727,elsevier-success;html-saved-no-tables,manual: re-save (current copy lacks tables)
24378604,dementia,excluded,2013,other,0.727,elsevier-skipped,manual: publisher html
24381231,decision_making,excluded,2014,pmc,0.727,nothing,manual: pmc via browser
24385135,dementia,excluded,2014,pmc,0.727,elsevier-skipped,manual: pmc via browser
24404822,dementia,excluded,2014,no-link,0.727,elsevier-skipped,manual: resolve doi first
24413622,dementia,excluded,2014,other,0.727,elsevier-skipped,manual: publisher html
24440597,emotion_regulation_2022,excluded,2014,elsevier,0.727,elsevier-success;text-only,manual: publisher html
24442602,vbm_of_substance_use,excluded,2014,other,0.727,nothing,manual: publisher html
24445987,dementia,excluded,2014,pmc,0.727,elsevier-skipped,manual: pmc via browser
24449748,vbm_of_substance_use,excluded,2014,other,0.727,nothing,manual: publisher html
24470336,dementia,excluded,2014,other,0.727,elsevier-skipped,manual: publisher html
24503555,dementia,excluded,2014,pmc,0.727,elsevier-skipped,manual: pmc via browser
24503614,dementia,excluded,2014,other,0.727,elsevier-skipped,manual: publisher html
24514874,dementia,excluded,2014,other,0.727,elsevier-skipped,manual: publisher html
24523536,decision_making,excluded,2014,pmc,0.727,nothing,manual: pmc via browser
24531155,dementia,excluded,2014,other,0.727,elsevier-skipped,manual: publisher html
24531157,dementia,excluded,2014,pmc,0.727,elsevier-skipped,manual: pmc via browser
24549970,vbm_of_substance_use,excluded,2014,pmc,0.727,nothing,manual: pmc via browser
24550543,dementia,excluded,2014,pmc,0.727,elsevier-skipped,manual: pmc via browser
24570279,dementia,excluded,2014,other,0.727,elsevier-skipped,manual: publisher html
24577455,dementia,excluded,2014,other,0.727,elsevier-skipped,manual: publisher html
24577466,dementia,excluded,2014,other,0.727,elsevier-skipped,manual: publisher html
24589068,emotion_regulation_2022,excluded,2014,other,0.727,nothing,manual: publisher html
24615897,emotion_regulation_2022,excluded,2014,other,0.727,nothing,manual: publisher html
24622944,cue_reactivity,excluded,2014,other,0.727,nothing,manual: publisher html
24650064,dementia,excluded,2014,other,0.727,elsevier-skipped,manual: publisher html
24658081,emotion_regulation_2022,excluded,2014,elsevier,0.727,elsevier-success;text-only,manual: publisher html
24661162,emotion_regulation_2022,excluded,2014,other,0.727,nothing,manual: publisher html
24670291,vbm_of_substance_use,excluded,2014,no-link,0.727,nothing,manual: resolve doi first
24676439,dementia,excluded,2014,no-link,0.727,elsevier-skipped,manual: resolve doi first
24685291,dementia,excluded,2014,elsevier,0.727,elsevier-success;text-only,manual: publisher html
24698410,dementia,excluded,2014,other,0.727,elsevier-skipped,manual: publisher html
24700453,vbm_of_substance_use,excluded,2014,pmc,0.727,nothing,manual: pmc via browser
24702449,decision_making,excluded,2014,other,0.727,nothing,manual: publisher html
24733620,dementia,excluded,2014,pmc,0.727,elsevier-skipped,manual: pmc via browser
24760339,dementia,excluded,2014,pmc,0.727,elsevier-skipped,manual: pmc via browser
24762944,dementia,excluded,2014,other,0.727,elsevier-skipped,manual: publisher html
24763631,decision_making,excluded,2014,other,0.727,nothing,manual: publisher html
24768717,cue_reactivity,excluded,2014,elsevier,0.727,elsevier-skipped,manual: publisher html
24779634,dementia,excluded,2014,other,0.727,elsevier-skipped,manual: publisher html
24780899,dementia,excluded,2014,pmc,0.727,elsevier-skipped,manual: pmc via browser
24797333,emotion_regulation_2022,excluded,2014,elsevier,0.727,elsevier-success;text-only,manual: publisher html
24824204,dementia,excluded,2014,other,0.727,elsevier-skipped,manual: publisher html
24828652,decision_making,excluded,2014,pmc,0.727,nothing,manual: pmc via browser
24831931,dementia,excluded,2014,elsevier,0.727,elsevier-success;text-only,manual: publisher html
24835403,cue_reactivity,excluded,2014,elsevier,0.727,elsevier-success;text-only,manual: publisher html
24874830,cue_reactivity,excluded,2014,other,0.727,nothing,manual: publisher html
24893591,dementia,excluded,2014,other,0.727,elsevier-skipped,manual: publisher html
24927705,dementia,excluded,2014,pmc,0.727,elsevier-skipped,manual: pmc via browser
24928930,dementia,excluded,2014,pmc,0.727,elsevier-skipped,manual: pmc via browser
24975023,cue_reactivity,excluded,2014,pmc,0.727,nothing,manual: pmc via browser
24978633,dementia,excluded,2014,other,0.727,elsevier-skipped,manual: publisher html
24996793,dementia,excluded,2014,other,0.727,elsevier-skipped,manual: publisher html
25002573,dementia,excluded,2014,other,0.727,elsevier-skipped,manual: publisher html
25024321,dementia,excluded,2014,other,0.727,elsevier-skipped,manual: publisher html
25024335,dementia,excluded,2014,other,0.727,elsevier-skipped,manual: publisher html
25039251,vbm_of_substance_use,excluded,2014,other,0.727,nothing,manual: publisher html
25046244,emotion_regulation_2022,excluded,2014,other,0.727,nothing,manual: publisher html
25069435,dementia,excluded,2014,other,0.727,elsevier-skipped,manual: publisher html
25171901,dementia,excluded,2014,other,0.727,elsevier-skipped,manual: publisher html
25199981,cue_reactivity,excluded,2014,elsevier,0.727,elsevier-success;text-only,manual: publisher html
25287597,dementia,excluded,2014,other,0.727,elsevier-skipped,manual: publisher html
25317628,dementia,excluded,2014,other,0.727,elsevier-skipped,manual: publisher html
25320782,dementia,excluded,2014,no-link,0.727,elsevier-skipped,manual: resolve doi first
25358680,dementia,excluded,2014,other,0.727,elsevier-skipped,manual: publisher html
25391316,dementia,excluded,2014,other,0.727,elsevier-skipped,manual: publisher html
25486718,emotion_regulation_2022,excluded,2014,no-link,0.727,nothing,manual: resolve doi first
25531687,dementia,excluded,2014,pmc,0.727,elsevier-skipped,manual: pmc via browser
25571419,emotion_regulation_2022,excluded,2014,no-link,0.727,nothing,manual: resolve doi first
25574747,dementia,excluded,2014,other,0.727,elsevier-skipped,manual: publisher html
25574752,dementia,excluded,2014,other,0.727,elsevier-skipped,manual: publisher html
25750687,emotion_regulation_2022,excluded,2014,unknown,0.727,html-saved-no-tables,manual: re-save (current copy lacks tables)
26168376,emotion_regulation_2022,excluded,2011,other,0.727,nothing,manual: publisher html
27157482,dementia,excluded,2010,elsevier,0.727,elsevier-skipped,manual: publisher html
29166751,dementia,excluded,2020,other,0.723,elsevier-skipped,manual: publisher html
30739618,emotion_regulation_2022,excluded,2020,other,0.723,nothing,manual: publisher html
30744720,emotion_regulation_2022,excluded,2020,other,0.723,nothing,manual: publisher html
31088224,dementia,excluded,2020,other,0.723,elsevier-skipped,manual: publisher html
31190662,cue_reactivity,excluded,2020,other,0.723,nothing,manual: publisher html
31286349,dementia,excluded,2020,other,0.723,elsevier-skipped,manual: publisher html
31328716,emotion_regulation_2022,excluded,2020,other,0.723,nothing,manual: publisher html
31456251,cue_reactivity,excluded,2020,other,0.723,nothing,manual: publisher html
31573679,cue_reactivity,excluded,2020,other,0.723,nothing,manual: publisher html
31668596,dementia,excluded,2020,pmc,0.723,elsevier-failed,manual: pmc via browser
31710340,dementia,excluded,2020,pmc,0.723,elsevier-skipped,manual: pmc via browser
31728624,emotion_regulation_2022,excluded,2020,other,0.723,nothing,manual: publisher html
31864019,dementia,excluded,2020,elsevier,0.723,elsevier-success;text-only,manual: publisher html
31888419,emotion_regulation_2022,excluded,2020,other,0.723,nothing,manual: publisher html
31953029,cue_reactivity,excluded,2020,other,0.723,nothing,manual: publisher html
32016814,cue_reactivity,excluded,2023,other,0.723,nothing,manual: publisher html
32176761,cue_reactivity,excluded,2020,other,0.723,nothing,manual: publisher html
32233273,cue_reactivity,excluded,2020,other,0.723,nothing,manual: publisher html
32252540,cue_reactivity,excluded,2020,pmc,0.723,nothing,manual: pmc via browser
32482919,dementia,excluded,2020,other,0.723,elsevier-skipped,manual: publisher html
32507758,dementia,excluded,2020,other,0.723,elsevier-skipped,manual: publisher html
32533819,cue_reactivity,excluded,2020,other,0.723,nothing,manual: publisher html
32686948,cue_reactivity,excluded,2020,other,0.723,nothing,manual: publisher html
32705569,cue_reactivity,excluded,2020,other,0.723,nothing,manual: publisher html
32809046,cue_reactivity,excluded,2020,other,0.723,nothing,manual: publisher html
32854531,cue_reactivity,excluded,2020,pmc,0.723,nothing,manual: pmc via browser
33207355,dementia,excluded,2020,other,0.723,elsevier-skipped,manual: publisher html
33460185,cue_reactivity,excluded,2020,other,0.723,nothing,manual: publisher html
33486486,dementia,excluded,2020,other,0.723,elsevier-skipped,manual: publisher html
39620843,dementia,excluded,2024,other,0.723,nothing,manual: publisher html
15459077,emotion_regulation_2022,excluded,2005,other,0.634,nothing,manual: publisher html
15459079,executive_function,excluded,2005,other,0.634,nothing,manual: publisher html
15563725,executive_function,excluded,2005,unknown,0.634,elsevier-skipped,manual: resolve doi first
15615814,dementia,excluded,2005,unknown,0.634,elsevier-skipped,manual: resolve doi first
15630363,executive_function,excluded,2005,unknown,0.634,elsevier-skipped,manual: resolve doi first
15649088,executive_function,excluded,2005,unknown,0.634,elsevier-skipped,manual: resolve doi first
15660647,executive_function,excluded,2005,unknown,0.634,elsevier-skipped,manual: resolve doi first
15666327,executive_function,excluded,2005,unknown,0.634,elsevier-skipped,manual: resolve doi first
15668210,executive_function,excluded,2005,unknown,0.634,elsevier-skipped,manual: resolve doi first
15670229,executive_function,excluded,2005,unknown,0.634,elsevier-skipped,manual: resolve doi first
15673663,executive_function,excluded,2005,unknown,0.634,elsevier-skipped,manual: resolve doi first
15677609,executive_function,excluded,2005,unknown,0.634,elsevier-skipped,manual: resolve doi first
15689356,dementia,excluded,2005,unknown,0.634,elsevier-skipped,manual: resolve doi first
15689742,executive_function,excluded,2005,unknown,0.634,elsevier-skipped,manual: resolve doi first
15690653,executive_function,excluded,2005,unknown,0.634,elsevier-skipped,manual: resolve doi first
15701837,executive_function,excluded,2005,unknown,0.634,elsevier-skipped,manual: resolve doi first
15703387,executive_function,excluded,2005,unknown,0.634,elsevier-skipped,manual: resolve doi first
15716518,executive_function,excluded,2005,unknown,0.634,elsevier-skipped,manual: resolve doi first
15716537,executive_function,excluded,2005,unknown,0.634,elsevier-skipped,manual: resolve doi first
15719074,executive_function,excluded,2005,unknown,0.634,elsevier-skipped,manual: resolve doi first
15720173,executive_function,excluded,2005,unknown,0.634,elsevier-skipped,manual: resolve doi first
15727616,executive_function,excluded,2005,unknown,0.634,elsevier-skipped,manual: resolve doi first
15728437,executive_function,excluded,2005,unknown,0.634,elsevier-skipped,manual: resolve doi first
15729733,executive_function,excluded,2005,unknown,0.634,elsevier-skipped,manual: resolve doi first
15739047,dementia,excluded,2005,unknown,0.634,elsevier-skipped,manual: resolve doi first
15742440,executive_function,excluded,2005,unknown,0.634,elsevier-skipped,manual: resolve doi first
15746224,executive_function,excluded,2005,unknown,0.634,elsevier-skipped,manual: resolve doi first
15753238,executive_function,excluded,2005,unknown,0.634,elsevier-skipped,manual: resolve doi first
15758048,decision_making,excluded,2005,unknown,0.634,elsevier-skipped,manual: resolve doi first
15769497,executive_function,excluded,2005,unknown,0.634,elsevier-skipped,manual: resolve doi first
15772951,executive_function,excluded,2005,unknown,0.634,elsevier-skipped,manual: resolve doi first
15772953,executive_function,excluded,2005,unknown,0.634,elsevier-skipped,manual: resolve doi first
15774439,executive_function,excluded,2005,unknown,0.634,elsevier-skipped,manual: resolve doi first
15774455,dementia,excluded,2005,unknown,0.634,elsevier-skipped,manual: resolve doi first
15784710,executive_function,excluded,2005,unknown,0.634,elsevier-skipped,manual: resolve doi first
15800453,dementia,excluded,2005,unknown,0.634,elsevier-failed,manual: resolve doi first
15804920,executive_function,excluded,2005,unknown,0.634,elsevier-skipped,manual: resolve doi first
15805001,executive_function,excluded,2005,unknown,0.634,elsevier-skipped,manual: resolve doi first
15815583,executive_function,excluded,2005,unknown,0.634,elsevier-skipped,manual: resolve doi first
15817644,executive_function,excluded,2005,unknown,0.634,elsevier-skipped,manual: resolve doi first
15823984,executive_function,excluded,2005,unknown,0.634,elsevier-skipped,manual: resolve doi first
15826258,executive_function,excluded,2005,unknown,0.634,elsevier-skipped,manual: resolve doi first
15826967,executive_function,excluded,2005,unknown,0.634,elsevier-skipped,manual: resolve doi first
15826996,dementia,excluded,2005,unknown,0.634,elsevier-skipped,manual: resolve doi first
15835285,executive_function,excluded,2005,unknown,0.634,elsevier-skipped,manual: resolve doi first
15838577,executive_function,excluded,2005,unknown,0.634,elsevier-skipped,manual: resolve doi first
15841415,dementia,excluded,2005,unknown,0.634,elsevier-skipped,manual: resolve doi first
15841677,executive_function,excluded,2005,unknown,0.634,elsevier-skipped,manual: resolve doi first
15843422,executive_function,excluded,2005,unknown,0.634,elsevier-skipped,manual: resolve doi first
15844669,dementia,excluded,2005,unknown,0.634,elsevier-skipped,manual: resolve doi first
15850502,cue_reactivity,excluded,2005,unknown,0.634,elsevier-skipped,manual: resolve doi first
15852386,executive_function,excluded,2005,unknown,0.634,elsevier-skipped,manual: resolve doi first
15863793,emotion_regulation_2022,excluded,2005,other,0.634,nothing,manual: publisher html
15868717,executive_function,excluded,2005,other,0.634,nothing,manual: publisher html
15869317,executive_function,excluded,2005,no-link,0.634,nothing,manual: resolve doi first
15875911,dementia,excluded,2005,other,0.634,elsevier-skipped,manual: publisher html
15879018,executive_function,excluded,2005,pmc,0.634,nothing,manual: pmc via browser
15881525,executive_function,excluded,2005,no-link,0.634,nothing,manual: resolve doi first
15881528,executive_function,excluded,2005,no-link,0.634,nothing,manual: resolve doi first
15884631,executive_function,excluded,2005,no-link,0.634,nothing,manual: resolve doi first
15908747,dementia,excluded,2005,other,0.634,elsevier-skipped,manual: publisher html
15929098,executive_function,excluded,2005,pmc,0.634,nothing,manual: pmc via browser
15930045,dementia,excluded,2005,other,0.634,elsevier-skipped,manual: publisher html
15930054,executive_function,excluded,2005,other,0.634,nothing,manual: publisher html
15938707,executive_function,excluded,2005,other,0.634,nothing,manual: publisher html
15942956,executive_function,excluded,2006,other,0.634,nothing,manual: publisher html
15947061,executive_function,excluded,2005,other,0.634,nothing,manual: publisher html
15949236,executive_function,excluded,2005,other,0.634,nothing,manual: publisher html
15961982,executive_function,excluded,2005,other,0.634,elsevier-skipped,manual: publisher html
15965697,dementia,excluded,2005,other,0.634,elsevier-skipped,manual: publisher html
15966754,cue_reactivity,excluded,2005,other,0.634,nothing,manual: publisher html
15977297,executive_function,excluded,2005,no-link,0.634,nothing,manual: resolve doi first
15978017,executive_function,excluded,2005,other,0.634,nothing,manual: publisher html
15981721,executive_function,excluded,2005,other,0.634,nothing,manual: publisher html
15986731,executive_function,excluded,2005,no-link,0.634,nothing,manual: resolve doi first
15987275,executive_function,excluded,2005,other,0.634,nothing,manual: publisher html
15987579,executive_function,excluded,2005,other,0.634,nothing,manual: publisher html
15987709,executive_function,excluded,2005,other,0.634,nothing,manual: publisher html
15988623,executive_function,excluded,2005,other,0.634,nothing,manual: publisher html
15990714,executive_function,excluded,2005,no-link,0.634,nothing,manual: resolve doi first
15997014,emotion_regulation_2022,excluded,2005,other,0.634,nothing,manual: publisher html
15997015,vbm_of_substance_use,excluded,2005,other,0.634,nothing,manual: publisher html
15997600,executive_function,excluded,2005,pmc,0.634,nothing,manual: pmc via browser
16000632,executive_function,excluded,2005,pmc,0.634,nothing,manual: pmc via browser
16004619,executive_function,excluded,2006,other,0.634,nothing,manual: publisher html
16006705,executive_function,excluded,2005,no-link,0.634,nothing,manual: resolve doi first
16015442,executive_function,excluded,2005,other,0.634,nothing,manual: publisher html
16019380,executive_function,excluded,2005,other,0.634,nothing,manual: publisher html
16021963,dementia,excluded,2005,no-link,0.634,elsevier-skipped,manual: resolve doi first
16032689,dementia,excluded,2005,other,0.634,elsevier-skipped,manual: publisher html
16036465,executive_function,excluded,2005,other,0.634,nothing,manual: publisher html
16043895,executive_function,excluded,2005,other,0.634,nothing,manual: publisher html
16045067,executive_function,excluded,2005,no-link,0.634,nothing,manual: resolve doi first
16045068,executive_function,excluded,2005,no-link,0.634,nothing,manual: resolve doi first
16047521,executive_function,excluded,2005,pmc,0.634,nothing,manual: pmc via browser
16078183,executive_function,excluded,2006,pmc,0.634,nothing,manual: pmc via browser
16087447,executive_function,excluded,2005,pmc,0.634,nothing,manual: pmc via browser
16088140,dementia,excluded,2005,other,0.634,elsevier-skipped,manual: publisher html
16107352,executive_function,excluded,2005,pmc,0.634,nothing,manual: pmc via browser
16107356,executive_function,excluded,2005,pmc,0.634,nothing,manual: pmc via browser
16107368,executive_function,excluded,2005,pmc,0.634,nothing,manual: pmc via browser
16120878,executive_function,excluded,2005,other,0.634,nothing,manual: publisher html
16124082,executive_function,excluded,2005,other,0.634,nothing,manual: publisher html
16134735,executive_function,excluded,2005,other,0.634,nothing,manual: publisher html
16135618,executive_function,excluded,2005,pmc,0.634,nothing,manual: pmc via browser
16136863,executive_function,excluded,2005,no-link,0.634,nothing,manual: resolve doi first
16139733,executive_function,excluded,2005,elsevier,0.634,elsevier-skipped,manual: publisher html
16145126,executive_function,excluded,2005,pmc,0.634,nothing,manual: pmc via browser
16147579,executive_function,excluded,2005,other,0.634,nothing,manual: publisher html
16171034,executive_function,excluded,2005,no-link,0.634,nothing,manual: resolve doi first
16174176,executive_function,excluded,2005,other,0.634,nothing,manual: publisher html
16178033,executive_function,excluded,2005,other,0.634,nothing,manual: publisher html
16180210,executive_function,excluded,2006,pmc,0.634,nothing,manual: pmc via browser
16180709,dementia,excluded,2005,no-link,0.634,elsevier-skipped,manual: resolve doi first
16183552,executive_function,excluded,2005,no-link,0.634,nothing,manual: resolve doi first
16183616,executive_function,excluded,2005,pmc,0.634,nothing,manual: pmc via browser
16192724,dementia,excluded,2005,other,0.634,elsevier-skipped,manual: publisher html
16193841,dementia,excluded,2005,other,0.634,elsevier-skipped,manual: publisher html
16199831,executive_function,excluded,2005,other,0.634,nothing,manual: publisher html
16201122,emotion_regulation_2022,excluded,2005,no-link,0.634,nothing,manual: resolve doi first
16211531,executive_function,excluded,2005,other,0.634,nothing,manual: publisher html
16211615,executive_function,excluded,2006,other,0.634,nothing,manual: publisher html
16224919,executive_function,excluded,2005,other,0.634,nothing,manual: publisher html
16225562,executive_function,excluded,2005,other,0.634,nothing,manual: publisher html
16229380,cue_reactivity,excluded,2005,other,0.634,nothing,manual: publisher html
16240349,dementia,excluded,2005,other,0.634,elsevier-skipped,manual: publisher html
16243219,dementia,excluded,2005,elsevier,0.634,elsevier-success;text-only,manual: publisher html
16245070,emotion_regulation_2022,excluded,2005,other,0.634,nothing,manual: publisher html
16251138,dementia,excluded,2005,other,0.634,elsevier-skipped,manual: publisher html
16252889,dementia,excluded,2005,no-link,0.634,elsevier-skipped,manual: resolve doi first
16254883,executive_function,excluded,2005,other,0.634,nothing,manual: publisher html
16254993,cue_reactivity,excluded,2005,other,0.634,nothing,manual: publisher html
16255007,executive_function,excluded,2005,other,0.634,nothing,manual: publisher html
16265841,dementia,excluded,2005,other,0.634,elsevier-skipped,manual: publisher html
16268374,executive_function,excluded,2005,no-link,0.634,nothing,manual: resolve doi first
16269396,executive_function,excluded,2005,other,0.634,nothing,manual: publisher html
16273542,dementia,excluded,2005,other,0.634,elsevier-skipped,manual: publisher html
16284969,cue_reactivity;executive_function,excluded,2005,other,0.634,nothing,manual: publisher html
16292168,emotion_regulation_2022,excluded,2005,elsevier,0.634,elsevier-success;text-only,manual: publisher html
16296442,executive_function,excluded,2005,other,0.634,nothing,manual: publisher html
16317254,dementia,excluded,2005,unknown,0.634,elsevier-skipped;html-saved-no-tables,manual: re-save (current copy lacks tables)
16319024,dementia,excluded,2005,no-link,0.634,elsevier-skipped,manual: resolve doi first
16323251,executive_function,excluded,2006,other,0.634,nothing,manual: publisher html
16324238,dementia,excluded,2005,no-link,0.634,elsevier-skipped,manual: resolve doi first
16328511,dementia,excluded,2006,other,0.634,elsevier-skipped,manual: publisher html
16328530,dementia,excluded,2005,other,0.634,elsevier-skipped,manual: publisher html
16330597,executive_function,excluded,2005,other,0.634,nothing,manual: publisher html
16330601,executive_function,excluded,2005,other,0.634,nothing,manual: publisher html
16335290,executive_function,excluded,2005,no-link,0.634,nothing,manual: resolve doi first
16339793,executive_function,excluded,2006,other,0.634,nothing,manual: publisher html
16341578,executive_function,excluded,2005,other,0.634,nothing,manual: publisher html
16342284,executive_function,excluded,2006,other,0.634,nothing,manual: publisher html
16352689,executive_function,excluded,2006,other,0.634,nothing,manual: publisher html
16353365,executive_function,excluded,2005,other,0.634,nothing,manual: publisher html
16361588,executive_function,excluded,2006,pmc,0.634,nothing,manual: pmc via browser
16361608,executive_function,excluded,2006,pmc,0.634,nothing,manual: pmc via browser
16363641,dementia,excluded,2005,other,0.634,elsevier-skipped,manual: publisher html
16375198,dementia,excluded,2005,other,0.634,elsevier-skipped,manual: publisher html
16403183,executive_function,excluded,2005,other,0.634,nothing,manual: publisher html
16403821,executive_function,excluded,2006,other,0.634,nothing,manual: publisher html
16416436,executive_function,excluded,2006,other,0.634,nothing,manual: publisher html
16416468,dementia,excluded,2006,other,0.634,elsevier-skipped,manual: publisher html
16423207,executive_function,excluded,2006,other,0.634,nothing,manual: publisher html
16434417,executive_function,excluded,2006,other,0.634,nothing,manual: publisher html
16437396,executive_function,excluded,2005,no-link,0.634,nothing,manual: resolve doi first
16443591,executive_function,excluded,2006,no-link,0.634,nothing,manual: resolve doi first
16445000,executive_function,excluded,2005,no-link,0.634,nothing,manual: resolve doi first
16453044,executive_function,excluded,2005,no-link,0.634,nothing,manual: resolve doi first
16453317,executive_function,excluded,2006,other,0.634,nothing,manual: publisher html
16462620,executive_function,excluded,2006,other,0.634,nothing,manual: publisher html
16463648,executive_function,excluded,2005,no-link,0.634,nothing,manual: resolve doi first
16468502,executive_function,excluded,2005,no-link,0.634,nothing,manual: resolve doi first
16468947,executive_function,excluded,2005,no-link,0.634,nothing,manual: resolve doi first
16477583,dementia,excluded,2006,other,0.634,elsevier-skipped,manual: publisher html
16481807,executive_function,excluded,2006,other,0.634,nothing,manual: publisher html
16495328,dementia,excluded,2006,other,0.634,elsevier-skipped,manual: publisher html
16506272,executive_function,excluded,2006,other,0.634,nothing,manual: publisher html
16508621,executive_function,excluded,2006,other,0.634,nothing,manual: publisher html
16514368,dementia,excluded,2006,other,0.634,elsevier-skipped,manual: publisher html
16520004,emotion_regulation_2022,excluded,2006,elsevier,0.634,elsevier-success;text-only,manual: publisher html
16529627,executive_function,excluded,2006,other,0.634,nothing,manual: publisher html
16532952,executive_function,excluded,2006,other,0.634,nothing,manual: publisher html
16536770,cue_reactivity,excluded,2006,other,0.634,nothing,manual: publisher html
16542513,executive_function,excluded,2006,other,0.634,nothing,manual: publisher html
16546860,executive_function,excluded,2006,no-link,0.634,nothing,manual: resolve doi first
16551451,executive_function,excluded,2006,other,0.634,nothing,manual: publisher html
16571767,executive_function,excluded,2006,pmc,0.634,nothing,manual: pmc via browser
16603714,executive_function,excluded,2007,other,0.634,nothing,manual: publisher html
16615426,executive_function,excluded,2006,no-link,0.634,nothing,manual: resolve doi first
16617388,executive_function,excluded,2006,no-link,0.634,nothing,manual: resolve doi first
16634468,executive_function,excluded,2006,pmc,0.634,nothing,manual: pmc via browser
16674611,executive_function,excluded,2006,other,0.634,nothing,manual: publisher html
16674764,executive_function,excluded,2006,other,0.634,nothing,manual: publisher html
16685984,executive_function,excluded,2005,no-link,0.634,nothing,manual: resolve doi first
16705038,executive_function,excluded,2006,pmc,0.634,nothing,manual: pmc via browser
16712583,executive_function,excluded,2006,other,0.634,nothing,manual: publisher html
16718653,executive_function,excluded,2007,pmc,0.634,nothing,manual: pmc via browser
16721735,executive_function,excluded,2006,other,0.634,nothing,manual: publisher html
16731723,executive_function,excluded,2006,elsevier,0.634,elsevier-skipped,manual: publisher html
16732830,executive_function,excluded,2006,other,0.634,nothing,manual: publisher html
16736484,executive_function,excluded,2006,other,0.634,nothing,manual: publisher html
16740583,executive_function,excluded,2007,other,0.634,nothing,manual: publisher html
16741206,executive_function,excluded,2006,other,0.634,nothing,manual: publisher html
16754352,executive_function,excluded,2006,other,0.634,nothing,manual: publisher html
16754598,executive_function,excluded,2006,other,0.634,nothing,manual: publisher html
16757978,executive_function,excluded,2006,other,0.634,nothing,manual: publisher html
16768752,dementia,excluded,2006,pmc,0.634,elsevier-skipped,manual: pmc via browser
16771179,dementia,excluded,2006,other,0.634,elsevier-skipped,manual: publisher html
16773268,dementia,excluded,2006,other,0.634,elsevier-skipped,manual: publisher html
16775126,executive_function,excluded,2006,pmc,0.634,nothing,manual: pmc via browser
16775146,executive_function,excluded,2006,pmc,0.634,nothing,manual: pmc via browser
16775278,executive_function,excluded,2006,pmc,0.634,nothing,manual: pmc via browser
16775670,executive_function,excluded,2007,no-link,0.634,nothing,manual: resolve doi first
16782717,executive_function,excluded,2006,other,0.634,nothing,manual: publisher html
16800842,executive_function,excluded,2006,other,0.634,nothing,manual: publisher html
16801462,executive_function,excluded,2006,other,0.634,nothing,manual: publisher html
16813919,cue_reactivity,excluded,2006,other,0.634,nothing,manual: publisher html
16816233,executive_function,excluded,2006,pmc,0.634,nothing,manual: pmc via browser
16822246,executive_function,excluded,2006,other,0.634,nothing,manual: publisher html
16831987,executive_function,excluded,2006,other,0.634,nothing,manual: publisher html
16834705,executive_function,excluded,2006,other,0.634,nothing,manual: publisher html
16845570,dementia,excluded,2006,other,0.634,elsevier-skipped,manual: publisher html
16854205,executive_function,excluded,2006,other,0.634,nothing,manual: publisher html
16857855,executive_function,excluded,2007,other,0.634,nothing,manual: publisher html
16872066,executive_function,excluded,2006,other,0.634,nothing,manual: publisher html
16872091,executive_function,excluded,2006,other,0.634,nothing,manual: publisher html
16875340,dementia,excluded,2006,other,0.634,elsevier-skipped,manual: publisher html
16878708,executive_function,excluded,2006,no-link,0.634,nothing,manual: resolve doi first
16895961,executive_function,excluded,2006,other,0.634,nothing,manual: publisher html
16900757,executive_function,excluded,2006,other,0.634,nothing,manual: publisher html
16900815,executive_function,excluded,2006,no-link,0.634,nothing,manual: resolve doi first
16920883,executive_function,excluded,2007,other,0.634,nothing,manual: publisher html
16923324,executive_function,excluded,2007,other,0.634,nothing,manual: publisher html
16929014,executive_function,excluded,2006,other,0.634,nothing,manual: publisher html
16937152,executive_function,excluded,2006,other,0.634,nothing,manual: publisher html
16938018,dementia,excluded,2006,other,0.634,elsevier-skipped,manual: publisher html
16938092,emotion_regulation_2022,excluded,2006,other,0.634,nothing,manual: publisher html
16945915,executive_function,excluded,2006,pmc,0.634,nothing,manual: pmc via browser
16951784,executive_function,excluded,2006,no-link,0.634,nothing,manual: resolve doi first
16952916,executive_function;problem_solving,excluded,2007,pmc,0.634,nothing,manual: pmc via browser
16964340,executive_function,excluded,2006,no-link,0.634,nothing,manual: resolve doi first
16966586,executive_function,excluded,2006,pmc,0.634,nothing,manual: pmc via browser
16966587,executive_function,excluded,2006,other,0.634,nothing,manual: publisher html
16971677,executive_function,excluded,2007,pmc,0.634,nothing,manual: pmc via browser
16982542,executive_function,excluded,2006,no-link,0.634,nothing,manual: resolve doi first
16982549,executive_function,excluded,2006,no-link,0.634,nothing,manual: resolve doi first
16982554,executive_function,excluded,2006,no-link,0.634,nothing,manual: resolve doi first
16983683,executive_function,excluded,2006,other,0.634,nothing,manual: publisher html
16987245,dementia,excluded,2006,other,0.634,elsevier-skipped,manual: publisher html
17003069,dementia,excluded,2006,other,0.634,elsevier-skipped,manual: publisher html
17012070,executive_function,excluded,2006,no-link,0.634,nothing,manual: resolve doi first
17012685,executive_function,excluded,2006,other,0.634,nothing,manual: publisher html
17012932,dementia,excluded,2006,other,0.634,elsevier-skipped,manual: publisher html
17016213,executive_function,excluded,2006,other,0.634,nothing,manual: publisher html
17020482,executive_function,excluded,2006,other,0.634,nothing,manual: publisher html
17023008,executive_function,excluded,2007,elsevier,0.634,elsevier-success;text-only,manual: publisher html
17023697,executive_function,excluded,2006,elsevier,0.634,elsevier-skipped,manual: publisher html
17028118,executive_function,excluded,2007,pmc,0.634,nothing,manual: pmc via browser
17030534,dementia,excluded,2006,other,0.634,elsevier-skipped,manual: publisher html
17030535,dementia,excluded,2006,other,0.634,elsevier-skipped,manual: publisher html
17030755,dementia,excluded,2006,pmc,0.634,elsevier-skipped,manual: pmc via browser
17033628,vbm_of_substance_use,excluded,2007,other,0.634,nothing,manual: publisher html
17050709,decision_making,excluded,2006,pmc,0.634,nothing,manual: pmc via browser
17051432,cue_reactivity,excluded,2006,other,0.634,nothing,manual: publisher html
17060407,executive_function,excluded,2007,other,0.634,nothing,manual: publisher html
17062771,emotion_regulation_2022,excluded,2007,other,0.634,nothing,manual: publisher html
17063984,executive_function,excluded,2006,pmc,0.634,nothing,manual: pmc via browser
17068012,executive_function,excluded,2007,other,0.634,nothing,manual: publisher html
17070455,dementia,excluded,2006,elsevier,0.634,elsevier-success;text-only,manual: publisher html
17077132,vbm_of_substance_use,excluded,2007,other,0.634,nothing,manual: publisher html
17080438,executive_function,excluded,2007,pmc,0.634,nothing,manual: pmc via browser
17080724,dementia,excluded,2006,other,0.634,elsevier-skipped,manual: publisher html
17081804,executive_function,excluded,2008,no-link,0.634,nothing,manual: resolve doi first
17086416,dementia,excluded,2007,other,0.634,elsevier-skipped,manual: publisher html
17088691,dementia,excluded,2005,other,0.634,elsevier-skipped,manual: publisher html
17105480,executive_function,excluded,2006,other,0.634,nothing,manual: publisher html
17105986,executive_function,excluded,2006,other,0.634,nothing,manual: publisher html
17117340,dementia,excluded,2006,no-link,0.634,elsevier-skipped,manual: resolve doi first
17119311,executive_function,excluded,2006,no-link,0.634,nothing,manual: resolve doi first
17119543,executive_function,excluded,2007,other,0.634,nothing,manual: publisher html
17129187,dementia,excluded,2006,other,0.634,elsevier-skipped,manual: publisher html
17133383,executive_function,excluded,2007,pmc,0.634,nothing,manual: pmc via browser
17133399,executive_function,excluded,2007,pmc,0.634,nothing,manual: pmc via browser
17149496,executive_function,excluded,2006,no-link,0.634,nothing,manual: resolve doi first
17151173,executive_function,excluded,2006,other,0.634,nothing,manual: publisher html
17151993,emotion_regulation_2022,excluded,2006,other,0.634,nothing,manual: publisher html
17153406,executive_function,excluded,2006,other,0.634,nothing,manual: publisher html
17156699,executive_function,excluded,2006,other,0.634,nothing,manual: publisher html
17160803,executive_function,excluded,2006,no-link,0.634,nothing,manual: resolve doi first
17172552,executive_function,excluded,2007,other,0.634,nothing,manual: publisher html
17172610,dementia,excluded,2006,other,0.634,elsevier-skipped,manual: publisher html
17182396,dementia,excluded,2006,other,0.634,elsevier-skipped,manual: publisher html
17182580,executive_function,excluded,2007,other,0.634,nothing,manual: publisher html
17182771,decision_making,excluded,2006,pmc,0.634,nothing,manual: pmc via browser
17191414,executive_function,excluded,2006,no-link,0.634,nothing,manual: resolve doi first
17195884,dementia,excluded,2006,no-link,0.634,elsevier-skipped,manual: resolve doi first
17201996,executive_function,excluded,2007,other,0.634,nothing,manual: publisher html
17202544,executive_function,excluded,2007,other,0.634,nothing,manual: publisher html
17203597,dementia,excluded,2006,other,0.634,elsevier-skipped,manual: publisher html
17208452,executive_function,excluded,2007,elsevier,0.634,elsevier-success;text-only,manual: publisher html
17215478,executive_function,excluded,2007,other,0.634,nothing,manual: publisher html
17215532,executive_function,excluded,2007,other,0.634,nothing,manual: publisher html
17216756,executive_function,excluded,2006,no-link,0.634,nothing,manual: resolve doi first
17239043,dementia,excluded,2007,other,0.634,elsevier-skipped,manual: publisher html
17241097,executive_function,excluded,2007,other,0.634,nothing,manual: publisher html
17244179,executive_function,excluded,2007,other,0.634,nothing,manual: publisher html
17253974,executive_function,excluded,2007,other,0.634,nothing,manual: publisher html
17253997,executive_function,excluded,2007,other,0.634,nothing,manual: publisher html
17263004,executive_function,excluded,2006,other,0.634,nothing,manual: publisher html
17274494,cue_reactivity,excluded,2006,other,0.634,nothing,manual: publisher html
17280517,executive_function;social,excluded,2007,other,0.634,nothing,manual: publisher html
17286075,decision_making,excluded,2007,no-link,0.634,nothing,manual: resolve doi first
17287499,executive_function,excluded,2007,pmc,0.634,nothing,manual: pmc via browser
17296841,dementia,excluded,2007,other,0.634,elsevier-skipped,manual: publisher html
17302626,executive_function,excluded,2007,other,0.634,nothing,manual: publisher html
17309188,executive_function,excluded,2006,no-link,0.634,nothing,manual: resolve doi first
17316990,cue_reactivity,excluded,2007,elsevier,0.634,elsevier-success;text-only,manual: publisher html
17329473,executive_function,excluded,2007,other,0.634,nothing,manual: publisher html
17332904,executive_function,excluded,2007,no-link,0.634,nothing,manual: resolve doi first
17336502,executive_function,excluded,2007,elsevier,0.634,elsevier-success;text-only,manual: publisher html
17347250,dementia,excluded,2007,pmc,0.634,elsevier-skipped,manual: pmc via browser
17353375,dementia,excluded,2007,other,0.634,elsevier-skipped,manual: publisher html
17354149,executive_function,excluded,2007,other,0.634,nothing,manual: publisher html
17354796,executive_function,excluded,2006,no-link,0.634,nothing,manual: resolve doi first
17356339,dementia,excluded,2007,other,0.634,elsevier-skipped,manual: publisher html
17370340,executive_function,excluded,2008,pmc,0.634,nothing,manual: pmc via browser
17371413,executive_function,excluded,2007,other,0.634,nothing,manual: publisher html
17374952,dementia,excluded,2007,other,0.634,elsevier-skipped,manual: publisher html
17375973,executive_function,excluded,2007,other,0.634,nothing,manual: publisher html
17380245,dementia,excluded,2007,pmc,0.634,elsevier-skipped,manual: pmc via browser
17388190,executive_function,excluded,2007,other,0.634,nothing,manual: publisher html
17389003,dementia,excluded,2007,other,0.634,elsevier-skipped,manual: publisher html
17389461,executive_function,excluded,2007,other,0.634,nothing,manual: publisher html
17390315,executive_function,excluded,2008,pmc,0.634,nothing,manual: pmc via browser
17415082,dementia,excluded,2007,other,0.634,elsevier-skipped,manual: publisher html
17419833,executive_function,excluded,2007,other,0.634,nothing,manual: publisher html
17420404,dementia,excluded,2007,other,0.634,elsevier-skipped,manual: publisher html
17428266,executive_function,excluded,2008,other,0.634,nothing,manual: publisher html
17437282,executive_function,excluded,2007,pmc,0.634,nothing,manual: pmc via browser
17439980,dementia,excluded,2007,other,0.634,elsevier-skipped,manual: publisher html
17443018,vbm_of_substance_use,excluded,2008,pmc,0.634,nothing,manual: pmc via browser
17443493,executive_function,excluded,2007,other,0.634,nothing,manual: publisher html
17445248,executive_function,excluded,2007,other,0.634,nothing,manual: publisher html
17454685,executive_function,excluded,2007,other,0.634,nothing,manual: publisher html
17455878,executive_function,excluded,2007,other,0.634,nothing,manual: publisher html
17459179,emotion_regulation_2022,excluded,2007,other,0.634,nothing,manual: publisher html
17464690,executive_function,excluded,2007,other,0.634,nothing,manual: publisher html
17471288,emotion_regulation_2022,excluded,2007,other,0.634,nothing,manual: publisher html
17473851,executive_function,excluded,2008,pmc,0.634,nothing,manual: pmc via browser
17475791,executive_function,excluded,2007,pmc,0.634,nothing,manual: pmc via browser
17483532,executive_function,excluded,2007,other,0.634,nothing,manual: publisher html
17485785,executive_function,excluded,2007,no-link,0.634,nothing,manual: resolve doi first
17487133,executive_function,excluded,2007,no-link,0.634,nothing,manual: resolve doi first
17487228,cue_reactivity,excluded,2008,other,0.634,nothing,manual: publisher html
17494829,executive_function,excluded,2007,other,0.634,nothing,manual: publisher html
17496739,executive_function,excluded,2007,elsevier,0.634,elsevier-failed,manual: publisher html
17497130,executive_function,excluded,2007,other,0.634,nothing,manual: publisher html
17497646,executive_function,excluded,2008,pmc,0.634,nothing,manual: pmc via browser
17500448,executive_function,excluded,2007,other,0.634,nothing,manual: publisher html
17502554,dementia,excluded,2007,other,0.634,elsevier-skipped,manual: publisher html
17511854,executive_function,excluded,2007,other,0.634,nothing,manual: publisher html
17513197,cue_reactivity,excluded,2007,other,0.634,nothing,manual: publisher html
17520437,executive_function,excluded,2007,other,0.634,nothing,manual: publisher html
17520616,executive_function,excluded,2006,other,0.634,nothing,manual: publisher html
17522784,dementia,excluded,2007,other,0.634,elsevier-skipped,manual: publisher html
17526022,executive_function,excluded,2007,other,0.634,nothing,manual: publisher html
17536969,emotion_regulation_2022,excluded,2007,other,0.634,nothing,manual: publisher html
17541057,executive_function,excluded,2007,pmc,0.634,nothing,manual: pmc via browser
17541785,dementia,excluded,2007,other,0.634,elsevier-skipped,manual: publisher html
17541799,executive_function,excluded,2007,elsevier,0.634,elsevier-skipped,manual: publisher html
17543209,executive_function,excluded,2007,no-link,0.634,nothing,manual: resolve doi first
17545743,dementia,excluded,2007,other,0.634,elsevier-skipped,manual: publisher html
17548505,executive_function,excluded,2007,other,0.634,nothing,manual: publisher html
17548547,executive_function,excluded,2007,other,0.634,nothing,manual: publisher html
17558500,executive_function,excluded,2007,pmc,0.634,nothing,manual: pmc via browser
17559542,executive_function,excluded,2007,other,0.634,nothing,manual: publisher html
17563906,executive_function,excluded,2007,other,0.634,nothing,manual: publisher html
17566201,emotion_regulation_2022,excluded,2007,other,0.634,nothing,manual: publisher html
17566965,dementia,excluded,2007,other,0.634,elsevier-skipped,manual: publisher html
17580660,emotion_regulation_2022,excluded,2007,no-link,0.634,nothing,manual: resolve doi first
17594185,cue_reactivity,excluded,2007,other,0.634,nothing,manual: publisher html
17600520,executive_function,excluded,2007,other,0.634,nothing,manual: publisher html
17603401,executive_function,excluded,2007,no-link,0.634,nothing,manual: resolve doi first
17606661,executive_function,excluded,2007,other,0.634,nothing,manual: publisher html
17607152,executive_function,excluded,2007,other,0.634,nothing,manual: publisher html
17608298,executive_function,excluded,2007,other,0.634,nothing,manual: publisher html
17608555,executive_function,excluded,2007,other,0.634,nothing,manual: publisher html
17608908,executive_function,excluded,2007,other,0.634,nothing,manual: publisher html
17615284,dementia,excluded,2007,other,0.634,elsevier-skipped,manual: publisher html
17620879,dementia,excluded,2007,other,0.634,elsevier-skipped,manual: publisher html
17635480,executive_function,excluded,2007,other,0.634,nothing,manual: publisher html
17635590,executive_function,excluded,2007,other,0.634,nothing,manual: publisher html
17638304,executive_function,excluded,2007,other,0.634,nothing,manual: publisher html
17645453,executive_function,excluded,2007,pmc,0.634,nothing,manual: pmc via browser
17656372,executive_function,excluded,2007,other,0.634,nothing,manual: publisher html
17661837,executive_function,excluded,2007,other,0.634,nothing,manual: publisher html
17661924,executive_function,excluded,2007,other,0.634,nothing,manual: publisher html
17662005,dementia,excluded,2007,other,0.634,elsevier-skipped,manual: publisher html
17662928,executive_function,excluded,2007,no-link,0.634,nothing,manual: resolve doi first
17664549,executive_function,excluded,2007,pmc,0.634,nothing,manual: pmc via browser
17665284,executive_function,excluded,2007,pmc,0.634,nothing,manual: pmc via browser
17666083,executive_function,excluded,2007,other,0.634,nothing,manual: publisher html
17668943,executive_function,excluded,2007,other,0.634,nothing,manual: publisher html
17668956,executive_function,excluded,2007,other,0.634,nothing,manual: publisher html
17669863,executive_function,excluded,2007,other,0.634,nothing,manual: publisher html
17674276,executive_function,excluded,2007,other,0.634,nothing,manual: publisher html
17677503,executive_function,excluded,2007,no-link,0.634,nothing,manual: resolve doi first
17684588,executive_function,excluded,2007,no-link,0.634,nothing,manual: resolve doi first
17688633,executive_function,excluded,2007,other,0.634,nothing,manual: publisher html
17690056,executive_function,excluded,2007,other,0.634,nothing,manual: publisher html
17690869,emotion_regulation_2022,excluded,2007,other,0.634,nothing,manual: publisher html
17694258,executive_function,excluded,2007,other,0.634,nothing,manual: publisher html
17714373,executive_function,excluded,2007,other,0.634,nothing,manual: publisher html
17714375,executive_function,excluded,2007,other,0.634,nothing,manual: publisher html
17717602,executive_function,excluded,2007,pmc,0.634,nothing,manual: pmc via browser
17728454,executive_function,excluded,2007,pmc,0.634,nothing,manual: pmc via browser
17729011,executive_function,excluded,2007,other,0.634,nothing,manual: publisher html
17761972,executive_function,excluded,2007,pmc,0.634,nothing,manual: pmc via browser
17763497,executive_function,excluded,2007,pmc,0.634,nothing,manual: pmc via browser
17846202,dementia,excluded,2007,pmc,0.634,elsevier-skipped,manual: pmc via browser
17846768,dementia,excluded,2008,unknown,0.634,elsevier-skipped;html-saved-no-tables,manual: re-save (current copy lacks tables)
17851192,dementia,excluded,2007,other,0.634,elsevier-skipped,manual: publisher html
17868055,executive_function,excluded,2008,other,0.634,nothing,manual: publisher html
17868279,executive_function,excluded,2007,other,0.634,nothing,manual: publisher html
17873103,executive_function,excluded,2008,other,0.634,nothing,manual: publisher html
17877297,executive_function,excluded,2007,no-link,0.634,nothing,manual: resolve doi first
17885256,executive_function,excluded,2007,other,0.634,nothing,manual: publisher html
17886002,executive_function,excluded,2007,other,0.634,nothing,manual: publisher html
17892384,executive_function,excluded,2007,pmc,0.634,nothing,manual: pmc via browser
17896791,executive_function,excluded,2008,other,0.634,nothing,manual: publisher html
17906338,executive_function,excluded,2008,other,0.634,nothing,manual: publisher html
17907600,dementia,excluded,2007,no-link,0.634,elsevier-skipped,manual: resolve doi first
17914326,executive_function,excluded,2007,no-link,0.634,nothing,manual: resolve doi first
17925319,executive_function,excluded,2008,other,0.634,nothing,manual: publisher html
17928965,dementia,excluded,2007,other,0.634,elsevier-skipped,manual: publisher html
17933000,executive_function,excluded,2008,other,0.634,nothing,manual: publisher html
17934894,executive_function,excluded,2008,no-link,0.634,nothing,manual: resolve doi first
17938576,executive_function,excluded,2008,other,0.634,nothing,manual: publisher html
17955491,executive_function,excluded,2008,other,0.634,nothing,manual: publisher html
17957704,executive_function,excluded,2008,pmc,0.634,nothing,manual: pmc via browser
17958946,executive_function,excluded,2008,no-link,0.634,nothing,manual: resolve doi first
17962080,cue_reactivity,excluded,2008,elsevier,0.634,elsevier-success;text-only,manual: publisher html
17965995,dementia,excluded,2009,other,0.634,elsevier-skipped,manual: publisher html
17966240,executive_function,excluded,2007,no-link,0.634,nothing,manual: resolve doi first
17966721,executive_function,excluded,2007,no-link,0.634,nothing,manual: resolve doi first
17971665,dementia,excluded,2007,other,0.634,elsevier-skipped,manual: publisher html
17971791,executive_function,excluded,2008,other,0.634,nothing,manual: publisher html
17973781,executive_function,excluded,2007,other,0.634,nothing,manual: publisher html
17973920,executive_function,excluded,2008,other,0.634,nothing,manual: publisher html
17974940,executive_function,excluded,2007,other,0.634,nothing,manual: publisher html
17976961,dementia,excluded,2007,elsevier,0.634,elsevier-success;text-only,manual: publisher html
17977738,executive_function,excluded,2008,other,0.634,elsevier-skipped,manual: publisher html
17978028,executive_function,excluded,2007,pmc,0.634,nothing,manual: pmc via browser
17984345,executive_function,excluded,2007,no-link,0.634,nothing,manual: resolve doi first
17984853,executive_function,excluded,2007,no-link,0.634,nothing,manual: resolve doi first
17989279,executive_function,excluded,2007,pmc,0.634,nothing,manual: pmc via browser
17992686,executive_function,excluded,2008,no-link,0.634,nothing,manual: resolve doi first
17993072,executive_function,excluded,2007,no-link,0.634,nothing,manual: resolve doi first
18000804,executive_function,excluded,2008,other,0.634,nothing,manual: publisher html
18002399,executive_function,excluded,2007,no-link,0.634,nothing,manual: resolve doi first
18003752,executive_function,excluded,2008,pmc,0.634,nothing,manual: pmc via browser
18004945,executive_function,excluded,2008,pmc,0.634,nothing,manual: pmc via browser
18040118,dementia,excluded,2007,other,0.634,elsevier-skipped,manual: publisher html
18044586,executive_function,excluded,2007,no-link,0.634,nothing,manual: resolve doi first
18055860,executive_function,excluded,2008,pmc,0.634,nothing,manual: pmc via browser
18055927,vbm_of_substance_use,excluded,2007,no-link,0.634,nothing,manual: resolve doi first
18056159,executive_function,excluded,2008,other,0.634,nothing,manual: publisher html
18056239,executive_function,excluded,2007,other,0.634,nothing,manual: publisher html
18057117,executive_function,excluded,2008,elsevier,0.634,elsevier-skipped,manual: publisher html
18059502,cue_reactivity,excluded,2008,other,0.634,nothing,manual: publisher html
18060695,executive_function,excluded,2008,elsevier,0.634,elsevier-success;text-only,manual: publisher html
18063564,executive_function,excluded,2008,other,0.634,nothing,manual: publisher html
18066559,dementia,excluded,2008,other,0.634,elsevier-skipped,manual: publisher html
18067174,executive_function,excluded,2008,other,0.634,nothing,manual: publisher html
18070217,executive_function,excluded,2008,pmc,0.634,nothing,manual: pmc via browser
18072487,executive_function,excluded,2007,other,0.634,nothing,manual: publisher html
18072511,executive_function,excluded,2007,other,0.634,nothing,manual: publisher html
18072515,executive_function,excluded,2007,other,0.634,nothing,manual: publisher html
18072830,executive_function,excluded,2007,pmc,0.634,nothing,manual: pmc via browser
18076530,emotion_regulation_2022,excluded,2007,other,0.634,nothing,manual: publisher html
18077531,executive_function,excluded,2008,pmc,0.634,nothing,manual: pmc via browser
18077536,executive_function,excluded,2008,pmc,0.634,nothing,manual: pmc via browser
18080129,dementia,excluded,2008,other,0.634,elsevier-skipped,manual: publisher html
18085554,executive_function,excluded,2008,pmc,0.634,nothing,manual: pmc via browser
18085868,emotion_regulation_2022,excluded,2007,other,0.634,nothing,manual: publisher html
18092568,executive_function,excluded,2007,pmc,0.634,nothing,manual: pmc via browser
18162699,executive_function,excluded,2007,pmc,0.634,nothing,manual: pmc via browser
18164583,cue_reactivity,excluded,2008,elsevier,0.634,elsevier-failed,manual: publisher html
18166613,dementia,excluded,2007,pmc,0.634,elsevier-skipped,manual: pmc via browser
18166822,executive_function,excluded,2008,other,0.634,nothing,manual: publisher html
18171363,executive_function,excluded,2008,other,0.634,nothing,manual: publisher html
18173425,executive_function,excluded,2007,other,0.634,nothing,manual: publisher html
18178777,executive_function,excluded,2008,pmc,0.634,nothing,manual: pmc via browser
18184777,executive_function,excluded,2008,pmc,0.634,nothing,manual: pmc via browser
18184933,executive_function,excluded,2008,other,0.634,nothing,manual: publisher html
18196801,executive_function,excluded,2007,other,0.634,nothing,manual: publisher html
18200623,executive_function,excluded,2007,other,0.634,nothing,manual: publisher html
18206241,executive_function,excluded,2008,elsevier,0.634,elsevier-failed,manual: publisher html
18210807,dementia,excluded,2007,no-link,0.634,elsevier-skipped,manual: resolve doi first
18212229,executive_function,excluded,2008,pmc,0.634,nothing,manual: pmc via browser
18219225,executive_function,excluded,2008,other,0.634,nothing,manual: publisher html
18221282,cue_reactivity,excluded,2008,other,0.634,nothing,manual: publisher html
18236036,executive_function,excluded,2008,pmc,0.634,nothing,manual: pmc via browser
18258310,emotion_regulation_2022,excluded,2008,elsevier,0.634,elsevier-success;text-only,manual: publisher html
18266874,executive_function,excluded,2008,other,0.634,nothing,manual: publisher html
18275331,executive_function,excluded,2008,other,0.634,nothing,manual: publisher html
18279011,executive_function,excluded,2008,other,0.634,nothing,manual: publisher html
18281408,executive_function,excluded,2008,pmc,0.634,nothing,manual: pmc via browser
18281886,emotion_regulation_2022,excluded,2008,other,0.634,nothing,manual: publisher html
18302644,executive_function,excluded,2008,other,0.634,nothing,manual: publisher html
18302723,executive_function,excluded,2008,other,0.634,nothing,manual: publisher html
18303973,executive_function,excluded,2008,pmc,0.634,nothing,manual: pmc via browser
18305285,executive_function;problem_solving,excluded,2008,other,0.634,nothing,manual: publisher html
18307268,dementia,excluded,2008,other,0.634,elsevier-skipped,manual: publisher html
18323752,emotion_regulation_2022,excluded,2008,no-link,0.634,nothing,manual: resolve doi first
18323753,dementia,excluded,2008,no-link,0.634,elsevier-skipped,manual: resolve doi first
18323864,executive_function,excluded,2008,other,0.634,nothing,manual: publisher html
18334583,executive_function,excluded,2008,other,0.634,nothing,manual: publisher html
18337401,executive_function,excluded,2008,pmc,0.634,nothing,manual: pmc via browser
18345992,emotion_regulation_2022,excluded,2008,other,0.634,nothing,manual: publisher html
18355682,executive_function,excluded,2008,elsevier,0.634,elsevier-success;text-only,manual: publisher html
18359777,executive_function,excluded,2008,pmc,0.634,nothing,manual: pmc via browser
18365828,executive_function,excluded,2008,other,0.634,nothing,manual: publisher html
18373810,executive_function,excluded,2008,other,0.634,nothing,manual: publisher html
18379765,dementia,excluded,2008,other,0.634,elsevier-skipped,manual: publisher html
18380760,executive_function,excluded,2008,other,0.634,nothing,manual: publisher html
18382271,executive_function,excluded,2008,pmc,0.634,nothing,manual: pmc via browser
18388350,executive_function,excluded,2008,other,0.634,nothing,manual: publisher html
18388734,emotion_regulation_2022,excluded,2008,other,0.634,nothing,manual: publisher html
18401022,dementia,excluded,2008,pmc,0.634,elsevier-skipped,manual: pmc via browser
18405084,dementia,excluded,2008,no-link,0.634,elsevier-skipped,manual: resolve doi first
18408365,dementia,excluded,2008,other,0.634,elsevier-skipped,manual: publisher html
18410442,executive_function,excluded,2008,other,0.634,nothing,manual: publisher html
18412267,dementia,excluded,2008,pmc,0.634,elsevier-skipped,manual: pmc via browser
18413706,executive_function,excluded,2008,other,0.634,nothing,manual: publisher html
18413890,executive_function,excluded,2008,pmc,0.634,nothing,manual: pmc via browser
18419841,executive_function,excluded,2008,pmc,0.634,nothing,manual: pmc via browser
18422527,cue_reactivity,excluded,2008,other,0.634,nothing,manual: publisher html
18422547,executive_function,excluded,2008,other,0.634,nothing,manual: publisher html
18422840,executive_function,excluded,2008,pmc,0.634,nothing,manual: pmc via browser
18425832,executive_function,excluded,2008,other,0.634,nothing,manual: publisher html
18437637,dementia,excluded,2008,other,0.634,elsevier-skipped,manual: publisher html
18445746,dementia,excluded,2007,other,0.634,elsevier-skipped,manual: publisher html
18447716,executive_function,excluded,2008,pmc,0.634,nothing,manual: pmc via browser
18448745,executive_function,excluded,2008,pmc,0.634,nothing,manual: pmc via browser
18457505,executive_function,excluded,2008,other,0.634,nothing,manual: publisher html
18458208,executive_function,excluded,2008,pmc,0.634,nothing,manual: pmc via browser
18459546,executive_function,excluded,2008,no-link,0.634,nothing,manual: resolve doi first
18460045,executive_function,excluded,2008,other,0.634,nothing,manual: publisher html
18474742,executive_function,excluded,2008,pmc,0.634,nothing,manual: pmc via browser
18477120,executive_function,excluded,2008,other,0.634,nothing,manual: publisher html
18477182,executive_function,excluded,2008,other,0.634,nothing,manual: publisher html
18483267,executive_function,excluded,2008,pmc,0.634,nothing,manual: pmc via browser
18491512,executive_function,excluded,2008,other,0.634,nothing,manual: publisher html
18491965,executive_function,excluded,2008,other,0.634,nothing,manual: publisher html
18494829,executive_function,excluded,2008,other,0.634,nothing,manual: publisher html
18495880,executive_function,excluded,2008,pmc,0.634,nothing,manual: pmc via browser
18509047,cue_reactivity;executive_function,excluded,2008,pmc,0.634,nothing,manual: pmc via browser
18512758,dementia,excluded,2008,other,0.634,elsevier-skipped,manual: publisher html
18515278,executive_function,excluded,2008,pmc,0.634,nothing,manual: pmc via browser
18519527,executive_function,excluded,2008,pmc,0.634,nothing,manual: pmc via browser
18524386,executive_function,excluded,2008,no-link,0.634,nothing,manual: resolve doi first
18539249,executive_function,excluded,2008,elsevier,0.634,elsevier-failed,manual: publisher html
18540914,executive_function,excluded,2008,pmc,0.634,nothing,manual: pmc via browser
18541740,executive_function,excluded,2008,pmc,0.634,nothing,manual: pmc via browser
18552829,cue_reactivity,excluded,2008,other,0.634,nothing,manual: publisher html
18559614,executive_function,excluded,2008,pmc,0.634,nothing,manual: pmc via browser
18564153,cue_reactivity,excluded,2008,other,0.634,nothing,manual: publisher html
18568083,cue_reactivity,excluded,2008,pmc,0.634,nothing,manual: pmc via browser
18568559,executive_function,excluded,2008,other,0.634,nothing,manual: publisher html
18571798,executive_function,excluded,2008,other,0.634,nothing,manual: publisher html
18573827,executive_function,excluded,2008,other,0.634,nothing,manual: publisher html
18575459,executive_function,excluded,2008,other,0.634,nothing,manual: publisher html
18576918,executive_function,excluded,2008,pmc,0.634,nothing,manual: pmc via browser
18580874,emotion_regulation_2022,excluded,2009,other,0.634,nothing,manual: publisher html
18589506,emotion_regulation_2022,excluded,2008,no-link,0.634,nothing,manual: resolve doi first
18591915,executive_function,excluded,2008,pmc,0.634,nothing,manual: pmc via browser
18592043,executive_function,excluded,2008,pmc,0.634,nothing,manual: pmc via browser
18593276,dementia,excluded,2008,other,0.634,elsevier-skipped,manual: publisher html
18606038,emotion_regulation_2022,excluded,2008,other,0.634,nothing,manual: publisher html
18608677,executive_function,excluded,2009,pmc,0.634,nothing,manual: pmc via browser
18609334,dementia,excluded,2008,no-link,0.634,elsevier-skipped,manual: resolve doi first
18615011,executive_function,excluded,2009,pmc,0.634,nothing,manual: pmc via browser
18618193,executive_function,excluded,2008,pmc,0.634,nothing,manual: pmc via browser
18622403,executive_function,excluded,2008,pmc,0.634,nothing,manual: pmc via browser
18624960,cue_reactivity,excluded,2009,other,0.634,nothing,manual: publisher html
18632543,executive_function,excluded,2008,pmc,0.634,nothing,manual: pmc via browser
18632890,executive_function,excluded,2008,pmc,0.634,nothing,manual: pmc via browser
18633772,executive_function,excluded,2006,other,0.634,nothing,manual: publisher html
18635705,executive_function,excluded,2009,other,0.634,nothing,manual: publisher html
18638181,executive_function,excluded,2008,other,0.634,nothing,manual: publisher html
18648902,executive_function,excluded,2008,pmc,0.634,nothing,manual: pmc via browser
18650327,executive_function,excluded,2008,pmc,0.634,nothing,manual: pmc via browser
18650530,executive_function,excluded,2008,no-link,0.634,nothing,manual: resolve doi first
18658073,executive_function,excluded,2008,other,0.634,nothing,manual: publisher html
18661420,executive_function,excluded,2008,no-link,0.634,nothing,manual: resolve doi first
18667399,executive_function,excluded,2008,other,0.634,nothing,manual: publisher html
18671900,executive_function,excluded,2008,other,0.634,nothing,manual: publisher html
18685833,executive_function,excluded,2008,pmc,0.634,nothing,manual: pmc via browser
18686056,executive_function,excluded,2008,other,0.634,nothing,manual: publisher html
18687644,executive_function,excluded,2008,pmc,0.634,nothing,manual: pmc via browser
18690556,dementia,excluded,2008,other,0.634,elsevier-skipped,manual: publisher html
18691235,executive_function,excluded,2008,other,0.634,nothing,manual: publisher html
18695590,dementia,excluded,2008,unknown,0.634,elsevier-skipped;html-saved-no-tables,manual: re-save (current copy lacks tables)
18697557,executive_function,excluded,2008,other,0.634,nothing,manual: publisher html
18702717,executive_function,excluded,2008,other,0.634,nothing,manual: publisher html
18706660,dementia,excluded,2008,elsevier,0.634,elsevier-success;text-only,manual: publisher html
18716203,executive_function,excluded,2008,pmc,0.634,nothing,manual: pmc via browser
18726967,emotion_regulation_2022,excluded,2009,other,0.634,nothing,manual: publisher html
18727673,executive_function,excluded,2008,other,0.634,nothing,manual: publisher html
18756086,dementia,excluded,2008,other,0.634,elsevier-skipped,manual: publisher html
18757332,executive_function,excluded,2008,pmc,0.634,nothing,manual: pmc via browser
18758379,executive_function,excluded,2008,other,0.634,nothing,manual: publisher html
18759150,executive_function,excluded,2008,other,0.634,nothing,manual: publisher html
18759938,executive_function,excluded,2008,other,0.634,nothing,manual: publisher html
18761412,cue_reactivity,excluded,2008,elsevier,0.634,elsevier-success;text-only,manual: publisher html
18779509,executive_function,excluded,2008,pmc,0.634,nothing,manual: pmc via browser
18781582,executive_function,excluded,2008,other,0.634,nothing,manual: publisher html
18783283,executive_function,excluded,2008,pmc,0.634,nothing,manual: pmc via browser
18784377,dementia,excluded,2008,pmc,0.634,elsevier-skipped,manual: pmc via browser
18787658,executive_function,excluded,2008,pmc,0.634,nothing,manual: pmc via browser
18791267,executive_function,excluded,2008,no-link,0.634,nothing,manual: resolve doi first
18796186,executive_function,excluded,2009,other,0.634,nothing,manual: publisher html
18796430,executive_function,excluded,2009,pmc,0.634,nothing,manual: pmc via browser
18797315,executive_function,excluded,2008,pmc,0.634,nothing,manual: pmc via browser
18799601,executive_function,excluded,2008,pmc,0.634,nothing,manual: pmc via browser
18800007,dementia,excluded,2008,pmc,0.634,elsevier-skipped,manual: pmc via browser
18801033,executive_function,excluded,2009,pmc,0.634,nothing,manual: pmc via browser
18804916,executive_function,excluded,2008,pmc,0.634,nothing,manual: pmc via browser
18810556,executive_function,excluded,2008,pmc,0.634,nothing,manual: pmc via browser
18819025,executive_function,excluded,2008,other,0.634,nothing,manual: publisher html
18819184,executive_function,excluded,2008,other,0.634,nothing,manual: publisher html
18821346,executive_function,excluded,2008,other,0.634,nothing,manual: publisher html
18829595,executive_function,excluded,2008,pmc,0.634,nothing,manual: pmc via browser
18829871,executive_function,excluded,2009,other,0.634,nothing,manual: publisher html
18836134,dementia,excluded,2008,pmc,0.634,elsevier-skipped,manual: pmc via browser
18837902,executive_function,excluded,2008,other,0.634,nothing,manual: publisher html
18843853,dementia,excluded,2008,no-link,0.634,elsevier-skipped,manual: resolve doi first
18848443,executive_function,excluded,2008,elsevier,0.634,elsevier-skipped,manual: publisher html
18852926,executive_function,excluded,2008,no-link,0.634,nothing,manual: resolve doi first
18854867,dementia,excluded,2009,pmc,0.634,elsevier-skipped,manual: pmc via browser
18925717,cue_reactivity;emotion_regulation_2022,excluded,2008,other,0.634,nothing,manual: publisher html
18937049,dementia,excluded,2008,other,0.634,elsevier-skipped,manual: publisher html
18938677,executive_function,excluded,2008,no-link,0.634,nothing,manual: resolve doi first
18949656,executive_function,excluded,2009,no-link,0.634,nothing,manual: resolve doi first
18955688,dementia,excluded,2008,other,0.634,elsevier-skipped,manual: publisher html
18956406,executive_function,excluded,2008,other,0.634,nothing,manual: publisher html
18971445,dementia,excluded,2008,other,0.634,elsevier-skipped,manual: publisher html
18974647,dementia,excluded,2008,other,0.634,elsevier-skipped,manual: publisher html
18976348,executive_function,excluded,2009,other,0.634,nothing,manual: publisher html
18981325,executive_function,excluded,2008,pmc,0.634,nothing,manual: pmc via browser
18987974,executive_function,excluded,2009,pmc,0.634,nothing,manual: pmc via browser
18989014,executive_function,excluded,2008,pmc,0.634,nothing,manual: pmc via browser
18990710,executive_function,excluded,2009,pmc,0.634,nothing,manual: pmc via browser
19010858,executive_function,excluded,2008,pmc,0.634,nothing,manual: pmc via browser
19013251,cue_reactivity,excluded,2009,elsevier,0.634,elsevier-success;text-only,manual: publisher html
19015086,executive_function,excluded,2009,pmc,0.634,nothing,manual: pmc via browser
19015486,dementia,excluded,2008,other,0.634,elsevier-skipped,manual: publisher html
19019893,executive_function,excluded,2009,elsevier,0.634,elsevier-skipped,manual: publisher html
19020205,dementia;executive_function,excluded,2009,other,0.634,elsevier-skipped,manual: publisher html
19034772,executive_function,excluded,2008,other,0.634,nothing,manual: publisher html
19034901,decision_making,excluded,2009,pmc,0.634,nothing,manual: pmc via browser
19047468,executive_function,excluded,2009,elsevier,0.634,elsevier-skipped,manual: publisher html
19049718,executive_function,excluded,2008,no-link,0.634,nothing,manual: resolve doi first
19061377,executive_function,excluded,2008,pmc,0.634,nothing,manual: pmc via browser
19064755,dementia,excluded,2008,pmc,0.634,elsevier-skipped,manual: pmc via browser
19064767,executive_function,excluded,2009,other,0.634,nothing,manual: publisher html
19068486,executive_function,excluded,2009,pmc,0.634,nothing,manual: pmc via browser
19070231,executive_function,excluded,2008,other,0.634,nothing,manual: publisher html
19074013,executive_function,excluded,2008,pmc,0.634,nothing,manual: pmc via browser
19074979,executive_function,excluded,2009,pmc,0.634,nothing,manual: pmc via browser
19081458,dementia,excluded,2008,elsevier,0.634,elsevier-failed,manual: publisher html
19081857,executive_function,excluded,2008,no-link,0.634,nothing,manual: resolve doi first
19082309,executive_function,excluded,2008,no-link,0.634,nothing,manual: resolve doi first
19086197,executive_function,excluded,2008,other,0.634,nothing,manual: publisher html
19090413,executive_function,excluded,2008,other,0.634,nothing,manual: publisher html
19101639,executive_function,excluded,2009,pmc,0.634,nothing,manual: pmc via browser
19118170,executive_function,excluded,2008,pmc,0.634,nothing,manual: pmc via browser
19139311,dementia,excluded,2009,pmc,0.634,elsevier-skipped,manual: pmc via browser
19170662,cue_reactivity,excluded,2009,pmc,0.634,nothing,manual: pmc via browser
19175815,executive_function,excluded,2009,other,0.634,nothing,manual: publisher html
19176813,decision_making,excluded,2009,pmc,0.634,nothing,manual: pmc via browser
19182474,dementia,excluded,2009,other,0.634,elsevier-skipped,manual: publisher html
19190727,executive_function,excluded,2008,pmc,0.634,nothing,manual: pmc via browser
19198144,dementia,excluded,2008,other,0.634,elsevier-skipped,manual: publisher html
19218873,emotion_regulation_2022,excluded,2009,other,0.634,nothing,manual: publisher html
19220544,executive_function,excluded,2009,other,0.634,nothing,manual: publisher html
19225235,dementia,excluded,2009,other,0.634,elsevier-skipped,manual: publisher html
19228667,dementia,excluded,2009,other,0.634,elsevier-skipped,manual: publisher html
19228848,dementia,excluded,2009,other,0.634,elsevier-skipped,manual: publisher html
19240054,cue_reactivity,excluded,2009,other,0.634,nothing,manual: publisher html
19260027,dementia,excluded,2009,pmc,0.634,elsevier-skipped,manual: pmc via browser
19276543,dementia,excluded,2009,other,0.634,elsevier-skipped,manual: publisher html
19297506,dementia,excluded,2009,other,0.634,elsevier-skipped,manual: publisher html
19323870,dementia,excluded,2009,elsevier,0.634,elsevier-success;text-only,manual: publisher html
19323967,dementia,excluded,2009,pmc,0.634,elsevier-skipped,manual: pmc via browser
19324376,dementia,excluded,2009,elsevier,0.634,elsevier-success;text-only,manual: publisher html
19330195,dementia,excluded,2009,no-link,0.634,elsevier-skipped,manual: resolve doi first
19338509,emotion_regulation_2022,excluded,2009,unknown,0.634,html-saved-no-tables,manual: re-save (current copy lacks tables)
19351220,dementia,excluded,2009,no-link,0.634,elsevier-skipped,manual: resolve doi first
19403795,decision_making,excluded,2009,no-link,0.634,nothing,manual: resolve doi first
19404149,decision_making,excluded,2009,other,0.634,nothing,manual: publisher html
19414722,dementia,excluded,2009,pmc,0.634,elsevier-skipped,manual: pmc via browser
19448188,cue_reactivity,excluded,2009,pmc,0.634,nothing,manual: pmc via browser
19453901,cue_reactivity,excluded,2009,other,0.634,nothing,manual: publisher html
19472156,dementia,excluded,2009,no-link,0.634,elsevier-skipped,manual: resolve doi first
19494431,dementia,excluded,2009,other,0.634,elsevier-skipped,manual: publisher html
19564769,emotion_regulation_2022,excluded,2009,other,0.634,nothing,manual: publisher html
19568984,dementia,excluded,2009,other,0.634,elsevier-skipped,manual: publisher html
19569130,dementia,excluded,2009,other,0.634,elsevier-skipped,manual: publisher html
19589501,emotion_regulation_2022,excluded,2009,unknown,0.634,elsevier-success;html-saved-no-tables,manual: re-save (current copy lacks tables)
19609911,dementia,excluded,2009,pmc,0.634,elsevier-skipped,manual: pmc via browser
19624389,emotion_regulation_2022,excluded,2009,other,0.634,nothing,manual: publisher html
19641318,dementia,excluded,2009,other,0.634,elsevier-skipped,manual: publisher html
19643925,vbm_of_substance_use,excluded,2009,pmc,0.634,nothing,manual: pmc via browser
19680143,dementia,excluded,2009,pmc,0.634,elsevier-skipped,manual: pmc via browser
19736599,dementia,excluded,2009,pmc,0.634,elsevier-skipped,manual: pmc via browser
19800241,dementia,excluded,2009,elsevier,0.634,elsevier-success;text-only,manual: publisher html
19853720,cue_reactivity,excluded,2009,elsevier,0.634,elsevier-failed,manual: publisher html
19875958,dementia,excluded,2009,other,0.634,elsevier-skipped,manual: publisher html
19899565,dementia,excluded,2008,no-link,0.634,elsevier-skipped,manual: resolve doi first
19899566,dementia,excluded,2008,no-link,0.634,elsevier-skipped,manual: resolve doi first
19899828,emotion_regulation_2022,excluded,2009,other,0.634,nothing,manual: publisher html
19909307,dementia,excluded,2009,other,0.634,elsevier-skipped,manual: publisher html
19922388,dementia,excluded,2009,other,0.634,elsevier-skipped,manual: publisher html
19938680,dementia,excluded,2009,other,0.634,elsevier-skipped,manual: publisher html
19938682,dementia,excluded,2009,other,0.634,elsevier-skipped,manual: publisher html
19938683,dementia,excluded,2009,other,0.634,elsevier-skipped,manual: publisher html
19938684,dementia,excluded,2009,other,0.634,elsevier-skipped,manual: publisher html
19995843,emotion_regulation_2022,excluded,2009,other,0.634,nothing,manual: publisher html
20061230,dementia,excluded,2009,other,0.634,elsevier-skipped,manual: publisher html
20173686,dementia,excluded,2009,pmc,0.634,elsevier-skipped,manual: pmc via browser
20183015,dementia,excluded,2009,pmc,0.634,elsevier-skipped,manual: pmc via browser
21479482,dementia,excluded,2008,other,0.634,elsevier-skipped,manual: publisher html
22005989,dementia,excluded,2009,no-link,0.634,elsevier-skipped,manual: resolve doi first
24256898,dementia,excluded,2008,other,0.634,elsevier-skipped,manual: publisher html
26989966,emotion_regulation_2022,excluded,2006,other,0.634,nothing,manual: publisher html
10632099,dementia,excluded,2000,other,0.524,elsevier-skipped,manual: publisher html
10643714,executive_function,excluded,2000,other,0.524,nothing,manual: publisher html
10645733,executive_function,excluded,2000,no-link,0.524,nothing,manual: resolve doi first
10651032,dementia,excluded,2000,other,0.524,elsevier-skipped,manual: publisher html
10680764,executive_function,excluded,2000,pmc,0.524,nothing,manual: pmc via browser
10680767,executive_function,excluded,2000,pmc,0.524,nothing,manual: pmc via browser
10698045,executive_function,excluded,2000,other,0.524,nothing,manual: publisher html
10717898,emotion_regulation_2022,excluded,2000,other,0.524,nothing,manual: publisher html
10718556,executive_function,excluded,2000,other,0.524,nothing,manual: publisher html
10721187,executive_function,excluded,2000,no-link,0.524,nothing,manual: resolve doi first
10723172,dementia,excluded,2000,no-link,0.524,elsevier-skipped,manual: resolve doi first
10725959,executive_function,excluded,2000,elsevier,0.524,elsevier-failed,manual: publisher html
10750010,executive_function,excluded,2000,no-link,0.524,nothing,manual: resolve doi first
10761350,executive_function,excluded,2000,elsevier,0.524,elsevier-skipped,manual: publisher html
10761367,executive_function,excluded,2000,no-link,0.524,nothing,manual: resolve doi first
10765042,dementia,excluded,2000,other,0.524,elsevier-skipped,manual: publisher html
10767090,executive_function,excluded,2000,other,0.524,nothing,manual: publisher html
10773558,executive_function,excluded,2000,other,0.524,elsevier-skipped,manual: publisher html
10775534,dementia,excluded,2000,other,0.524,elsevier-skipped,manual: publisher html
10780634,executive_function,excluded,2000,no-link,0.524,nothing,manual: resolve doi first
10781101,executive_function,excluded,2000,pmc,0.524,nothing,manual: pmc via browser
10791680,executive_function,excluded,2000,no-link,0.524,nothing,manual: resolve doi first
10795100,dementia,excluded,2000,other,0.524,elsevier-skipped,manual: publisher html
10797171,executive_function,excluded,2000,other,0.524,nothing,manual: publisher html
10817581,executive_function,excluded,2000,other,0.524,nothing,manual: publisher html
10818983,executive_function,excluded,2000,no-link,0.524,nothing,manual: resolve doi first
10823306,executive_function,excluded,2000,no-link,0.524,nothing,manual: resolve doi first
10832522,executive_function,excluded,2000,no-link,0.524,nothing,manual: resolve doi first
10835119,executive_function,excluded,2000,other,0.524,nothing,manual: publisher html
10835124,executive_function,excluded,2000,other,0.524,nothing,manual: publisher html
10835938,dementia,excluded,2000,no-link,0.524,elsevier-skipped,manual: resolve doi first
10852783,executive_function,excluded,2000,other,0.524,nothing,manual: publisher html
10855761,executive_function,excluded,2000,other,0.524,nothing,manual: publisher html
10859011,executive_function,excluded,2000,no-link,0.524,nothing,manual: resolve doi first
10879664,executive_function,excluded,2000,no-link,0.524,nothing,manual: resolve doi first
10892695,executive_function,excluded,2000,other,0.524,nothing,manual: publisher html
10893595,executive_function,excluded,2000,no-link,0.524,nothing,manual: resolve doi first
10898302,executive_function,excluded,2000,other,0.524,nothing,manual: publisher html
10905440,executive_function,excluded,2000,pmc,0.524,nothing,manual: pmc via browser
10940679,dementia,excluded,2000,other,0.524,elsevier-skipped,manual: publisher html
10963181,executive_function,excluded,2000,no-link,0.524,nothing,manual: resolve doi first
10964875,executive_function,excluded,2000,other,0.524,nothing,manual: publisher html
10965365,dementia,excluded,2000,no-link,0.524,elsevier-skipped,manual: resolve doi first
10969450,executive_function,excluded,2000,no-link,0.524,nothing,manual: resolve doi first
10976426,executive_function,excluded,2000,no-link,0.524,nothing,manual: resolve doi first
10986988,executive_function,excluded,2000,no-link,0.524,nothing,manual: resolve doi first
10990503,executive_function,excluded,2000,pmc,0.524,nothing,manual: pmc via browser
11002312,executive_function,excluded,2000,other,0.524,nothing,manual: publisher html
11007378,executive_function,excluded,2000,no-link,0.524,nothing,manual: resolve doi first
11007807,executive_function,excluded,2000,other,0.524,nothing,manual: publisher html
11013373,emotion_regulation_2022,excluded,2000,no-link,0.524,nothing,manual: resolve doi first
11019789,executive_function,excluded,2000,other,0.524,nothing,manual: publisher html
11032615,dementia,excluded,2000,unknown,0.524,elsevier-skipped;html-saved-no-tables,manual: re-save (current copy lacks tables)
11035346,executive_function,excluded,2000,elsevier,0.524,elsevier-skipped,manual: publisher html
11037170,executive_function,excluded,2000,no-link,0.524,nothing,manual: resolve doi first
11042907,executive_function,excluded,2000,no-link,0.524,nothing,manual: resolve doi first
11045680,dementia,excluded,2000,other,0.524,elsevier-skipped,manual: publisher html
11059455,dementia,excluded,2000,elsevier,0.524,elsevier-success,manual: publisher html
11061920,executive_function,excluded,2000,no-link,0.524,nothing,manual: resolve doi first
11071507,dementia,excluded,2000,other,0.524,elsevier-skipped,manual: publisher html
11074977,executive_function,excluded,2000,no-link,0.524,nothing,manual: resolve doi first
11090011,executive_function,excluded,2000,no-link,0.524,nothing,manual: resolve doi first
11095140,executive_function,excluded,2000,other,0.524,nothing,manual: publisher html
11098793,executive_function,excluded,2000,pmc,0.524,nothing,manual: pmc via browser
11099159,executive_function,excluded,2000,other,0.524,nothing,manual: publisher html
11103681,dementia,excluded,2000,other,0.524,elsevier-skipped,manual: publisher html
11109855,executive_function,excluded,2000,other,0.524,nothing,manual: publisher html
11117541,dementia,excluded,2000,other,0.524,elsevier-skipped,manual: publisher html
11121466,executive_function,excluded,2000,other,0.524,nothing,manual: publisher html
11121995,executive_function,excluded,2001,no-link,0.524,nothing,manual: resolve doi first
11125751,executive_function,excluded,2000,other,0.524,nothing,manual: publisher html
11132942,dementia,excluded,2000,other,0.524,elsevier-skipped,manual: publisher html
11143250,executive_function,excluded,2000,no-link,0.524,nothing,manual: resolve doi first
11143256,executive_function,excluded,2000,no-link,0.524,nothing,manual: resolve doi first
11144770,executive_function,excluded,2000,no-link,0.524,nothing,manual: resolve doi first
11147923,executive_function,excluded,2000,no-link,0.524,nothing,manual: resolve doi first
11149700,dementia,excluded,2000,other,0.524,elsevier-skipped,manual: publisher html
11160463,dementia,excluded,2001,unknown,0.524,elsevier-skipped;html-saved-no-tables,manual: re-save (current copy lacks tables)
11169880,executive_function,excluded,2000,other,0.524,nothing,manual: publisher html
11170218,executive_function,excluded,2001,no-link,0.524,nothing,manual: resolve doi first
11193177,dementia,excluded,2000,other,0.524,elsevier-skipped,manual: publisher html
11198532,executive_function,excluded,2001,other,0.524,nothing,manual: publisher html
11209521,dementia,excluded,2001,no-link,0.524,elsevier-skipped,manual: resolve doi first
11217688,dementia,excluded,2000,no-link,0.524,elsevier-skipped,manual: resolve doi first
11220735,executive_function,excluded,2001,other,0.524,nothing,manual: publisher html
11222456,executive_function,excluded,2001,other,0.524,nothing,manual: publisher html
11222790,executive_function,excluded,2001,other,0.524,nothing,manual: publisher html
11233615,executive_function,excluded,2001,no-link,0.524,nothing,manual: resolve doi first
11234906,executive_function,excluded,2001,no-link,0.524,nothing,manual: resolve doi first
11236838,executive_function,excluded,2001,other,0.524,nothing,manual: publisher html
11238542,executive_function,excluded,2001,other,0.524,nothing,manual: publisher html
11245345,executive_function,excluded,2001,other,0.524,nothing,manual: publisher html
11257931,executive_function,excluded,2001,no-link,0.524,nothing,manual: resolve doi first
11276368,executive_function,excluded,2001,no-link,0.524,nothing,manual: resolve doi first
11280935,emotion_regulation_2022,excluded,2000,no-link,0.524,nothing,manual: resolve doi first
11282793,executive_function,excluded,2001,other,0.524,nothing,manual: publisher html
11283394,decision_making,excluded,2001,other,0.524,nothing,manual: publisher html
11288857,dementia,excluded,2001,other,0.524,elsevier-skipped,manual: publisher html
11295854,executive_function,excluded,2000,other,0.524,nothing,manual: publisher html
11305868,dementia,excluded,2001,other,0.524,elsevier-skipped,manual: publisher html
11306644,executive_function,excluded,2001,pmc,0.524,nothing,manual: pmc via browser
11307225,executive_function,excluded,2000,no-link,0.524,nothing,manual: resolve doi first
11320160,dementia,excluded,2001,other,0.524,elsevier-skipped,manual: publisher html
11320162,dementia,excluded,2001,other,0.524,elsevier-skipped,manual: publisher html
11329206,executive_function,excluded,2001,other,0.524,nothing,manual: publisher html
11332460,executive_function,excluded,2001,other,0.524,nothing,manual: publisher html
11333370,executive_function,excluded,2001,other,0.524,nothing,manual: publisher html
11340225,executive_function,excluded,2001,other,0.524,nothing,manual: publisher html
11376462,executive_function,excluded,2001,other,0.524,nothing,manual: publisher html
11382961,executive_function,excluded,2001,other,0.524,nothing,manual: publisher html
11385009,executive_function,excluded,2001,pmc,0.524,nothing,manual: pmc via browser
11420008,executive_function,excluded,2001,other,0.524,nothing,manual: publisher html
11431326,executive_function,excluded,2001,no-link,0.524,nothing,manual: resolve doi first
11438606,cue_reactivity,excluded,2001,pmc,0.524,nothing,manual: pmc via browser
11467916,executive_function,excluded,2001,elsevier,0.524,elsevier-skipped,manual: publisher html
11475437,executive_function,excluded,2001,other,0.524,nothing,manual: publisher html
11476387,executive_function,excluded,2001,other,0.524,nothing,manual: publisher html
11483931,executive_function,excluded,2001,elsevier,0.524,elsevier-skipped,manual: publisher html
11486904,dementia,excluded,2001,other,0.524,elsevier-skipped,manual: publisher html
11488573,executive_function,excluded,2001,other,0.524,nothing,manual: publisher html
11488898,executive_function,excluded,2001,other,0.524,nothing,manual: publisher html
11500993,executive_function,excluded,2001,pmc,0.524,nothing,manual: pmc via browser
11506648,executive_function,excluded,2000,other,0.524,nothing,manual: publisher html
11509643,executive_function,excluded,2001,other,0.524,nothing,manual: publisher html
11511909,emotion_regulation_2022,excluded,2001,other,0.524,nothing,manual: publisher html
11514641,dementia,excluded,2001,other,0.524,elsevier-skipped,manual: publisher html
11529246,executive_function,excluded,2001,no-link,0.524,nothing,manual: resolve doi first
11532726,executive_function,excluded,2001,other,0.524,nothing,manual: publisher html
11533537,executive_function,excluded,2001,no-link,0.524,nothing,manual: resolve doi first
11554884,executive_function,excluded,2001,other,0.524,nothing,manual: publisher html
11558800,executive_function,excluded,2001,other,0.524,nothing,manual: publisher html
11561035,executive_function,excluded,2001,pmc,0.524,nothing,manual: pmc via browser
11563438,dementia,excluded,2001,pmc,0.524,elsevier-skipped,manual: pmc via browser
11568549,executive_function,excluded,2001,other,0.524,nothing,manual: publisher html
11568606,executive_function,excluded,2001,other,0.524,nothing,manual: publisher html
11580771,executive_function,excluded,2001,other,0.524,nothing,manual: publisher html
11581007,executive_function,excluded,2001,other,0.524,nothing,manual: publisher html
11595100,decision_making,excluded,2001,other,0.524,nothing,manual: publisher html
11598311,dementia,excluded,2001,other,0.524,elsevier-skipped,manual: publisher html
11606679,dementia,excluded,2001,pmc,0.524,elsevier-skipped,manual: pmc via browser
11673158,dementia,excluded,2001,pmc,0.524,elsevier-skipped,manual: pmc via browser
11687701,executive_function,excluded,2001,other,0.524,nothing,manual: publisher html
11692039,executive_function,excluded,2001,no-link,0.524,nothing,manual: resolve doi first
11696470,executive_function,excluded,2001,other,0.524,nothing,manual: publisher html
11711732,executive_function,excluded,2001,no-link,0.524,nothing,manual: resolve doi first
11712852,dementia,excluded,2001,elsevier,0.524,elsevier-success,manual: publisher html
11716044,executive_function,excluded,2001,other,0.524,nothing,manual: publisher html
11726375,decision_making,excluded,2001,pmc,0.524,nothing,manual: pmc via browser
11728838,executive_function,excluded,2002,elsevier,0.524,elsevier-success;text-only,manual: publisher html
11731425,executive_function,excluded,2001,no-link,0.524,nothing,manual: resolve doi first
11746940,executive_function,excluded,2001,other,0.524,nothing,manual: publisher html
11748317,executive_function,excluded,2001,other,0.524,nothing,manual: publisher html
11761477,executive_function,excluded,2001,other,0.524,nothing,manual: publisher html
11771974,executive_function,excluded,2002,elsevier,0.524,elsevier-skipped,manual: publisher html
11771985,executive_function,excluded,2002,elsevier,0.524,elsevier-skipped,manual: publisher html
11773433,decision_making,excluded,2001,pmc,0.524,nothing,manual: pmc via browser
11779280,vbm_of_substance_use,excluded,2002,other,0.524,nothing,manual: publisher html
11790639,dementia,excluded,2002,elsevier,0.524,elsevier-skipped,manual: publisher html
11804281,executive_function,excluded,2001,no-link,0.524,nothing,manual: resolve doi first
11823267,executive_function,excluded,2002,other,0.524,nothing,manual: publisher html
11829209,dementia,excluded,2001,other,0.524,elsevier-skipped,manual: publisher html
11831069,executive_function,excluded,2002,no-link,0.524,nothing,manual: resolve doi first
11832712,executive_function,excluded,2002,no-link,0.524,nothing,manual: resolve doi first
11834198,dementia,excluded,2002,no-link,0.524,elsevier-skipped,manual: resolve doi first
11835371,executive_function,excluded,2002,other,0.524,nothing,manual: publisher html
11838382,executive_function,excluded,2002,no-link,0.524,nothing,manual: resolve doi first
11844889,dementia,excluded,2002,other,0.524,elsevier-skipped,manual: publisher html
11848709,executive_function,excluded,2002,elsevier,0.524,elsevier-skipped,manual: publisher html
11849166,executive_function,excluded,2002,no-link,0.524,nothing,manual: resolve doi first
11851030,dementia,excluded,2001,no-link,0.524,elsevier-skipped,manual: resolve doi first
11856112,cue_reactivity,excluded,2002,no-link,0.524,nothing,manual: resolve doi first
11857990,executive_function,excluded,2002,no-link,0.524,nothing,manual: resolve doi first
11869426,executive_function,excluded,2002,other,0.524,nothing,manual: publisher html
11879362,executive_function,excluded,2001,other,0.524,nothing,manual: publisher html
11884358,executive_function,excluded,2002,other,0.524,nothing,manual: publisher html
11886054,executive_function,excluded,2000,other,0.524,nothing,manual: publisher html
11887869,executive_function,excluded,2001,no-link,0.524,nothing,manual: resolve doi first
11888834,executive_function,excluded,2002,other,0.524,nothing,manual: publisher html
11889239,dementia,excluded,2002,pmc,0.524,elsevier-skipped,manual: pmc via browser
11890488,dementia,excluded,2001,other,0.524,elsevier-skipped,manual: publisher html
11891835,executive_function,excluded,2002,other,0.524,nothing,manual: publisher html
11906219,decision_making,excluded,2002,elsevier,0.524,elsevier-skipped,manual: publisher html
11906506,executive_function,excluded,2002,other,0.524,nothing,manual: publisher html
11912090,executive_function,excluded,2002,other,0.524,nothing,manual: publisher html
11912121,executive_function,excluded,2002,other,0.524,nothing,manual: publisher html
11929020,executive_function,excluded,2002,other,0.524,nothing,manual: publisher html
11929581,dementia,excluded,2002,other,0.524,elsevier-skipped,manual: publisher html
11929808,executive_function,excluded,2002,no-link,0.524,nothing,manual: resolve doi first
11933997,executive_function,excluded,2002,other,0.524,nothing,manual: publisher html
11939938,dementia,excluded,2002,unknown,0.524,elsevier-skipped;html-saved-no-tables,manual: re-save (current copy lacks tables)
11951196,executive_function,excluded,2002,no-link,0.524,nothing,manual: resolve doi first
11953633,executive_function,excluded,2002,no-link,0.524,nothing,manual: resolve doi first
11954059,executive_function,excluded,2002,pmc,0.524,nothing,manual: pmc via browser
11960807,executive_function,excluded,2002,other,0.524,nothing,manual: publisher html
11972095,emotion_regulation_2022,excluded,2002,other,0.524,nothing,manual: publisher html
11982486,dementia,excluded,2002,unknown,0.524,elsevier-skipped;html-saved-no-tables,manual: re-save (current copy lacks tables)
11987068,executive_function,excluded,2002,no-link,0.524,nothing,manual: resolve doi first
11990201,executive_function,excluded,2002,no-link,0.524,nothing,manual: resolve doi first
12022068,dementia,excluded,2002,no-link,0.524,elsevier-skipped,manual: resolve doi first
12022250,executive_function,excluded,2002,other,0.524,nothing,manual: publisher html
12025949,executive_function,excluded,2001,no-link,0.524,nothing,manual: resolve doi first
12034784,dementia,excluded,2002,other,0.524,elsevier-skipped,manual: publisher html
12042625,executive_function,excluded,2002,no-link,0.524,nothing,manual: resolve doi first
12043417,dementia,excluded,2002,no-link,0.524,elsevier-skipped,manual: resolve doi first
12047693,executive_function,excluded,2002,other,0.524,nothing,manual: publisher html
12053127,dementia,excluded,2002,other,0.524,elsevier-skipped,manual: publisher html
12080867,dementia,excluded,2002,no-link,0.524,elsevier-skipped,manual: resolve doi first
12102139,executive_function,excluded,2002,pmc,0.524,nothing,manual: pmc via browser
12112176,executive_function,excluded,2002,other,0.524,nothing,manual: publisher html
12112408,executive_function,excluded,2002,no-link,0.524,nothing,manual: resolve doi first
12115353,executive_function,excluded,2002,other,0.524,nothing,manual: publisher html
12135962,dementia,excluded,2002,other,0.524,elsevier-skipped,manual: publisher html
12146805,dementia,excluded,2002,pmc,0.524,elsevier-skipped,manual: pmc via browser
12148854,executive_function,excluded,2002,other,0.524,nothing,manual: publisher html
12150464,executive_function,excluded,2002,no-link,0.524,nothing,manual: resolve doi first
12150744,executive_function,excluded,2002,no-link,0.524,nothing,manual: resolve doi first
12166102,dementia,excluded,2002,no-link,0.524,elsevier-skipped,manual: resolve doi first
12166632,executive_function,excluded,2002,pmc,0.524,nothing,manual: pmc via browser
12185227,executive_function,excluded,2002,pmc,0.524,nothing,manual: pmc via browser
12196244,executive_function,excluded,2002,other,0.524,nothing,manual: publisher html
12203685,executive_function,excluded,2002,pmc,0.524,nothing,manual: pmc via browser
12205170,cue_reactivity,excluded,2002,other,0.524,nothing,manual: publisher html
12209961,executive_function,excluded,2002,other,0.524,nothing,manual: publisher html
12213640,dementia,excluded,2002,elsevier,0.524,elsevier-success;text-only,manual: publisher html
12219847,executive_function,excluded,2002,no-link,0.524,nothing,manual: resolve doi first
12220382,executive_function,excluded,2002,other,0.524,nothing,manual: publisher html
12223382,dementia,excluded,2002,pmc,0.524,elsevier-skipped,manual: pmc via browser
12230944,executive_function,excluded,2002,no-link,0.524,nothing,manual: resolve doi first
12232551,executive_function,excluded,2002,no-link,0.524,nothing,manual: resolve doi first
12238616,executive_function,excluded,2002,other,0.524,nothing,manual: publisher html
12243506,executive_function,excluded,2002,no-link,0.524,nothing,manual: resolve doi first
12244083,executive_function,excluded,2002,other,0.524,nothing,manual: publisher html
12244085,dementia,excluded,2002,other,0.524,elsevier-skipped,manual: publisher html
12325075,executive_function,excluded,2002,other,0.524,nothing,manual: publisher html
12381687,executive_function,excluded,2002,other,0.524,nothing,manual: publisher html
12390977,dementia,excluded,2002,other,0.524,elsevier-skipped,manual: publisher html
12408309,executive_function,excluded,2002,other,0.524,nothing,manual: publisher html
12412730,executive_function,excluded,2002,no-link,0.524,nothing,manual: resolve doi first
12418359,cue_reactivity,excluded,2002,no-link,0.524,nothing,manual: resolve doi first
12438467,executive_function,excluded,2002,pmc,0.524,nothing,manual: pmc via browser
12445882,executive_function,excluded,2002,other,0.524,nothing,manual: publisher html
12451150,executive_function,excluded,2002,pmc,0.524,nothing,manual: pmc via browser
12451466,dementia,excluded,2002,unknown,0.524,elsevier-skipped;html-saved-no-tables,manual: re-save (current copy lacks tables)
12452913,executive_function,excluded,2002,other,0.524,nothing,manual: publisher html
12460253,executive_function,excluded,2002,other,0.524,nothing,manual: publisher html
12460257,executive_function,excluded,2002,other,0.524,nothing,manual: publisher html
12461263,cue_reactivity,excluded,2002,other,0.524,nothing,manual: publisher html
12476580,dementia,excluded,2002,no-link,0.524,elsevier-skipped,manual: resolve doi first
12500925,executive_function,excluded,2002,pmc,0.524,nothing,manual: pmc via browser
12522764,executive_function,excluded,2003,other,0.524,nothing,manual: publisher html
12530616,executive_function,excluded,2002,other,0.524,nothing,manual: publisher html
12535005,executive_function,excluded,2003,other,0.524,nothing,manual: publisher html
12553341,dementia,excluded,2002,no-link,0.524,elsevier-skipped,manual: resolve doi first
12562581,executive_function,excluded,2003,other,0.524,nothing,manual: publisher html
12564772,dementia,excluded,2002,other,0.524,elsevier-skipped,manual: publisher html
12577293,executive_function,excluded,2003,other,0.524,nothing,manual: publisher html
12588894,executive_function,excluded,2003,pmc,0.524,nothing,manual: pmc via browser
12588917,executive_function,excluded,2003,pmc,0.524,nothing,manual: pmc via browser
12593416,dementia,excluded,2002,no-link,0.524,elsevier-skipped,manual: resolve doi first
12599119,dementia,excluded,2003,no-link,0.524,elsevier-skipped,manual: resolve doi first
12599273,executive_function,excluded,2003,pmc,0.524,nothing,manual: pmc via browser
12604293,dementia,excluded,2002,elsevier,0.524,elsevier-skipped,manual: publisher html
12607227,dementia,excluded,2000,other,0.524,elsevier-skipped,manual: publisher html
12622510,executive_function,excluded,2002,other,0.524,nothing,manual: publisher html
12625772,executive_function,excluded,2002,other,0.524,nothing,manual: publisher html
12627821,executive_function,excluded,2003,no-link,0.524,nothing,manual: resolve doi first
12633158,cue_reactivity,excluded,2003,other,0.524,nothing,manual: publisher html
12634489,emotion_regulation_2022,excluded,2003,other,0.524,nothing,manual: publisher html
12640066,executive_function,excluded,2003,pmc,0.524,nothing,manual: pmc via browser
12642277,executive_function,excluded,2003,other,0.524,nothing,manual: publisher html
12645681,executive_function,excluded,2002,other,0.524,nothing,manual: publisher html
12655577,executive_function,excluded,2003,other,0.524,nothing,manual: publisher html
12657667,executive_function,excluded,2003,pmc,0.524,nothing,manual: pmc via browser
12682334,dementia,excluded,2003,other,0.524,elsevier-skipped,manual: publisher html
12684997,dementia,excluded,2003,other,0.524,elsevier-skipped,manual: publisher html
12690052,executive_function,excluded,2003,other,0.524,nothing,manual: publisher html
12696247,executive_function,excluded,2002,no-link,0.524,nothing,manual: resolve doi first
12715032,executive_function,excluded,2003,no-link,0.524,nothing,manual: resolve doi first
12716263,dementia,excluded,2003,other,0.524,elsevier-skipped,manual: publisher html
12717671,dementia,excluded,2003,no-link,0.524,elsevier-skipped,manual: resolve doi first
12730538,executive_function,excluded,2003,other,0.524,nothing,manual: publisher html
12733681,dementia,excluded,2003,no-link,0.524,elsevier-skipped,manual: resolve doi first
12734319,executive_function,excluded,2003,other,0.524,nothing,manual: publisher html
12734667,dementia,excluded,2003,other,0.524,elsevier-skipped,manual: publisher html
12749713,executive_function,excluded,2003,no-link,0.524,nothing,manual: resolve doi first
12755036,dementia,excluded,2003,other,0.524,elsevier-skipped,manual: publisher html
12764053,executive_function,excluded,2003,other,0.524,nothing,manual: publisher html
12768524,dementia,excluded,2003,other,0.524,elsevier-skipped,manual: publisher html
12774302,executive_function,excluded,2003,no-link,0.524,nothing,manual: resolve doi first
12783250,dementia,excluded,2003,other,0.524,elsevier-skipped,manual: publisher html
12792328,executive_function,excluded,2003,other,0.524,nothing,manual: publisher html
12796837,dementia,excluded,2003,other,0.524,elsevier-skipped,manual: publisher html
12805122,executive_function,excluded,2003,other,0.524,nothing,manual: publisher html
12814379,executive_function,excluded,2003,other,0.524,nothing,manual: publisher html
12821791,cue_reactivity,excluded,2003,other,0.524,nothing,manual: publisher html
12823502,dementia,excluded,2003,other,0.524,elsevier-skipped,manual: publisher html
12828859,executive_function,excluded,2003,other,0.524,nothing,manual: publisher html
12832254,executive_function,excluded,2003,other,0.524,nothing,manual: publisher html
12844524,dementia,excluded,2003,other,0.524,elsevier-skipped,manual: publisher html
12850516,dementia,excluded,2003,elsevier,0.524,elsevier-success;text-only,manual: publisher html
12852552,executive_function,excluded,2003,other,0.524,nothing,manual: publisher html
12867520,executive_function,excluded,2003,pmc,0.524,nothing,manual: pmc via browser
12869596,executive_function,excluded,2003,no-link,0.524,nothing,manual: resolve doi first
12873997,executive_function,excluded,2003,no-link,0.524,nothing,manual: resolve doi first
12876259,dementia,excluded,2003,pmc,0.524,elsevier-skipped,manual: pmc via browser
12882003,executive_function,excluded,2003,no-link,0.524,nothing,manual: resolve doi first
12901777,dementia,excluded,2003,other,0.524,elsevier-skipped,manual: publisher html
12902311,executive_function,excluded,2003,other,0.524,nothing,manual: publisher html
12902389,executive_function,excluded,2003,other,0.524,nothing,manual: publisher html
12910839,dementia,excluded,2003,no-link,0.524,elsevier-skipped,manual: resolve doi first
12925933,executive_function,excluded,2003,other,0.524,nothing,manual: publisher html
12938127,dementia,excluded,2003,other,0.524,elsevier-skipped,manual: publisher html
12949791,executive_function,excluded,2003,other,0.524,nothing,manual: publisher html
12955398,dementia,excluded,2003,other,0.524,elsevier-skipped,manual: publisher html
12967923,cue_reactivity,excluded,2003,other,0.524,nothing,manual: publisher html
12975292,dementia,excluded,2003,other,0.524,elsevier-skipped,manual: publisher html
13130343,dementia,excluded,2003,other,0.524,elsevier-skipped,manual: publisher html
14506172,executive_function,excluded,2003,no-link,0.524,nothing,manual: resolve doi first
14509045,dementia,excluded,2003,no-link,0.524,elsevier-skipped,manual: resolve doi first
14514445,executive_function,excluded,2003,other,0.524,nothing,manual: publisher html
14523776,executive_function,excluded,2003,other,0.524,nothing,manual: publisher html
14534252,cue_reactivity,excluded,2003,pmc,0.524,nothing,manual: pmc via browser
14551697,dementia,excluded,2003,other,0.524,elsevier-skipped,manual: publisher html
14560061,dementia,excluded,2004,other,0.524,elsevier-skipped,manual: publisher html
14567169,dementia,excluded,2003,no-link,0.524,elsevier-skipped,manual: resolve doi first
14568818,dementia,excluded,2003,other,0.524,elsevier-skipped,manual: publisher html
14570838,executive_function,excluded,2003,pmc,0.524,nothing,manual: pmc via browser
14574492,executive_function,excluded,2004,pmc,0.524,nothing,manual: pmc via browser
14583423,executive_function,excluded,2003,elsevier,0.524,elsevier-failed,manual: publisher html
14595651,emotion_regulation_2022,excluded,2003,other,0.524,nothing,manual: publisher html
14603060,executive_function,excluded,2003,other,0.524,nothing,manual: publisher html
14621031,executive_function,excluded,2003,no-link,0.524,nothing,manual: resolve doi first
14638592,executive_function,excluded,2003,other,0.524,nothing,manual: publisher html
14639697,dementia,excluded,2003,other,0.524,elsevier-skipped,manual: publisher html
14641506,executive_function,excluded,2003,other,0.524,nothing,manual: publisher html
14654860,executive_function,excluded,2004,other,0.524,nothing,manual: publisher html
14662551,vbm_of_substance_use,excluded,2003,other,0.524,nothing,manual: publisher html
14664479,executive_function,excluded,2003,other,0.524,nothing,manual: publisher html
14678611,executive_function,excluded,2003,other,0.524,nothing,manual: publisher html
14684393,executive_function,excluded,2004,elsevier,0.524,elsevier-skipped,manual: publisher html
14689508,executive_function,excluded,2004,pmc,0.524,nothing,manual: pmc via browser
14691060,executive_function,excluded,2004,other,0.524,nothing,manual: publisher html
14697004,executive_function,excluded,2003,pmc,0.524,nothing,manual: pmc via browser
14700259,decision_making;executive_function,excluded,2003,other,0.524,nothing,manual: publisher html
14709990,executive_function,excluded,2004,other,0.524,nothing,manual: publisher html
14715954,executive_function,excluded,2004,pmc,0.524,nothing,manual: pmc via browser
14738419,executive_function,excluded,2004,other,0.524,nothing,manual: publisher html
14739838,dementia,excluded,2003,no-link,0.524,elsevier-skipped,manual: resolve doi first
14746249,dementia,excluded,2003,no-link,0.524,elsevier-skipped,manual: resolve doi first
14754781,executive_function,excluded,2004,other,0.524,nothing,manual: publisher html
14755834,executive_function,excluded,2004,pmc,0.524,nothing,manual: pmc via browser
14758386,executive_function,excluded,2004,no-link,0.524,nothing,manual: resolve doi first
14762593,dementia,excluded,2003,no-link,0.524,elsevier-skipped,manual: resolve doi first
14766646,emotion_regulation_2022,excluded,2003,other,0.524,nothing,manual: publisher html
14966162,executive_function,excluded,2004,pmc,0.524,nothing,manual: pmc via browser
14971633,executive_function,excluded,2004,no-link,0.524,nothing,manual: resolve doi first
14991255,dementia,excluded,2004,other,0.524,elsevier-skipped,manual: publisher html
15004322,dementia,excluded,2004,other,0.524,elsevier-skipped,manual: publisher html
15012644,executive_function,excluded,2004,other,0.524,nothing,manual: publisher html
15023818,dementia,excluded,2004,other,0.524,elsevier-skipped,manual: publisher html
15044548,cue_reactivity,excluded,2004,pmc,0.524,nothing,manual: pmc via browser
15048631,executive_function,excluded,2004,other,0.524,nothing,manual: publisher html
15052786,dementia,excluded,2004,no-link,0.524,elsevier-skipped,manual: resolve doi first
15054073,executive_function,excluded,2004,other,0.524,nothing,manual: publisher html
15072425,dementia,excluded,2004,other,0.524,elsevier-skipped,manual: publisher html
15083527,executive_function,excluded,2004,pmc,0.524,nothing,manual: pmc via browser
15084793,dementia,excluded,2004,other,0.524,elsevier-skipped,manual: publisher html
15095561,executive_function,excluded,2004,other,0.524,nothing,manual: publisher html
15100618,executive_function,excluded,2004,pmc,0.524,nothing,manual: pmc via browser
15118186,executive_function,excluded,2004,other,0.524,nothing,manual: publisher html
15122701,dementia,excluded,2004,other,0.524,elsevier-skipped,manual: publisher html
15122718,executive_function,excluded,2004,other,0.524,nothing,manual: publisher html
15124990,executive_function,excluded,2004,other,0.524,nothing,manual: publisher html
15126732,executive_function,excluded,2004,other,0.524,nothing,manual: publisher html
15133471,executive_function,excluded,2004,no-link,0.524,nothing,manual: resolve doi first
15133815,executive_function,excluded,2004,other,0.524,nothing,manual: publisher html
15147320,executive_function,excluded,2004,other,0.524,nothing,manual: publisher html
15163167,executive_function,excluded,2004,no-link,0.524,nothing,manual: resolve doi first
15164782,executive_function,excluded,2004,other,0.524,nothing,manual: publisher html
15174536,dementia,excluded,2004,other,0.524,elsevier-skipped,manual: publisher html
15178934,dementia,excluded,2004,other,0.524,elsevier-skipped,manual: publisher html
15178938,dementia,excluded,2004,other,0.524,elsevier-skipped,manual: publisher html
15178939,dementia,excluded,2004,other,0.524,elsevier-skipped,manual: publisher html
15178944,dementia,excluded,2004,other,0.524,elsevier-skipped,manual: publisher html
15178946,dementia,excluded,2004,other,0.524,elsevier-skipped,manual: publisher html
15197809,executive_function,excluded,2004,other,0.524,nothing,manual: publisher html
15202829,executive_function,excluded,2004,no-link,0.524,nothing,manual: resolve doi first
15204341,executive_function,excluded,2004,other,0.524,nothing,manual: publisher html
15205490,executive_function,excluded,2004,other,0.524,nothing,manual: publisher html
15205837,cue_reactivity,excluded,2004,other,0.524,nothing,manual: publisher html
15236402,executive_function,excluded,2004,other,0.524,nothing,manual: publisher html
15242941,executive_function,excluded,2004,pmc,0.524,nothing,manual: pmc via browser
15251914,executive_function,excluded,2004,other,0.524,nothing,manual: publisher html
15251915,executive_function,excluded,2004,other,0.524,nothing,manual: publisher html
15252752,dementia,excluded,2004,other,0.524,elsevier-skipped,manual: publisher html
15256342,cue_reactivity,excluded,2004,no-link,0.524,nothing,manual: resolve doi first
15259648,executive_function,excluded,2004,other,0.524,nothing,manual: publisher html
15283738,executive_function,excluded,2004,other,0.524,nothing,manual: publisher html
15288382,cue_reactivity,excluded,2004,elsevier,0.524,elsevier-success;text-only,manual: publisher html
15291289,executive_function,excluded,2004,no-link,0.524,nothing,manual: resolve doi first
15302055,executive_function,excluded,2004,other,0.524,elsevier-skipped,manual: publisher html
15314128,dementia,excluded,2004,pmc,0.524,elsevier-skipped,manual: pmc via browser
15318960,executive_function,excluded,2004,no-link,0.524,nothing,manual: resolve doi first
15324365,dementia,excluded,2004,other,0.524,elsevier-skipped,manual: publisher html
15326083,executive_function,excluded,2004,other,0.524,nothing,manual: publisher html
15337656,executive_function,excluded,2004,other,0.524,nothing,manual: publisher html
15340932,executive_function,excluded,2004,pmc,0.524,nothing,manual: pmc via browser
15354391,executive_function,excluded,2004,no-link,0.524,nothing,manual: resolve doi first
15358979,executive_function,excluded,2004,other,0.524,nothing,manual: publisher html
15359002,executive_function,excluded,2004,other,0.524,nothing,manual: publisher html
15377696,executive_function,excluded,2004,pmc,0.524,nothing,manual: pmc via browser
15377698,executive_function,excluded,2004,pmc,0.524,nothing,manual: pmc via browser
15382253,executive_function;problem_solving,excluded,2004,other,0.524,nothing,manual: publisher html
15387862,executive_function,excluded,2004,other,0.524,nothing,manual: publisher html
15388899,executive_function,excluded,2004,other,0.524,nothing,manual: publisher html
15456443,executive_function,excluded,2004,other,0.524,nothing,manual: publisher html
15456932,vbm_of_substance_use,excluded,2004,other,0.524,nothing,manual: publisher html
15464121,cue_reactivity,excluded,2004,elsevier,0.524,elsevier-skipped,manual: publisher html
15465977,executive_function,excluded,2004,other,0.524,nothing,manual: publisher html
15466824,executive_function,excluded,2004,unknown,0.524,elsevier-skipped,manual: resolve doi first
15468996,executive_function,excluded,2004,unknown,0.524,elsevier-skipped,manual: resolve doi first
15471372,executive_function,excluded,2004,unknown,0.524,elsevier-skipped,manual: resolve doi first
15477398,executive_function,excluded,2004,unknown,0.524,elsevier-skipped,manual: resolve doi first
15479679,executive_function,excluded,2004,unknown,0.524,elsevier-skipped,manual: resolve doi first
15487740,executive_function,excluded,2004,unknown,0.524,elsevier-skipped,manual: resolve doi first
15489381,executive_function,excluded,2004,unknown,0.524,elsevier-skipped,manual: resolve doi first
15489396,dementia,excluded,2004,unknown,0.524,elsevier-skipped,manual: resolve doi first
15502603,executive_function,excluded,2004,unknown,0.524,elsevier-skipped,manual: resolve doi first
15505973,dementia,excluded,2004,unknown,0.524,elsevier-success;text-only,manual: resolve doi first
15514410,executive_function,excluded,2004,unknown,0.524,elsevier-skipped,manual: resolve doi first
15520071,executive_function,excluded,2004,unknown,0.524,elsevier-skipped,manual: resolve doi first
15525284,dementia,excluded,2004,unknown,0.524,elsevier-skipped,manual: resolve doi first
15535057,executive_function,excluded,2004,unknown,0.524,elsevier-skipped,manual: resolve doi first
15535168,executive_function,excluded,2004,unknown,0.524,elsevier-skipped,manual: resolve doi first
15537185,executive_function,excluded,2004,unknown,0.524,elsevier-skipped,manual: resolve doi first
15537193,executive_function,excluded,2004,unknown,0.524,elsevier-skipped,manual: resolve doi first
15540907,executive_function,excluded,2004,unknown,0.524,elsevier-skipped,manual: resolve doi first
15541070,executive_function,excluded,2004,unknown,0.524,elsevier-skipped,manual: resolve doi first
15543026,cue_reactivity,excluded,2004,unknown,0.524,elsevier-skipped,manual: resolve doi first
15546813,executive_function,excluded,2004,unknown,0.524,elsevier-skipped,manual: resolve doi first
15551110,dementia,excluded,2004,unknown,0.524,elsevier-skipped,manual: resolve doi first
15560704,executive_function,excluded,2004,unknown,0.524,elsevier-skipped,manual: resolve doi first
15560714,executive_function,excluded,2004,unknown,0.524,elsevier-skipped,manual: resolve doi first
15562429,dementia,excluded,2004,unknown,0.524,elsevier-skipped,manual: resolve doi first
15587662,executive_function,excluded,2004,unknown,0.524,elsevier-skipped,manual: resolve doi first
15601519,executive_function,excluded,2004,unknown,0.524,elsevier-skipped,manual: resolve doi first
15605946,executive_function,excluded,2004,unknown,0.524,elsevier-skipped,manual: resolve doi first
15615089,decision_making,excluded,2004,unknown,0.524,elsevier-skipped,manual: resolve doi first
15616172,executive_function,excluded,2004,unknown,0.524,elsevier-skipped,manual: resolve doi first
15622592,executive_function,excluded,2004,unknown,0.524,elsevier-skipped,manual: resolve doi first
15638298,executive_function,excluded,2004,unknown,0.524,elsevier-skipped,manual: resolve doi first
15667413,executive_function,excluded,2004,unknown,0.524,elsevier-skipped,manual: resolve doi first
15669671,executive_function,excluded,2004,unknown,0.524,elsevier-skipped,manual: resolve doi first
15672931,executive_function,excluded,2004,unknown,0.524,elsevier-skipped,manual: resolve doi first
15683953,dementia,excluded,2003,unknown,0.524,elsevier-skipped,manual: resolve doi first
15690621,executive_function,excluded,2004,unknown,0.524,elsevier-skipped,manual: resolve doi first
15707021,executive_function,excluded,2004,unknown,0.524,elsevier-skipped,manual: resolve doi first
15715038,cue_reactivity,excluded,2004,unknown,0.524,elsevier-skipped,manual: resolve doi first
15729883,dementia,excluded,2004,unknown,0.524,elsevier-skipped,manual: resolve doi first
15743028,executive_function,excluded,2004,unknown,0.524,elsevier-skipped,manual: resolve doi first
15762360,executive_function,excluded,2004,unknown,0.524,elsevier-skipped,manual: resolve doi first
15771403,executive_function,excluded,2002,unknown,0.524,elsevier-skipped,manual: resolve doi first
15788269,executive_function,excluded,2004,unknown,0.524,elsevier-skipped,manual: resolve doi first
15788281,executive_function,excluded,2004,unknown,0.524,elsevier-skipped,manual: resolve doi first
15822553,dementia,excluded,2004,unknown,0.524,elsevier-skipped,manual: resolve doi first
15849896,cue_reactivity;executive_function,excluded,2004,no-link,0.524,nothing,manual: resolve doi first
16041289,dementia,excluded,2004,other,0.524,elsevier-skipped,manual: publisher html
16210224,dementia,excluded,2003,other,0.524,elsevier-skipped,manual: publisher html
17986552,executive_function,excluded,2003,no-link,0.524,nothing,manual: resolve doi first
10022678,cue_reactivity,excluded,1999,no-link,0.37,nothing,manual: resolve doi first
10024961,executive_function,excluded,1999,other,0.37,nothing,manual: publisher html
10027489,executive_function,excluded,1998,other,0.37,nothing,manual: publisher html
10050895,dementia,excluded,1999,other,0.37,elsevier-skipped,manual: publisher html
10050993,executive_function,excluded,1998,no-link,0.37,nothing,manual: resolve doi first
10080561,executive_function,excluded,1999,other,0.37,nothing,manual: publisher html
10101553,executive_function,excluded,1998,no-link,0.37,nothing,manual: resolve doi first
10160462,executive_function,excluded,1996,no-link,0.37,nothing,manual: resolve doi first
10201421,executive_function,excluded,1999,pmc,0.37,nothing,manual: pmc via browser
10206162,dementia,excluded,1999,other,0.37,elsevier-skipped,manual: publisher html
10207485,executive_function,excluded,1999,other,0.37,nothing,manual: publisher html
10207651,executive_function,excluded,1998,other,0.37,nothing,manual: publisher html
10210906,executive_function,excluded,1999,other,0.37,nothing,manual: publisher html
10212312,executive_function,excluded,1999,pmc,0.37,nothing,manual: pmc via browser
10223261,dementia,excluded,1999,no-link,0.37,elsevier-skipped,manual: resolve doi first
10226314,dementia,excluded,1999,no-link,0.37,elsevier-skipped,manual: resolve doi first
10230524,executive_function,excluded,1999,other,0.37,nothing,manual: publisher html
10325452,dementia,excluded,1999,other,0.37,elsevier-skipped,manual: publisher html
10337980,executive_function,excluded,1999,no-link,0.37,nothing,manual: resolve doi first
10342176,executive_function,excluded,1999,pmc,0.37,nothing,manual: pmc via browser
10357184,executive_function,excluded,1999,no-link,0.37,nothing,manual: resolve doi first
10360128,executive_function,excluded,1999,other,0.37,nothing,manual: publisher html
10364643,dementia,excluded,1999,other,0.37,elsevier-skipped,manual: publisher html
10366198,executive_function,excluded,1999,other,0.37,nothing,manual: publisher html
10374757,dementia,excluded,1999,other,0.37,elsevier-skipped,manual: publisher html
10380153,dementia,excluded,1999,no-link,0.37,elsevier-skipped,manual: resolve doi first
10380825,executive_function,excluded,1999,no-link,0.37,nothing,manual: resolve doi first
10381605,executive_function,excluded,1999,pmc,0.37,nothing,manual: pmc via browser
10386530,executive_function,excluded,1999,other,0.37,nothing,manual: publisher html
10389671,executive_function,excluded,1999,no-link,0.37,nothing,manual: resolve doi first
10398947,executive_function,excluded,1999,other,0.37,nothing,manual: publisher html
10398962,executive_function,excluded,1999,other,0.37,nothing,manual: publisher html
10412530,dementia,excluded,1999,no-link,0.37,elsevier-skipped,manual: resolve doi first
10420997,executive_function,excluded,1999,no-link,0.37,nothing,manual: resolve doi first
10436110,executive_function,excluded,1999,other,0.37,nothing,manual: publisher html
10436338,dementia,excluded,1999,other,0.37,elsevier-skipped,manual: publisher html
10436345,dementia,excluded,1999,other,0.37,elsevier-skipped,manual: publisher html
10449119,executive_function,excluded,1999,other,0.37,nothing,manual: publisher html
10456764,executive_function,excluded,1999,other,0.37,nothing,manual: publisher html
10457954,dementia,excluded,1999,no-link,0.37,elsevier-skipped,manual: resolve doi first
10473358,executive_function,excluded,1999,elsevier,0.37,elsevier-skipped,manual: publisher html
10484104,executive_function,excluded,1999,elsevier,0.37,elsevier-skipped,manual: publisher html
10501054,executive_function,excluded,1999,other,0.37,nothing,manual: publisher html
10506724,executive_function,excluded,1999,no-link,0.37,nothing,manual: resolve doi first
10511333,executive_function,excluded,1999,other,0.37,nothing,manual: publisher html
10520947,dementia,excluded,1999,other,0.37,elsevier-skipped,manual: publisher html
10528937,executive_function,excluded,1999,other,0.37,nothing,manual: publisher html
10536924,dementia,excluded,1999,other,0.37,elsevier-skipped,manual: publisher html
10541600,executive_function,excluded,1999,no-link,0.37,nothing,manual: resolve doi first
10553987,dementia,excluded,1999,other,0.37,elsevier-skipped,manual: publisher html
10566379,executive_function,excluded,1999,pmc,0.37,nothing,manual: pmc via browser
10586335,executive_function,excluded,1999,elsevier,0.37,elsevier-skipped,manual: publisher html
10588471,executive_function,excluded,1999,no-link,0.37,nothing,manual: resolve doi first
10593699,dementia,excluded,1999,other,0.37,elsevier-skipped,manual: publisher html
10599766,executive_function,excluded,1999,other,0.37,nothing,manual: publisher html
10604746,dementia,excluded,1999,other,0.37,elsevier-skipped,manual: publisher html
10649682,executive_function,excluded,1998,no-link,0.37,nothing,manual: resolve doi first
10728188,dementia,excluded,1997,elsevier,0.37,elsevier-success;text-only,manual: publisher html
10789271,executive_function,excluded,1999,other,0.37,nothing,manual: publisher html
10901930,executive_function,excluded,1999,other,0.37,nothing,manual: publisher html
10933454,executive_function,excluded,1998,no-link,0.37,nothing,manual: resolve doi first
11072429,executive_function,excluded,1999,other,0.37,nothing,manual: publisher html
7502722,executive_function,excluded,1995,no-link,0.37,nothing,manual: resolve doi first
7502728,executive_function,excluded,1995,no-link,0.37,nothing,manual: resolve doi first
7537597,executive_function,excluded,1995,other,0.37,nothing,manual: publisher html
7552831,executive_function,excluded,1995,no-link,0.37,nothing,manual: resolve doi first
7558809,executive_function,excluded,1995,no-link,0.37,nothing,manual: resolve doi first
7561924,executive_function,excluded,1995,pmc,0.37,nothing,manual: pmc via browser
7583723,executive_function,excluded,1995,no-link,0.37,nothing,manual: resolve doi first
7591904,executive_function,excluded,1995,elsevier,0.37,elsevier-failed,manual: publisher html
7594158,dementia,excluded,1995,other,0.37,elsevier-skipped,manual: publisher html
7624108,executive_function,excluded,1995,no-link,0.37,nothing,manual: resolve doi first
7624828,executive_function,excluded,1995,no-link,0.37,nothing,manual: resolve doi first
7625369,executive_function,excluded,1995,no-link,0.37,nothing,manual: resolve doi first
7629253,executive_function,excluded,1995,other,0.37,nothing,manual: publisher html
7634710,executive_function,excluded,1995,no-link,0.37,nothing,manual: resolve doi first
7641752,executive_function,excluded,1995,no-link,0.37,nothing,manual: resolve doi first
7642420,executive_function,excluded,1995,elsevier,0.37,elsevier-failed,manual: publisher html
7656519,executive_function,excluded,1995,no-link,0.37,nothing,manual: resolve doi first
7662343,executive_function,excluded,1995,no-link,0.37,nothing,manual: resolve doi first
7668134,executive_function,excluded,1995,no-link,0.37,nothing,manual: resolve doi first
7704675,executive_function,excluded,1995,no-link,0.37,nothing,manual: resolve doi first
7709421,executive_function,excluded,1995,other,0.37,nothing,manual: publisher html
7711879,executive_function,excluded,1995,other,0.37,nothing,manual: publisher html
7717616,executive_function,excluded,1995,other,0.37,nothing,manual: publisher html
7730730,executive_function,excluded,1995,no-link,0.37,nothing,manual: resolve doi first
7734554,executive_function,excluded,1995,no-link,0.37,nothing,manual: resolve doi first
7749433,executive_function,excluded,1995,no-link,0.37,nothing,manual: resolve doi first
7776650,executive_function,excluded,1995,no-link,0.37,nothing,manual: resolve doi first
7786906,executive_function,excluded,1995,no-link,0.37,nothing,manual: resolve doi first
7787722,dementia,excluded,1995,no-link,0.37,elsevier-skipped,manual: resolve doi first
7873115,executive_function,excluded,1995,no-link,0.37,nothing,manual: resolve doi first
8540274,executive_function,excluded,1995,no-link,0.37,nothing,manual: resolve doi first
8550751,executive_function,excluded,1996,other,0.37,nothing,manual: publisher html
8574634,executive_function,excluded,1995,no-link,0.37,nothing,manual: resolve doi first
8579180,executive_function,excluded,1995,no-link,0.37,nothing,manual: resolve doi first
8584469,executive_function,excluded,1995,other,0.37,nothing,manual: publisher html
8586103,executive_function,excluded,1996,no-link,0.37,nothing,manual: resolve doi first
8593911,executive_function,excluded,1995,other,0.37,nothing,manual: publisher html
8595478,executive_function,excluded,1995,other,0.37,nothing,manual: publisher html
8608501,executive_function,excluded,1996,no-link,0.37,nothing,manual: resolve doi first
8624092,dementia,excluded,1996,other,0.37,elsevier-skipped,manual: publisher html
8641154,executive_function,excluded,1996,no-link,0.37,nothing,manual: resolve doi first
8643754,executive_function,excluded,1996,no-link,0.37,nothing,manual: resolve doi first
8657528,executive_function,excluded,1996,no-link,0.37,nothing,manual: resolve doi first
8664023,executive_function,excluded,1996,other,0.37,elsevier-skipped,manual: publisher html
8689178,executive_function,excluded,1996,no-link,0.37,nothing,manual: resolve doi first
8689819,executive_function,excluded,1996,no-link,0.37,nothing,manual: resolve doi first
8713508,dementia,excluded,1995,other,0.37,elsevier-skipped,manual: publisher html
8719784,executive_function,excluded,1995,pmc,0.37,nothing,manual: pmc via browser
8722991,executive_function,excluded,1996,no-link,0.37,nothing,manual: resolve doi first
8726444,decision_making;executive_function,excluded,1996,no-link,0.37,nothing,manual: resolve doi first
8748820,executive_function,excluded,1995,no-link,0.37,nothing,manual: resolve doi first
8748823,executive_function,excluded,1995,no-link,0.37,nothing,manual: resolve doi first
8748865,decision_making,excluded,1995,no-link,0.37,nothing,manual: resolve doi first
8751292,executive_function,excluded,1995,other,0.37,nothing,manual: publisher html
8752524,dementia,excluded,1996,no-link,0.37,elsevier-skipped,manual: resolve doi first
8753686,executive_function,excluded,1996,no-link,0.37,nothing,manual: resolve doi first
8757022,dementia,excluded,1996,other,0.37,elsevier-skipped,manual: publisher html
8767834,executive_function,excluded,1996,no-link,0.37,nothing,manual: resolve doi first
8775111,executive_function,excluded,1996,other,0.37,nothing,manual: publisher html
8780549,executive_function,excluded,1996,no-link,0.37,nothing,manual: resolve doi first
8797948,executive_function,excluded,1996,no-link,0.37,nothing,manual: resolve doi first
8800448,executive_function,excluded,1996,no-link,0.37,nothing,manual: resolve doi first
8808235,executive_function,excluded,1995,other,0.37,nothing,manual: publisher html
8811996,dementia,excluded,1996,elsevier,0.37,elsevier-success;text-only,manual: publisher html
8819805,executive_function,excluded,1996,no-link,0.37,nothing,manual: resolve doi first
8831435,executive_function,excluded,1996,other,0.37,nothing,manual: publisher html
8841716,executive_function,excluded,1996,no-link,0.37,nothing,manual: resolve doi first
8841961,dementia,excluded,1996,no-link,0.37,elsevier-skipped,manual: resolve doi first
8851589,executive_function,excluded,1996,pmc,0.37,nothing,manual: pmc via browser
8866497,dementia,excluded,1996,other,0.37,elsevier-skipped,manual: publisher html
8866498,cue_reactivity,excluded,1996,other,0.37,nothing,manual: publisher html
8883726,executive_function,excluded,1996,no-link,0.37,nothing,manual: resolve doi first
8886783,executive_function,excluded,1996,other,0.37,nothing,manual: publisher html
8892197,executive_function,excluded,1996,no-link,0.37,nothing,manual: resolve doi first
8892449,executive_function,excluded,1996,elsevier,0.37,elsevier-failed,manual: publisher html
8929177,executive_function,excluded,1996,other,0.37,nothing,manual: publisher html
8937850,executive_function,excluded,1996,no-link,0.37,nothing,manual: resolve doi first
8943061,executive_function,excluded,1996,pmc,0.37,nothing,manual: pmc via browser
8961762,decision_making,excluded,1996,no-link,0.37,nothing,manual: resolve doi first
8977870,executive_function,excluded,1996,no-link,0.37,nothing,manual: resolve doi first
8986148,executive_function,excluded,1997,no-link,0.37,nothing,manual: resolve doi first
8987760,executive_function,excluded,1997,pmc,0.37,nothing,manual: pmc via browser
9000396,executive_function,excluded,1997,no-link,0.37,nothing,manual: resolve doi first
9009991,executive_function,excluded,1996,other,0.37,nothing,manual: publisher html
9010401,executive_function,excluded,1997,pmc,0.37,nothing,manual: pmc via browser
9022581,executive_function,excluded,1997,no-link,0.37,nothing,manual: resolve doi first
9029063,dementia,excluded,1997,other,0.37,elsevier-skipped,manual: publisher html
9032860,executive_function,excluded,1996,other,0.37,nothing,manual: publisher html
9046073,executive_function,excluded,1996,no-link,0.37,nothing,manual: resolve doi first
9061527,executive_function,excluded,1997,no-link,0.37,nothing,manual: resolve doi first
9065319,executive_function,excluded,1997,other,0.37,nothing,manual: publisher html
9065644,executive_function,excluded,1997,no-link,0.37,nothing,manual: resolve doi first
9079436,executive_function,excluded,1995,no-link,0.37,nothing,manual: resolve doi first
9079444,executive_function,excluded,1995,no-link,0.37,nothing,manual: resolve doi first
9079445,executive_function,excluded,1995,no-link,0.37,nothing,manual: resolve doi first
9088016,executive_function,excluded,1997,other,0.37,nothing,manual: publisher html
9090765,executive_function,excluded,1997,no-link,0.37,nothing,manual: resolve doi first
9109887,dementia,excluded,1997,other,0.37,elsevier-skipped,manual: publisher html
9111678,dementia,excluded,1997,pmc,0.37,elsevier-skipped,manual: pmc via browser
9117156,executive_function,excluded,1997,no-link,0.37,nothing,manual: resolve doi first
9125732,dementia,excluded,1997,no-link,0.37,elsevier-skipped,manual: resolve doi first
9127810,executive_function,excluded,1996,no-link,0.37,nothing,manual: resolve doi first
9128958,executive_function,excluded,1997,elsevier,0.37,elsevier-failed,manual: publisher html
9151232,executive_function,excluded,1997,no-link,0.37,nothing,manual: resolve doi first
9151233,executive_function,excluded,1997,no-link,0.37,nothing,manual: resolve doi first
9153520,vbm_of_substance_use,excluded,1997,other,0.37,nothing,manual: publisher html
9154081,executive_function,excluded,1996,no-link,0.37,nothing,manual: resolve doi first
9160341,executive_function,excluded,1997,other,0.37,nothing,manual: publisher html
9161704,executive_function,excluded,1997,no-link,0.37,nothing,manual: resolve doi first
9169538,executive_function,excluded,1997,pmc,0.37,nothing,manual: pmc via browser
9169712,dementia,excluded,1997,other,0.37,elsevier-skipped,manual: publisher html
9172907,dementia,excluded,1997,no-link,0.37,elsevier-skipped,manual: resolve doi first
9177231,dementia,excluded,1997,pmc,0.37,elsevier-skipped,manual: pmc via browser
9177767,executive_function,excluded,1997,other,0.37,nothing,manual: publisher html
9186208,executive_function,excluded,1997,no-link,0.37,nothing,manual: resolve doi first
9193168,executive_function,excluded,1997,elsevier,0.37,elsevier-failed,manual: publisher html
9202564,executive_function,excluded,1997,no-link,0.37,nothing,manual: resolve doi first
9217036,executive_function,excluded,1997,no-link,0.37,nothing,manual: resolve doi first
9217686,dementia,excluded,1997,other,0.37,elsevier-skipped,manual: publisher html
9226669,executive_function,excluded,1997,no-link,0.37,nothing,manual: resolve doi first
9230639,executive_function,excluded,1997,no-link,0.37,nothing,manual: resolve doi first
9232276,executive_function,excluded,1997,no-link,0.37,nothing,manual: resolve doi first
9237433,executive_function,excluded,1997,other,0.37,nothing,manual: publisher html
9240976,executive_function,excluded,1997,other,0.37,nothing,manual: publisher html
9261341,executive_function,excluded,1997,other,0.37,nothing,manual: publisher html
9268812,executive_function,excluded,1997,no-link,0.37,nothing,manual: resolve doi first
9269644,executive_function,excluded,1997,other,0.37,nothing,manual: publisher html
9273862,executive_function,excluded,1997,no-link,0.37,nothing,manual: resolve doi first
9278624,executive_function,excluded,1997,other,0.37,nothing,manual: publisher html
9290714,executive_function,excluded,1997,elsevier,0.37,elsevier-failed,manual: publisher html
9303055,executive_function,excluded,1997,no-link,0.37,nothing,manual: resolve doi first
9313640,executive_function,excluded,1997,other,0.37,nothing,manual: publisher html
9327499,executive_function,excluded,1997,no-link,0.37,nothing,manual: resolve doi first
9330181,executive_function,excluded,1997,no-link,0.37,nothing,manual: resolve doi first
9339671,dementia,excluded,1997,other,0.37,elsevier-skipped,manual: publisher html
9372504,executive_function,excluded,1997,other,0.37,nothing,manual: publisher html
9372556,executive_function,excluded,1997,no-link,0.37,nothing,manual: resolve doi first
9373798,executive_function,excluded,1997,other,0.37,nothing,manual: publisher html
9391601,executive_function,excluded,1997,no-link,0.37,nothing,manual: resolve doi first
9396944,executive_function,excluded,1997,other,0.37,nothing,manual: publisher html
9400363,dementia,excluded,1997,other,0.37,elsevier-skipped,manual: publisher html
9401656,executive_function,excluded,1997,no-link,0.37,nothing,manual: resolve doi first
9406703,executive_function,excluded,1997,no-link,0.37,nothing,manual: resolve doi first
9408100,dementia,excluded,1997,pmc,0.37,elsevier-skipped,manual: pmc via browser
9444492,executive_function,excluded,1997,no-link,0.37,nothing,manual: resolve doi first
9445180,executive_function,excluded,1998,no-link,0.37,nothing,manual: resolve doi first
9448373,executive_function,excluded,1997,no-link,0.37,nothing,manual: resolve doi first
9464207,executive_function,excluded,1998,other,0.37,nothing,manual: publisher html
9467164,executive_function,excluded,1998,no-link,0.37,nothing,manual: resolve doi first
9485069,dementia,excluded,1998,other,0.37,elsevier-skipped,manual: publisher html
9499065,executive_function,excluded,1998,pmc,0.37,nothing,manual: pmc via browser
9510128,executive_function,excluded,1998,other,0.37,nothing,manual: publisher html
9510382,executive_function,excluded,1998,other,0.37,nothing,manual: publisher html
9510387,executive_function,excluded,1998,other,0.37,nothing,manual: publisher html
9524799,dementia,excluded,1998,other,0.37,elsevier-skipped,manual: publisher html
9531128,executive_function,excluded,1998,no-link,0.37,nothing,manual: resolve doi first
9532428,executive_function,excluded,1998,no-link,0.37,nothing,manual: resolve doi first
9542891,vbm_of_substance_use,excluded,1998,other,0.37,nothing,manual: publisher html
9542894,executive_function,excluded,1998,other,0.37,nothing,manual: publisher html
9545179,dementia,excluded,1998,elsevier,0.37,elsevier-success;text-only,manual: publisher html
9547755,executive_function,excluded,1998,no-link,0.37,nothing,manual: resolve doi first
9549600,executive_function,excluded,1998,no-link,0.37,nothing,manual: resolve doi first
9556245,executive_function,excluded,1998,no-link,0.37,nothing,manual: resolve doi first
9566510,executive_function,excluded,1998,no-link,0.37,nothing,manual: resolve doi first
9575420,executive_function,excluded,1998,no-link,0.37,nothing,manual: resolve doi first
9576298,executive_function,excluded,1998,no-link,0.37,nothing,manual: resolve doi first
9577668,dementia,excluded,1997,no-link,0.37,elsevier-skipped,manual: resolve doi first
9579669,executive_function,excluded,1998,other,0.37,nothing,manual: publisher html
9584871,executive_function,excluded,1998,no-link,0.37,nothing,manual: resolve doi first
9613489,executive_function,excluded,1998,pmc,0.37,nothing,manual: pmc via browser
9616140,executive_function,excluded,1998,no-link,0.37,nothing,manual: resolve doi first
9626713,executive_function,excluded,1998,no-link,0.37,nothing,manual: resolve doi first
9637118,executive_function,excluded,1998,no-link,0.37,nothing,manual: resolve doi first
9650427,executive_function,excluded,1998,no-link,0.37,nothing,manual: resolve doi first
9655307,executive_function,excluded,1998,no-link,0.37,nothing,manual: resolve doi first
9656252,dementia,excluded,1998,no-link,0.37,elsevier-skipped,manual: resolve doi first
9667565,dementia,excluded,1998,pmc,0.37,elsevier-skipped,manual: pmc via browser
9667597,dementia,excluded,1998,other,0.37,elsevier-skipped,manual: publisher html
9674793,executive_function,excluded,1998,other,0.37,nothing,manual: publisher html
9679781,executive_function,excluded,1998,other,0.37,nothing,manual: publisher html
9679785,executive_function,excluded,1998,other,0.37,nothing,manual: publisher html
9680572,dementia,excluded,1998,other,0.37,elsevier-skipped,manual: publisher html
9687405,executive_function,excluded,1998,pmc,0.37,nothing,manual: pmc via browser
9693235,dementia,excluded,1998,other,0.37,elsevier-skipped,manual: publisher html
9703164,executive_function,excluded,1998,pmc,0.37,nothing,manual: pmc via browser
9703166,executive_function,excluded,1998,pmc,0.37,nothing,manual: pmc via browser
9711123,dementia,excluded,1998,no-link,0.37,elsevier-skipped,manual: resolve doi first
9711365,dementia,excluded,1998,other,0.37,elsevier-skipped,manual: publisher html
9712014,executive_function,excluded,1998,other,0.37,nothing,manual: publisher html
9714383,executive_function,excluded,1998,no-link,0.37,nothing,manual: resolve doi first
9716189,executive_function,excluded,1998,no-link,0.37,nothing,manual: resolve doi first
9733289,executive_function,excluded,1998,other,0.37,nothing,manual: publisher html
9741789,executive_function,excluded,1998,no-link,0.37,nothing,manual: resolve doi first
9762962,executive_function,excluded,1998,other,0.37,nothing,manual: publisher html
9771784,executive_function,excluded,1998,pmc,0.37,nothing,manual: pmc via browser
9778192,executive_function,excluded,1998,other,0.37,nothing,manual: publisher html
9780898,executive_function,excluded,1998,other,0.37,nothing,manual: publisher html
9783789,executive_function,excluded,1998,no-link,0.37,nothing,manual: resolve doi first
9792936,executive_function,excluded,1998,other,0.37,nothing,manual: publisher html
9794011,executive_function,excluded,1998,no-link,0.37,nothing,manual: resolve doi first
9800424,executive_function,excluded,1998,other,0.37,nothing,manual: publisher html
9802185,executive_function,excluded,1998,no-link,0.37,nothing,manual: resolve doi first
9816211,executive_function,excluded,1996,no-link,0.37,nothing,manual: resolve doi first
9848589,executive_function,excluded,1998,no-link,0.37,nothing,manual: resolve doi first
9856190,dementia,excluded,1998,no-link,0.37,elsevier-skipped,manual: resolve doi first
9867585,executive_function,excluded,1998,other,0.37,nothing,manual: publisher html
9884490,executive_function,excluded,1998,no-link,0.37,nothing,manual: resolve doi first
9885802,executive_function,excluded,1998,no-link,0.37,nothing,manual: resolve doi first
9933792,executive_function,excluded,1999,no-link,0.37,nothing,manual: resolve doi first
9950711,executive_function,excluded,1999,other,0.37,nothing,manual: publisher html
9950716,executive_function,excluded,1999,other,0.37,nothing,manual: publisher html
9950718,executive_function,excluded,1999,other,0.37,nothing,manual: publisher html
1312459,executive_function,excluded,1992,other,0.197,nothing,manual: publisher html
1314112,executive_function,excluded,1992,no-link,0.197,nothing,manual: resolve doi first
1343218,executive_function,excluded,1992,no-link,0.197,nothing,manual: resolve doi first
1361765,executive_function,excluded,1992,no-link,0.197,nothing,manual: resolve doi first
1362615,executive_function,excluded,1992,no-link,0.197,nothing,manual: resolve doi first
1393416,executive_function,excluded,1992,other,0.197,nothing,manual: publisher html
1407978,executive_function,excluded,1992,elsevier,0.197,elsevier-failed,manual: publisher html
1410315,executive_function,excluded,1992,no-link,0.197,nothing,manual: resolve doi first
1431960,executive_function,excluded,1992,pmc,0.197,nothing,manual: pmc via browser
1432037,executive_function,excluded,1992,no-link,0.197,nothing,manual: resolve doi first
1436456,executive_function,excluded,1992,no-link,0.197,nothing,manual: resolve doi first
1438669,executive_function,excluded,1992,no-link,0.197,nothing,manual: resolve doi first
1438713,executive_function,excluded,1992,no-link,0.197,nothing,manual: resolve doi first
1452747,executive_function,excluded,1992,no-link,0.197,nothing,manual: resolve doi first
1469470,executive_function,excluded,1992,no-link,0.197,nothing,manual: resolve doi first
1471870,executive_function,excluded,1992,other,0.197,nothing,manual: publisher html
1486115,executive_function,excluded,1992,no-link,0.197,nothing,manual: resolve doi first
1511219,executive_function,excluded,1992,no-link,0.197,nothing,manual: resolve doi first
1522271,executive_function,excluded,1992,no-link,0.197,nothing,manual: resolve doi first
1525975,executive_function,excluded,1992,other,0.197,nothing,manual: publisher html
1545020,executive_function,excluded,1992,no-link,0.197,nothing,manual: resolve doi first
1601649,executive_function,excluded,1992,no-link,0.197,nothing,manual: resolve doi first
1603316,executive_function,excluded,1992,no-link,0.197,nothing,manual: resolve doi first
1605084,executive_function,excluded,1992,no-link,0.197,nothing,manual: resolve doi first
1609867,executive_function,excluded,1992,other,0.197,nothing,manual: publisher html
1613412,executive_function,excluded,1992,no-link,0.197,nothing,manual: resolve doi first
1631214,executive_function,excluded,1992,no-link,0.197,nothing,manual: resolve doi first
1632744,executive_function,excluded,1992,other,0.197,nothing,manual: publisher html
1634154,executive_function,excluded,1992,no-link,0.197,nothing,manual: resolve doi first
1657336,executive_function,excluded,1991,no-link,0.197,nothing,manual: resolve doi first
1685226,executive_function,excluded,1991,other,0.197,nothing,manual: publisher html
1695079,executive_function,excluded,1990,no-link,0.197,nothing,manual: resolve doi first
1719135,executive_function,excluded,1991,pmc,0.197,nothing,manual: pmc via browser
1733490,executive_function,excluded,1992,no-link,0.197,nothing,manual: resolve doi first
1733962,executive_function,excluded,1992,elsevier,0.197,elsevier-skipped,manual: publisher html
1735210,executive_function,excluded,1992,no-link,0.197,nothing,manual: resolve doi first
1742584,executive_function,excluded,1991,other,0.197,nothing,manual: publisher html
1749996,executive_function,excluded,1991,no-link,0.197,nothing,manual: resolve doi first
1754956,executive_function,excluded,1991,no-link,0.197,nothing,manual: resolve doi first
1773777,executive_function,excluded,1991,no-link,0.197,nothing,manual: resolve doi first
1781494,executive_function,excluded,1991,other,0.197,nothing,manual: publisher html
1789694,executive_function,excluded,1991,other,0.197,nothing,manual: publisher html
1790371,executive_function,excluded,1991,other,0.197,nothing,manual: publisher html
1837317,executive_function,excluded,1991,other,0.197,nothing,manual: publisher html
1866529,executive_function,excluded,1991,no-link,0.197,nothing,manual: resolve doi first
1896219,executive_function,excluded,1991,no-link,0.197,nothing,manual: resolve doi first
1952667,executive_function,excluded,1991,other,0.197,nothing,manual: publisher html
1953418,vbm_of_substance_use,excluded,1991,other,0.197,nothing,manual: publisher html
1956737,executive_function,excluded,1991,no-link,0.197,nothing,manual: resolve doi first
1966282,executive_function,excluded,1990,no-link,0.197,nothing,manual: resolve doi first
2021792,executive_function,excluded,1991,other,0.197,nothing,manual: publisher html
2044589,executive_function,excluded,1991,no-link,0.197,nothing,manual: resolve doi first
2088347,vbm_of_substance_use,excluded,1990,no-link,0.197,nothing,manual: resolve doi first
2106374,vbm_of_substance_use,excluded,1990,no-link,0.197,nothing,manual: resolve doi first
2158382,executive_function,excluded,1990,no-link,0.197,nothing,manual: resolve doi first
2176356,executive_function,excluded,1990,no-link,0.197,nothing,manual: resolve doi first
2218593,executive_function,excluded,1990,no-link,0.197,nothing,manual: resolve doi first
2307846,executive_function,excluded,1990,no-link,0.197,nothing,manual: resolve doi first
2323169,executive_function,excluded,1990,no-link,0.197,nothing,manual: resolve doi first
2331380,executive_function,excluded,1990,no-link,0.197,nothing,manual: resolve doi first
2333824,executive_function,excluded,1990,no-link,0.197,nothing,manual: resolve doi first
2340697,executive_function,excluded,1990,no-link,0.197,nothing,manual: resolve doi first
2344264,executive_function,excluded,1990,no-link,0.197,nothing,manual: resolve doi first
2382025,executive_function,excluded,1990,no-link,0.197,nothing,manual: resolve doi first
2402684,executive_function,excluded,1990,no-link,0.197,nothing,manual: resolve doi first
2451717,executive_function,excluded,1988,other,0.197,nothing,manual: publisher html
2498324,executive_function,excluded,1989,elsevier,0.197,elsevier-skipped,manual: publisher html
2500859,executive_function,excluded,1989,elsevier,0.197,elsevier-success,manual: publisher html
2505772,executive_function,excluded,1989,elsevier,0.197,elsevier-success,manual: publisher html
2529273,executive_function,excluded,1989,no-link,0.197,nothing,manual: resolve doi first
2552484,executive_function,excluded,1989,other,0.197,nothing,manual: publisher html
2585027,executive_function,excluded,1989,no-link,0.197,nothing,manual: resolve doi first
2594337,executive_function,excluded,1989,other,0.197,nothing,manual: publisher html
2598113,executive_function,excluded,1989,elsevier,0.197,elsevier-success,manual: publisher html
2599826,executive_function,excluded,1989,no-link,0.197,nothing,manual: resolve doi first
2612174,executive_function,excluded,1989,elsevier,0.197,elsevier-success,manual: publisher html
2643686,executive_function,excluded,1989,other,0.197,nothing,manual: publisher html
2656604,executive_function,excluded,1989,elsevier,0.197,elsevier-success,manual: publisher html
2659134,executive_function,excluded,1989,no-link,0.197,nothing,manual: resolve doi first
2692549,executive_function,excluded,1989,no-link,0.197,nothing,manual: resolve doi first
2709053,executive_function,excluded,1989,no-link,0.197,nothing,manual: resolve doi first
2711903,executive_function,excluded,1989,no-link,0.197,nothing,manual: resolve doi first
2716485,executive_function,excluded,1989,elsevier,0.197,elsevier-success,manual: publisher html
2717950,executive_function,excluded,1989,no-link,0.197,nothing,manual: resolve doi first
2723988,executive_function,excluded,1989,elsevier,0.197,elsevier-success,manual: publisher html
2734968,executive_function,excluded,1989,no-link,0.197,nothing,manual: resolve doi first
2737535,executive_function,excluded,1989,no-link,0.197,nothing,manual: resolve doi first
2754585,executive_function,excluded,1989,elsevier,0.197,elsevier-success,manual: publisher html
2773493,executive_function,excluded,1989,no-link,0.197,nothing,manual: resolve doi first
2783351,executive_function,excluded,1989,other,0.197,nothing,manual: publisher html
2785845,executive_function,excluded,1989,elsevier,0.197,elsevier-success,manual: publisher html
2787008,executive_function,excluded,1989,no-link,0.197,nothing,manual: resolve doi first
2793452,executive_function,excluded,1989,no-link,0.197,nothing,manual: resolve doi first
2794259,executive_function,excluded,1989,elsevier,0.197,elsevier-success,manual: publisher html
2804895,executive_function,excluded,1989,no-link,0.197,nothing,manual: resolve doi first
2808046,executive_function,excluded,1989,elsevier,0.197,elsevier-success,manual: publisher html
2811890,executive_function,excluded,1989,other,0.197,nothing,manual: publisher html
2817836,executive_function,excluded,1989,other,0.197,nothing,manual: publisher html
2819587,executive_function,excluded,1989,elsevier,0.197,elsevier-success,manual: publisher html
2835381,executive_function,excluded,1988,other,0.197,nothing,manual: publisher html
2842546,executive_function,excluded,1988,no-link,0.197,nothing,manual: resolve doi first
2902315,executive_function,excluded,1988,elsevier,0.197,elsevier-success,manual: publisher html
2911054,executive_function,excluded,1989,elsevier,0.197,elsevier-success,manual: publisher html
2911683,executive_function,excluded,1989,other,0.197,nothing,manual: publisher html
2912999,executive_function,excluded,1989,other,0.197,nothing,manual: publisher html
2918601,executive_function,excluded,1989,no-link,0.197,nothing,manual: resolve doi first
2918979,executive_function,excluded,1989,other,0.197,nothing,manual: publisher html
2919363,executive_function,excluded,1989,elsevier,0.197,elsevier-success,manual: publisher html
2924094,executive_function,excluded,1989,other,0.197,nothing,manual: publisher html
2928496,executive_function,excluded,1989,no-link,0.197,nothing,manual: resolve doi first
2928920,executive_function,excluded,1989,elsevier,0.197,elsevier-success,manual: publisher html
2980069,executive_function,excluded,1988,no-link,0.197,nothing,manual: resolve doi first
3165977,executive_function,excluded,1988,elsevier,0.197,elsevier-skipped,manual: publisher html
3173502,executive_function,excluded,1988,no-link,0.197,nothing,manual: resolve doi first
3191676,executive_function,excluded,1988,other,0.197,nothing,manual: publisher html
3192303,executive_function,excluded,1988,no-link,0.197,nothing,manual: resolve doi first
3225637,executive_function,excluded,1988,no-link,0.197,nothing,manual: resolve doi first
3227128,executive_function,excluded,1988,other,0.197,nothing,manual: publisher html
3263666,executive_function,excluded,1988,other,0.197,nothing,manual: publisher html
3268164,executive_function,excluded,1988,other,0.197,nothing,manual: publisher html
3343262,executive_function,excluded,1988,other,0.197,nothing,manual: publisher html
3344487,executive_function,excluded,1988,no-link,0.197,nothing,manual: resolve doi first
3365041,executive_function,excluded,1988,elsevier,0.197,elsevier-failed,manual: publisher html
3369966,executive_function,excluded,1988,other,0.197,nothing,manual: publisher html
3396021,executive_function,excluded,1988,other,0.197,nothing,manual: publisher html
3398183,executive_function,excluded,1988,elsevier,0.197,elsevier-failed,manual: publisher html
3398739,executive_function,excluded,1988,elsevier,0.197,elsevier-success,manual: publisher html
3411993,executive_function,excluded,1988,no-link,0.197,nothing,manual: resolve doi first
3736773,vbm_of_substance_use,excluded,1986,other,0.197,nothing,manual: publisher html
7507044,executive_function,excluded,1993,no-link,0.197,nothing,manual: resolve doi first
7701277,executive_function,excluded,1994,other,0.197,nothing,manual: publisher html
7712622,executive_function,excluded,1993,no-link,0.197,nothing,manual: resolve doi first
7738839,executive_function,excluded,1994,pmc,0.197,nothing,manual: pmc via browser
7759195,executive_function,excluded,1994,no-link,0.197,nothing,manual: resolve doi first
7800437,executive_function,excluded,1994,no-link,0.197,nothing,manual: resolve doi first
7822728,executive_function,excluded,1994,other,0.197,nothing,manual: publisher html
7831459,executive_function,excluded,1994,no-link,0.197,nothing,manual: resolve doi first
7846600,executive_function,excluded,1994,no-link,0.197,nothing,manual: resolve doi first
7847126,executive_function,excluded,1994,no-link,0.197,nothing,manual: resolve doi first
7902754,executive_function,excluded,1993,no-link,0.197,nothing,manual: resolve doi first
7903004,executive_function,excluded,1993,no-link,0.197,nothing,manual: resolve doi first
7904850,executive_function,excluded,1993,no-link,0.197,nothing,manual: resolve doi first
7931375,executive_function,excluded,1994,pmc,0.197,nothing,manual: pmc via browser
7939831,executive_function,excluded,1994,no-link,0.197,nothing,manual: resolve doi first
7943514,executive_function,excluded,1994,other,0.197,nothing,manual: publisher html
7976223,executive_function,excluded,1994,no-link,0.197,nothing,manual: resolve doi first
7976623,executive_function,excluded,1994,no-link,0.197,nothing,manual: resolve doi first
7977887,executive_function,excluded,1994,other,0.197,nothing,manual: publisher html
7981807,executive_function,excluded,1994,other,0.197,nothing,manual: publisher html
8026017,executive_function,excluded,1994,other,0.197,nothing,manual: publisher html
8044965,executive_function,excluded,1994,other,0.197,nothing,manual: publisher html
8047629,executive_function,excluded,1994,no-link,0.197,nothing,manual: resolve doi first
8081339,executive_function,excluded,1994,no-link,0.197,nothing,manual: resolve doi first
8082674,executive_function,excluded,1994,no-link,0.197,nothing,manual: resolve doi first
8083145,executive_function,excluded,1994,elsevier,0.197,elsevier-failed,manual: publisher html
8145170,executive_function,excluded,1993,pmc,0.197,nothing,manual: pmc via browser
8169517,executive_function,excluded,1994,no-link,0.197,nothing,manual: resolve doi first
8183760,executive_function,excluded,1994,pmc,0.197,nothing,manual: pmc via browser
8202966,executive_function,excluded,1994,other,0.197,nothing,manual: publisher html
8211331,executive_function,excluded,1993,no-link,0.197,nothing,manual: resolve doi first
8227572,executive_function,excluded,1993,no-link,0.197,nothing,manual: resolve doi first
8228610,executive_function,excluded,1993,no-link,0.197,nothing,manual: resolve doi first
8230373,executive_function,excluded,1993,no-link,0.197,nothing,manual: resolve doi first
8238641,executive_function,excluded,1993,other,0.197,nothing,manual: publisher html
8248822,executive_function,excluded,1993,no-link,0.197,nothing,manual: resolve doi first
8248994,executive_function,excluded,1993,other,0.197,nothing,manual: publisher html
8252428,executive_function,excluded,1993,no-link,0.197,nothing,manual: resolve doi first
8255083,executive_function,excluded,1993,no-link,0.197,nothing,manual: resolve doi first
8265632,executive_function,excluded,1993,pmc,0.197,nothing,manual: pmc via browser
8266361,executive_function,excluded,1994,other,0.197,nothing,manual: publisher html
8280364,executive_function,excluded,1993,elsevier,0.197,elsevier-failed,manual: publisher html
8283556,executive_function,excluded,1994,no-link,0.197,nothing,manual: resolve doi first
8290696,executive_function,excluded,1993,no-link,0.197,nothing,manual: resolve doi first
8307831,executive_function,excluded,1993,pmc,0.197,nothing,manual: pmc via browser
8318176,executive_function,excluded,1993,no-link,0.197,nothing,manual: resolve doi first
8330872,executive_function,excluded,1993,no-link,0.197,nothing,manual: resolve doi first
8339230,executive_function,excluded,1993,no-link,0.197,nothing,manual: resolve doi first
8341413,executive_function,excluded,1993,no-link,0.197,nothing,manual: resolve doi first
8346766,executive_function,excluded,1993,other,0.197,nothing,manual: publisher html
8370913,executive_function,excluded,1993,no-link,0.197,nothing,manual: resolve doi first
8389668,executive_function,excluded,1993,no-link,0.197,nothing,manual: resolve doi first
8391172,executive_function,excluded,1993,no-link,0.197,nothing,manual: resolve doi first
8392285,executive_function,excluded,1993,no-link,0.197,nothing,manual: resolve doi first
8396465,executive_function,excluded,1993,no-link,0.197,nothing,manual: resolve doi first
8416363,executive_function,excluded,1993,no-link,0.197,nothing,manual: resolve doi first
8420528,executive_function,excluded,1993,elsevier,0.197,elsevier-skipped,manual: publisher html
8424477,executive_function,excluded,1993,no-link,0.197,nothing,manual: resolve doi first
8437023,executive_function,excluded,1993,no-link,0.197,nothing,manual: resolve doi first
8459914,executive_function,excluded,1993,no-link,0.197,nothing,manual: resolve doi first
8472665,executive_function,excluded,1993,elsevier,0.197,elsevier-skipped,manual: publisher html
8479985,executive_function,excluded,1993,no-link,0.197,nothing,manual: resolve doi first
8491431,executive_function,excluded,1993,no-link,0.197,nothing,manual: resolve doi first
8579768,executive_function,excluded,1994,no-link,0.197,nothing,manual: resolve doi first
