Cluster ID	X	Y	Z	Peak Stat	Cluster Size (mm3)
PositiveTail 1	-2.0	4.0	50.0	2.367159650500662	736
PositiveTail 1a	-6.0	14.0	54.0	1.9585100817677827	
PositiveTail 2	2.0	-2.0	52.0	2.367159650500662	1040
PositiveTail 3	-6.0	50.0	-10.0	1.9585100817677827	80
