{
  "search": {
    "counts": {
      "true_positives": 364,
      "false_negatives": 1,
      "false_positives": 128,
      "meta_total": 365,
      "retrieved_total": 492
    },
    "metrics": {
      "precision": 0.7398373983739838,
      "precision_ci_lower": 0.6993178447428781,
      "precision_ci_upper": 0.7766406065044558,
      "recall": 0.9972602739726028,
      "recall_ci_lower": 0.9846460873645747,
      "recall_ci_upper": 0.9995162197070787
    }
  },
  "abstract": {
    "counts": {
      "true_positives": 344,
      "false_negatives": 20,
      "false_positives": 39,
      "meta_in_search": 364,
      "meta_total": 365,
      "included_total": 383
    },
    "metrics": {
      "precision": 0.8981723237597912,
      "precision_ci_lower": 0.863822756132197,
      "precision_ci_upper": 0.9246136478119498,
      "recall_in_search": 0.945054945054945,
      "recall_in_search_ci_lower": 0.9166603686122696,
      "recall_in_search_ci_upper": 0.9641535469426865,
      "recall_all_meta": 0.9424657534246575,
      "recall_all_meta_ci_lower": 0.9136499405902418,
      "recall_all_meta_ci_upper": 0.9620647293385296
    }
  },
  "fulltext": {
    "counts": {
      "true_positives": 94,
      "false_negatives": 33,
      "false_positives": 9,
      "additional_false_negatives": 13,
      "meta_in_search_available": 127,
      "meta_total": 365,
      "included_total": 103
    },
    "metrics": {
      "precision": 0.912621359223301,
      "precision_ci_lower": 0.8422209571522518,
      "precision_ci_upper": 0.9533493076135325,
      "recall_in_search": 0.7401574803149606,
      "recall_in_search_ci_lower": 0.6576311525828926,
      "recall_in_search_ci_upper": 0.8085814281253838,
      "recall_all_meta": 0.25753424657534246,
      "recall_all_meta_ci_lower": 0.21536180883654343,
      "recall_all_meta_ci_upper": 0.30475739680620395
    }
  },
  "fulltext_with_coords": {
    "counts": {
      "true_positives": 51,
      "false_negatives": 76,
      "false_positives": 2,
      "meta_in_search_available": 127,
      "meta_total": 365,
      "included_total": 53
    },
    "metrics": {
      "precision": 0.9622641509433962,
      "precision_ci_lower": 0.8724547684904087,
      "precision_ci_upper": 0.9895899311661807,
      "recall_in_search": 0.4015748031496063,
      "recall_in_search_ci_lower": 0.3204164822002564,
      "recall_in_search_ci_upper": 0.48851278800126974,
      "recall_all_meta": 0.13972602739726028,
      "recall_all_meta_ci_lower": 0.10789710018318235,
      "recall_all_meta_ci_upper": 0.17905968560236893
    }
  }
}