{
  "search": {
    "counts": {
      "true_positives": 364,
      "false_negatives": 1,
      "false_positives": 128,
      "meta_total": 365,
      "retrieved_total": 492
    },
    "metrics": {
      "precision": 0.7398373983739838,
      "precision_ci_lower": 0.6993178447428781,
      "precision_ci_upper": 0.7766406065044558,
      "recall": 0.9972602739726028,
      "recall_ci_lower": 0.9846460873645747,
      "recall_ci_upper": 0.9995162197070787
    }
  },
  "abstract": {
    "counts": {
      "true_positives": 344,
      "false_negatives": 20,
      "false_positives": 39,
      "meta_in_search": 364,
      "meta_total": 365,
      "included_total": 383
    },
    "metrics": {
      "precision": 0.8981723237597912,
      "precision_ci_lower": 0.863822756132197,
      "precision_ci_upper": 0.9246136478119498,
      "recall_in_search": 0.945054945054945,
      "recall_in_search_ci_lower": 0.9166603686122696,
      "recall_in_search_ci_upper": 0.9641535469426865,
      "recall_all_meta": 0.9424657534246575,
      "recall_all_meta_ci_lower": 0.9136499405902418,
      "recall_all_meta_ci_upper": 0.9620647293385296
    }
  },
  "fulltext": {
    "counts": {
      "true_positives": 296,
      "false_negatives": 44,
      "false_positives": 21,
      "additional_false_negatives": 24,
      "meta_in_search_available": 340,
      "meta_total": 365,
      "included_total": 317
    },
    "metrics": {
      "precision": 0.9337539432176656,
      "precision_ci_lower": 0.9008543469596858,
      "precision_ci_upper": 0.9562664254089844,
      "recall_in_search": 0.8705882352941177,
      "recall_in_search_ci_lower": 0.8307281274055661,
      "recall_in_search_ci_upper": 0.9021674849927009,
      "recall_all_meta": 0.810958904109589,
      "recall_all_meta_ci_lower": 0.767630220571904,
      "recall_all_meta_ci_upper": 0.8478101202139509
    }
  },
  "fulltext_with_coords": {
    "counts": {
      "true_positives": 0,
      "false_negatives": 340,
      "false_positives": 0,
      "meta_in_search_available": 340,
      "meta_total": 365,
      "included_total": 0
    },
    "metrics": {
      "precision": 0,
      "precision_ci_lower": 0.0,
      "precision_ci_upper": 0.0,
      "recall_in_search": 0.0,
      "recall_in_search_ci_lower": 0,
      "recall_in_search_ci_upper": 0.01117258644678247,
      "recall_all_meta": 0.0,
      "recall_all_meta_ci_lower": 0,
      "recall_all_meta_ci_upper": 0.010415311071202379
    }
  }
}