{
  "search": {
    "counts": {
      "true_positives": 344,
      "false_negatives": 1,
      "false_positives": 148,
      "meta_total": 345,
      "retrieved_total": 492
    },
    "metrics": {
      "precision": 0.6991869918699187,
      "precision_ci_lower": 0.6572469883992575,
      "precision_ci_upper": 0.7380405389078502,
      "recall": 0.9971014492753624,
      "recall_ci_lower": 0.9837661263543445,
      "recall_ci_upper": 0.9994881644183156
    }
  },
  "abstract": {
    "counts": {
      "true_positives": 324,
      "false_negatives": 20,
      "false_positives": 59,
      "meta_in_search": 344,
      "meta_total": 345,
      "included_total": 383
    },
    "metrics": {
      "precision": 0.8459530026109661,
      "precision_ci_lower": 0.8063797369715417,
      "precision_ci_upper": 0.8786551713733726,
      "recall_in_search": 0.9418604651162791,
      "recall_in_search_ci_lower": 0.9119089755769025,
      "recall_in_search_ci_upper": 0.9620520457615458,
      "recall_all_meta": 0.9391304347826087,
      "recall_all_meta_ci_lower": 0.9087424965854225,
      "recall_all_meta_ci_upper": 0.9598465707735162
    }
  },
  "fulltext": {
    "counts": {
      "true_positives": 86,
      "false_negatives": 33,
      "false_positives": 17,
      "additional_false_negatives": 13,
      "meta_in_search_available": 119,
      "meta_total": 345,
      "included_total": 103
    },
    "metrics": {
      "precision": 0.8349514563106796,
      "precision_ci_lower": 0.7514932393345533,
      "precision_ci_upper": 0.8943226226517891,
      "recall_in_search": 0.7226890756302521,
      "recall_in_search_ci_lower": 0.6362525425509626,
      "recall_in_search_ci_upper": 0.7951973897195386,
      "recall_all_meta": 0.2492753623188406,
      "recall_all_meta_ci_lower": 0.20655610872402452,
      "recall_all_meta_ci_upper": 0.29751680001163083
    }
  },
  "fulltext_with_coords": {
    "counts": {
      "true_positives": 47,
      "false_negatives": 72,
      "false_positives": 6,
      "meta_in_search_available": 119,
      "meta_total": 345,
      "included_total": 53
    },
    "metrics": {
      "precision": 0.8867924528301887,
      "precision_ci_lower": 0.7742322969866086,
      "precision_ci_upper": 0.9470704108893132,
      "recall_in_search": 0.3949579831932773,
      "recall_in_search_ci_lower": 0.311733225446669,
      "recall_in_search_ci_upper": 0.4847526555578115,
      "recall_all_meta": 0.13623188405797101,
      "recall_all_meta_ci_lower": 0.10401752210423751,
      "recall_all_meta_ci_upper": 0.17645820097466128
    }
  }
}