{
  "search": {
    "counts": {
      "true_positives": 344,
      "false_negatives": 1,
      "false_positives": 148,
      "meta_total": 345,
      "retrieved_total": 492
    },
    "metrics": {
      "precision": 0.6991869918699187,
      "precision_ci_lower": 0.6572469883992575,
      "precision_ci_upper": 0.7380405389078502,
      "recall": 0.9971014492753624,
      "recall_ci_lower": 0.9837661263543445,
      "recall_ci_upper": 0.9994881644183156
    }
  },
  "abstract": {
    "counts": {
      "true_positives": 324,
      "false_negatives": 20,
      "false_positives": 59,
      "meta_in_search": 344,
      "meta_total": 345,
      "included_total": 383
    },
    "metrics": {
      "precision": 0.8459530026109661,
      "precision_ci_lower": 0.8063797369715417,
      "precision_ci_upper": 0.8786551713733726,
      "recall_in_search": 0.9418604651162791,
      "recall_in_search_ci_lower": 0.9119089755769025,
      "recall_in_search_ci_upper": 0.9620520457615458,
      "recall_all_meta": 0.9391304347826087,
      "recall_all_meta_ci_lower": 0.9087424965854225,
      "recall_all_meta_ci_upper": 0.9598465707735162
    }
  },
  "fulltext": {
    "counts": {
      "true_positives": 276,
      "false_negatives": 44,
      "false_positives": 41,
      "additional_false_negatives": 24,
      "meta_in_search_available": 320,
      "meta_total": 345,
      "included_total": 317
    },
    "metrics": {
      "precision": 0.8706624605678234,
      "precision_ci_lower": 0.8292374941362494,
      "precision_ci_upper": 0.9032111658878871,
      "recall_in_search": 0.8625,
      "recall_in_search_ci_lower": 0.8204463927461817,
      "recall_in_search_ci_upper": 0.8959532297853275,
      "recall_all_meta": 0.8,
      "recall_all_meta_ci_lower": 0.7545903711006081,
      "recall_all_meta_ci_upper": 0.8388021600653996
    }
  },
  "fulltext_with_coords": {
    "counts": {
      "true_positives": 0,
      "false_negatives": 320,
      "false_positives": 0,
      "meta_in_search_available": 320,
      "meta_total": 345,
      "included_total": 0
    },
    "metrics": {
      "precision": 0,
      "precision_ci_lower": 0.0,
      "precision_ci_upper": 0.0,
      "recall_in_search": 0.0,
      "recall_in_search_ci_lower": 0,
      "recall_in_search_ci_upper": 0.011862589611711402,
      "recall_all_meta": 0.0,
      "recall_all_meta_ci_lower": 0,
      "recall_all_meta_ci_upper": 0.011012448056653792
    }
  }
}