{
  "search": {
    "counts": {
      "true_positives": 224,
      "false_negatives": 12,
      "false_positives": 799,
      "meta_total": 236,
      "retrieved_total": 1023
    },
    "metrics": {
      "recall": 0.9491525423728814,
      "recall_ci_lower": 0.9132393739475034,
      "recall_ci_upper": 0.9706773444199525,
      "precision": 0.21896383186705767,
      "precision_ci_lower": 0.1946988960846948,
      "precision_ci_upper": 0.2453315818390668
    }
  },
  "abstract": {
    "counts": {
      "true_positives": 223,
      "false_negatives": 1,
      "false_positives": 484,
      "meta_in_search": 224,
      "meta_total": 236,
      "included_total": 707
    },
    "metrics": {
      "recall_in_search": 0.9955357142857143,
      "recall_in_search_ci_lower": 0.9751496060262478,
      "recall_in_search_ci_upper": 0.9992115290781408,
      "recall_all_meta": 0.9449152542372882,
      "recall_all_meta_ci_lower": 0.9080485934142232,
      "recall_all_meta_ci_upper": 0.967529287987502,
      "precision": 0.31541725601131543,
      "precision_ci_lower": 0.2822396453375549,
      "precision_ci_upper": 0.3505899470779707
    }
  },
  "fulltext": {
    "counts": {
      "true_positives": 35,
      "false_negatives": 1,
      "additional_false_negatives": 0,
      "false_positives": 65,
      "meta_in_search_available": 36,
      "meta_total": 236,
      "included_total": 100
    },
    "metrics": {
      "recall_in_search": 0.9722222222222222,
      "recall_in_search_ci_lower": 0.8582996626496918,
      "recall_in_search_ci_upper": 0.9950797197044302,
      "recall_all_meta": 0.1483050847457627,
      "recall_all_meta_ci_lower": 0.10860746993688522,
      "recall_all_meta_ci_upper": 0.19926906190746532,
      "precision": 0.35,
      "precision_ci_lower": 0.2636410465347802,
      "precision_ci_upper": 0.4474573957080203
    }
  }
}