pmid,type,source,full_text_path,in_included_set
10024560,unavailable,pubget,,True
10025564,unavailable,pubget,,True
10025606,unavailable,pubget,,True
10030646,unavailable,pubget,,True
10050895,unavailable,pubget,,True
10071049,unavailable,pubget,,True
10080553,unavailable,pubget,,True
10088900,unavailable,pubget,,True
10094234,unavailable,pubget,,True
10096413,unavailable,pubget,,True
10096415,unavailable,pubget,,True
10097158,unavailable,pubget,,True
10097992,unavailable,pubget,,True
10100232,unavailable,pubget,,True
10195166,unavailable,pubget,,True
10197540,unavailable,pubget,,True
10199643,unavailable,pubget,,True
10211469,unavailable,pubget,,True
10218904,unavailable,pubget,,True
10219788,unavailable,pubget,,True
10220229,unavailable,pubget,,True
10318979,unavailable,pubget,,True
10322569,unavailable,pubget,,True
10329291,unavailable,pubget,,True
10349294,unavailable,pubget,,True
10353369,unavailable,pubget,,True
10356060,unavailable,pubget,,True
10363454,unavailable,pubget,,True
10371535,unavailable,pubget,,True
10377359,unavailable,pubget,,True
10385578,unavailable,pubget,,True
10385579,unavailable,pubget,,True
10385580,unavailable,pubget,,True
10389670,unavailable,pubget,,True
10390024,unavailable,pubget,,True
10390725,unavailable,pubget,,True
10392375,unavailable,pubget,,True
10392545,unavailable,pubget,,True
10402199,unavailable,pubget,,True
10426417,unavailable,pubget,,True
10428191,unavailable,pubget,,True
10432181,unavailable,pubget,,True
10433263,unavailable,pubget,,True
10435827,unavailable,pubget,,True
10439584,unavailable,pubget,,True
10449122,unavailable,pubget,,True
10450259,unavailable,pubget,,True
10454134,unavailable,pubget,,True
10468516,unavailable,pubget,,True
10468630,unavailable,pubget,,True
10471847,unavailable,pubget,,True
10471848,unavailable,pubget,,True
10486407,unavailable,pubget,,True
10495195,unavailable,pubget,,True
10506097,unavailable,pubget,,True
10510193,unavailable,pubget,,True
10511640,unavailable,pubget,,True
10524597,unavailable,pubget,,True
10547332,unavailable,pubget,,True
10548667,unavailable,pubget,,True
10552242,unavailable,pubget,,True
10554243,unavailable,pubget,,True
10554592,unavailable,pubget,,True
10554992,unavailable,pubget,,True
10571235,unavailable,pubget,,True
10574350,unavailable,pubget,,True
10581226,unavailable,pubget,,True
10599807,unavailable,pubget,,True
10599862,unavailable,pubget,,True
10601054,unavailable,pubget,,True
10601744,unavailable,pubget,,True
10607401,unavailable,pubget,,True
10616631,unavailable,pubget,,True
10618147,unavailable,pubget,,True
10619411,unavailable,pubget,,True
10632617,unavailable,pubget,,True
10636145,unavailable,pubget,,True
10647613,unavailable,pubget,,True
10648437,unavailable,pubget,,True
10648441,unavailable,pubget,,True
10660297,unavailable,pubget,,True
10666553,unavailable,pubget,,True
10666563,unavailable,pubget,,True
10674479,unavailable,pubget,,True
10677364,unavailable,pubget,,True
10683393,unavailable,pubget,,True
10683395,unavailable,pubget,,True
10688201,unavailable,pubget,,True
10689044,unavailable,pubget,,True
10694460,unavailable,pubget,,True
10694462,unavailable,pubget,,True
10716869,unavailable,pubget,,True
10720291,unavailable,pubget,,True
10725185,unavailable,pubget,,True
10725191,unavailable,pubget,,True
10734010,unavailable,pubget,,True
10750188,unavailable,pubget,,True
10753488,unavailable,pubget,,True
10753975,unavailable,pubget,,True
10762158,unavailable,pubget,,True
10762504,unavailable,pubget,,True
10768619,unavailable,pubget,,True
10769309,unavailable,pubget,,True
10769310,unavailable,pubget,,True
10769314,unavailable,pubget,,True
10769315,unavailable,pubget,,True
10769317,unavailable,pubget,,True
10771410,unavailable,pubget,,True
10771413,unavailable,pubget,,True
10771415,unavailable,pubget,,True
10775540,unavailable,pubget,,True
10775705,unavailable,pubget,,True
10775709,unavailable,pubget,,True
10785252,unavailable,pubget,,True
10789305,unavailable,pubget,,True
10798392,unavailable,pubget,,True
10808134,unavailable,pubget,,True
10808138,unavailable,pubget,,True
10809734,unavailable,pubget,,True
10812475,unavailable,pubget,,True
10817581,unavailable,pubget,,True
10823306,unavailable,pubget,,True
10828413,unavailable,pubget,,True
10836642,unavailable,pubget,,True
10843515,unavailable,pubget,,True
10844366,unavailable,pubget,,True
10847601,unavailable,pubget,,True
10852226,unavailable,pubget,,True
10852235,unavailable,pubget,,True
10860566,unavailable,pubget,,True
10860788,unavailable,pubget,,True
10860791,unavailable,pubget,,True
10863028,unavailable,pubget,,True
10867223,unavailable,pubget,,True
10869051,unavailable,pubget,,True
10869585,unavailable,pubget,,True
10869586,unavailable,pubget,,True
10888504,unavailable,pubget,,True
10902692,unavailable,pubget,,True
10903207,unavailable,pubget,,True
10906316,unavailable,pubget,,True
10908201,unavailable,pubget,,True
10912589,unavailable,pubget,,True
10923670,unavailable,pubget,,True
10924219,unavailable,pubget,,True
10928738,unavailable,pubget,,True
10928739,unavailable,pubget,,True
10934267,unavailable,pubget,,True
10943689,unavailable,pubget,,True
10943724,unavailable,pubget,,True
10943726,unavailable,pubget,,True
10944414,unavailable,pubget,,True
10945255,unavailable,pubget,,True
10945335,unavailable,pubget,,True
10946755,unavailable,pubget,,True
10950920,unavailable,pubget,,True
10957793,unavailable,pubget,,True
10962147,unavailable,pubget,,True
10969937,unavailable,pubget,,True
10976633,unavailable,pubget,,True
10980035,unavailable,pubget,,True
10982747,unavailable,pubget,,True
10985287,unavailable,pubget,,True
10988032,unavailable,pubget,,True
10988033,unavailable,pubget,,True
10988034,unavailable,pubget,,True
10988036,unavailable,pubget,,True
10993408,unavailable,pubget,,True
10995377,unavailable,pubget,,True
10997451,unavailable,pubget,,True
11002702,unavailable,pubget,,True
11007729,unavailable,pubget,,True
11015323,unavailable,pubget,,True
11032590,unavailable,pubget,,True
11036292,unavailable,pubget,,True
11043547,unavailable,pubget,,True
11049665,unavailable,pubget,,True
11052544,unavailable,pubget,,True
11054918,unavailable,pubget,,True
11055257,unavailable,pubget,,True
11055951,unavailable,pubget,,True
11058475,unavailable,pubget,,True
11059456,unavailable,pubget,,True
11073867,unavailable,pubget,,True
11074868,unavailable,pubget,,True
11087770,unavailable,pubget,,True
11090909,unavailable,pubget,,True
11095716,unavailable,pubget,,True
11097966,unavailable,pubget,,True
11098794,unavailable,pubget,,True
11099727,unavailable,pubget,,True
11112290,unavailable,pubget,,True
11112401,unavailable,pubget,,True
11113035,unavailable,pubget,,True
11125237,unavailable,pubget,,True
11133314,unavailable,pubget,,True
11133789,unavailable,pubget,,True
11133799,unavailable,pubget,,True
11134389,unavailable,pubget,,True
11137792,unavailable,pubget,,True
11142323,unavailable,pubget,,True
11150934,unavailable,pubget,,True
11157230,unavailable,pubget,,True
11167046,unavailable,pubget,,True
11173892,unavailable,pubget,,True
11181868,unavailable,pubget,,True
11189943,unavailable,pubget,,True
11192634,unavailable,pubget,,True
11194409,unavailable,pubget,,True
11194410,unavailable,pubget,,True
11201097,unavailable,pubget,,True
11209065,unavailable,pubget,,True
11209939,unavailable,pubget,,True
11209958,unavailable,pubget,,True
11222451,unavailable,pubget,,True
11223416,unavailable,pubget,,True
11229918,unavailable,pubget,,True
11230094,unavailable,pubget,,True
11230098,unavailable,pubget,,True
11231095,unavailable,pubget,,True
11241873,unavailable,pubget,,True
11244546,unavailable,pubget,,True
11247643,unavailable,pubget,,True
11247649,unavailable,pubget,,True
11247998,unavailable,pubget,,True
11251124,unavailable,pubget,,True
11253842,unavailable,pubget,,True
11273413,unavailable,pubget,,True
11274654,unavailable,pubget,,True
11277563,unavailable,pubget,,True
11280962,unavailable,pubget,,True
11283211,unavailable,pubget,,True
11284045,unavailable,pubget,,True
11287136,unavailable,pubget,,True
11287137,unavailable,pubget,,True
11287664,unavailable,pubget,,True
11290391,unavailable,pubget,,True
11296587,unavailable,pubget,,True
11296686,unavailable,pubget,,True
11296856,unavailable,pubget,,True
11304080,unavailable,pubget,,True
11304083,unavailable,pubget,,True
11305893,unavailable,pubget,,True
11306101,unavailable,pubget,,True
11309673,unavailable,pubget,,True
11311036,unavailable,pubget,,True
11331773,unavailable,pubget,,True
11338191,unavailable,pubget,,True
11338201,unavailable,pubget,,True
11339984,unavailable,pubget,,True
11343588,unavailable,pubget,,True
11346888,unavailable,pubget,,True
11346889,unavailable,pubget,,True
11352616,unavailable,pubget,,True
11352622,unavailable,pubget,,True
11356379,unavailable,pubget,,True
11369403,unavailable,pubget,,True
11369672,unavailable,pubget,,True
11378312,unavailable,pubget,,True
11386224,unavailable,pubget,,True
11386470,unavailable,pubget,,True
11388362,unavailable,pubget,,True
11388917,unavailable,pubget,,True
11409750,unavailable,pubget,,True
11409752,unavailable,pubget,,True
11410952,unavailable,pubget,,True
11422456,unavailable,pubget,,True
11426233,unavailable,pubget,,True
11431170,unavailable,pubget,,True
11431234,unavailable,pubget,,True
11445627,unavailable,pubget,,True
11447339,unavailable,pubget,,True
11451478,unavailable,pubget,,True
11459753,unavailable,pubget,,True
11463481,unavailable,pubget,,True
11467915,unavailable,pubget,,True
11467924,unavailable,pubget,,True
11478418,unavailable,pubget,,True
11487193,unavailable,pubget,,True
11489619,unavailable,pubget,,True
11500989,unavailable,pubget,,True
11504602,unavailable,pubget,,True
11506530,unavailable,pubget,,True
11506532,unavailable,pubget,,True
11506643,unavailable,pubget,,True
11506654,unavailable,pubget,,True
11506663,unavailable,pubget,,True
11506664,unavailable,pubget,,True
11506665,unavailable,pubget,,True
11523273,unavailable,pubget,,True
11523277,unavailable,pubget,,True
11523278,unavailable,pubget,,True
11525320,unavailable,pubget,,True
11525325,unavailable,pubget,,True
11525326,unavailable,pubget,,True
11527554,unavailable,pubget,,True
11543056,unavailable,pubget,,True
11549614,unavailable,pubget,,True
11554801,unavailable,pubget,,True
11554802,unavailable,pubget,,True
11556714,unavailable,pubget,,True
11559962,unavailable,pubget,,True
11564318,unavailable,pubget,,True
11564325,unavailable,pubget,,True
11564326,unavailable,pubget,,True
11564327,unavailable,pubget,,True
11568402,unavailable,pubget,,True
11568417,unavailable,pubget,,True
11571220,unavailable,pubget,,True
11571224,unavailable,pubget,,True
11578663,unavailable,pubget,,True
11580903,unavailable,pubget,,True
11587890,unavailable,pubget,,True
11588585,unavailable,pubget,,True
11594350,unavailable,pubget,,True
11595101,unavailable,pubget,,True
11595102,unavailable,pubget,,True
11595103,unavailable,pubget,,True
11595260,unavailable,pubget,,True
11595262,unavailable,pubget,,True
11595392,unavailable,pubget,,True
11598329,unavailable,pubget,,True
11602999,unavailable,pubget,,True
11605073,unavailable,pubget,,True
11606687,unavailable,pubget,,True
11640936,unavailable,pubget,,True
11640940,unavailable,pubget,,True
11665943,unavailable,pubget,,True
11682258,unavailable,pubget,,True
11684178,unavailable,pubget,,True
11684894,unavailable,pubget,,True
11689302,unavailable,pubget,,True
11697869,unavailable,pubget,,True
11697931,unavailable,pubget,,True
11702048,unavailable,pubget,,True
11703062,unavailable,pubget,,True
11709486,unavailable,pubget,,True
11716759,unavailable,pubget,,True
11721864,unavailable,pubget,,True
11725858,unavailable,pubget,,True
11732904,unavailable,pubget,,True
11733724,unavailable,pubget,,True
11737158,unavailable,pubget,,True
11742227,unavailable,pubget,,True
11742243,unavailable,pubget,,True
11744782,unavailable,pubget,,True
11744784,unavailable,pubget,,True
11747098,unavailable,pubget,,True
11750903,unavailable,pubget,,True
11756528,unavailable,pubget,,True
11771973,unavailable,pubget,,True
11784444,unavailable,pubget,,True
11784773,unavailable,pubget,,True
11784798,unavailable,pubget,,True
11785937,unavailable,pubget,,True
11786212,unavailable,pubget,,True
11798267,unavailable,pubget,,True
11798278,unavailable,pubget,,True
11798384,unavailable,pubget,,True
11798391,unavailable,pubget,,True
11811663,unavailable,pubget,,True
11820938,unavailable,pubget,,True
11825678,unavailable,pubget,,True
11829645,unavailable,pubget,,True
11834595,unavailable,pubget,,True
11835600,unavailable,pubget,,True
11835603,unavailable,pubget,,True
11838800,unavailable,pubget,,True
11844736,unavailable,pubget,,True
11848695,unavailable,pubget,,True
11848708,unavailable,pubget,,True
11848710,unavailable,pubget,,True
11853857,unavailable,pubget,,True
11853988,unavailable,pubget,,True
11858725,unavailable,pubget,,True
11866118,unavailable,pubget,,True
11867247,unavailable,pubget,,True
11867254,unavailable,pubget,,True
11875570,unavailable,pubget,,True
11881782,unavailable,pubget,,True
11891830,unavailable,pubget,,True
11896642,unavailable,pubget,,True
11900104,unavailable,pubget,,True
11906222,unavailable,pubget,,True
11906226,unavailable,pubget,,True
11906228,unavailable,pubget,,True
11906232,unavailable,pubget,,True
11906233,unavailable,pubget,,True
11906234,unavailable,pubget,,True
11906238,unavailable,pubget,,True
11906240,unavailable,pubget,,True
11917343,unavailable,pubget,,True
11921050,unavailable,pubget,,True
11923092,unavailable,pubget,,True
11924878,unavailable,pubget,,True
11930131,unavailable,pubget,,True
11931917,unavailable,pubget,,True
11931949,unavailable,pubget,,True
11944506,unavailable,pubget,,True
11955961,unavailable,pubget,,True
11960895,unavailable,pubget,,True
11960900,unavailable,pubget,,True
11969327,unavailable,pubget,,True
11969333,unavailable,pubget,,True
11970784,unavailable,pubget,,True
11971086,unavailable,pubget,,True
11973025,unavailable,pubget,,True
11985837,unavailable,pubget,,True
12015760,unavailable,pubget,,True
12030822,unavailable,pubget,,True
12030966,unavailable,pubget,,True
12055275,unavailable,pubget,,True
12062754,unavailable,pubget,,True
12070719,unavailable,pubget,,True
12112764,unavailable,pubget,,True
12112766,unavailable,pubget,,True
12112767,unavailable,pubget,,True
12112770,unavailable,pubget,,True
12114001,unavailable,pubget,,True
12126497,unavailable,pubget,,True
12126502,unavailable,pubget,,True
12126503,unavailable,pubget,,True
12133565,unavailable,pubget,,True
12136067,unavailable,pubget,,True
12138657,unavailable,pubget,,True
12139956,unavailable,pubget,,True
12144587,unavailable,pubget,,True
12150424,unavailable,pubget,,True
12151507,unavailable,pubget,,True
12164671,unavailable,pubget,,True
12164856,unavailable,pubget,,True
12165479,unavailable,pubget,,True
12167262,unavailable,pubget,,True
12168356,unavailable,pubget,,True
12169253,unavailable,pubget,,True
12169255,unavailable,pubget,,True
12169256,unavailable,pubget,,True
12169257,unavailable,pubget,,True
12181004,unavailable,pubget,,True
12183389,unavailable,pubget,,True
12185544,unavailable,pubget,,True
12187466,unavailable,pubget,,True
12187470,unavailable,pubget,,True
12197012,unavailable,pubget,,True
12201633,unavailable,pubget,,True
12202077,unavailable,pubget,,True
12210783,unavailable,pubget,,True
12214784,unavailable,pubget,,True
12218693,unavailable,pubget,,True
12226721,unavailable,pubget,,True
12353242,unavailable,pubget,,True
12372029,unavailable,pubget,,True
12372291,unavailable,pubget,,True
12377153,unavailable,pubget,,True
12377158,unavailable,pubget,,True
12377160,unavailable,pubget,,True
12377169,unavailable,pubget,,True
12377603,unavailable,pubget,,True
12379604,unavailable,pubget,,True
12397138,unavailable,pubget,,True
12397879,unavailable,pubget,,True
12402040,unavailable,pubget,,True
12414253,unavailable,pubget,,True
12414263,unavailable,pubget,,True
12414285,unavailable,pubget,,True
12414292,unavailable,pubget,,True
12417470,unavailable,pubget,,True
12417678,unavailable,pubget,,True
12417766,unavailable,pubget,,True
12419128,unavailable,pubget,,True
12419129,unavailable,pubget,,True
12419130,unavailable,pubget,,True
12419131,unavailable,pubget,,True
12422317,unavailable,pubget,,True
12424086,unavailable,pubget,,True
12427682,unavailable,pubget,,True
12428121,unavailable,pubget,,True
12445630,unavailable,pubget,,True
12446688,unavailable,pubget,,True
12447936,unavailable,pubget,,True
12452642,unavailable,pubget,,True
12455680,unavailable,pubget,,True
12455682,unavailable,pubget,,True
12456913,unavailable,pubget,,True
12466452,unavailable,pubget,,True
12467100,unavailable,pubget,,True
12477599,unavailable,pubget,,True
12477703,unavailable,pubget,,True
12488794,unavailable,pubget,,True
12488812,unavailable,pubget,,True
12498750,unavailable,pubget,,True
12499412,unavailable,pubget,,True
12499485,unavailable,pubget,,True
12499842,unavailable,pubget,,True
12507948,unavailable,pubget,,True
12509846,unavailable,pubget,,True
12511168,unavailable,pubget,,True
12513944,unavailable,pubget,,True
12522194,unavailable,pubget,,True
12525725,unavailable,pubget,,True
12526781,unavailable,pubget,,True
12538399,unavailable,pubget,,True
12549050,unavailable,pubget,,True
12555568,unavailable,pubget,,True
12562581,unavailable,pubget,,True
12565688,unavailable,pubget,,True
12566284,unavailable,pubget,,True
12569778,unavailable,pubget,,True
12590843,unavailable,pubget,,True
12590844,unavailable,pubget,,True
12590845,unavailable,pubget,,True
12590911,unavailable,pubget,,True
12590915,unavailable,pubget,,True
12593457,unavailable,pubget,,True
12595181,unavailable,pubget,,True
12595196,unavailable,pubget,,True
12595200,unavailable,pubget,,True
12595206,unavailable,pubget,,True
12597867,unavailable,pubget,,True
12599132,unavailable,pubget,,True
12599272,unavailable,pubget,,True
12599273,unavailable,pubget,,True
12599275,unavailable,pubget,,True
12599276,unavailable,pubget,,True
12599279,unavailable,pubget,,True
12599281,unavailable,pubget,,True
12601097,unavailable,pubget,,True
12606841,unavailable,pubget,,True
12621332,unavailable,pubget,,True
12625466,unavailable,pubget,,True
12638581,unavailable,pubget,,True
12644352,unavailable,pubget,,True
12646576,unavailable,pubget,,True
12648747,unavailable,pubget,,True
12662974,unavailable,pubget,,True
12667523,unavailable,pubget,,True
12667849,unavailable,pubget,,True
12667856,unavailable,pubget,,True
12667857,unavailable,pubget,,True
12668235,unavailable,pubget,,True
12668238,unavailable,pubget,,True
12670318,unavailable,pubget,,True
12676062,unavailable,pubget,,True
12676063,unavailable,pubget,,True
12676064,unavailable,pubget,,True
12677330,unavailable,pubget,,True
12679298,unavailable,pubget,,True
12681347,unavailable,pubget,,True
12703013,unavailable,pubget,,True
12716950,unavailable,pubget,,True
12727695,unavailable,pubget,,True
12727697,unavailable,pubget,,True
12729490,unavailable,pubget,,True
12729491,unavailable,pubget,,True
12735942,unavailable,pubget,,True
12736349,unavailable,pubget,,True
12744947,unavailable,pubget,,True
12744948,unavailable,pubget,,True
12753955,unavailable,pubget,,True
12754516,unavailable,pubget,,True
12755727,unavailable,pubget,,True
12757912,unavailable,pubget,,True
12763197,unavailable,pubget,,True
12766363,unavailable,pubget,,True
12768535,unavailable,pubget,,True
12777344,unavailable,pubget,,True
12781595,unavailable,pubget,,True
12781727,unavailable,pubget,,True
12781731,unavailable,pubget,,True
12784858,unavailable,pubget,,True
12789013,unavailable,pubget,,True
12799379,unavailable,pubget,,True
12803967,unavailable,pubget,,True
12804683,unavailable,pubget,,True
12806903,unavailable,pubget,,True
12808458,unavailable,pubget,,True
12808506,unavailable,pubget,,True
12811730,unavailable,pubget,,True
12811733,unavailable,pubget,,True
12814577,unavailable,pubget,,True
12814582,unavailable,pubget,,True
12819784,unavailable,pubget,,True
12821416,unavailable,pubget,,True
12821793,unavailable,pubget,,True
12824759,unavailable,pubget,,True
12824762,unavailable,pubget,,True
12832246,unavailable,pubget,,True
12842305,unavailable,pubget,,True
12859348,unavailable,pubget,,True
12860694,unavailable,pubget,,True
12867532,unavailable,pubget,,True
12868390,unavailable,pubget,,True
12873392,unavailable,pubget,,True
12874401,unavailable,pubget,,True
12874776,unavailable,pubget,,True
12880788,unavailable,pubget,,True
12880792,unavailable,pubget,,True
12880796,unavailable,pubget,,True
12880825,unavailable,pubget,,True
12880833,unavailable,pubget,,True
12880918,unavailable,pubget,,True
12888543,unavailable,pubget,,True
12899747,unavailable,pubget,,True
12900319,unavailable,pubget,,True
12902311,unavailable,pubget,,True
12911455,unavailable,pubget,,True
12925933,unavailable,pubget,,True
12946085,unavailable,pubget,,True
12948694,unavailable,pubget,,True
12948695,unavailable,pubget,,True
12948705,unavailable,pubget,,True
12948716,unavailable,pubget,,True
12948717,unavailable,pubget,,True
12952420,unavailable,pubget,,True
12953304,unavailable,pubget,,True
12958206,unavailable,pubget,,True
12959514,unavailable,pubget,,True
12965041,unavailable,pubget,,True
12965045,unavailable,pubget,,True
12967920,unavailable,pubget,,True
14502075,unavailable,pubget,,True
14502076,unavailable,pubget,,True
14511533,unavailable,pubget,,True
14516534,unavailable,pubget,,True
14516556,unavailable,pubget,,True
14520655,unavailable,pubget,,True
14527565,unavailable,pubget,,True
14527585,unavailable,pubget,,True
14527590,unavailable,pubget,,True
14527618,unavailable,pubget,,True
14567169,unavailable,pubget,,True
14568474,unavailable,pubget,,True
14568478,unavailable,pubget,,True
14568504,unavailable,pubget,,True
14570838,unavailable,pubget,,True
14571316,unavailable,pubget,,True
14573533,unavailable,pubget,,True
14590589,unavailable,pubget,,True
14607167,unavailable,pubget,,True
14607175,unavailable,pubget,,True
14615073,unavailable,pubget,,True
14622064,unavailable,pubget,,True
14625017,unavailable,pubget,,True
14642489,unavailable,pubget,,True
14643070,unavailable,pubget,,True
14644559,unavailable,pubget,,True
14653660,unavailable,pubget,,True
14659072,unavailable,pubget,,True
14659492,unavailable,pubget,,True
14659500,unavailable,pubget,,True
14663179,unavailable,pubget,,True
14670578,unavailable,pubget,,True
14672158,unavailable,pubget,,True
14673803,unavailable,pubget,,True
14682241,unavailable,pubget,,True
14683698,unavailable,pubget,,True
14683700,unavailable,pubget,,True
14683718,unavailable,pubget,,True
14683721,unavailable,pubget,,True
14689505,unavailable,pubget,,True
14690803,unavailable,pubget,,True
14696899,unavailable,pubget,,True
14702248,unavailable,pubget,,True
14704218,unavailable,pubget,,True
14709228,unavailable,pubget,,True
14715131,unavailable,pubget,,True
14725640,unavailable,pubget,,True
14728216,unavailable,pubget,,True
14728918,unavailable,pubget,,True
14730931,unavailable,pubget,,True
14732623,unavailable,pubget,,True
14738284,unavailable,pubget,,True
14738287,unavailable,pubget,,True
14739418,unavailable,pubget,,True
14741110,unavailable,pubget,,True
14741318,unavailable,pubget,,True
14741643,unavailable,pubget,,True
14741648,unavailable,pubget,,True
14741674,unavailable,pubget,,True
14741683,unavailable,pubget,,True
14745170,unavailable,pubget,,True
14749289,unavailable,pubget,,True
14752707,unavailable,pubget,,True
14754772,unavailable,pubget,,True
14754779,unavailable,pubget,,True
14754865,unavailable,pubget,,True
14755833,unavailable,pubget,,True
14758364,unavailable,pubget,,True
14759630,unavailable,pubget,,True
14969780,unavailable,pubget,,True
14972366,unavailable,pubget,,True
15006041,unavailable,pubget,,True
15006649,unavailable,pubget,,True
15014901,unavailable,pubget,,True
15031438,unavailable,pubget,,True
15034226,unavailable,pubget,,True
15038008,unavailable,pubget,,True
15040551,unavailable,pubget,,True
15050550,unavailable,pubget,,True
15050558,unavailable,pubget,,True
15050561,unavailable,pubget,,True
15050572,unavailable,pubget,,True
15050577,unavailable,pubget,,True
15050590,unavailable,pubget,,True
15050593,unavailable,pubget,,True
15050709,unavailable,pubget,,True
15050780,unavailable,pubget,,True
15053257,unavailable,pubget,,True
15054068,unavailable,pubget,,True
15056509,unavailable,pubget,,True
15058185,unavailable,pubget,,True
15068589,unavailable,pubget,,True
15068590,unavailable,pubget,,True
15068599,unavailable,pubget,,True
15068913,unavailable,pubget,,True
15068914,unavailable,pubget,,True
15068921,unavailable,pubget,,True
15072425,unavailable,pubget,,True
15073516,unavailable,pubget,,True
15076744,unavailable,pubget,,True
15076754,unavailable,pubget,,True
15090336,unavailable,pubget,,True
15094461,unavailable,pubget,,True
15094489,unavailable,pubget,,True
15095561,unavailable,pubget,,True
15102619,unavailable,pubget,,True
15105451,unavailable,pubget,,True
15108298,unavailable,pubget,,True
15109993,unavailable,pubget,,True
15109996,unavailable,pubget,,True
15110006,unavailable,pubget,,True
15110007,unavailable,pubget,,True
15110040,unavailable,pubget,,True
15110736,unavailable,pubget,,True
15120534,unavailable,pubget,,True
15120536,unavailable,pubget,,True
15122435,unavailable,pubget,,True
15128414,unavailable,pubget,,True
15130584,unavailable,pubget,,True
15140927,unavailable,pubget,,True
15142959,unavailable,pubget,,True
15154675,unavailable,pubget,,True
15165357,unavailable,pubget,,True
15169688,unavailable,pubget,,True
15172523,unavailable,pubget,,True
15178176,unavailable,pubget,,True
15178178,unavailable,pubget,,True
15183384,unavailable,pubget,,True
15183388,unavailable,pubget,,True
15183402,unavailable,pubget,,True
15187808,unavailable,pubget,,True
15193595,unavailable,pubget,,True
15193605,unavailable,pubget,,True
15193625,unavailable,pubget,,True
15193626,unavailable,pubget,,True
15195289,unavailable,pubget,,True
15196669,unavailable,pubget,,True
15196672,unavailable,pubget,,True
15200701,unavailable,pubget,,True
15209063,unavailable,pubget,,True
15217896,unavailable,pubget,,True
15232304,unavailable,pubget,,True
15237444,unavailable,pubget,,True
15238433,unavailable,pubget,,True
15246283,unavailable,pubget,,True
15246451,unavailable,pubget,,True
15248033,unavailable,pubget,,True
15259888,unavailable,pubget,,True
15259890,unavailable,pubget,,True
15260962,unavailable,pubget,,True
15268917,unavailable,pubget,,True
15268927,unavailable,pubget,,True
15269107,unavailable,pubget,,True
15269349,unavailable,pubget,,True
15275916,unavailable,pubget,,True
15275917,unavailable,pubget,,True
15275926,unavailable,pubget,,True
15275937,unavailable,pubget,,True
15279058,unavailable,pubget,,True
15291721,unavailable,pubget,,True
15302055,unavailable,pubget,,True
15305123,unavailable,pubget,,True
15309057,unavailable,pubget,,True
15325350,unavailable,pubget,,True
15329304,unavailable,pubget,,True
15342098,unavailable,pubget,,True
15370896,unavailable,pubget,,True
15380014,unavailable,pubget,,True
15380118,unavailable,pubget,,True
15383742,unavailable,pubget,,True
15390152,unavailable,pubget,,True
15449355,unavailable,pubget,,True
15449356,unavailable,pubget,,True
15449358,unavailable,pubget,,True
15449359,unavailable,pubget,,True
15459025,unavailable,pubget,,True
15464350,unavailable,pubget,,True
15473053,unavailable,pubget,,True
15483134,unavailable,pubget,,True
15486988,unavailable,pubget,,True
15489381,unavailable,pubget,,True
15490462,unavailable,pubget,,True
15503571,unavailable,pubget,,True
15505156,unavailable,pubget,,True
15505972,unavailable,pubget,,True
15511656,unavailable,pubget,,True
15513220,unavailable,pubget,,True
15514398,unavailable,pubget,,True
15514975,unavailable,pubget,,True
15525285,unavailable,pubget,,True
15528088,unavailable,pubget,,True
15528092,unavailable,pubget,,True
15528098,unavailable,pubget,,True
15528105,unavailable,pubget,,True
15533557,unavailable,pubget,,True
15537676,unavailable,pubget,,True
15542241,unavailable,pubget,,True
15561477,unavailable,pubget,,True
15562413,unavailable,pubget,,True
15572744,unavailable,pubget,,True
15574467,unavailable,pubget,,True
15578167,unavailable,pubget,,True
15582751,unavailable,pubget,,True
15584774,unavailable,pubget,,True
15586217,unavailable,pubget,,True
15589089,unavailable,pubget,,True
15589099,unavailable,pubget,,True
15589108,unavailable,pubget,,True
15593269,unavailable,pubget,,True
15598550,unavailable,pubget,,True
15601519,unavailable,pubget,,True
15601603,unavailable,pubget,,True
15605289,unavailable,pubget,,True
15607689,unavailable,pubget,,True
15607991,unavailable,pubget,,True
15619544,unavailable,pubget,,True
15627586,unavailable,pubget,,True
15627589,unavailable,pubget,,True
15629765,unavailable,pubget,,True
15635062,unavailable,pubget,,True
15640752,unavailable,pubget,,True
15647525,unavailable,pubget,,True
15647526,unavailable,pubget,,True
15647956,unavailable,pubget,,True
15652298,unavailable,pubget,,True
15652319,unavailable,pubget,,True
15652323,unavailable,pubget,,True
15653293,unavailable,pubget,,True
15659597,unavailable,pubget,,True
15669228,unavailable,pubget,,True
15670692,unavailable,pubget,,True
15670701,unavailable,pubget,,True
15689557,unavailable,pubget,,True
15699382,unavailable,pubget,,True
15699384,unavailable,pubget,,True
15700721,unavailable,pubget,,True
15701225,unavailable,pubget,,True
15701230,unavailable,pubget,,True
15711850,unavailable,pubget,,True
15714895,unavailable,pubget,,True
15716306,unavailable,pubget,,True
15716468,unavailable,pubget,,True
15721193,unavailable,pubget,,True
15721770,unavailable,pubget,,True
15721955,unavailable,pubget,,True
15721963,unavailable,pubget,,True
15723385,unavailable,pubget,,True
15728651,unavailable,pubget,,True
15728740,unavailable,pubget,,True
15729137,unavailable,pubget,,True
15734360,unavailable,pubget,,True
15739047,unavailable,pubget,,True
15741667,unavailable,pubget,,True
15758155,unavailable,pubget,,True
15758910,unavailable,pubget,,True
15766766,unavailable,pubget,,True
15769206,unavailable,pubget,,True
15769497,unavailable,pubget,,True
15771403,unavailable,pubget,,True
15771407,unavailable,pubget,,True
15788265,unavailable,pubget,,True
15804920,unavailable,pubget,,True
15805874,unavailable,pubget,,True
15808982,unavailable,pubget,,True
15808996,unavailable,pubget,,True
15809000,unavailable,pubget,,True
15809482,unavailable,pubget,,True
15811529,unavailable,pubget,,True
15812317,unavailable,pubget,,True
15812320,unavailable,pubget,,True
15814003,unavailable,pubget,,True
15814006,unavailable,pubget,,True
15817169,unavailable,pubget,,True
15818736,unavailable,pubget,,True
15819715,unavailable,pubget,,True
15820631,unavailable,pubget,,True
15820652,unavailable,pubget,,True
15820861,unavailable,pubget,,True
15824343,unavailable,pubget,,True
15833985,unavailable,pubget,,True
15841675,unavailable,pubget,,True
15846769,unavailable,pubget,,True
15847578,unavailable,pubget,,True
15849713,unavailable,pubget,,True
15849896,unavailable,pubget,,True
15851723,unavailable,pubget,,True
15862222,unavailable,pubget,,True
15880106,unavailable,pubget,,True
15881403,unavailable,pubget,,True
15882649,unavailable,pubget,,True
15882949,unavailable,pubget,,True
15884095,unavailable,pubget,,True
15885517,unavailable,pubget,,True
15886744,unavailable,pubget,,True
15892754,unavailable,pubget,,True
15893458,unavailable,pubget,,True
15893473,unavailable,pubget,,True
15893574,unavailable,pubget,,True
15894493,unavailable,pubget,,True
15896383,unavailable,pubget,,True
15901409,unavailable,pubget,,True
15901490,unavailable,pubget,,True
15904540,unavailable,pubget,,True
15904543,unavailable,pubget,,True
15904939,unavailable,pubget,,True
15907300,unavailable,pubget,,True
15907313,unavailable,pubget,,True
15908048,unavailable,pubget,,True
15913007,unavailable,pubget,,True
15921900,unavailable,pubget,,True
15921937,unavailable,pubget,,True
15927485,unavailable,pubget,,True
15928057,unavailable,pubget,,True
15929098,unavailable,pubget,,True
15933252,unavailable,pubget,,True
15934062,unavailable,pubget,,True
15936178,unavailable,pubget,,True
15936503,unavailable,pubget,,True
15944134,unavailable,pubget,,True
15944143,unavailable,pubget,,True
15944370,unavailable,pubget,,True
15947057,unavailable,pubget,,True
15955586,unavailable,pubget,,True
15956516,unavailable,pubget,,True
15956597,unavailable,pubget,,True
15961322,unavailable,pubget,,True
15969912,unavailable,pubget,,True
15975942,unavailable,pubget,,True
15978839,unavailable,pubget,,True
15978843,unavailable,pubget,,True
15983451,unavailable,pubget,,True
15993573,unavailable,pubget,,True
15993766,unavailable,pubget,,True
15997022,unavailable,pubget,,True
16000809,unavailable,pubget,,True
16000986,unavailable,pubget,,True
16001441,unavailable,pubget,,True
16002333,unavailable,pubget,,True
16006150,unavailable,pubget,,True
16009568,unavailable,pubget,,True
16009569,unavailable,pubget,,True
16012318,unavailable,pubget,,True
16019040,unavailable,pubget,,True
16019572,unavailable,pubget,,True
16020770,unavailable,pubget,,True
16023686,unavailable,pubget,,True
16023871,unavailable,pubget,,True
16026558,unavailable,pubget,,True
16027011,unavailable,pubget,,True
16027161,unavailable,pubget,,True
16035045,unavailable,pubget,,True
16036155,unavailable,pubget,,True
16036465,unavailable,pubget,,True
16042035,unavailable,pubget,,True
16051501,unavailable,pubget,,True
16055350,unavailable,pubget,,True
16060826,unavailable,pubget,,True
16075182,unavailable,pubget,,True
16082657,unavailable,pubget,,True
16084739,unavailable,pubget,,True
16085594,unavailable,pubget,,True
16087437,unavailable,pubget,,True
16095887,unavailable,pubget,,True
16098571,unavailable,pubget,,True
16099355,unavailable,pubget,,True
16099368,unavailable,pubget,,True
16102237,unavailable,pubget,,True
16102979,unavailable,pubget,,True
16106488,unavailable,pubget,,True
16107352,unavailable,pubget,,True
16109492,unavailable,pubget,,True
16118045,unavailable,pubget,,True
16123869,unavailable,pubget,,True
16126414,unavailable,pubget,,True
16129481,unavailable,pubget,,True
16132182,unavailable,pubget,,True
16133379,unavailable,pubget,,True
16135634,unavailable,pubget,,True
16139383,unavailable,pubget,,True
16142480,unavailable,pubget,,True
16142777,unavailable,pubget,,True
16154446,unavailable,pubget,,True
16157284,unavailable,pubget,,True
16162427,unavailable,pubget,,True
16168674,unavailable,pubget,,True
16169530,unavailable,pubget,,True
16170092,unavailable,pubget,,True
16176366,unavailable,pubget,,True
16178033,unavailable,pubget,,True
16180020,unavailable,pubget,,True
16180627,unavailable,pubget,,True
16188459,unavailable,pubget,,True
16195470,unavailable,pubget,,True
16197695,unavailable,pubget,,True
16198053,unavailable,pubget,,True
16199830,unavailable,pubget,,True
16199831,unavailable,pubget,,True
16219423,unavailable,pubget,,True
16220327,unavailable,pubget,,True
16220355,unavailable,pubget,,True
16224612,unavailable,pubget,,True
16225965,unavailable,pubget,,True
16233219,unavailable,pubget,,True
16234297,unavailable,pubget,,True
16236914,unavailable,pubget,,True
16242351,unavailable,pubget,,True
16242924,unavailable,pubget,,True
16243053,unavailable,pubget,,True
16247013,unavailable,pubget,,True
16251506,unavailable,pubget,,True
16253527,unavailable,pubget,,True
16257546,unavailable,pubget,,True
16263248,unavailable,pubget,,True
16269094,unavailable,pubget,,True
16269111,unavailable,pubget,,True
16269249,unavailable,pubget,,True
16272878,unavailable,pubget,,True
16275017,unavailable,pubget,,True
16275141,unavailable,pubget,,True
16275931,unavailable,pubget,,True
16280351,unavailable,pubget,,True
16280465,unavailable,pubget,,True
16284946,unavailable,pubget,,True
16286547,unavailable,pubget,,True
16289880,unavailable,pubget,,True
16290017,unavailable,pubget,,True
16296561,unavailable,pubget,,True
16298427,unavailable,pubget,,True
16300967,unavailable,pubget,,True
16301489,unavailable,pubget,,True
16302099,unavailable,pubget,,True
16302133,unavailable,pubget,,True
16304476,unavailable,pubget,,True
16310346,unavailable,pubget,,True
16313931,unavailable,pubget,,True
16318450,unavailable,pubget,,True
16319374,unavailable,pubget,,True
16324382,unavailable,pubget,,True
16325141,unavailable,pubget,,True
16328442,unavailable,pubget,,True
16337816,unavailable,pubget,,True
16340161,unavailable,pubget,,True
16341023,unavailable,pubget,,True
16342011,unavailable,pubget,,True
16343950,unavailable,pubget,,True
16356323,unavailable,pubget,,True
16356324,unavailable,pubget,,True
16356325,unavailable,pubget,,True
16356780,unavailable,pubget,,True
16359873,unavailable,pubget,,True
16373577,unavailable,pubget,,True
16380101,unavailable,pubget,,True
16396090,unavailable,pubget,,True
16399678,unavailable,pubget,,True
16400163,unavailable,pubget,,True
16400385,unavailable,pubget,,True
16407479,unavailable,pubget,,True
16410203,unavailable,pubget,,True
16413049,unavailable,pubget,,True
16413792,unavailable,pubget,,True
16414281,unavailable,pubget,,True
16417683,unavailable,pubget,,True
16419371,unavailable,pubget,,True
16421329,unavailable,pubget,,True
16427033,unavailable,pubget,,True
16427099,unavailable,pubget,,True
16427323,unavailable,pubget,,True
16434125,unavailable,pubget,,True
16436608,unavailable,pubget,,True
16460705,unavailable,pubget,,True
16460792,unavailable,pubget,,True
16460858,unavailable,pubget,,True
16462606,unavailable,pubget,,True
16472901,unavailable,pubget,,True
16473449,unavailable,pubget,,True
16478667,unavailable,pubget,,True
16492377,unavailable,pubget,,True
16494687,unavailable,pubget,,True
16495939,unavailable,pubget,,True
16500128,unavailable,pubget,,True
16513006,unavailable,pubget,,True
16513369,unavailable,pubget,,True
16517966,unavailable,pubget,,True
16525130,unavailable,pubget,,True
16530393,unavailable,pubget,,True
16530428,unavailable,pubget,,True
16530429,unavailable,pubget,,True
16530885,unavailable,pubget,,True
16531689,unavailable,pubget,,True
16531690,unavailable,pubget,,True
16534106,unavailable,pubget,,True
16537568,unavailable,pubget,,True
16540350,unavailable,pubget,,True
16540351,unavailable,pubget,,True
16543807,unavailable,pubget,,True
16544580,unavailable,pubget,,True
16545966,unavailable,pubget,,True
16547345,unavailable,pubget,,True
16547570,unavailable,pubget,,True
16547922,unavailable,pubget,,True
16550585,unavailable,pubget,,True
16554123,unavailable,pubget,,True
16565949,unavailable,pubget,,True
16572362,unavailable,pubget,,True
16575838,unavailable,pubget,,True
16594871,unavailable,pubget,,True
16595495,unavailable,pubget,,True
16596618,unavailable,pubget,,True
16600448,unavailable,pubget,,True
16603712,unavailable,pubget,,True
16611797,unavailable,pubget,,True
16615855,unavailable,pubget,,True
16616721,unavailable,pubget,,True
16616863,unavailable,pubget,,True
16620890,unavailable,pubget,,True
16624525,unavailable,pubget,,True
16630832,unavailable,pubget,,True
16632288,unavailable,pubget,,True
16633288,unavailable,pubget,,True
16636707,unavailable,pubget,,True
16639742,unavailable,pubget,,True
16644241,unavailable,pubget,,True
16647271,unavailable,pubget,,True
16678926,unavailable,pubget,,True
16686653,unavailable,pubget,,True
16687552,unavailable,pubget,,True
16688469,unavailable,pubget,,True
16702002,unavailable,pubget,,True
16716387,unavailable,pubget,,True
16720794,unavailable,pubget,,True
16725189,unavailable,pubget,,True
16725214,unavailable,pubget,,True
16730754,unavailable,pubget,,True
16731723,unavailable,pubget,,True
16738490,unavailable,pubget,,True
16740379,unavailable,pubget,,True
16750396,unavailable,pubget,,True
16753205,unavailable,pubget,,True
16754652,unavailable,pubget,,True
16766208,unavailable,pubget,,True
16766230,unavailable,pubget,,True
16767090,unavailable,pubget,,True
16767768,unavailable,pubget,,True
16768368,unavailable,pubget,,True
16769225,unavailable,pubget,,True
16775140,unavailable,pubget,,True
16781779,unavailable,pubget,,True
16784724,unavailable,pubget,,True
16791099,unavailable,pubget,,True
16805929,unavailable,pubget,,True
16806070,unavailable,pubget,,True
16806316,unavailable,pubget,,True
16806317,unavailable,pubget,,True
16813161,unavailable,pubget,,True
16814525,unavailable,pubget,,True
16817882,unavailable,pubget,,True
16823480,unavailable,pubget,,True
16828542,unavailable,pubget,,True
16831858,unavailable,pubget,,True
16837834,unavailable,pubget,,True
16837858,unavailable,pubget,,True
16839289,unavailable,pubget,,True
16839291,unavailable,pubget,,True
16839299,unavailable,pubget,,True
16845597,unavailable,pubget,,True
16847376,unavailable,pubget,,True
16847681,unavailable,pubget,,True
16854944,unavailable,pubget,,True
16858568,unavailable,pubget,,True
16859416,unavailable,pubget,,True
16861011,unavailable,pubget,,True
16876436,unavailable,pubget,,True
16879842,unavailable,pubget,,True
16881268,unavailable,pubget,,True
16881270,unavailable,pubget,,True
16894910,unavailable,pubget,,True
16899397,unavailable,pubget,,True
16904083,unavailable,pubget,,True
16904794,unavailable,pubget,,True
16912590,unavailable,pubget,,True
16919479,unavailable,pubget,,True
16919850,unavailable,pubget,,True
16922875,unavailable,pubget,,True
16932146,unavailable,pubget,,True
16934234,unavailable,pubget,,True
16934491,unavailable,pubget,,True
16935269,unavailable,pubget,,True
16944477,unavailable,pubget,,True
16950224,unavailable,pubget,,True
16950986,unavailable,pubget,,True
16953305,unavailable,pubget,,True
16954690,unavailable,pubget,,True
16959412,unavailable,pubget,,True
16961940,unavailable,pubget,,True
16963282,unavailable,pubget,,True
16972011,unavailable,pubget,,True
16979559,unavailable,pubget,,True
16981601,unavailable,pubget,,True
16987673,unavailable,pubget,,True
16989874,unavailable,pubget,,True
16990015,unavailable,pubget,,True
16996717,unavailable,pubget,,True
16997366,unavailable,pubget,,True
17010394,unavailable,pubget,,True
17011097,unavailable,pubget,,True
17011320,unavailable,pubget,,True
17015076,unavailable,pubget,,True
17020747,unavailable,pubget,,True
17029986,unavailable,pubget,,True
17030047,unavailable,pubget,,True
17035046,unavailable,pubget,,True
17037067,unavailable,pubget,,True
17046160,unavailable,pubget,,True
17050709,unavailable,pubget,,True
17059461,unavailable,pubget,,True
17061117,unavailable,pubget,,True
17061706,unavailable,pubget,,True
17062947,unavailable,pubget,,True
17064446,unavailable,pubget,,True
17064940,unavailable,pubget,,True
17069478,unavailable,pubget,,True
17069805,unavailable,pubget,,True
17076255,unavailable,pubget,,True
17081771,unavailable,pubget,,True
17085021,unavailable,pubget,,True
17088019,unavailable,pubget,,True
17092490,unavailable,pubget,,True
17101687,unavailable,pubget,,True
17101688,unavailable,pubget,,True
17101897,unavailable,pubget,,True
17103164,unavailable,pubget,,True
17105320,unavailable,pubget,,True
17106215,unavailable,pubget,,True
17110132,unavailable,pubget,,True
17110592,unavailable,pubget,,True
17113672,unavailable,pubget,,True
17118474,unavailable,pubget,,True
17123070,unavailable,pubget,,True
17123479,unavailable,pubget,,True
17126368,unavailable,pubget,,True
17129186,unavailable,pubget,,True
17129196,unavailable,pubget,,True
17132981,unavailable,pubget,,True
17133384,unavailable,pubget,,True
17133392,unavailable,pubget,,True
17133401,unavailable,pubget,,True
17134649,unavailable,pubget,,True
17136217,unavailable,pubget,,True
17136467,unavailable,pubget,,True
17141165,unavailable,pubget,,True
17147975,unavailable,pubget,,True
17159136,unavailable,pubget,,True
17159232,unavailable,pubget,,True
17159615,unavailable,pubget,,True
17161627,unavailable,pubget,,True
17171338,unavailable,pubget,,True
17173868,unavailable,pubget,,True
17178430,unavailable,pubget,,True
17182108,unavailable,pubget,,True
17184881,unavailable,pubget,,True
17188577,unavailable,pubget,,True
17196398,unavailable,pubget,,True
17196834,unavailable,pubget,,True
17198694,unavailable,pubget,,True
17202651,unavailable,pubget,,True
17215145,unavailable,pubget,,True
17218001,unavailable,pubget,,True
17223190,unavailable,pubget,,True
17229109,unavailable,pubget,,True
17229404,unavailable,pubget,,True
17236244,unavailable,pubget,,True
17242854,unavailable,pubget,,True
17243356,unavailable,pubget,,True
17266104,unavailable,pubget,,True
17266108,unavailable,pubget,,True
17267934,unavailable,pubget,,True
17272081,unavailable,pubget,,True
17272835,unavailable,pubget,,True
17274018,unavailable,pubget,,True
17274021,unavailable,pubget,,True
17274024,unavailable,pubget,,True
17276751,unavailable,pubget,,True
17277726,unavailable,pubget,,True
17282448,unavailable,pubget,,True
17283202,unavailable,pubget,,True
17283282,unavailable,pubget,,True
17287508,unavailable,pubget,,True
17292928,unavailable,pubget,,True
17295038,unavailable,pubget,,True
17298962,unavailable,pubget,,True
17301676,unavailable,pubget,,True
17306963,unavailable,pubget,,True
17317678,unavailable,pubget,,True
17318832,unavailable,pubget,,True
17321757,unavailable,pubget,,True
17322084,unavailable,pubget,,True
17329129,unavailable,pubget,,True
17329425,unavailable,pubget,,True
17335392,unavailable,pubget,,True
17336346,unavailable,pubget,,True
17339089,unavailable,pubget,,True
17347765,unavailable,pubget,,True
17353296,unavailable,pubget,,True
17378228,unavailable,pubget,,True
17381253,unavailable,pubget,,True
17400477,unavailable,pubget,,True
17401088,unavailable,pubget,,True
17401090,unavailable,pubget,,True
17407824,unavailable,pubget,,True
17410280,unavailable,pubget,,True
17418591,unavailable,pubget,,True
17418888,unavailable,pubget,,True
17419833,unavailable,pubget,,True
17425535,unavailable,pubget,,True
17426589,unavailable,pubget,,True
17431059,unavailable,pubget,,True
17432219,unavailable,pubget,,True
17433380,unavailable,pubget,,True
17442521,unavailable,pubget,,True
17444510,unavailable,pubget,,True
17448546,unavailable,pubget,,True
17451759,unavailable,pubget,,True
17456359,unavailable,pubget,,True
17459349,unavailable,pubget,,True
17475965,unavailable,pubget,,True
17478084,unavailable,pubget,,True
17488205,unavailable,pubget,,True
17494829,unavailable,pubget,,True
17496793,unavailable,pubget,,True
17498975,unavailable,pubget,,True
17499160,unavailable,pubget,,True
17500009,unavailable,pubget,,True
17502592,unavailable,pubget,,True
17504783,unavailable,pubget,,True
17505089,unavailable,pubget,,True
17507455,unavailable,pubget,,True
17507573,unavailable,pubget,,True
17512615,unavailable,pubget,,True
17517680,unavailable,pubget,,True
17520437,unavailable,pubget,,True
17522324,unavailable,pubget,,True
17524589,unavailable,pubget,,True
17536970,unavailable,pubget,,True
17538950,unavailable,pubget,,True
17543421,unavailable,pubget,,True
17544157,unavailable,pubget,,True
17547582,unavailable,pubget,,True
17548751,unavailable,pubget,,True
17550770,unavailable,pubget,,True
17552251,unavailable,pubget,,True
17570644,unavailable,pubget,,True
17572110,unavailable,pubget,,True
17573375,unavailable,pubget,,True
17574870,unavailable,pubget,,True
17575989,unavailable,pubget,,True
17576279,unavailable,pubget,,True
17576286,unavailable,pubget,,True
17581717,unavailable,pubget,,True
17586869,unavailable,pubget,,True
17597301,unavailable,pubget,,True
17606661,unavailable,pubget,,True
17608908,unavailable,pubget,,True
17610823,unavailable,pubget,,True
17617658,unavailable,pubget,,True
17621607,unavailable,pubget,,True
17634931,unavailable,pubget,,True
17643400,unavailable,pubget,,True
17644222,unavailable,pubget,,True
17651009,unavailable,pubget,,True
17651011,unavailable,pubget,,True
17651989,unavailable,pubget,,True
17652579,unavailable,pubget,,True
17659885,unavailable,pubget,,True
17662699,unavailable,pubget,,True
17669266,unavailable,pubget,,True
17672304,unavailable,pubget,,True
17672384,unavailable,pubget,,True
17673231,unavailable,pubget,,True
17674355,unavailable,pubget,,True
17676552,unavailable,pubget,,True
17684586,unavailable,pubget,,True
17696854,unavailable,pubget,,True
17700086,unavailable,pubget,,True
17704533,unavailable,pubget,,True
17705220,unavailable,pubget,,True
17707444,unavailable,pubget,,True
17712270,unavailable,pubget,,True
17713133,unavailable,pubget,,True
17714013,unavailable,pubget,,True
17716696,unavailable,pubget,,True
17720269,unavailable,pubget,,True
17720547,unavailable,pubget,,True
17726086,unavailable,pubget,,True
17728610,unavailable,pubget,,True
17729011,unavailable,pubget,,True
17768265,unavailable,pubget,,True
17784808,unavailable,pubget,,True
17822035,unavailable,pubget,,True
17827174,unavailable,pubget,,True
17868904,unavailable,pubget,,True
17882232,unavailable,pubget,,True
17884748,unavailable,pubget,,True
17885610,unavailable,pubget,,True
17890109,unavailable,pubget,,True
17892384,unavailable,pubget,,True
17892385,unavailable,pubget,,True
17892394,unavailable,pubget,,True
17893294,unavailable,pubget,,True
17894602,unavailable,pubget,,True
17895193,unavailable,pubget,,True
17897404,unavailable,pubget,,True
17907600,unavailable,pubget,,True
17907816,unavailable,pubget,,True
17909128,unavailable,pubget,,True
17910601,unavailable,pubget,,True
17911372,unavailable,pubget,,True
17913513,unavailable,pubget,,True
17919083,unavailable,pubget,,True
17921875,unavailable,pubget,,True
17924553,unavailable,pubget,,True
17928441,unavailable,pubget,,True
17932739,unavailable,pubget,,True
17933023,unavailable,pubget,,True
17936014,unavailable,pubget,,True
17936016,unavailable,pubget,,True
17938748,unavailable,pubget,,True
17938922,unavailable,pubget,,True
17943007,unavailable,pubget,,True
17945955,unavailable,pubget,,True
17946432,unavailable,pubget,,True
17948885,unavailable,pubget,,True
17954780,unavailable,pubget,,True
17958479,unavailable,pubget,,True
17958480,unavailable,pubget,,True
17964221,unavailable,pubget,,True
17965034,unavailable,pubget,,True
17967992,unavailable,pubget,,True
17977592,unavailable,pubget,,True
17980497,unavailable,pubget,,True
17981055,unavailable,pubget,,True
17984858,unavailable,pubget,,True
17989877,unavailable,pubget,,True
17996463,unavailable,pubget,,True
17997284,unavailable,pubget,,True
18004948,unavailable,pubget,,True
18004949,unavailable,pubget,,True
18004950,unavailable,pubget,,True
18006618,unavailable,pubget,,True
18007181,unavailable,pubget,,True
18023824,unavailable,pubget,,True
18042726,unavailable,pubget,,True
18052787,unavailable,pubget,,True
18054085,unavailable,pubget,,True
18055184,unavailable,pubget,,True
18055942,unavailable,pubget,,True
18056074,unavailable,pubget,,True
18056637,unavailable,pubget,,True
18060812,unavailable,pubget,,True
18061152,unavailable,pubget,,True
18063344,unavailable,pubget,,True
18068690,unavailable,pubget,,True
18072236,unavailable,pubget,,True
18077688,unavailable,pubget,,True
18094859,unavailable,pubget,,True
18095283,unavailable,pubget,,True
18095790,unavailable,pubget,,True
18158273,unavailable,pubget,,True
18162699,unavailable,pubget,,True
18164389,unavailable,pubget,,True
18172852,unavailable,pubget,,True
18180141,unavailable,pubget,,True
18180168,unavailable,pubget,,True
18182174,unavailable,pubget,,True
18184849,unavailable,pubget,,True
18192445,unavailable,pubget,,True
18201124,unavailable,pubget,,True
18219619,unavailable,pubget,,True
18226833,unavailable,pubget,,True
18234509,unavailable,pubget,,True
18239434,unavailable,pubget,,True
18241993,unavailable,pubget,,True
18245041,unavailable,pubget,,True
18245043,unavailable,pubget,,True
18248739,unavailable,pubget,,True
18249423,unavailable,pubget,,True
18255103,unavailable,pubget,,True
18264095,unavailable,pubget,,True
18270878,unavailable,pubget,,True
18271736,unavailable,pubget,,True
18275332,unavailable,pubget,,True
18275335,unavailable,pubget,,True
18278211,unavailable,pubget,,True
18279361,unavailable,pubget,,True
18279872,unavailable,pubget,,True
18279947,unavailable,pubget,,True
18280753,unavailable,pubget,,True
18284344,unavailable,pubget,,True
18284352,unavailable,pubget,,True
18296072,unavailable,pubget,,True
18303982,unavailable,pubget,,True
18303983,unavailable,pubget,,True
18304205,unavailable,pubget,,True
18308588,unavailable,pubget,,True
18308708,unavailable,pubget,,True
18314252,unavailable,pubget,,True
18316728,unavailable,pubget,,True
18325543,unavailable,pubget,,True
18327513,unavailable,pubget,,True
18327830,unavailable,pubget,,True
18330870,unavailable,pubget,,True
18330872,unavailable,pubget,,True
18333980,unavailable,pubget,,True
18334537,unavailable,pubget,,True
18337422,unavailable,pubget,,True
18338164,unavailable,pubget,,True
18338245,unavailable,pubget,,True
18340544,unavailable,pubget,,True
18342424,unavailable,pubget,,True
18345980,unavailable,pubget,,True
18345989,unavailable,pubget,,True
18346369,unavailable,pubget,,True
18349055,unavailable,pubget,,True
18353285,unavailable,pubget,,True
18353679,unavailable,pubget,,True
18356025,unavailable,pubget,,True
18361438,unavailable,pubget,,True
18367601,unavailable,pubget,,True
18370593,unavailable,pubget,,True
18370598,unavailable,pubget,,True
18374608,unavailable,pubget,,True
18375148,unavailable,pubget,,True
18378166,unavailable,pubget,,True
18381767,unavailable,pubget,,True
18387583,unavailable,pubget,,True
18387584,unavailable,pubget,,True
18387825,unavailable,pubget,,True
18395472,unavailable,pubget,,True
18400793,unavailable,pubget,,True
18411061,unavailable,pubget,,True
18413290,unavailable,pubget,,True
18416672,unavailable,pubget,,True
18416674,unavailable,pubget,,True
18418253,unavailable,pubget,,True
18420234,unavailable,pubget,,True
18423328,unavailable,pubget,,True
18434091,unavailable,pubget,,True
18434201,unavailable,pubget,,True
18434233,unavailable,pubget,,True
18435753,unavailable,pubget,,True
18445024,unavailable,pubget,,True
18452748,unavailable,pubget,,True
18457510,unavailable,pubget,,True
18460045,unavailable,pubget,,True
18465750,unavailable,pubget,,True
18468869,unavailable,pubget,,True
18479872,unavailable,pubget,,True
18481063,unavailable,pubget,,True
18483867,unavailable,pubget,,True
18489964,unavailable,pubget,,True
18489966,unavailable,pubget,,True
18489967,unavailable,pubget,,True
18495180,unavailable,pubget,,True
18499478,unavailable,pubget,,True
18504037,unavailable,pubget,,True
18504162,unavailable,pubget,,True
18506167,unavailable,pubget,,True
18508219,unavailable,pubget,,True
18511683,unavailable,pubget,,True
18513352,unavailable,pubget,,True
18514168,unavailable,pubget,,True
18514678,unavailable,pubget,,True
18528855,unavailable,pubget,,True
18541979,unavailable,pubget,,True
18554928,unavailable,pubget,,True
18555666,unavailable,pubget,,True
18559406,unavailable,pubget,,True
18564038,unavailable,pubget,,True
18570207,unavailable,pubget,,True
18576142,unavailable,pubget,,True
18577292,unavailable,pubget,,True
18578599,unavailable,pubget,,True
18578601,unavailable,pubget,,True
18579426,unavailable,pubget,,True
18582580,unavailable,pubget,,True
18585932,unavailable,pubget,,True
18589505,unavailable,pubget,,True
18596608,unavailable,pubget,,True
18597727,unavailable,pubget,,True
18599025,unavailable,pubget,,True
18602483,unavailable,pubget,,True
18608849,unavailable,pubget,,True
18611446,unavailable,pubget,,True
18619668,unavailable,pubget,,True
18630473,unavailable,pubget,,True
18633777,unavailable,pubget,,True
18633854,unavailable,pubget,,True
18634848,unavailable,pubget,,True
18635241,unavailable,pubget,,True
18648230,unavailable,pubget,,True
18652304,unavailable,pubget,,True
18656462,unavailable,pubget,,True
18661503,unavailable,pubget,,True
18664520,unavailable,pubget,,True
18664692,unavailable,pubget,,True
18668293,unavailable,pubget,,True
18669589,unavailable,pubget,,True
18670133,unavailable,pubget,,True
18672057,unavailable,pubget,,True
18675362,unavailable,pubget,,True
18677653,unavailable,pubget,,True
18686056,unavailable,pubget,,True
18691703,unavailable,pubget,,True
18692790,unavailable,pubget,,True
18694837,unavailable,pubget,,True
18702594,unavailable,pubget,,True
18703030,unavailable,pubget,,True
18711708,unavailable,pubget,,True
18717713,unavailable,pubget,,True
18718543,unavailable,pubget,,True
18723260,unavailable,pubget,,True
18724689,unavailable,pubget,,True
18725239,unavailable,pubget,,True
18726910,unavailable,pubget,,True
18758379,unavailable,pubget,,True
18759811,unavailable,pubget,,True
18760292,unavailable,pubget,,True
18769307,unavailable,pubget,,True
18771673,unavailable,pubget,,True
18771675,unavailable,pubget,,True
18771801,unavailable,pubget,,True
18779428,unavailable,pubget,,True
18781441,unavailable,pubget,,True
18790618,unavailable,pubget,,True
18790818,unavailable,pubget,,True
18791416,unavailable,pubget,,True
18804916,unavailable,pubget,,True
18806917,unavailable,pubget,,True
18809406,unavailable,pubget,,True
18817883,unavailable,pubget,,True
18820289,unavailable,pubget,,True
18822797,unavailable,pubget,,True
18823229,unavailable,pubget,,True
18823233,unavailable,pubget,,True
18825386,unavailable,pubget,,True
18826418,unavailable,pubget,,True
18829095,unavailable,pubget,,True
18835663,unavailable,pubget,,True
18840418,unavailable,pubget,,True
18849533,unavailable,pubget,,True
18853338,unavailable,pubget,,True
18854323,unavailable,pubget,,True
18922649,unavailable,pubget,,True
18930165,unavailable,pubget,,True
18930749,unavailable,pubget,,True
18949462,unavailable,pubget,,True
18954477,unavailable,pubget,,True
18955907,unavailable,pubget,,True
18971476,unavailable,pubget,,True
18976807,unavailable,pubget,,True
18978327,unavailable,pubget,,True
18985132,unavailable,pubget,,True
18985283,unavailable,pubget,,True
18986695,unavailable,pubget,,True
18990710,unavailable,pubget,,True
18991338,unavailable,pubget,,True
18992759,unavailable,pubget,,True
19001084,unavailable,pubget,,True
19003956,unavailable,pubget,,True
19004769,unavailable,pubget,,True
19005913,unavailable,pubget,,True
19010423,unavailable,pubget,,True
19012106,unavailable,pubget,,True
19014290,unavailable,pubget,,True
19015038,unavailable,pubget,,True
19015080,unavailable,pubget,,True
19015096,unavailable,pubget,,True
19015115,unavailable,pubget,,True
19015369,unavailable,pubget,,True
19016606,unavailable,pubget,,True
19018482,unavailable,pubget,,True
19020205,unavailable,pubget,,True
19022856,unavailable,pubget,,True
19026751,unavailable,pubget,,True
19027078,unavailable,pubget,,True
19027195,unavailable,pubget,,True
19035096,unavailable,pubget,,True
19038275,unavailable,pubget,,True
19039579,unavailable,pubget,,True
19041332,unavailable,pubget,,True
19046030,unavailable,pubget,,True
19047359,unavailable,pubget,,True
19052111,unavailable,pubget,,True
19052212,unavailable,pubget,,True
19058786,unavailable,pubget,,True
19058816,unavailable,pubget,,True
19062135,unavailable,pubget,,True
19072896,unavailable,pubget,,True
19074015,unavailable,pubget,,True
19076386,unavailable,pubget,,True
19076387,unavailable,pubget,,True
19076399,unavailable,pubget,,True
19079567,unavailable,pubget,,True
19082766,unavailable,pubget,,True
19082787,unavailable,pubget,,True
19084220,unavailable,pubget,,True
19091969,unavailable,pubget,,True
19092068,unavailable,pubget,,True
19100312,unavailable,pubget,,True
19100847,unavailable,pubget,,True
19105056,unavailable,pubget,,True
19107605,unavailable,pubget,,True
19107748,unavailable,pubget,,True
19107752,unavailable,pubget,,True
19111291,unavailable,pubget,,True
19117605,unavailable,pubget,,True
19122029,unavailable,pubget,,True
19138905,unavailable,pubget,,True
19150518,unavailable,pubget,,True
19151880,unavailable,pubget,,True
19152087,unavailable,pubget,,True
19163596,unavailable,pubget,,True
19163697,unavailable,pubget,,True
19166946,unavailable,pubget,,True
19176280,unavailable,pubget,,True
19176802,unavailable,pubget,,True
19180558,unavailable,pubget,,True
19181695,unavailable,pubget,,True
19182479,unavailable,pubget,,True
19184993,unavailable,pubget,,True
19188539,unavailable,pubget,,True
19194794,unavailable,pubget,,True
19199404,unavailable,pubget,,True
19224116,unavailable,pubget,,True
19229499,unavailable,pubget,,True
19232155,unavailable,pubget,,True
19236925,unavailable,pubget,,True
19259973,unavailable,pubget,,True
19261872,unavailable,pubget,,True
19263420,unavailable,pubget,,True
19273460,unavailable,pubget,,True
19279244,unavailable,pubget,,True
19285142,unavailable,pubget,,True
19285144,unavailable,pubget,,True
19285381,unavailable,pubget,,True
19285401,unavailable,pubget,,True
19288464,unavailable,pubget,,True
19294641,unavailable,pubget,,True
19296551,unavailable,pubget,,True
19296728,unavailable,pubget,,True
19301991,unavailable,pubget,,True
19301993,unavailable,pubget,,True
19301996,unavailable,pubget,,True
19306848,unavailable,pubget,,True
19321651,unavailable,pubget,,True
19328233,unavailable,pubget,,True
19338714,unavailable,pubget,,True
19345269,unavailable,pubget,,True
19347876,unavailable,pubget,,True
19348727,unavailable,pubget,,True
19349314,unavailable,pubget,,True
19350562,unavailable,pubget,,True
19350564,unavailable,pubget,,True
19357387,unavailable,pubget,,True
19361999,unavailable,pubget,,True
19366617,unavailable,pubget,,True
19368857,unavailable,pubget,,True
19368905,unavailable,pubget,,True
19375234,unavailable,pubget,,True
19376237,unavailable,pubget,,True
19378881,unavailable,pubget,,True
19383503,unavailable,pubget,,True
19383831,unavailable,pubget,,True
19383937,unavailable,pubget,,True
19384890,unavailable,pubget,,True
19387979,unavailable,pubget,,True
19389718,unavailable,pubget,,True
19393340,unavailable,pubget,,True
19397867,unavailable,pubget,,True
19397900,unavailable,pubget,,True
19405148,unavailable,pubget,,True
19409265,unavailable,pubget,,True
19413476,unavailable,pubget,,True
19413481,unavailable,pubget,,True
19414462,unavailable,pubget,,True
19419593,unavailable,pubget,,True
19429173,unavailable,pubget,,True
19433099,unavailable,pubget,,True
19443630,unavailable,pubget,,True
19444347,unavailable,pubget,,True
19445603,unavailable,pubget,,True
19446640,unavailable,pubget,,True
19446799,unavailable,pubget,,True
19447852,unavailable,pubget,,True
19450690,unavailable,pubget,,True
19453526,unavailable,pubget,,True
19453637,unavailable,pubget,,True
19457379,unavailable,pubget,,True
19457385,unavailable,pubget,,True
19465009,unavailable,pubget,,True
19465134,unavailable,pubget,,True
19474122,unavailable,pubget,,True
19479729,unavailable,pubget,,True
19480235,unavailable,pubget,,True
19490042,unavailable,pubget,,True
19492301,unavailable,pubget,,True
19497374,unavailable,pubget,,True
19501603,unavailable,pubget,,True
19505993,unavailable,pubget,,True
19507155,unavailable,pubget,,True
19515831,unavailable,pubget,,True
19525715,unavailable,pubget,,True
19530217,unavailable,pubget,,True
19530521,unavailable,pubget,,True
19536354,unavailable,pubget,,True
19536435,unavailable,pubget,,True
19538948,unavailable,pubget,,True
19546154,unavailable,pubget,,True
19554559,unavailable,pubget,,True
19554560,unavailable,pubget,,True
19557858,unavailable,pubget,,True
19559797,unavailable,pubget,,True
19559802,unavailable,pubget,,True
19560544,unavailable,pubget,,True
19560547,unavailable,pubget,,True
19561061,unavailable,pubget,,True
19563819,unavailable,pubget,,True
19566776,unavailable,pubget,,True
19573900,unavailable,pubget,,True
19580381,unavailable,pubget,,True
19586700,unavailable,pubget,,True
19591947,unavailable,pubget,,True
19605520,unavailable,pubget,,True
19605642,unavailable,pubget,,True
19617860,unavailable,pubget,,True
19618170,unavailable,pubget,,True
19619181,unavailable,pubget,,True
19620139,unavailable,pubget,,True
19620957,unavailable,pubget,,True
19631717,unavailable,pubget,,True
19639554,unavailable,pubget,,True
19642887,unavailable,pubget,,True
19643917,unavailable,pubget,,True
19645622,unavailable,pubget,,True
19664766,unavailable,pubget,,True
19665784,unavailable,pubget,,True
19666829,unavailable,pubget,,True
19673745,unavailable,pubget,,True
19673793,unavailable,pubget,,True
19679762,unavailable,pubget,,True
19683419,unavailable,pubget,,True
19692211,unavailable,pubget,,True
19698726,unavailable,pubget,,True
19698727,unavailable,pubget,,True
19698980,unavailable,pubget,,True
19702460,unavailable,pubget,,True
19704080,unavailable,pubget,,True
19711194,unavailable,pubget,,True
19715732,unavailable,pubget,,True
19718654,unavailable,pubget,,True
19720089,unavailable,pubget,,True
19725251,unavailable,pubget,,True
19726233,unavailable,pubget,,True
19733673,unavailable,pubget,,True
19740135,unavailable,pubget,,True
19744553,unavailable,pubget,,True
19744566,unavailable,pubget,,True
19756752,unavailable,pubget,,True
19759202,unavailable,pubget,,True
19765205,unavailable,pubget,,True
19765600,unavailable,pubget,,True
19774350,unavailable,pubget,,True
19778392,unavailable,pubget,,True
19778517,unavailable,pubget,,True
19780042,unavailable,pubget,,True
19781653,unavailable,pubget,,True
19781939,unavailable,pubget,,True
19782696,unavailable,pubget,,True
19786284,unavailable,pubget,,True
19795141,unavailable,pubget,,True
19803684,unavailable,pubget,,True
19803693,unavailable,pubget,,True
19817807,unavailable,pubget,,True
19825347,unavailable,pubget,,True
19833971,unavailable,pubget,,True
19837174,unavailable,pubget,,True
19843664,unavailable,pubget,,True
19846064,unavailable,pubget,,True
19847902,unavailable,pubget,,True
19851183,unavailable,pubget,,True
19853040,unavailable,pubget,,True
19854279,unavailable,pubget,,True
19863178,unavailable,pubget,,True
19863259,unavailable,pubget,,True
19878726,unavailable,pubget,,True
19878727,unavailable,pubget,,True
19879365,unavailable,pubget,,True
19882649,unavailable,pubget,,True
19883668,unavailable,pubget,,True
19890846,unavailable,pubget,,True
19906809,unavailable,pubget,,True
19925196,unavailable,pubget,,True
19925197,unavailable,pubget,,True
19927261,unavailable,pubget,,True
19931402,unavailable,pubget,,True
19933712,unavailable,pubget,,True
19940790,unavailable,pubget,,True
19946611,unavailable,pubget,,True
19958383,unavailable,pubget,,True
19959006,unavailable,pubget,,True
19959344,unavailable,pubget,,True
19967597,unavailable,pubget,,True
19995868,unavailable,pubget,,True
19996582,unavailable,pubget,,True
20004247,unavailable,pubget,,True
20004724,unavailable,pubget,,True
20008650,unavailable,pubget,,True
20016003,unavailable,pubget,,True
20018360,unavailable,pubget,,True
20018636,unavailable,pubget,,True
20025978,unavailable,pubget,,True
20026224,unavailable,pubget,,True
20030056,unavailable,pubget,,True
20034571,unavailable,pubget,,True
20034582,unavailable,pubget,,True
20038434,unavailable,pubget,,True
20044886,unavailable,pubget,,True
20045070,unavailable,pubget,,True
20049657,unavailable,pubget,,True
20051318,unavailable,pubget,,True
20053347,unavailable,pubget,,True
20053379,unavailable,pubget,,True
20053431,unavailable,pubget,,True
20056150,unavailable,pubget,,True
20060103,unavailable,pubget,,True
20061325,unavailable,pubget,,True
20071019,unavailable,pubget,,True
20080877,unavailable,pubget,,True
20083395,unavailable,pubget,,True
20085788,unavailable,pubget,,True
20087841,unavailable,pubget,,True
20097290,unavailable,pubget,,True
20101420,unavailable,pubget,,True
20104059,unavailable,pubget,,True
20107793,unavailable,pubget,,True
20113879,unavailable,pubget,,True
20117764,unavailable,pubget,,True
20119495,unavailable,pubget,,True
20123114,unavailable,pubget,,True
20123912,unavailable,pubget,,True
20128672,unavailable,pubget,,True
20138262,unavailable,pubget,,True
20138900,unavailable,pubget,,True
20144896,unavailable,pubget,,True
20150406,unavailable,pubget,,True
20154432,unavailable,pubget,,True
20156575,unavailable,pubget,,True
20157373,unavailable,pubget,,True
20158161,unavailable,pubget,,True
20161012,unavailable,pubget,,True
20162599,unavailable,pubget,,True
20162603,unavailable,pubget,,True
20164122,unavailable,pubget,,True
20164350,unavailable,pubget,,True
20164554,unavailable,pubget,,True
20167415,unavailable,pubget,,True
20175998,unavailable,pubget,,True
20176043,unavailable,pubget,,True
20177671,unavailable,pubget,,True
20188187,unavailable,pubget,,True
20188195,unavailable,pubget,,True
20189190,unavailable,pubget,,True
20190005,unavailable,pubget,,True
20201631,unavailable,pubget,,True
20203196,unavailable,pubget,,True
20218804,unavailable,pubget,,True
20221954,unavailable,pubget,,True
20227458,unavailable,pubget,,True
20227508,unavailable,pubget,,True
20230844,unavailable,pubget,,True
20233641,unavailable,pubget,,True
20298792,unavailable,pubget,,True
20299389,unavailable,pubget,,True
20302028,unavailable,pubget,,True
20303392,unavailable,pubget,,True
20304477,unavailable,pubget,,True
20336655,unavailable,pubget,,True
20338015,unavailable,pubget,,True
20345597,unavailable,pubget,,True
20346460,unavailable,pubget,,True
20347043,unavailable,pubget,,True
20347996,unavailable,pubget,,True
20350176,unavailable,pubget,,True
20350178,unavailable,pubget,,True
20350181,unavailable,pubget,,True
20350608,unavailable,pubget,,True
20362418,unavailable,pubget,,True
20368310,unavailable,pubget,,True
20368422,unavailable,pubget,,True
20377346,unavailable,pubget,,True
20380883,unavailable,pubget,,True
20382629,unavailable,pubget,,True
20384762,unavailable,pubget,,True
20385152,unavailable,pubget,,True
20385153,unavailable,pubget,,True
20385169,unavailable,pubget,,True
20385245,unavailable,pubget,,True
20395549,unavailable,pubget,,True
20401770,unavailable,pubget,,True
20410363,unavailable,pubget,,True
20413893,unavailable,pubget,,True
20414084,unavailable,pubget,,True
20418042,unavailable,pubget,,True
20419342,unavailable,pubget,,True
20420925,unavailable,pubget,,True
20429137,unavailable,pubget,,True
20429752,unavailable,pubget,,True
20433227,unavailable,pubget,,True
20433237,unavailable,pubget,,True
20433242,unavailable,pubget,,True
20433856,unavailable,pubget,,True
20435051,unavailable,pubget,,True
20451625,unavailable,pubget,,True
20452399,unavailable,pubget,,True
20455867,unavailable,pubget,,True
20457166,unavailable,pubget,,True
20457960,unavailable,pubget,,True
20465933,unavailable,pubget,,True
20466541,unavailable,pubget,,True
20467871,unavailable,pubget,,True
20472279,unavailable,pubget,,True
20490605,unavailable,pubget,,True
20501508,unavailable,pubget,,True
20505930,unavailable,pubget,,True
20508544,unavailable,pubget,,True
20514387,unavailable,pubget,,True
20519535,unavailable,pubget,,True
20524514,unavailable,pubget,,True
20530540,unavailable,pubget,,True
20533560,unavailable,pubget,,True
20544294,unavailable,pubget,,True
20547416,unavailable,pubget,,True
20561898,unavailable,pubget,,True
20561934,unavailable,pubget,,True
20570740,unavailable,pubget,,True
20579177,unavailable,pubget,,True
20600969,unavailable,pubget,,True
20600979,unavailable,pubget,,True
20600985,unavailable,pubget,,True
20602897,unavailable,pubget,,True
20610743,unavailable,pubget,,True
20616672,unavailable,pubget,,True
20619347,unavailable,pubget,,True
20620212,unavailable,pubget,,True
20621407,unavailable,pubget,,True
20627131,unavailable,pubget,,True
20627366,unavailable,pubget,,True
20630744,unavailable,pubget,,True
20631176,unavailable,pubget,,True
20633659,unavailable,pubget,,True
20634590,unavailable,pubget,,True
20639817,unavailable,pubget,,True
20645312,unavailable,pubget,,True
20654721,unavailable,pubget,,True
20656105,unavailable,pubget,,True
20660768,unavailable,pubget,,True
20662368,unavailable,pubget,,True
20670970,unavailable,pubget,,True
20679593,unavailable,pubget,,True
20679633,unavailable,pubget,,True
20680252,unavailable,pubget,,True
20680995,unavailable,pubget,,True
20681014,unavailable,pubget,,True
20687340,unavailable,pubget,,True
20688087,unavailable,pubget,,True
20691675,unavailable,pubget,,True
20691792,unavailable,pubget,,True
20696496,unavailable,pubget,,True
20704899,unavailable,pubget,,True
20705437,unavailable,pubget,,True
20708907,unavailable,pubget,,True
20720103,unavailable,pubget,,True
20723560,unavailable,pubget,,True
20739053,unavailable,pubget,,True
20805535,unavailable,pubget,,True
20806499,unavailable,pubget,,True
20807058,unavailable,pubget,,True
20810219,unavailable,pubget,,True
20810879,unavailable,pubget,,True
20814963,unavailable,pubget,,True
20815733,unavailable,pubget,,True
20817279,unavailable,pubget,,True
20824394,unavailable,pubget,,True
20825290,unavailable,pubget,,True
20826428,unavailable,pubget,,True
20828956,unavailable,pubget,,True
20831073,unavailable,pubget,,True
20847400,unavailable,pubget,,True
20848735,unavailable,pubget,,True
20851168,unavailable,pubget,,True
20854619,unavailable,pubget,,True
20857849,unavailable,pubget,,True
20862617,unavailable,pubget,,True
20869375,unavailable,pubget,,True
20870689,unavailable,pubget,,True
20882553,unavailable,pubget,,True
20884355,unavailable,pubget,,True
20884362,unavailable,pubget,,True
20886575,unavailable,pubget,,True
20888806,unavailable,pubget,,True
20888847,unavailable,pubget,,True
20889651,unavailable,pubget,,True
20919769,unavailable,pubget,,True
20932878,unavailable,pubget,,True
20933062,unavailable,pubget,,True
20933093,unavailable,pubget,,True
20934519,unavailable,pubget,,True
20940222,unavailable,pubget,,True
20945177,unavailable,pubget,,True
20954937,unavailable,pubget,,True
20956466,unavailable,pubget,,True
20957359,unavailable,pubget,,True
20957581,unavailable,pubget,,True
20957583,unavailable,pubget,,True
20957584,unavailable,pubget,,True
20957649,unavailable,pubget,,True
20961169,unavailable,pubget,,True
20961661,unavailable,pubget,,True
20964592,unavailable,pubget,,True
20965253,unavailable,pubget,,True
20973214,unavailable,pubget,,True
20974270,unavailable,pubget,,True
20976129,unavailable,pubget,,True
20977940,unavailable,pubget,,True
20981611,unavailable,pubget,,True
21036014,unavailable,pubget,,True
21038287,unavailable,pubget,,True
21040695,unavailable,pubget,,True
21051084,unavailable,pubget,,True
21054920,unavailable,pubget,,True
21073483,unavailable,pubget,,True
21073548,unavailable,pubget,,True
21077136,unavailable,pubget,,True
21078303,unavailable,pubget,,True
21091867,unavailable,pubget,,True
21093970,unavailable,pubget,,True
21109009,unavailable,pubget,,True
21111045,unavailable,pubget,,True
21111052,unavailable,pubget,,True
21126156,unavailable,pubget,,True
21134014,unavailable,pubget,,True
21135385,unavailable,pubget,,True
21138392,unavailable,pubget,,True
21140434,unavailable,pubget,,True
21144499,unavailable,pubget,,True
21144998,unavailable,pubget,,True
21145042,unavailable,pubget,,True
21146553,unavailable,pubget,,True
21146615,unavailable,pubget,,True
21148006,unavailable,pubget,,True
21154218,unavailable,pubget,,True
21159322,unavailable,pubget,,True
21159952,unavailable,pubget,,True
21163275,unavailable,pubget,,True
21163276,unavailable,pubget,,True
21163879,unavailable,pubget,,True
21168516,unavailable,pubget,,True
21171304,unavailable,pubget,,True
21173250,unavailable,pubget,,True
21175881,unavailable,pubget,,True
21182967,unavailable,pubget,,True
21188286,unavailable,pubget,,True
21198976,unavailable,pubget,,True
21203784,unavailable,pubget,,True
21211567,unavailable,pubget,,True
21215597,unavailable,pubget,,True
21224415,unavailable,pubget,,True
21229617,unavailable,pubget,,True
21232614,unavailable,pubget,,True
21238468,unavailable,pubget,,True
21238490,unavailable,pubget,,True
21241718,unavailable,pubget,,True
21248130,unavailable,pubget,,True
21254799,unavailable,pubget,,True
21261451,unavailable,pubget,,True
21262244,unavailable,pubget,,True
21262807,unavailable,pubget,,True
21265600,unavailable,pubget,,True
21265605,unavailable,pubget,,True
21266125,unavailable,pubget,,True
21273134,unavailable,pubget,,True
21282317,unavailable,pubget,,True
21296027,unavailable,pubget,,True
21296170,unavailable,pubget,,True
21300399,unavailable,pubget,,True
21303384,unavailable,pubget,,True
21306732,unavailable,pubget,,True
21314613,unavailable,pubget,,True
21318476,unavailable,pubget,,True
21329676,unavailable,pubget,,True
21332594,unavailable,pubget,,True
21333539,unavailable,pubget,,True
21335059,unavailable,pubget,,True
21338547,unavailable,pubget,,True
21339513,unavailable,pubget,,True
21349335,unavailable,pubget,,True
21350048,unavailable,pubget,,True
21356317,unavailable,pubget,,True
21357880,unavailable,pubget,,True
21371560,unavailable,pubget,,True
21375473,unavailable,pubget,,True
21377797,unavailable,pubget,,True
21383104,unavailable,pubget,,True
21383641,unavailable,pubget,,True
21385619,unavailable,pubget,,True
21391245,unavailable,pubget,,True
21391255,unavailable,pubget,,True
21391256,unavailable,pubget,,True
21391265,unavailable,pubget,,True
21391268,unavailable,pubget,,True
21391272,unavailable,pubget,,True
21391767,unavailable,pubget,,True
21396384,unavailable,pubget,,True
21402920,unavailable,pubget,,True
21411108,unavailable,pubget,,True
21414466,unavailable,pubget,,True
21419788,unavailable,pubget,,True
21420319,unavailable,pubget,,True
21421059,unavailable,pubget,,True
21421061,unavailable,pubget,,True
21425391,unavailable,pubget,,True
21425399,unavailable,pubget,,True
21427462,unavailable,pubget,,True
21430432,unavailable,pubget,,True
21430585,unavailable,pubget,,True
21439268,unavailable,pubget,,True
21441396,unavailable,pubget,,True
21443341,unavailable,pubget,,True
21446782,unavailable,pubget,,True
21447325,unavailable,pubget,,True
21447350,unavailable,pubget,,True
21450336,unavailable,pubget,,True
21452944,unavailable,pubget,,True
21453752,unavailable,pubget,,True
21462008,unavailable,pubget,,True
21467845,unavailable,pubget,,True
21479733,unavailable,pubget,,True
21484956,unavailable,pubget,,True
21498308,unavailable,pubget,,True
21498531,unavailable,pubget,,True
21500313,unavailable,pubget,,True
21504992,unavailable,pubget,,True
21509493,unavailable,pubget,,True
21511040,unavailable,pubget,,True
21515640,unavailable,pubget,,True
21520342,unavailable,pubget,,True
21526132,unavailable,pubget,,True
21526446,unavailable,pubget,,True
21527413,unavailable,pubget,,True
21529702,unavailable,pubget,,True
21536784,unavailable,pubget,,True
21536967,unavailable,pubget,,True
21543191,unavailable,pubget,,True
21546073,unavailable,pubget,,True
21549196,unavailable,pubget,,True
21554963,unavailable,pubget,,True
21557647,unavailable,pubget,,True
21557650,unavailable,pubget,,True
21557954,unavailable,pubget,,True
21563885,unavailable,pubget,,True
21565227,unavailable,pubget,,True
21574715,unavailable,pubget,,True
21590585,unavailable,pubget,,True
21592844,unavailable,pubget,,True
21593437,unavailable,pubget,,True
21600294,unavailable,pubget,,True
21601432,unavailable,pubget,,True
21601634,unavailable,pubget,,True
21609767,unavailable,pubget,,True
21612817,unavailable,pubget,,True
21618660,unavailable,pubget,,True
21620978,unavailable,pubget,,True
21620984,unavailable,pubget,,True
21624566,unavailable,pubget,,True
21632945,unavailable,pubget,,True
21640191,unavailable,pubget,,True
21643949,unavailable,pubget,,True
21645561,unavailable,pubget,,True
21646331,unavailable,pubget,,True
21649758,unavailable,pubget,,True
21651864,unavailable,pubget,,True
21651921,unavailable,pubget,,True
21653865,unavailable,pubget,,True
21660483,unavailable,pubget,,True
21671743,unavailable,pubget,,True
21675596,unavailable,pubget,,True
21680844,unavailable,pubget,,True
21683723,unavailable,pubget,,True
21684722,unavailable,pubget,,True
21689672,unavailable,pubget,,True
21693783,unavailable,pubget,,True
21697712,unavailable,pubget,,True
21705060,unavailable,pubget,,True
21705938,unavailable,pubget,,True
21709173,unavailable,pubget,,True
21710364,unavailable,pubget,,True
21715629,unavailable,pubget,,True
21719430,unavailable,pubget,,True
21729755,unavailable,pubget,,True
21729758,unavailable,pubget,,True
21733887,unavailable,pubget,,True
21734437,unavailable,pubget,,True
21738117,unavailable,pubget,,True
21741081,unavailable,pubget,,True
21741093,unavailable,pubget,,True
21741484,unavailable,pubget,,True
21743761,unavailable,pubget,,True
21745006,unavailable,pubget,,True
21750952,unavailable,pubget,,True
21775616,unavailable,pubget,,True
21777596,unavailable,pubget,,True
21777908,unavailable,pubget,,True
21778107,unavailable,pubget,,True
21778672,unavailable,pubget,,True
21780233,unavailable,pubget,,True
21782960,unavailable,pubget,,True
21787139,unavailable,pubget,,True
21791169,unavailable,pubget,,True
21792570,unavailable,pubget,,True
21795366,unavailable,pubget,,True
21803125,unavailable,pubget,,True
21803339,unavailable,pubget,,True
21812560,unavailable,pubget,,True
21812571,unavailable,pubget,,True
21813693,unavailable,pubget,,True
21820455,unavailable,pubget,,True
21824835,unavailable,pubget,,True
21826394,unavailable,pubget,,True
21833659,unavailable,pubget,,True
21839176,unavailable,pubget,,True
21846300,unavailable,pubget,,True
21859598,unavailable,pubget,,True
21862036,unavailable,pubget,,True
21865577,unavailable,pubget,,True
21875578,unavailable,pubget,,True
21880924,unavailable,pubget,,True
21883628,unavailable,pubget,,True
21889196,unavailable,pubget,,True
21889520,unavailable,pubget,,True
21892700,unavailable,pubget,,True
21893681,unavailable,pubget,,True
21897444,unavailable,pubget,,True
21898678,unavailable,pubget,,True
21901366,unavailable,pubget,,True
21903085,unavailable,pubget,,True
21905803,unavailable,pubget,,True
21906049,unavailable,pubget,,True
21906688,unavailable,pubget,,True
21908392,unavailable,pubget,,True
21909174,unavailable,pubget,,True
21914483,unavailable,pubget,,True
21916561,unavailable,pubget,,True
21917849,unavailable,pubget,,True
21922972,unavailable,pubget,,True
21932265,unavailable,pubget,,True
21937029,unavailable,pubget,,True
21945850,unavailable,pubget,,True
21954000,unavailable,pubget,,True
21955165,unavailable,pubget,,True
21968566,unavailable,pubget,,True
21970108,unavailable,pubget,,True
21971474,unavailable,pubget,,True
21972276,unavailable,pubget,,True
21976626,unavailable,pubget,,True
21983479,unavailable,pubget,,True
21985692,unavailable,pubget,,True
21985908,unavailable,pubget,,True
21987501,unavailable,pubget,,True
21991849,unavailable,pubget,,True
21994390,unavailable,pubget,,True
22000597,unavailable,pubget,,True
22001266,unavailable,pubget,,True
22003705,unavailable,pubget,,True
22006060,unavailable,pubget,,True
22006979,unavailable,pubget,,True
22019080,unavailable,pubget,,True
22019203,unavailable,pubget,,True
22021913,unavailable,pubget,,True
22023051,unavailable,pubget,,True
22032948,unavailable,pubget,,True
22038783,unavailable,pubget,,True
22042493,unavailable,pubget,,True
22047967,unavailable,pubget,,True
22048461,unavailable,pubget,,True
22049410,unavailable,pubget,,True
22050514,unavailable,pubget,,True
22065013,unavailable,pubget,,True
22066589,unavailable,pubget,,True
22078639,unavailable,pubget,,True
22078745,unavailable,pubget,,True
22081100,unavailable,pubget,,True
22082460,unavailable,pubget,,True
22085863,unavailable,pubget,,True
22086009,unavailable,pubget,,True
22089661,unavailable,pubget,,True
22093438,unavailable,pubget,,True
22100772,unavailable,pubget,,True
22103784,unavailable,pubget,,True
22113486,unavailable,pubget,,True
22116039,unavailable,pubget,,True
22119187,unavailable,pubget,,True
22123940,unavailable,pubget,,True
22146852,unavailable,pubget,,True
22147958,unavailable,pubget,,True
22150407,unavailable,pubget,,True
22154509,unavailable,pubget,,True
22155328,unavailable,pubget,,True
22156049,unavailable,pubget,,True
22162145,unavailable,pubget,,True
22164854,unavailable,pubget,,True
22176162,unavailable,pubget,,True
22188383,unavailable,pubget,,True
22189657,unavailable,pubget,,True
22192637,unavailable,pubget,,True
22196742,unavailable,pubget,,True
22197719,unavailable,pubget,,True
22200490,unavailable,pubget,,True
22202882,unavailable,pubget,,True
22208995,unavailable,pubget,,True
22212987,unavailable,pubget,,True
22226798,unavailable,pubget,,True
22227457,unavailable,pubget,,True
22227560,unavailable,pubget,,True
22234681,unavailable,pubget,,True
22236887,unavailable,pubget,,True
22238084,unavailable,pubget,,True
22239582,unavailable,pubget,,True
22245646,unavailable,pubget,,True
22251836,unavailable,pubget,,True
22254517,unavailable,pubget,,True
22258040,unavailable,pubget,,True
22260958,unavailable,pubget,,True
22262880,unavailable,pubget,,True
22263343,unavailable,pubget,,True
22266175,unavailable,pubget,,True
22266262,unavailable,pubget,,True
22271235,unavailable,pubget,,True
22271546,unavailable,pubget,,True
22272622,unavailable,pubget,,True
22278320,unavailable,pubget,,True
22279232,unavailable,pubget,,True
22279249,unavailable,pubget,,True
22281240,unavailable,pubget,,True
22282457,unavailable,pubget,,True
22285025,unavailable,pubget,,True
22285904,unavailable,pubget,,True
22290265,unavailable,pubget,,True
22302550,unavailable,pubget,,True
22302824,unavailable,pubget,,True
22305991,unavailable,pubget,,True
22306088,unavailable,pubget,,True
22306805,unavailable,pubget,,True
22317687,unavailable,pubget,,True
22321646,unavailable,pubget,,True
22333611,unavailable,pubget,,True
22337757,unavailable,pubget,,True
22342746,unavailable,pubget,,True
22347762,unavailable,pubget,,True
22349497,unavailable,pubget,,True
22350062,unavailable,pubget,,True
22359341,unavailable,pubget,,True
22359350,unavailable,pubget,,True
22360275,unavailable,pubget,,True
22360595,unavailable,pubget,,True
22360625,unavailable,pubget,,True
22365049,unavailable,pubget,,True
22367469,unavailable,pubget,,True
22368322,unavailable,pubget,,True
22370913,unavailable,pubget,,True
22371619,unavailable,pubget,,True
22378493,unavailable,pubget,,True
22378588,unavailable,pubget,,True
22387166,unavailable,pubget,,True
22387167,unavailable,pubget,,True
22387168,unavailable,pubget,,True
22387596,unavailable,pubget,,True
22390321,unavailable,pubget,,True
22390465,unavailable,pubget,,True
22390467,unavailable,pubget,,True
22391476,unavailable,pubget,,True
22410476,unavailable,pubget,,True
22414592,unavailable,pubget,,True
22422512,unavailable,pubget,,True
22422804,unavailable,pubget,,True
22425598,unavailable,pubget,,True
22433050,unavailable,pubget,,True
22437052,unavailable,pubget,,True
22440644,unavailable,pubget,,True
22445697,unavailable,pubget,,True
22451240,unavailable,pubget,,True
22451272,unavailable,pubget,,True
22462504,unavailable,pubget,,True
22466563,unavailable,pubget,,True
22467388,unavailable,pubget,,True
22468945,unavailable,pubget,,True
22470713,unavailable,pubget,,True
22480729,unavailable,pubget,,True
22481042,unavailable,pubget,,True
22483077,unavailable,pubget,,True
22484130,unavailable,pubget,,True
22489464,unavailable,pubget,,True
22504766,unavailable,pubget,,True
22505284,unavailable,pubget,,True
22505661,unavailable,pubget,,True
22510204,unavailable,pubget,,True
22512289,unavailable,pubget,,True
22513340,unavailable,pubget,,True
22516367,unavailable,pubget,,True
22518017,unavailable,pubget,,True
22519521,unavailable,pubget,,True
22521476,unavailable,pubget,,True
22521874,unavailable,pubget,,True
22526598,unavailable,pubget,,True
22527119,unavailable,pubget,,True
22534570,unavailable,pubget,,True
22539820,unavailable,pubget,,True
22541026,unavailable,pubget,,True
22541369,unavailable,pubget,,True
22543811,unavailable,pubget,,True
22548805,unavailable,pubget,,True
22559910,unavailable,pubget,,True
22561179,unavailable,pubget,,True
22564481,unavailable,pubget,,True
22564748,unavailable,pubget,,True
22564749,unavailable,pubget,,True
22565201,unavailable,pubget,,True
22569063,unavailable,pubget,,True
22579495,unavailable,pubget,,True
22579997,unavailable,pubget,,True
22582967,unavailable,pubget,,True
22584225,unavailable,pubget,,True
22584229,unavailable,pubget,,True
22584235,unavailable,pubget,,True
22592018,unavailable,pubget,,True
22596267,unavailable,pubget,,True
22608404,unavailable,pubget,,True
22617625,unavailable,pubget,,True
22621260,unavailable,pubget,,True
22622435,unavailable,pubget,,True
22632811,unavailable,pubget,,True
22632813,unavailable,pubget,,True
22633443,unavailable,pubget,,True
22634066,unavailable,pubget,,True
22642711,unavailable,pubget,,True
22652306,unavailable,pubget,,True
22659111,unavailable,pubget,,True
22659393,unavailable,pubget,,True
22664323,unavailable,pubget,,True
22669497,unavailable,pubget,,True
22670521,unavailable,pubget,,True
22672158,unavailable,pubget,,True
22672735,unavailable,pubget,,True
22674283,unavailable,pubget,,True
22678838,unavailable,pubget,,True
22678839,unavailable,pubget,,True
22682901,unavailable,pubget,,True
22682903,unavailable,pubget,,True
22682904,unavailable,pubget,,True
22682916,unavailable,pubget,,True
22693338,unavailable,pubget,,True
22698991,unavailable,pubget,,True
22699896,unavailable,pubget,,True
22703623,unavailable,pubget,,True
22711287,unavailable,pubget,,True
22711620,unavailable,pubget,,True
22717280,unavailable,pubget,,True
22721380,unavailable,pubget,,True
22728131,unavailable,pubget,,True
22730514,unavailable,pubget,,True
22733189,unavailable,pubget,,True
22736513,unavailable,pubget,,True
22736538,unavailable,pubget,,True
22744798,unavailable,pubget,,True
22745508,unavailable,pubget,,True
22749065,unavailable,pubget,,True
22750056,unavailable,pubget,,True
22750057,unavailable,pubget,,True
22752697,unavailable,pubget,,True
22759716,unavailable,pubget,,True
22759999,unavailable,pubget,,True
22763170,unavailable,pubget,,True
22764255,unavailable,pubget,,True
22777857,unavailable,pubget,,True
22781152,unavailable,pubget,,True
22781162,unavailable,pubget,,True
22788694,unavailable,pubget,,True
22796505,unavailable,pubget,,True
22797273,unavailable,pubget,,True
22798396,unavailable,pubget,,True
22803346,unavailable,pubget,,True
22806040,unavailable,pubget,,True
22806802,unavailable,pubget,,True
22807028,unavailable,pubget,,True
22809738,unavailable,pubget,,True
22815229,unavailable,pubget,,True
22819309,unavailable,pubget,,True
22820634,unavailable,pubget,,True
22828255,unavailable,pubget,,True
22835685,unavailable,pubget,,True
22836179,unavailable,pubget,,True
22840762,unavailable,pubget,,True
22841350,unavailable,pubget,,True
22843413,unavailable,pubget,,True
22846335,unavailable,pubget,,True
22849399,unavailable,pubget,,True
22854261,unavailable,pubget,,True
22855447,unavailable,pubget,,True
22867993,unavailable,pubget,,True
22868352,unavailable,pubget,,True
22869007,unavailable,pubget,,True
22897026,unavailable,pubget,,True
22901627,unavailable,pubget,,True
22906785,unavailable,pubget,,True
22906790,unavailable,pubget,,True
22941431,unavailable,pubget,,True
22941838,unavailable,pubget,,True
22948550,unavailable,pubget,,True
22951258,unavailable,pubget,,True
22956668,unavailable,pubget,,True
22956671,unavailable,pubget,,True
22968047,unavailable,pubget,,True
22975148,unavailable,pubget,,True
22975196,unavailable,pubget,,True
22980080,unavailable,pubget,,True
22981562,unavailable,pubget,,True
22981890,unavailable,pubget,,True
22982513,unavailable,pubget,,True
22982585,unavailable,pubget,,True
22986643,unavailable,pubget,,True
22987790,unavailable,pubget,,True
22990206,unavailable,pubget,,True
22993425,unavailable,pubget,,True
22995943,unavailable,pubget,,True
23010489,unavailable,pubget,,True
23019005,unavailable,pubget,,True
23019128,unavailable,pubget,,True
23022750,unavailable,pubget,,True
23031747,unavailable,pubget,,True
23032488,unavailable,pubget,,True
23033120,unavailable,pubget,,True
23036586,unavailable,pubget,,True
23037186,unavailable,pubget,,True
23042731,unavailable,pubget,,True
23044279,unavailable,pubget,,True
23047371,unavailable,pubget,,True
23052452,unavailable,pubget,,True
23055513,unavailable,pubget,,True
23063843,unavailable,pubget,,True
23063844,unavailable,pubget,,True
23064107,unavailable,pubget,,True
23070466,unavailable,pubget,,True
23071163,unavailable,pubget,,True
23079490,unavailable,pubget,,True
23084460,unavailable,pubget,,True
23085280,unavailable,pubget,,True
23087497,unavailable,pubget,,True
23090853,unavailable,pubget,,True
23103518,unavailable,pubget,,True
23103691,unavailable,pubget,,True
23105546,unavailable,pubget,,True
23115166,unavailable,pubget,,True
23124385,unavailable,pubget,,True
23124612,unavailable,pubget,,True
23124719,unavailable,pubget,,True
23136412,unavailable,pubget,,True
23141074,unavailable,pubget,,True
23142279,unavailable,pubget,,True
23147501,unavailable,pubget,,True
23149036,unavailable,pubget,,True
23151171,unavailable,pubget,,True
23158719,unavailable,pubget,,True
23160011,unavailable,pubget,,True
23163414,unavailable,pubget,,True
23164479,unavailable,pubget,,True
23167193,unavailable,pubget,,True
23172518,unavailable,pubget,,True
23177656,unavailable,pubget,,True
23178904,unavailable,pubget,,True
23183709,unavailable,pubget,,True
23184998,unavailable,pubget,,True
23194816,unavailable,pubget,,True
23196144,unavailable,pubget,,True
23199140,unavailable,pubget,,True
23199565,unavailable,pubget,,True
23199762,unavailable,pubget,,True
23201367,unavailable,pubget,,True
23207513,unavailable,pubget,,True
23208196,unavailable,pubget,,True
23220494,unavailable,pubget,,True
23221862,unavailable,pubget,,True
23223279,unavailable,pubget,,True
23224937,unavailable,pubget,,True
23225581,unavailable,pubget,,True
23227137,unavailable,pubget,,True
23227882,unavailable,pubget,,True
23233279,unavailable,pubget,,True
23238964,unavailable,pubget,,True
23240997,unavailable,pubget,,True
23241648,unavailable,pubget,,True
23242968,unavailable,pubget,,True
23243317,unavailable,pubget,,True
23246777,unavailable,pubget,,True
23249348,unavailable,pubget,,True
23249350,unavailable,pubget,,True
23254158,unavailable,pubget,,True
23259955,unavailable,pubget,,True
23262075,unavailable,pubget,,True
23274185,unavailable,pubget,,True
23277140,unavailable,pubget,,True
23281111,unavailable,pubget,,True
23283330,unavailable,pubget,,True
23287569,unavailable,pubget,,True
23291188,unavailable,pubget,,True
23291752,unavailable,pubget,,True
23294162,unavailable,pubget,,True
23297077,unavailable,pubget,,True
23297860,unavailable,pubget,,True
23306014,unavailable,pubget,,True
23313011,unavailable,pubget,,True
23313448,unavailable,pubget,,True
23314836,unavailable,pubget,,True
23317841,unavailable,pubget,,True
23319042,unavailable,pubget,,True
23322403,unavailable,pubget,,True
23324649,unavailable,pubget,,True
23325910,unavailable,pubget,,True
23332807,unavailable,pubget,,True
23333416,unavailable,pubget,,True
23357111,unavailable,pubget,,True
23357203,unavailable,pubget,,True
23363413,unavailable,pubget,,True
23366379,unavailable,pubget,,True
23369306,unavailable,pubget,,True
23376214,unavailable,pubget,,True
23380461,unavailable,pubget,,True
23382516,unavailable,pubget,,True
23383863,unavailable,pubget,,True
23390170,unavailable,pubget,,True
23392179,unavailable,pubget,,True
23392204,unavailable,pubget,,True
23392667,unavailable,pubget,,True
23394712,unavailable,pubget,,True
23395194,unavailable,pubget,,True
23395488,unavailable,pubget,,True
23395830,unavailable,pubget,,True
23399945,unavailable,pubget,,True
23400560,unavailable,pubget,,True
23400699,unavailable,pubget,,True
23403399,unavailable,pubget,,True
23408565,unavailable,pubget,,True
23416451,unavailable,pubget,,True
23418123,unavailable,pubget,,True
23425892,unavailable,pubget,,True
23426796,unavailable,pubget,,True
23428569,unavailable,pubget,,True
23433223,unavailable,pubget,,True
23435212,unavailable,pubget,,True
23445555,unavailable,pubget,,True
23448522,unavailable,pubget,,True
23453584,unavailable,pubget,,True
23454569,unavailable,pubget,,True
23458438,unavailable,pubget,,True
23459862,unavailable,pubget,,True
23465967,unavailable,pubget,,True
23470463,unavailable,pubget,,True
23471694,unavailable,pubget,,True
23474077,unavailable,pubget,,True
23480847,unavailable,pubget,,True
23482065,unavailable,pubget,,True
23486316,unavailable,pubget,,True
23504059,unavailable,pubget,,True
23506969,unavailable,pubget,,True
23507386,unavailable,pubget,,True
23511822,unavailable,pubget,,True
23511846,unavailable,pubget,,True
23516317,unavailable,pubget,,True
23523270,unavailable,pubget,,True
23527652,unavailable,pubget,,True
23537530,unavailable,pubget,,True
23544412,unavailable,pubget,,True
23545112,unavailable,pubget,,True
23548150,unavailable,pubget,,True
23552443,unavailable,pubget,,True
23558170,unavailable,pubget,,True
23568269,unavailable,pubget,,True
23572047,unavailable,pubget,,True
23573872,unavailable,pubget,,True
23576811,unavailable,pubget,,True
23578576,unavailable,pubget,,True
23580397,unavailable,pubget,,True
23582377,unavailable,pubget,,True
23583968,unavailable,pubget,,True
23588185,unavailable,pubget,,True
23591255,unavailable,pubget,,True
23599167,unavailable,pubget,,True
23602885,unavailable,pubget,,True
23603588,unavailable,pubget,,True
23617075,unavailable,pubget,,True
23620601,unavailable,pubget,,True
23624171,unavailable,pubget,,True
23631988,unavailable,pubget,,True
23637175,unavailable,pubget,,True
23645715,unavailable,pubget,,True
23648277,unavailable,pubget,,True
23652421,unavailable,pubget,,True
23660680,unavailable,pubget,,True
23662861,unavailable,pubget,,True
23662864,unavailable,pubget,,True
23664950,unavailable,pubget,,True
23670980,unavailable,pubget,,True
23672819,unavailable,pubget,,True
23673477,unavailable,pubget,,True
23678116,unavailable,pubget,,True
23684849,unavailable,pubget,,True
23684863,unavailable,pubget,,True
23684873,unavailable,pubget,,True
23688214,unavailable,pubget,,True
23701693,unavailable,pubget,,True
23707507,unavailable,pubget,,True
23726779,unavailable,pubget,,True
23727320,unavailable,pubget,,True
23739982,unavailable,pubget,,True
23744033,unavailable,pubget,,True
23747332,unavailable,pubget,,True
23752131,unavailable,pubget,,True
23756038,unavailable,pubget,,True
23761907,unavailable,pubget,,True
23764381,unavailable,pubget,,True
23769862,unavailable,pubget,,True
23773118,unavailable,pubget,,True
23774464,unavailable,pubget,,True
23777062,unavailable,pubget,,True
23778975,unavailable,pubget,,True
23785167,unavailable,pubget,,True
23788599,unavailable,pubget,,True
23790741,unavailable,pubget,,True
23792788,unavailable,pubget,,True
23796543,unavailable,pubget,,True
23796961,unavailable,pubget,,True
23803298,unavailable,pubget,,True
23807175,unavailable,pubget,,True
23811413,unavailable,pubget,,True
23811729,unavailable,pubget,,True
23816958,unavailable,pubget,,True
23831433,unavailable,pubget,,True
23849992,unavailable,pubget,,True
23853088,unavailable,pubget,,True
23853172,unavailable,pubget,,True
23856947,unavailable,pubget,,True
23859387,unavailable,pubget,,True
23859642,unavailable,pubget,,True
23864694,unavailable,pubget,,True
23867077,unavailable,pubget,,True
23872198,unavailable,pubget,,True
23876114,unavailable,pubget,,True
23880958,unavailable,pubget,,True
23884951,unavailable,pubget,,True
23891645,unavailable,pubget,,True
23893849,unavailable,pubget,,True
23901136,unavailable,pubget,,True
23906265,unavailable,pubget,,True
23913818,unavailable,pubget,,True
23916391,unavailable,pubget,,True
23921102,unavailable,pubget,,True
23928982,unavailable,pubget,,True
23933469,unavailable,pubget,,True
23933470,unavailable,pubget,,True
23933471,unavailable,pubget,,True
23933473,unavailable,pubget,,True
23938321,unavailable,pubget,,True
23942392,unavailable,pubget,,True
23954713,unavailable,pubget,,True
23954868,unavailable,pubget,,True
23955287,unavailable,pubget,,True
23956838,unavailable,pubget,,True
23962015,unavailable,pubget,,True
23962957,unavailable,pubget,,True
23963602,unavailable,pubget,,True
23964595,unavailable,pubget,,True
23966699,unavailable,pubget,,True
23968177,unavailable,pubget,,True
23968211,unavailable,pubget,,True
23969195,unavailable,pubget,,True
23983202,unavailable,pubget,,True
23988110,unavailable,pubget,,True
23993283,unavailable,pubget,,True
23994453,unavailable,pubget,,True
23998338,unavailable,pubget,,True
23998674,unavailable,pubget,,True
23998951,unavailable,pubget,,True
24007872,unavailable,pubget,,True
24012545,unavailable,pubget,,True
24021809,unavailable,pubget,,True
24025798,unavailable,pubget,,True
24027604,unavailable,pubget,,True
24029377,unavailable,pubget,,True
24038636,unavailable,pubget,,True
24047381,unavailable,pubget,,True
24049739,unavailable,pubget,,True
24052613,unavailable,pubget,,True
24056237,unavailable,pubget,,True
24060006,unavailable,pubget,,True
24068551,unavailable,pubget,,True
24070614,unavailable,pubget,,True
24071913,unavailable,pubget,,True
24089502,unavailable,pubget,,True
24090774,unavailable,pubget,,True
24094578,unavailable,pubget,,True
24096208,unavailable,pubget,,True
24101684,unavailable,pubget,,True
24111300,unavailable,pubget,,True
24116838,unavailable,pubget,,True
24117474,unavailable,pubget,,True
24119150,unavailable,pubget,,True
24121087,unavailable,pubget,,True
24124929,unavailable,pubget,,True
24127425,unavailable,pubget,,True
24129489,unavailable,pubget,,True
24135133,unavailable,pubget,,True
24135134,unavailable,pubget,,True
24142410,unavailable,pubget,,True
24142432,unavailable,pubget,,True
24144510,unavailable,pubget,,True
24144956,unavailable,pubget,,True
24147486,unavailable,pubget,,True
24150105,unavailable,pubget,,True
24155321,unavailable,pubget,,True
24176576,unavailable,pubget,,True
24176981,unavailable,pubget,,True
24183466,unavailable,pubget,,True
24183467,unavailable,pubget,,True
24183468,unavailable,pubget,,True
24184576,unavailable,pubget,,True
24187135,unavailable,pubget,,True
24187438,unavailable,pubget,,True
24194577,unavailable,pubget,,True
24195205,unavailable,pubget,,True
24210960,unavailable,pubget,,True
24210961,unavailable,pubget,,True
24212056,unavailable,pubget,,True
24215973,unavailable,pubget,,True
24216407,unavailable,pubget,,True
24222217,unavailable,pubget,,True
24232859,unavailable,pubget,,True
24238925,unavailable,pubget,,True
24243552,unavailable,pubget,,True
24257806,unavailable,pubget,,True
24259581,unavailable,pubget,,True
24262200,unavailable,pubget,,True
24262681,unavailable,pubget,,True
24275075,unavailable,pubget,,True
24285896,unavailable,pubget,,True
24291502,unavailable,pubget,,True
24291524,unavailable,pubget,,True
24293715,unavailable,pubget,,True
24296894,unavailable,pubget,,True
24305996,unavailable,pubget,,True
24307677,unavailable,pubget,,True
24315838,unavailable,pubget,,True
24315840,unavailable,pubget,,True
24316238,unavailable,pubget,,True
24322820,unavailable,pubget,,True
24335032,unavailable,pubget,,True
24345172,unavailable,pubget,,True
24351976,unavailable,pubget,,True
24352377,unavailable,pubget,,True
24352703,unavailable,pubget,,True
24354970,unavailable,pubget,,True
24357070,unavailable,pubget,,True
24357099,unavailable,pubget,,True
24368264,unavailable,pubget,,True
24370468,unavailable,pubget,,True
24373986,unavailable,pubget,,True
24380831,unavailable,pubget,,True
24380867,unavailable,pubget,,True
24381278,unavailable,pubget,,True
24381294,unavailable,pubget,,True
24392906,unavailable,pubget,,True
24396008,unavailable,pubget,,True
24405186,unavailable,pubget,,True
24412799,unavailable,pubget,,True
24417611,unavailable,pubget,,True
24425352,unavailable,pubget,,True
24434677,unavailable,pubget,,True
24436318,unavailable,pubget,,True
24438798,unavailable,pubget,,True
24440242,unavailable,pubget,,True
24443693,unavailable,pubget,,True
24444739,unavailable,pubget,,True
24453137,unavailable,pubget,,True
24453184,unavailable,pubget,,True
24456389,unavailable,pubget,,True
24471481,unavailable,pubget,,True
24473731,unavailable,pubget,,True
24473996,unavailable,pubget,,True
24475821,unavailable,pubget,,True
24478343,unavailable,pubget,,True
24486563,unavailable,pubget,,True
24486613,unavailable,pubget,,True
24489134,unavailable,pubget,,True
24493451,unavailable,pubget,,True
24495404,unavailable,pubget,,True
24495660,unavailable,pubget,,True
24498851,unavailable,pubget,,True
24507118,unavailable,pubget,,True
24508158,unavailable,pubget,,True
24512703,unavailable,pubget,,True
24513232,unavailable,pubget,,True
24514874,unavailable,pubget,,True
24518260,unavailable,pubget,,True
24524705,unavailable,pubget,,True
24524912,unavailable,pubget,,True
24526187,unavailable,pubget,,True
24530294,unavailable,pubget,,True
24534479,unavailable,pubget,,True
24534814,unavailable,pubget,,True
24553150,unavailable,pubget,,True
24553928,unavailable,pubget,,True
24556337,unavailable,pubget,,True
24557502,unavailable,pubget,,True
24563179,unavailable,pubget,,True
24564466,unavailable,pubget,,True
24564467,unavailable,pubget,,True
24568205,unavailable,pubget,,True
24573555,unavailable,pubget,,True
24578281,unavailable,pubget,,True
24583254,unavailable,pubget,,True
24583653,unavailable,pubget,,True
24585433,unavailable,pubget,,True
24594855,unavailable,pubget,,True
24607732,unavailable,pubget,,True
24607883,unavailable,pubget,,True
24610839,unavailable,pubget,,True
24612926,unavailable,pubget,,True
24613016,unavailable,pubget,,True
24615479,unavailable,pubget,,True
24617815,unavailable,pubget,,True
24619536,unavailable,pubget,,True
24621494,unavailable,pubget,,True
24628776,unavailable,pubget,,True
24631366,unavailable,pubget,,True
24647432,unavailable,pubget,,True
24650602,unavailable,pubget,,True
24652857,unavailable,pubget,,True
24655122,unavailable,pubget,,True
24657924,unavailable,pubget,,True
24666126,unavailable,pubget,,True
24669789,unavailable,pubget,,True
24677506,unavailable,pubget,,True
24679850,unavailable,pubget,,True
24683066,unavailable,pubget,,True
24686092,unavailable,pubget,,True
24692512,unavailable,pubget,,True
24695697,unavailable,pubget,,True
24695720,unavailable,pubget,,True
24706011,unavailable,pubget,,True
24725071,unavailable,pubget,,True
24725141,unavailable,pubget,,True
24726334,unavailable,pubget,,True
24732287,unavailable,pubget,,True
24735993,unavailable,pubget,,True
24736173,unavailable,pubget,,True
24738536,unavailable,pubget,,True
24746497,unavailable,pubget,,True
24760360,unavailable,pubget,,True
24766286,unavailable,pubget,,True
24772979,unavailable,pubget,,True
24789863,unavailable,pubget,,True
24790197,unavailable,pubget,,True
24794918,unavailable,pubget,,True
24795437,unavailable,pubget,,True
24811733,unavailable,pubget,,True
24812764,unavailable,pubget,,True
24812876,unavailable,pubget,,True
24814675,unavailable,pubget,,True
24814725,unavailable,pubget,,True
24818388,unavailable,pubget,,True
24822360,unavailable,pubget,,True
24825786,unavailable,pubget,,True
24828546,unavailable,pubget,,True
24828642,unavailable,pubget,,True
24834144,unavailable,pubget,,True
24838264,unavailable,pubget,,True
24845600,unavailable,pubget,,True
24857770,unavailable,pubget,,True
24858066,unavailable,pubget,,True
24859815,unavailable,pubget,,True
24862072,unavailable,pubget,,True
24862983,unavailable,pubget,,True
24863251,unavailable,pubget,,True
24869930,unavailable,pubget,,True
24877983,unavailable,pubget,,True
24893344,unavailable,pubget,,True
24893737,unavailable,pubget,,True
24893907,unavailable,pubget,,True
24895735,unavailable,pubget,,True
24905286,unavailable,pubget,,True
24912072,unavailable,pubget,,True
24920613,unavailable,pubget,,True
24924545,unavailable,pubget,,True
24933580,unavailable,pubget,,True
24935778,unavailable,pubget,,True
24937269,unavailable,pubget,,True
24939724,unavailable,pubget,,True
24948034,unavailable,pubget,,True
24953957,unavailable,pubget,,True
24954512,unavailable,pubget,,True
24956066,unavailable,pubget,,True
24956571,unavailable,pubget,,True
24958241,unavailable,pubget,,True
24960046,unavailable,pubget,,True
24969443,unavailable,pubget,,True
24970567,unavailable,pubget,,True
24992291,unavailable,pubget,,True
25000524,unavailable,pubget,,True
25000525,unavailable,pubget,,True
25008350,unavailable,pubget,,True
25012096,unavailable,pubget,,True
25014614,unavailable,pubget,,True
25024335,unavailable,pubget,,True
25028156,unavailable,pubget,,True
25037924,unavailable,pubget,,True
25040779,unavailable,pubget,,True
25046122,unavailable,pubget,,True
25047449,unavailable,pubget,,True
25062837,unavailable,pubget,,True
25065602,unavailable,pubget,,True
25067812,unavailable,pubget,,True
25075268,unavailable,pubget,,True
25077489,unavailable,pubget,,True
25080518,unavailable,pubget,,True
25084224,unavailable,pubget,,True
25087482,unavailable,pubget,,True
25119145,unavailable,pubget,,True
25123110,unavailable,pubget,,True
25133927,unavailable,pubget,,True
25134976,unavailable,pubget,,True
25138546,unavailable,pubget,,True
25140552,unavailable,pubget,,True
25146374,unavailable,pubget,,True
25147422,unavailable,pubget,,True
25148880,unavailable,pubget,,True
25152466,unavailable,pubget,,True
25156160,unavailable,pubget,,True
25164120,unavailable,pubget,,True
25164675,unavailable,pubget,,True
25172183,unavailable,pubget,,True
25173956,unavailable,pubget,,True
25182478,unavailable,pubget,,True
25196948,unavailable,pubget,,True
25199563,unavailable,pubget,,True
25199736,unavailable,pubget,,True
25203559,unavailable,pubget,,True
25205659,unavailable,pubget,,True
25206932,unavailable,pubget,,True
25210055,unavailable,pubget,,True
25218236,unavailable,pubget,,True
25218238,unavailable,pubget,,True
25218951,unavailable,pubget,,True
25219508,unavailable,pubget,,True
25222200,unavailable,pubget,,True
25222292,unavailable,pubget,,True
25225000,unavailable,pubget,,True
25241043,unavailable,pubget,,True
25244122,unavailable,pubget,,True
25244942,unavailable,pubget,,True
25246586,unavailable,pubget,,True
25249406,unavailable,pubget,,True
25252229,unavailable,pubget,,True
25252868,unavailable,pubget,,True
25253845,unavailable,pubget,,True
25253863,unavailable,pubget,,True
25261745,unavailable,pubget,,True
25269114,unavailable,pubget,,True
25270242,unavailable,pubget,,True
25296409,unavailable,pubget,,True
25298199,unavailable,pubget,,True
25305809,unavailable,pubget,,True
25308631,unavailable,pubget,,True
25313954,unavailable,pubget,,True
25315244,unavailable,pubget,,True
25315785,unavailable,pubget,,True
25316341,unavailable,pubget,,True
25326039,unavailable,pubget,,True
25339747,unavailable,pubget,,True
25352153,unavailable,pubget,,True
25352455,unavailable,pubget,,True
25355487,unavailable,pubget,,True
25362041,unavailable,pubget,,True
25366580,unavailable,pubget,,True
25378154,unavailable,pubget,,True
25394198,unavailable,pubget,,True
25413496,unavailable,pubget,,True
25420201,unavailable,pubget,,True
25422460,unavailable,pubget,,True
25440018,unavailable,pubget,,True
25444089,unavailable,pubget,,True
25445775,unavailable,pubget,,True
25446970,unavailable,pubget,,True
25447068,unavailable,pubget,,True
25447235,unavailable,pubget,,True
25447374,unavailable,pubget,,True
25447375,unavailable,pubget,,True
25447993,unavailable,pubget,,True
25449530,unavailable,pubget,,True
25450147,unavailable,pubget,,True
25452579,unavailable,pubget,,True
25453990,unavailable,pubget,,True
25455744,unavailable,pubget,,True
25461916,unavailable,pubget,,True
25462197,unavailable,pubget,,True
25462791,unavailable,pubget,,True
25463464,unavailable,pubget,,True
25463812,unavailable,pubget,,True
25463814,unavailable,pubget,,True
25463816,unavailable,pubget,,True
25464758,unavailable,pubget,,True
25467303,unavailable,pubget,,True
25468173,unavailable,pubget,,True
25468570,unavailable,pubget,,True
25485743,unavailable,pubget,,True
25491078,unavailable,pubget,,True
25495216,unavailable,pubget,,True
25496329,unavailable,pubget,,True
25498409,unavailable,pubget,,True
25498951,unavailable,pubget,,True
25500359,unavailable,pubget,,True
25515329,unavailable,pubget,,True
25515348,unavailable,pubget,,True
25528104,unavailable,pubget,,True
25535307,unavailable,pubget,,True
25541365,unavailable,pubget,,True
25541600,unavailable,pubget,,True
25547636,unavailable,pubget,,True
25558081,unavailable,pubget,,True
25568592,unavailable,pubget,,True
25578430,unavailable,pubget,,True
25585276,unavailable,pubget,,True
25586709,unavailable,pubget,,True
25589667,unavailable,pubget,,True
25589757,unavailable,pubget,,True
25592369,unavailable,pubget,,True
25594153,unavailable,pubget,,True
25595984,unavailable,pubget,,True
25596589,unavailable,pubget,,True
25598049,unavailable,pubget,,True
25609767,unavailable,pubget,,True
25619771,unavailable,pubget,,True
25619848,unavailable,pubget,,True
25620492,unavailable,pubget,,True
25631058,unavailable,pubget,,True
25636911,unavailable,pubget,,True
25637804,unavailable,pubget,,True
25646465,unavailable,pubget,,True
25650106,unavailable,pubget,,True
25660537,unavailable,pubget,,True
25662409,unavailable,pubget,,True
25680742,unavailable,pubget,,True
25681681,unavailable,pubget,,True
25682046,unavailable,pubget,,True
25687593,unavailable,pubget,,True
25698585,unavailable,pubget,,True
25703620,unavailable,pubget,,True
25708625,unavailable,pubget,,True
25716853,unavailable,pubget,,True
25720803,unavailable,pubget,,True
25728012,unavailable,pubget,,True
25731903,unavailable,pubget,,True
25731995,unavailable,pubget,,True
25747965,unavailable,pubget,,True
25750259,unavailable,pubget,,True
25767185,unavailable,pubget,,True
25770126,unavailable,pubget,,True
25773611,unavailable,pubget,,True
25776210,unavailable,pubget,,True
25791396,unavailable,pubget,,True
25832914,unavailable,pubget,,True
25835405,unavailable,pubget,,True
25835556,unavailable,pubget,,True
25842859,unavailable,pubget,,True
25881908,unavailable,pubget,,True
25958694,unavailable,pubget,,True
26024465,unavailable,pubget,,True
26139954,unavailable,pubget,,True
26157973,unavailable,pubget,,True
26157983,unavailable,pubget,,True
26167112,unavailable,pubget,,True
26271230,unavailable,pubget,,True
26301527,unavailable,pubget,,True
26313395,unavailable,pubget,,True
26337735,unavailable,pubget,,True
26410528,unavailable,pubget,,True
26550318,unavailable,pubget,,True
26684070,unavailable,pubget,,True
26770429,unavailable,pubget,,True
26934420,unavailable,pubget,,True
27135039,unavailable,pubget,,True
27397232,unavailable,pubget,,True
29296374,unavailable,pubget,,True
30034564,unavailable,pubget,,True
30708693,unavailable,pubget,,True
33169038,unavailable,pubget,,True
8987760,unavailable,pubget,,True
9016263,unavailable,pubget,,True
9028776,unavailable,pubget,,True
9035075,unavailable,pubget,,True
9055273,unavailable,pubget,,True
9056277,unavailable,pubget,,True
9080448,unavailable,pubget,,True
9085922,unavailable,pubget,,True
9103996,unavailable,pubget,,True
9110978,unavailable,pubget,,True
9117371,unavailable,pubget,,True
9121583,unavailable,pubget,,True
9126060,unavailable,pubget,,True
9126402,unavailable,pubget,,True
9133614,unavailable,pubget,,True
9152113,unavailable,pubget,,True
9153522,unavailable,pubget,,True
9153677,unavailable,pubget,,True
9162072,unavailable,pubget,,True
9175095,unavailable,pubget,,True
9175896,unavailable,pubget,,True
9182726,unavailable,pubget,,True
9183247,unavailable,pubget,,True
9183248,unavailable,pubget,,True
9188545,unavailable,pubget,,True
9189928,unavailable,pubget,,True
9192679,unavailable,pubget,,True
9212281,unavailable,pubget,,True
9214769,unavailable,pubget,,True
9223094,unavailable,pubget,,True
9228094,unavailable,pubget,,True
9230126,unavailable,pubget,,True
9243644,unavailable,pubget,,True
9256370,unavailable,pubget,,True
9264019,unavailable,pubget,,True
9278544,unavailable,pubget,,True
9282371,unavailable,pubget,,True
9322400,unavailable,pubget,,True
9331920,unavailable,pubget,,True
9342692,unavailable,pubget,,True
9345552,unavailable,pubget,,True
9349721,unavailable,pubget,,True
9351656,unavailable,pubget,,True
9371851,unavailable,pubget,,True
9391022,unavailable,pubget,,True
9394230,unavailable,pubget,,True
9396945,unavailable,pubget,,True
9405692,unavailable,pubget,,True
9413882,unavailable,pubget,,True
9417968,unavailable,pubget,,True
9417969,unavailable,pubget,,True
9427375,unavailable,pubget,,True
9440828,unavailable,pubget,,True
9447736,unavailable,pubget,,True
9448260,unavailable,pubget,,True
9448576,unavailable,pubget,,True
9448582,unavailable,pubget,,True
9465008,unavailable,pubget,,True
9469156,unavailable,pubget,,True
9469931,unavailable,pubget,,True
9482939,unavailable,pubget,,True
9500832,unavailable,pubget,,True
9500833,unavailable,pubget,,True
9501235,unavailable,pubget,,True
9503973,unavailable,pubget,,True
9510217,unavailable,pubget,,True
9510380,unavailable,pubget,,True
9510387,unavailable,pubget,,True
9520553,unavailable,pubget,,True
9524796,unavailable,pubget,,True
9529825,unavailable,pubget,,True
9536407,unavailable,pubget,,True
9544671,unavailable,pubget,,True
9549517,unavailable,pubget,,True
9551786,unavailable,pubget,,True
9559944,unavailable,pubget,,True
9570579,unavailable,pubget,,True
9576541,unavailable,pubget,,True
9576825,unavailable,pubget,,True
9577389,unavailable,pubget,,True
9579674,unavailable,pubget,,True
9593960,unavailable,pubget,,True
9596341,unavailable,pubget,,True
9601664,unavailable,pubget,,True
9601908,unavailable,pubget,,True
9604000,unavailable,pubget,,True
9607516,unavailable,pubget,,True
9620697,unavailable,pubget,,True
9634568,unavailable,pubget,,True
9648541,unavailable,pubget,,True
9651372,unavailable,pubget,,True
9655624,unavailable,pubget,,True
9665585,unavailable,pubget,,True
9671783,unavailable,pubget,,True
9672226,unavailable,pubget,,True
9673662,unavailable,pubget,,True
9674604,unavailable,pubget,,True
9679774,unavailable,pubget,,True
9679777,unavailable,pubget,,True
9679785,unavailable,pubget,,True
9694237,unavailable,pubget,,True
9699694,unavailable,pubget,,True
9705250,unavailable,pubget,,True
9710022,unavailable,pubget,,True
9711754,unavailable,pubget,,True
9712582,unavailable,pubget,,True
9712663,unavailable,pubget,,True
9714377,unavailable,pubget,,True
9752818,unavailable,pubget,,True
9760124,unavailable,pubget,,True
9770548,unavailable,pubget,,True
9771784,unavailable,pubget,,True
9773059,unavailable,pubget,,True
9774715,unavailable,pubget,,True
9777284,unavailable,pubget,,True
9784061,unavailable,pubget,,True
9794011,unavailable,pubget,,True
9799345,unavailable,pubget,,True
9799347,unavailable,pubget,,True
9799627,unavailable,pubget,,True
9800089,unavailable,pubget,,True
9805319,unavailable,pubget,,True
9811553,unavailable,pubget,,True
9811557,unavailable,pubget,,True
9827770,unavailable,pubget,,True
9831471,unavailable,pubget,,True
9831743,unavailable,pubget,,True
9840371,unavailable,pubget,,True
9857961,unavailable,pubget,,True
9858384,unavailable,pubget,,True
9869705,unavailable,pubget,,True
9874211,unavailable,pubget,,True
9875717,unavailable,pubget,,True
9880046,unavailable,pubget,,True
9882087,unavailable,pubget,,True
9882089,unavailable,pubget,,True
9920476,unavailable,pubget,,True
9926099,unavailable,pubget,,True
9926396,unavailable,pubget,,True
9950069,unavailable,pubget,,True
9950716,unavailable,pubget,,True
9950717,unavailable,pubget,,True
9950718,unavailable,pubget,,True
9990104,unavailable,pubget,,True
