pmid,analysis_index,analysis_id,analysis_name,analysis_description,table_id,coordinate_count,coordinate_spaces,coordinates_json,invalid_point_count,dementia_all__include,dementia_all__confidence,dementia_all__reasoning,dementia_all__inclusion_criteria_applied,dementia_all__exclusion_criteria_applied,dementia_decreasing_activity__include,dementia_decreasing_activity__confidence,dementia_decreasing_activity__reasoning,dementia_decreasing_activity__inclusion_criteria_applied,dementia_decreasing_activity__exclusion_criteria_applied,structural__include,structural__confidence,structural__reasoning,structural__inclusion_criteria_applied,structural__exclusion_criteria_applied,functional__include,functional__confidence,functional__reasoning,functional__inclusion_criteria_applied,functional__exclusion_criteria_applied
14527604,0,14527604_analysis_0,"Conjunction (c1, c2, c3)",,TABLE2,8,MNI,"[[0.0, 56.0, 0.0], [-2.0, 36.0, 20.0], [0.0, 18.0, -16.0], [-14.0, 60.0, 22.0], [-22.0, 24.0, 46.0], [-46.0, 18.0, 30.0], [-64.0, -20.0, -22.0], [-10.0, 10.0, 2.0]]",0,False,,"Excluded because this is a between-group, group-level contrast/conjunction (FTD patients vs controls), which meets GLOBAL_E3 (Between-group contrasts or interactions). Additionally, the study uses FDG-PET only and does not satisfy GLOBAL_I1 which requires VBM, fMRI, and FDG-PET modalities.",[],"[""GLOBAL_E3""]",False,,"Although the analysis reports decreased metabolism in bvFTD relative to controls (would meet DEMENTIA_DECREASING_ACTIVITY_I1), it is a between-group contrast/intersection (FTD vs control) and therefore excluded by GLOBAL_E3.",[],"[""GLOBAL_E3""]",False,,"Excluded because the analysis is a between-group contrast (GLOBAL_E3). Additionally, the study does not use VBM so STRUCTURAL_I1 is not satisfied.",[],"[""GLOBAL_E3""]",False,,"Although the study uses FDG-PET (which would satisfy FUNCTIONAL_I1), the analysis is a between-group contrast (FTD vs controls) and thus excluded by GLOBAL_E3.",[],"[""GLOBAL_E3""]"
14527604,1,14527604_analysis_1,Interaction (c1 versus c2 and c3),,TABLE2,1,MNI,"[[-6.0, 28.0, -12.0]]",0,False,,"Excluded because this analysis is an interaction/between-group contrast (c1 versus c2 and c3), which meets GLOBAL_E3 (Between-group contrasts or interactions). The study also does not meet GLOBAL_I1 (requires VBM, fMRI, and FDG-PET).",[],"[""GLOBAL_E3""]",False,,"Even if the interaction shows decreases for bvFTD (DEMENTIA_DECREASING_ACTIVITY_I1), this is an interaction/between-group comparison and is excluded by GLOBAL_E3.",[],"[""GLOBAL_E3""]",False,,"Excluded due to GLOBAL_E3 (interaction/between-group contrast). Additionally, STRUCTURAL_I1 is not met because VBM was not used.",[],"[""GLOBAL_E3""]",False,,"Although FDG-PET is used (meeting FUNCTIONAL_I1), this analysis is an interaction/between-group contrast and thus excluded by GLOBAL_E3.",[],"[""GLOBAL_E3""]"
14527604,2,14527604_analysis_2,Interaction (c2 versus c1 and c3),,TABLE2,0,,[],0,False,,"Excluded because this is an interaction/between-group contrast (c2 versus c1 and c3), triggering GLOBAL_E3. The study also does not meet GLOBAL_I1.",[],"[""GLOBAL_E3""]",False,,"Although decreases for bvFTD might be reported (DEMENTIA_DECREASING_ACTIVITY_I1), the analysis is a between-group interaction/contrast and is therefore excluded by GLOBAL_E3.",[],"[""GLOBAL_E3""]",False,,Excluded because the analysis is an interaction/between-group contrast (GLOBAL_E3). STRUCTURAL_I1 (VBM) is not satisfied by this FDG-PET study.,[],"[""GLOBAL_E3""]",False,,"Even though FDG-PET satisfies FUNCTIONAL_I1, the analysis is a between-group interaction/contrast and thus excluded by GLOBAL_E3.",[],"[""GLOBAL_E3""]"
14527604,3,14527604_analysis_3,Interaction (c3 versus c1 and c2),,TABLE2,1,MNI,"[[58.0, 8.0, -12.0]]",0,False,,"Excluded because this analysis is an interaction/between-group contrast (c3 versus c1 and c2), triggering GLOBAL_E3. GLOBAL_I1 is also not fully satisfied.",[],"[""GLOBAL_E3""]",False,,"While decreases in metabolism for bvFTD may be present (DEMENTIA_DECREASING_ACTIVITY_I1), the analysis is a between-group interaction/contrast and therefore excluded by GLOBAL_E3.",[],"[""GLOBAL_E3""]",False,,"Excluded due to GLOBAL_E3 (interaction/between-group contrast). The analysis is not VBM-based, so STRUCTURAL_I1 is not met.",[],"[""GLOBAL_E3""]",False,,"Despite using FDG-PET (FUNCTIONAL_I1), this interaction/between-group contrast is excluded by GLOBAL_E3.",[],"[""GLOBAL_E3""]"
15585344,0,15585344_analysis_0,Atrophic regions in frontotemporal dementia,,TBL2,19,None,"[[-2.0, 44.0, -10.0], [0.0, 26.0, -10.0], [-38.0, 30.0, 2.0], [-32.0, 22.0, 10.0], [4.0, 6.0, -6.0], [-52.0, 8.0, 18.0], [18.0, -10.0, -14.0], [-62.0, -28.0, -24.0], [8.0, 18.0, -18.0], [-4.0, 50.0, 24.0], [-18.0, -10.0, -14.0], [38.0, 22.0, 8.0], [14.0, 20.0, -2.0], [-4.0, 32.0, 18.0], [-8.0, 14.0, 38.0], [18.0, -6.0, -22.0], [10.0, 22.0, 36.0], [8.0, 34.0, 26.0], [-4.0, 46.0, 24.0]]",0,False,,"Global inclusion criterion GLOBAL_I2 (sample must be clinically diagnosed bvFTD with no comorbidities) is not met or not specified in the study (participants described as 'FTD' without explicit bvFTD diagnosis or comorbidity exclusions). GLOBAL_I1 and GLOBAL_I3 are met (VBM and whole-brain voxelwise group comparison), but failure to meet GLOBAL_I2 requires exclusion.",[],[],False,,"Although the analysis reports decreases in gray matter in FTD versus controls (meets local DEMENTIA_DECREASING_ACTIVITY_I1), the global inclusion criterion GLOBAL_I2 (explicit clinically diagnosed bvFTD sample with no comorbidities) is not met or not specified; therefore excluded.",[],[],False,,"The analysis uses VBM (meets STRUCTURAL_I1), but it fails global inclusion GLOBAL_I2 (study does not specify clinically diagnosed bvFTD with no comorbidities), so it must be excluded.",[],[],False,,"Local functional inclusion FUNCTIONAL_I1 is not met (analysis uses structural VBM MRI, not FDG-PET or fMRI). Additionally GLOBAL_I2 (explicit bvFTD sample with no comorbidities) is not specified. Failure to meet required global and local inclusion criteria leads to exclusion.",[],[]
15668960,0,15668960_analysis_0,vs controls (p < 0.001),Apathetic subjects,88,11,None,"[[-16.0, 64.0, -4.0], [-16.0, 64.0, -4.0], [16.0, 64.0, 0.0], [-2.0, 42.0, -24.0], [4.0, 40.0, -24.0], [-52.0, 16.0, 20.0], [-42.0, 12.0, 0.0], [58.0, 20.0, 24.0], [44.0, 6.0, 2.0], [-2.0, -16.0, 4.0], [12.0, -22.0, 6.0]]",0,False,,"Excluded because this is a between-group contrast (apathetic subjects vs controls), which triggers GLOBAL_E3 (between-group contrasts/subgroup vs subgroup or patient vs control).",[],"[""GLOBAL_E3""]",False,,"Excluded because this analysis is a between-group contrast (apathetic subjects vs controls), triggering GLOBAL_E3 (between-group contrasts/subgroup vs subgroup or patient vs control), even though decreases in metabolism are reported.",[],"[""GLOBAL_E3""]",False,,"Excluded because this is a between-group contrast (apathetic subjects vs controls), triggering GLOBAL_E3 (between-group contrasts/subgroup vs subgroup or patient vs control).",[],"[""GLOBAL_E3""]",False,,"Excluded because this is a between-group contrast (apathetic subjects vs controls), triggering GLOBAL_E3 (between-group contrasts/subgroup vs subgroup or patient vs control).",[],"[""GLOBAL_E3""]"
15668960,1,15668960_analysis_1,vs disinhibited (p < 0.01),Apathetic subjects,88,8,None,"[[-42.0, 12.0, 26.0], [-46.0, 20.0, 18.0], [42.0, 34.0, 2.0], [38.0, 28.0, 24.0], [-24.0, -12.0, 68.0], [44.0, 6.0, 10.0], [0.0, 26.0, 58.0], [8.0, 40.0, 40.0]]",0,False,,"Excluded because this is a between-group contrast (apathetic subjects vs disinhibited subjects), which triggers GLOBAL_E3 (between-group contrasts/subgroup vs subgroup or patient vs control).",[],"[""GLOBAL_E3""]",False,,"Excluded because this analysis is a between-group contrast (apathetic vs disinhibited), triggering GLOBAL_E3 (between-group contrasts/subgroup vs subgroup or patient vs control), despite reporting relative decreases.",[],"[""GLOBAL_E3""]",False,,"Excluded because this is a between-group contrast (apathetic vs disinhibited), triggering GLOBAL_E3 (between-group contrasts/subgroup vs subgroup or patient vs control).",[],"[""GLOBAL_E3""]",False,,"Excluded because this is a between-group contrast (apathetic vs disinhibited), triggering GLOBAL_E3 (between-group contrasts/subgroup vs subgroup or patient vs control).",[],"[""GLOBAL_E3""]"
15668960,2,15668960_analysis_2,vs controls (p < 0.001),Disinhibited subjects,88,12,None,"[[-10.0, 12.0, -24.0], [12.0, 24.0, -28.0], [-8.0, 38.0, 18.0], [8.0, 34.0, 20.0], [-46.0, 6.0, 0.0], [-4.0, -18.0, 8.0], [10.0, -20.0, 6.0], [-48.0, -18.0, -36.0], [48.0, -16.0, -36.0], [-24.0, -12.0, -30.0], [20.0, -8.0, -30.0], [46.0, 8.0, -2.0]]",0,False,,"Excluded because this is a between-group contrast (disinhibited subjects vs controls), which triggers GLOBAL_E3 (between-group contrasts/subgroup vs subgroup or patient vs control).",[],"[""GLOBAL_E3""]",False,,"Excluded because this analysis is a between-group contrast (disinhibited vs controls), triggering GLOBAL_E3 (between-group contrasts/subgroup vs subgroup or patient vs control), even though decreases in metabolism are reported.",[],"[""GLOBAL_E3""]",False,,"Excluded because this is a between-group contrast (disinhibited vs controls), triggering GLOBAL_E3 (between-group contrasts/subgroup vs subgroup or patient vs control).",[],"[""GLOBAL_E3""]",False,,"Excluded because this is a between-group contrast (disinhibited vs controls), triggering GLOBAL_E3 (between-group contrasts/subgroup vs subgroup or patient vs control).",[],"[""GLOBAL_E3""]"
15668960,3,15668960_analysis_3,vs apathetic (p < 0.01),Disinhibited subjects,88,7,None,"[[-18.0, 12.0, -20.0], [11.0, 12.0, -18.0], [36.0, -12.0, -18.0], [-22.0, -28.0, -28.0], [50.0, -30.0, -28.0], [-12.0, 26.0, 26.0], [14.0, 32.0, 22.0]]",0,False,,"Excluded because this is a between-group contrast (disinhibited subjects vs apathetic subjects), which triggers GLOBAL_E3 (between-group contrasts/subgroup vs subgroup or patient vs control).",[],"[""GLOBAL_E3""]",False,,"Excluded because this analysis is a between-group contrast (disinhibited vs apathetic), triggering GLOBAL_E3 (between-group contrasts/subgroup vs subgroup or patient vs control), despite reporting relative decreases.",[],"[""GLOBAL_E3""]",False,,"Excluded because this is a between-group contrast (disinhibited vs apathetic), triggering GLOBAL_E3 (between-group contrasts/subgroup vs subgroup or patient vs control).",[],"[""GLOBAL_E3""]",False,,"Excluded because this is a between-group contrast (disinhibited vs apathetic), triggering GLOBAL_E3 (between-group contrasts/subgroup vs subgroup or patient vs control).",[],"[""GLOBAL_E3""]"
18268196,0,18268196_analysis_0,"Regions of Gray Matter Loss in Very Mild, Mild, and Moderate to Severe bvFTD",,77,105,None,"[[2.0, 36.0, 14.0], [4.0, 38.0, 20.0], [2.0, 28.0, 18.0], [-2.0, 36.0, 12.0], [-2.0, 38.0, 16.0], [-2.0, 32.0, 16.0], [2.0, 44.0, 20.0], [2.0, 44.0, 30.0], [2.0, 44.0, 28.0], [-2.0, 48.0, 22.0], [-2.0, 46.0, 28.0], [-2.0, 46.0, 24.0], [2.0, 53.0, -4.0], [-2.0, 58.0, 2.0], [1.0, 53.0, -3.0], [-2.0, 54.0, -4.0], [-2.0, 54.0, -2.0], [-2.0, 54.0, -4.0], [2.0, 8.0, -4.0], [4.0, 8.0, -8.0], [4.0, 8.0, -6.0], [-4.0, 12.0, -6.0], [-4.0, 8.0, -6.0], [-4.0, 10.0, -6.0], [42.0, 17.0, -10.0], [36.0, 18.0, -8.0], [42.0, 16.0, -12.0], [-39.0, 17.0, -13.0], [-38.0, 20.0, -10.0], [-39.0, 17.0, -13.0], [39.0, 23.0, 5.0], [35.0, 18.0, 5.0], [35.0, 16.0, 7.0], [-34.0, 24.0, 4.0], [-32.0, 22.0, 4.0], [-36.0, 24.0, 4.0], [33.0, 36.0, -13.0], [34.0, 36.0, -13.0], [42.0, 16.0, -12.0], [-29.0, 38.0, -13.0], [-29.0, 38.0, -14.0], [-30.0, 38.0, -15.0], [44.0, -10.0, -4.0], [-40.0, -12.0, -2.0], [28.0, 61.0, -15.0], [24.0, 61.0, -13.0], [33.0, 63.0, -6.0], [-31.0, 61.0, -2.0], [-29.0, 61.0, -2.0], [-27.0, 61.0, -3.0], [30.0, 52.0, 18.0], [38.0, 52.0, 6.0], [36.0, 44.0, 28.0], [-42.0, 52.0, 9.0], [-42.0, 53.0, 7.0], [-45.0, 53.0, 4.0], [38.0, 14.0, 33.0], [38.0, 15.0, 33.0], [38.0, 13.0, 34.0], [-44.0, 13.0, 28.0], [-44.0, 11.0, 27.0], [-43.0, 10.0, 25.0], [47.0, -6.0, 33.0], [47.0, -6.0, 34.0], [-53.0, -30.0, -8.0], [-54.0, -29.0, -4.0], [45.0, 36.0, 17.0], [45.0, 34.0, 20.0], [44.0, 34.0, 24.0], [-48.0, 36.0, 26.0], [-56.0, 28.0, 18.0], [26.0, 34.0, 40.0], [30.0, 26.0, 40.0], [-40.0, 25.0, 46.0], [-42.0, 28.0, 45.0], [0.0, 36.0, 38.0], [0.0, 36.0, 38.0], [-24.0, 19.0, 47.0], [-25.0, 21.0, 47.0], [48.0, -18.0, -4.0], [50.0, -18.0, -6.0], [-50.0, -51.0, 26.0], [48.0, -59.0, 44.0], [29.0, -13.0, -13.0], [30.0, -14.0, -10.0], [-30.0, -14.0, -10.0], [28.0, -14.0, -16.0], [27.0, -26.0, -10.0], [-28.0, -32.0, -6.0], [-7.0, 15.0, 6.0], [-8.0, 13.0, 9.0], [-10.0, 15.0, 7.0], [9.0, 13.0, 9.0], [9.0, 13.0, 9.0], [9.0, 12.0, 7.0], [30.0, 4.0, 8.0], [27.0, 6.0, 8.0], [29.0, 8.0, 10.0], [-22.0, 3.0, 6.0], [-22.0, 5.0, 4.0], [-22.0, 11.0, 4.0], [2.0, -8.0, 10.0], [2.0, -8.0, 8.0], [2.0, -8.0, 8.0], [48.0, -67.0, -48.0]]",0,False,,"Although this analysis reports group-level VBM findings in bvFTD, it represents between-group contrasts (e.g., patient vs control or severity subgroup comparisons), therefore GLOBAL_E3 applies and excludes it.",[],"[""GLOBAL_E3""]",False,,"The analysis reports decreases in gray matter for bvFTD (Control > bvFTD), so local inclusion DEMENTIA_DECREASING_ACTIVITY_I1 would apply, but the analysis is a between-group contrast so GLOBAL_E3 excludes it.",[],"[""GLOBAL_E3""]",False,,The analysis uses VBM (structural) but is presented as between-group contrasts (patient vs control / subgroup comparisons); GLOBAL_E3 therefore excludes inclusion.,[],"[""GLOBAL_E3""]",False,,"This analysis is VBM (structural), not functional (FDG-PET or fMRI); additionally the analysis involves between-group contrasts so GLOBAL_E3 applies.",[],"[""GLOBAL_E3""]"
18661129,0,18661129_analysis_0,NC > FTD,,64,9,None,"[[-8.0, 10.0, -16.0], [-8.0, 20.0, -22.0], [10.0, 38.0, 15.0], [-8.0, 9.0, -14.0], [-17.0, 8.0, 2.0], [-44.0, 35.0, -2.0], [30.0, 55.0, 12.0], [-61.0, -30.0, -15.0], [61.0, -11.0, -21.0]]",0,False,,"Excluded because GLOBAL_E3 applies: these are between-group contrasts (NC > FTD), which the global exclusion criteria disallow.",[],"[""GLOBAL_E3""]",False,,"Excluded because GLOBAL_E3 applies: the analysis is a between-group contrast (NC > FTD) reporting decreased metabolism in FTD, but between-group contrasts are globally excluded.",[],"[""GLOBAL_E3""]",False,,"Excluded because GLOBAL_E3 applies: this analysis is a between-group FDG-PET contrast (NC > FTD), not a VBM structural analysis, and additionally between-group contrasts are globally excluded.",[],"[""GLOBAL_E3""]",False,,"Excluded because GLOBAL_E3 applies: this is a between-group FDG-PET contrast (NC > FTD), and between-group contrasts are globally excluded.",[],"[""GLOBAL_E3""]"
18661129,1,18661129_analysis_1,NC > AD,,64,10,None,"[[4.0, -48.0, 25.0], [-4.0, -45.0, 32.0], [52.0, -56.0, 34.0], [-55.0, -23.0, -22.0], [-46.0, -70.0, 33.0], [63.0, -40.0, -14.0], [-10.0, 10.0, 6.0], [43.0, 24.0, 33.0], [-45.0, 26.0, 27.0], [6.0, 8.0, 23.0]]",0,False,,"Excluded because GLOBAL_E3 applies: these are between-group contrasts (NC > AD), which the global exclusion criteria disallow.",[],"[""GLOBAL_E3""]",False,,Excluded because GLOBAL_E3 applies: the analysis is a between-group contrast (NC > AD) and between-group contrasts are globally excluded.,[],"[""GLOBAL_E3""]",False,,"Excluded because GLOBAL_E3 applies: this is an FDG-PET between-group contrast (NC > AD) rather than a VBM structural analysis, and between-group contrasts are globally excluded.",[],"[""GLOBAL_E3""]",False,,"Excluded because GLOBAL_E3 applies: this FDG-PET between-group contrast (NC > AD) is a between-group comparison, which is globally excluded.",[],"[""GLOBAL_E3""]"
18661129,2,18661129_analysis_2,AD > FTD,,64,8,None,"[[-6.0, 22.0, -19.0], [-8.0, 15.0, -18.0], [-4.0, 32.0, 24.0], [18.0, 13.0, -19.0], [12.0, 36.0, 24.0], [-22.0, 14.0, -1.0], [43.0, -1.0, -30.0], [32.0, 10.0, -2.0]]",0,False,,"Excluded because GLOBAL_E3 applies: these are between-group contrasts (AD > FTD), which the global exclusion criteria disallow.",[],"[""GLOBAL_E3""]",False,,Excluded because GLOBAL_E3 applies: the analysis is a between-group contrast (AD > FTD) and between-group contrasts are globally excluded.,[],"[""GLOBAL_E3""]",False,,"Excluded because GLOBAL_E3 applies: this is an FDG-PET between-group contrast (AD > FTD) rather than a VBM structural analysis, and between-group contrasts are globally excluded.",[],"[""GLOBAL_E3""]",False,,"Excluded because GLOBAL_E3 applies: this FDG-PET between-group contrast (AD > FTD) is a between-group comparison, which is globally excluded.",[],"[""GLOBAL_E3""]"
18661129,3,18661129_analysis_3,FTD > AD,,64,6,None,"[[26.0, -69.0, 31.0], [-22.0, -59.0, 35.0], [14.0, -62.0, 36.0], [-10.0, -62.0, 38.0], [-48.0, -64.0, 3.0], [41.0, -30.0, -12.0]]",0,False,,"Excluded because GLOBAL_E3 applies: these are between-group contrasts (FTD > AD), which the global exclusion criteria disallow.",[],"[""GLOBAL_E3""]",False,,Excluded because GLOBAL_E3 applies: the analysis is a between-group contrast (FTD > AD) and between-group contrasts are globally excluded.,[],"[""GLOBAL_E3""]",False,,"Excluded because GLOBAL_E3 applies: this is an FDG-PET between-group contrast (FTD > AD) rather than a VBM structural analysis, and between-group contrasts are globally excluded.",[],"[""GLOBAL_E3""]",False,,"Excluded because GLOBAL_E3 applies: this FDG-PET between-group contrast (FTD > AD) is a between-group comparison, which is globally excluded.",[],"[""GLOBAL_E3""]"
18661129,4,18661129_analysis_4,FTD > NC,,64,6,None,"[[31.0, -83.0, 8.0], [-14.0, -83.0, 4.2], [-15.0, -21.0, -7.0], [-46.0, -25.0, -2.0], [21.0, -16.0, -8.0], [65.0, -36.0, 17.0]]",0,False,,"Excluded because GLOBAL_E3 applies: these are between-group contrasts (FTD > NC), which the global exclusion criteria disallow.",[],"[""GLOBAL_E3""]",False,,Excluded because GLOBAL_E3 applies: the analysis is a between-group contrast (FTD > NC) and between-group contrasts are globally excluded.,[],"[""GLOBAL_E3""]",False,,"Excluded because GLOBAL_E3 applies: this is an FDG-PET between-group contrast (FTD > NC) rather than a VBM structural analysis, and between-group contrasts are globally excluded.",[],"[""GLOBAL_E3""]",False,,"Excluded because GLOBAL_E3 applies: this FDG-PET between-group contrast (FTD > NC) is a between-group comparison, which is globally excluded.",[],"[""GLOBAL_E3""]"
18661129,5,18661129_analysis_5,AD > NC,,64,7,None,"[[-1.0, -32.0, -25.0], [-46.0, -16.0, 28.0], [30.0, -16.0, -1.0], [-18.0, -16.0, -1.0], [18.0, -72.0, 5.0], [-6.0, -85.0, 6.0], [66.0, -6.0, 28.0]]",0,False,,"Excluded because GLOBAL_E3 applies: these are between-group contrasts (AD > NC), which the global exclusion criteria disallow.",[],"[""GLOBAL_E3""]",False,,Excluded because GLOBAL_E3 applies: the analysis is a between-group contrast (AD > NC) and between-group contrasts are globally excluded.,[],"[""GLOBAL_E3""]",False,,"Excluded because GLOBAL_E3 applies: this is an FDG-PET between-group contrast (AD > NC) rather than a VBM structural analysis, and between-group contrasts are globally excluded.",[],"[""GLOBAL_E3""]",False,,"Excluded because GLOBAL_E3 applies: this FDG-PET between-group contrast (AD > NC) is a between-group comparison, which is globally excluded.",[],"[""GLOBAL_E3""]"
18661129,6,18661129_analysis_6,NC > FTD,,65,9,None,"[[-10.0, 37.0, 14.0], [-60.0, 7.0, -16.0], [35.0, 58.0, -6.0], [-32.0, 47.0, 18.0], [-37.0, 0.0, -7.0], [42.0, -5.0, -10.0], [-25.0, -8.0, -18.0], [29.0, -8.0, -19.0], [55.0, -3.0, -29.0]]",0,False,,"Excluded because GLOBAL_E3 applies: these analyses are between-group contrasts (NC > FTD) of VBM grey matter density, and between-group contrasts are globally excluded.",[],"[""GLOBAL_E3""]",False,,"Excluded because GLOBAL_E3 applies: the analysis is a between-group contrast (NC > FTD) showing decreased grey matter in FTD, but between-group contrasts are globally excluded.",[],"[""GLOBAL_E3""]",False,,"Excluded because GLOBAL_E3 applies: although this is a VBM structural analysis, it is reported as a between-group contrast (NC > FTD), and between-group contrasts are globally excluded.",[],"[""GLOBAL_E3""]",False,,"Excluded because GLOBAL_E3 applies: this is a VBM between-group contrast (NC > FTD), not a functional modality, and between-group contrasts are globally excluded.",[],"[""GLOBAL_E3""]"
18661129,7,18661129_analysis_7,NC > AD,,65,7,None,"[[-25.0, -11.0, -10.0], [51.0, -59.0, 34.0], [-11.0, -54.0, 44.0], [-6.0, 22.0, 27.0], [28.0, -12.0, -12.0], [8.0, -53.0, 36.0], [-52.0, -51.0, 35.0]]",0,False,,"Excluded because GLOBAL_E3 applies: these analyses are between-group contrasts (NC > AD) of VBM grey matter density, and between-group contrasts are globally excluded.",[],"[""GLOBAL_E3""]",False,,Excluded because GLOBAL_E3 applies: the analysis is a between-group contrast (NC > AD) and between-group contrasts are globally excluded.,[],"[""GLOBAL_E3""]",False,,"Excluded because GLOBAL_E3 applies: although this is a VBM structural analysis, it is reported as a between-group contrast (NC > AD), and between-group contrasts are globally excluded.",[],"[""GLOBAL_E3""]",False,,"Excluded because GLOBAL_E3 applies: this is a VBM between-group contrast (NC > AD), not a functional modality, and between-group contrasts are globally excluded.",[],"[""GLOBAL_E3""]"
18661129,8,18661129_analysis_8,AD > FTD,,65,4,None,"[[-28.0, 7.0, -41.0], [-8.0, 12.0, -18.0], [34.0, 14.0, -39.0], [-9.0, 17.0, -20.0]]",0,False,,"Excluded because GLOBAL_E3 applies: these analyses are between-group contrasts (AD > FTD) of VBM grey matter density, and between-group contrasts are globally excluded.",[],"[""GLOBAL_E3""]",False,,Excluded because GLOBAL_E3 applies: the analysis is a between-group contrast (AD > FTD) and between-group contrasts are globally excluded.,[],"[""GLOBAL_E3""]",False,,"Excluded because GLOBAL_E3 applies: although this is a VBM structural analysis, it is reported as a between-group contrast (AD > FTD), and between-group contrasts are globally excluded.",[],"[""GLOBAL_E3""]",False,,"Excluded because GLOBAL_E3 applies: this is a VBM between-group contrast (AD > FTD), not a functional modality, and between-group contrasts are globally excluded.",[],"[""GLOBAL_E3""]"
20493673,0,20493673_analysis_0,SD,,tbl2,13,MNI,"[[-60.0, -20.0, -30.0], [-50.0, -6.0, -34.0], [-46.0, -26.0, -30.0], [-12.0, 10.0, -22.0], [-12.0, 4.0, 8.0], [8.0, 58.0, 34.0], [6.0, 58.0, 10.0], [-40.0, -2.0, 8.0], [-40.0, 14.0, 4.0], [-8.0, 8.0, 28.0], [62.0, -14.0, -28.0], [12.0, 32.0, 20.0], [12.0, 24.0, 26.0]]",0,False,,Global inclusion criteria not satisfied: GLOBAL_I2 (requires sample of clinically diagnosed bvFTD without comorbidities) is not met because the study includes frontotemporal lobar degeneration with subtypes (frontotemporal and semantic dementia) rather than exclusively bvFTD.,[],[],False,,Global inclusion criteria not satisfied: GLOBAL_I2 (sample restricted to clinically diagnosed bvFTD without comorbidities) is not met — the study includes multiple FTL subtypes (including semantic dementia) rather than exclusively bvFTD.,[],[],False,,Global inclusion criteria not satisfied: GLOBAL_I2 is not met (sample is not restricted to clinically diagnosed bvFTD without comorbidities).,[],[],False,,Global inclusion criteria not satisfied: GLOBAL_I2 (requires clinically diagnosed bvFTD-only sample) is not met because the cohort includes frontotemporal lobar degeneration and semantic dementia cases.,[],[]
20493673,1,20493673_analysis_1,FTD,,tbl2,8,MNI,"[[4.0, 28.0, 38.0], [4.0, 66.0, 2.0], [4.0, 64.0, 20.0], [-8.0, 8.0, 4.0], [-14.0, 0.0, 16.0], [0.0, 30.0, -24.0], [-10.0, 20.0, -26.0], [20.0, 6.0, 10.0]]",0,False,,Global inclusion criteria not satisfied: GLOBAL_I2 (requires sample of clinically diagnosed bvFTD without comorbidities) is not met because the study includes multiple FTL subtypes (frontotemporal and semantic dementia) rather than exclusively bvFTD.,[],[],False,,Global inclusion criteria not satisfied: GLOBAL_I2 (sample restricted to clinically diagnosed bvFTD without comorbidities) is not met — the study includes multiple FTL subtypes rather than exclusively bvFTD.,[],[],False,,Global inclusion criteria not satisfied: GLOBAL_I2 is not met (cohort not exclusively clinically diagnosed bvFTD).,[],[],False,,Global inclusion criteria not satisfied: GLOBAL_I2 (requires bvFTD-only sample) is not met because the participants include semantic dementia and other FTL subtypes.,[],[]
20493673,2,20493673_analysis_2,Executive deficits,,tbl3,12,MNI,"[[0.0, 0.0, 30.0], [2.0, 18.0, 24.0], [12.0, 18.0, 24.0], [-12.0, -2.0, 12.0], [-12.0, 8.0, 6.0], [-8.0, -30.0, 12.0], [-26.0, 50.0, 30.0], [-58.0, 14.0, 22.0], [-48.0, 12.0, 42.0], [2.0, 56.0, 4.0], [-26.0, 18.0, 54.0], [-40.0, 18.0, -2.0]]",0,False,,Global inclusion criteria not satisfied: GLOBAL_I2 (sample limited to clinically diagnosed bvFTD without comorbidities) is not met; the study includes multiple frontotemporal lobar degeneration subtypes.,[],[],False,,Global inclusion criteria not satisfied: GLOBAL_I2 (requires bvFTD-only sample) is not met — the cohort comprises various FTL subtypes (including semantic dementia).,[],[],False,,Global inclusion criteria not satisfied: GLOBAL_I2 is not met (sample not exclusively clinically diagnosed bvFTD).,[],[],False,,Global inclusion criteria not satisfied: GLOBAL_I2 (bvFTD-only sample required) is not met because the study population includes semantic dementia and other FTL subtypes.,[],[]
20493673,3,20493673_analysis_3,Behavioral deficits (NPI),,tbl3,7,MNI,"[[-56.0, 24.0, 24.0], [-8.0, 66.0, -2.0], [-4.0, 60.0, -20.0], [-6.0, 8.0, -12.0], [-32.0, 12.0, 6.0], [-40.0, 54.0, 14.0], [-54.0, -32.0, -24.0]]",0,False,,Global inclusion criteria not satisfied: GLOBAL_I2 (requires clinically diagnosed bvFTD without comorbidities) is not met — the study includes multiple frontotemporal lobar degeneration subtypes rather than exclusively bvFTD.,[],[],False,,Global inclusion criteria not satisfied: GLOBAL_I2 (sample restricted to clinically diagnosed bvFTD) is not met because the cohort includes semantic dementia and other FTL subtypes.,[],[],False,,Global inclusion criteria not satisfied: GLOBAL_I2 is not met (participants not exclusively clinically diagnosed bvFTD).,[],[],False,,Global inclusion criteria not satisfied: GLOBAL_I2 (bvFTD-only sample required) is not met as the study includes multiple frontotemporal lobar degeneration subtypes.,[],[]
21930136,0,21930136_analysis_0,Corticobasal syndrome/posterior cortical atrophy: grey matter atrophy,,tbl0060,25,None,"[[61.0, -22.0, 34.0], [29.0, -42.0, -3.0], [11.0, -45.0, 31.0], [50.0, -72.0, -5.0], [23.0, -76.0, -6.0], [-46.0, -53.0, 13.0], [-25.0, -52.0, 66.0], [-48.0, -28.0, 52.0], [17.0, 42.0, 45.0], [36.0, 21.0, 51.0], [30.0, 30.0, -17.0], [5.0, 52.0, 11.0], [2.0, 52.0, -20.0], [32.0, 49.0, -6.0], [-9.0, 16.0, -27.0], [-22.0, 14.0, 14.0], [-14.0, -16.0, 44.0], [50.0, -27.0, -1.0], [62.0, -34.0, -15.0], [-58.0, 2.0, -9.0], [-67.0, -36.0, -13.0], [-29.0, -23.0, -21.0], [17.0, -65.0, 27.0], [22.0, 18.0, 3.0], [-17.0, -30.0, 2.0]]",0,False,,"Excluded because this analysis appears to be a between-group VBM contrast (patient vs control), which meets the global exclusion GLOBAL_E3 (Between-group contrasts).",[],"[""GLOBAL_E3""]",False,,"Excluded because this is a between-group VBM contrast (patient vs control) triggering GLOBAL_E3; additionally, the analysis is for CBS/PCA rather than bvFTD, so GLOBAL_I2 (bvFTD sample) is not met.",[],"[""GLOBAL_E3""]",False,,"Excluded because although VBM is used, the analysis is a between-group contrast (patient vs control) and thus fails due to GLOBAL_E3 (Between-group contrasts).",[],"[""GLOBAL_E3""]",False,,"Excluded because this is a between-group VBM contrast meeting GLOBAL_E3; additionally, the modality is structural VBM (not FDG-PET/fMRI), so FUNCTIONAL_I1 is not satisfied.",[],"[""GLOBAL_E3""]"
21930136,1,21930136_analysis_1,Corticobasal syndrome/posterior cortical atrophy: regression for cardinal quantifier comprehension accuracy,,tbl0060,15,None,"[[60.0, -57.0, -6.0], [38.0, -46.0, -11.0], [42.0, -85.0, -2.0], [18.0, -82.0, -2.0], [-56.0, -31.0, 45.0], [-48.0, -42.0, 14.0], [-65.0, -49.0, 5.0], [-48.0, -72.0, 15.0], [-56.0, -61.0, -6.0], [-46.0, -69.0, -7.0], [-48.0, -67.0, 8.0], [-50.0, -34.0, 2.0], [-28.0, -25.0, -17.0], [-22.0, -41.0, -4.0], [-55.0, -31.0, 20.0]]",0,False,,Excluded because this analysis concerns CBS/PCA patients (not bvFTD); GLOBAL_I2 (requires clinically diagnosed bvFTD sample with no comorbidities) is not met for this analysis.,[],[],False,,Excluded because GLOBAL_I2 (bvFTD sample required) is not met for this CBS/PCA regression analysis; it does not report decreases specific to bvFTD (DEMENTIA_DECREASING_ACTIVITY_I1 not met).,[],[],False,,"Excluded because although this is a VBM regression, the sample is CBS/PCA rather than bvFTD and thus GLOBAL_I2 is not satisfied.",[],[],False,,Excluded because GLOBAL_I2 (bvFTD sample) is not met and the modality is structural VBM (so FUNCTIONAL_I1 is not satisfied).,[],[]
21930136,2,21930136_analysis_2,Behavioral variant frontotemporal dementia: grey matter atrophy,,tbl0060,2,None,"[[24.0, 47.0, 13.0], [32.0, 49.0, -6.0]]",0,False,,"Excluded because this analysis is presented as a between-group VBM contrast (bvFTD patients vs controls), triggering the global exclusion GLOBAL_E3.",[],"[""GLOBAL_E3""]",False,,"Excluded because this appears to be a between-group VBM contrast (Control > bvFTD), which meets GLOBAL_E3 (Between-group contrasts) and is therefore excluded by the global exclusion criteria.",[],"[""GLOBAL_E3""]",False,,"Excluded because although VBM is the modality, this analysis is a between-group contrast (patient vs control) and is excluded by GLOBAL_E3.",[],"[""GLOBAL_E3""]",False,,Excluded because the analysis is a between-group VBM contrast (GLOBAL_E3) and the modality is structural VBM not FDG-PET/fMRI (FUNCTIONAL_I1 not satisfied).,[],"[""GLOBAL_E3""]"
21930136,3,21930136_analysis_3,Behavioral variant frontotemporal dementia: regression for logical quantifier comprehension accuracy,,tbl0060,1,None,"[[17.0, 62.0, 7.0]]",0,True,,"Global inclusion criteria are met: VBM modality (GLOBAL_I1), analysis involves clinically diagnosed bvFTD patients (GLOBAL_I2), and it is a whole-brain voxelwise group-level regression (GLOBAL_I3).","[""GLOBAL_I1"", ""GLOBAL_I2"", ""GLOBAL_I3""]",[],False,,"This regression does not report Control > bvFTD decreases in activity/GM volume (it reports relationships between performance and GM within bvFTD), so DEMENTIA_DECREASING_ACTIVITY_I1 is not met.",[],[],True,,"This is a VBM voxelwise regression relating bvFTD performance to grey matter; it meets global inclusion criteria (GLOBAL_I1, GLOBAL_I2, GLOBAL_I3) and the structural local criterion STRUCTURAL_I1.","[""GLOBAL_I1"", ""GLOBAL_I2"", ""GLOBAL_I3"", ""STRUCTURAL_I1""]",[],False,,"The analysis uses structural VBM rather than functional imaging (FDG-PET/fMRI), so FUNCTIONAL_I1 is not satisfied.",[],[]
21930136,4,21930136_analysis_4,Behavioral variant frontotemporal dementia: regression for majority quantifier comprehension accuracy,,tbl0060,4,None,"[[55.0, -27.0, 3.0], [32.0, 3.0, -1.0], [25.0, 6.0, 14.0], [-23.0, -2.0, 7.0]]",0,True,,"Global inclusion criteria are met: VBM modality (GLOBAL_I1), analysis involves clinically diagnosed bvFTD patients (GLOBAL_I2), and it is a whole-brain voxelwise group-level regression (GLOBAL_I3).","[""GLOBAL_I1"", ""GLOBAL_I2"", ""GLOBAL_I3""]",[],False,,"This regression links performance to grey matter within bvFTD and does not report Control > bvFTD decreases, so DEMENTIA_DECREASING_ACTIVITY_I1 is not met.",[],[],True,,"This is a VBM voxelwise regression in bvFTD and meets global inclusion (GLOBAL_I1, GLOBAL_I2, GLOBAL_I3) and STRUCTURAL_I1 (VBM).","[""GLOBAL_I1"", ""GLOBAL_I2"", ""GLOBAL_I3"", ""STRUCTURAL_I1""]",[],False,,"The modality is structural VBM rather than FDG-PET/fMRI, so FUNCTIONAL_I1 is not satisfied.",[],[]
22952324,0,22952324_analysis_0,AD (Rey recall),,69,4,None,"[[30.0, 43.0, 18.0], [11.0, 43.0, 2.0], [20.0, 15.0, 42.0], [-14.0, 35.0, -20.0]]",0,False,,"Global inclusion criteria not met: no information provided that the analysis uses VBM, fMRI, or FDG-PET (GLOBAL_I1), lacks participant diagnostic detail confirming clinically diagnosed bvFTD without comorbidities (GLOBAL_I2), and no evidence that this is a group-level whole-brain voxelwise map (GLOBAL_I3).",[],[],False,,"Global inclusion criteria not met (missing GLOBAL_I1, GLOBAL_I2, GLOBAL_I3). Additionally, no information indicates the analysis reports decreases in activity/connectivity/metabolism/gray matter for bvFTD (DEMENTIA_DECREASING_ACTIVITY_I1 is not satisfied).",[],[],False,,"Global inclusion criteria not met (missing GLOBAL_I1, GLOBAL_I2, GLOBAL_I3). No evidence the analysis used VBM (STRUCTURAL_I1 not satisfied).",[],[],False,,"Global inclusion criteria not met (missing GLOBAL_I1, GLOBAL_I2, GLOBAL_I3). No evidence the analysis used FDG-PET or fMRI (FUNCTIONAL_I1 not satisfied).",[],[]
22952324,1,22952324_analysis_1,"bvFTD (areas of overlap for Rey recall, TROG and BNT)",,69,8,None,"[[-1.0, 32.0, -22.0], [-5.0, 16.0, -12.0], [4.0, 41.0, 11.0], [3.0, 19.0, -12.0], [14.0, 47.0, 12.0], [4.0, 53.0, -22.0], [11.0, 42.0, 13.0], [2.0, 14.0, -12.0]]",0,False,,"Global inclusion criteria not met: no information provided that the analysis uses VBM, fMRI, or FDG-PET (GLOBAL_I1), lacks participant diagnostic detail confirming clinically diagnosed bvFTD without comorbidities (GLOBAL_I2), and no evidence that this is a group-level whole-brain voxelwise map (GLOBAL_I3).",[],[],False,,"Global inclusion criteria not met (missing GLOBAL_I1, GLOBAL_I2, GLOBAL_I3). Additionally, no information indicates the analysis reports decreases in activity/connectivity/metabolism/gray matter for bvFTD (DEMENTIA_DECREASING_ACTIVITY_I1 is not satisfied).",[],[],False,,"Global inclusion criteria not met (missing GLOBAL_I1, GLOBAL_I2, GLOBAL_I3). No evidence the analysis used VBM (STRUCTURAL_I1 not satisfied).",[],[],False,,"Global inclusion criteria not met (missing GLOBAL_I1, GLOBAL_I2, GLOBAL_I3). No evidence the analysis used FDG-PET or fMRI (FUNCTIONAL_I1 not satisfied).",[],[]
23565102,0,23565102_analysis_0,Regions of activation for doubly-quantified sentences minus baseline sentences (p< 0.05 FDR-corrected; 20 voxel extent).,,T2,5,MNI,"[[-32.0, -60.0, 54.0], [24.0, 60.0, -6.0], [-54.0, -44.0, 8.0], [-46.0, 18.0, 20.0], [4.0, 16.0, 54.0]]",0,False,,Excluded because global inclusion criterion GLOBAL_I2 is not met: this analysis reports task-based fMRI in healthy young adults and does not include clinically diagnosed bvFTD patients.,[],[],False,,"Excluded because global inclusion criterion GLOBAL_I2 is not met: this analysis involves only healthy young adults (no bvFTD group), so the required bvFTD sample is absent.",[],[],False,,Excluded because global inclusion criterion GLOBAL_I2 is not met: this is a task-based fMRI whole-brain map from young adults and does not include bvFTD patients.,[],[],False,,"Excluded because global inclusion criterion GLOBAL_I2 is not met: although this is a task-based fMRI map (satisfying GLOBAL_I1 and GLOBAL_I3), it lacks clinically diagnosed bvFTD participants required by GLOBAL_I2.",[],[]
23565102,1,23565102_analysis_1,Regions of significantly reduced gray matter density in bvFTD patients relative to demographically matched healthy seniors (p<0.05 FDR-corrected; 100 voxel extent).,,T3,11,MNI,"[[-6.0, 50.0, 16.0], [-26.0, 52.0, 4.0], [-26.0, 44.0, 30.0], [50.0, 4.0, 22.0], [-40.0, 2.0, 38.0], [-18.0, -10.0, 24.0], [-38.0, 12.0, 4.0], [-38.0, -24.0, -16.0], [-36.0, 8.0, -26.0], [42.0, 10.0, -30.0], [52.0, -26.0, 0.0]]",0,False,,Excluded because global exclusion criterion GLOBAL_E3 applies: this analysis is a between-group contrast (bvFTD patients vs demographically matched healthy seniors).,[],"[""GLOBAL_E3""]",False,,"Although the local inclusion criterion DEMENTIA_DECREASING_ACTIVITY_I1 (bvFTD < Control) is met, the analysis is excluded because global exclusion criterion GLOBAL_E3 applies (between-group contrast).",[],"[""GLOBAL_E3""]",False,,"This is a VBM between-group contrast (bvFTD vs control), but global exclusion criterion GLOBAL_E3 applies, so the analysis is excluded.",[],"[""GLOBAL_E3""]",False,,"Excluded because global exclusion criterion GLOBAL_E3 applies: the analysis is a between-group VBM contrast, not a functional imaging analysis, and the between-group contrast is specifically excluded by GLOBAL_E3.",[],"[""GLOBAL_E3""]"
23565102,2,23565102_analysis_2,Regions of overlap between fMRI activation in healthy young adults and reduced gray matter density in bvFTD patients relative to healthy seniors.,,T4,5,MNI,"[[-46.0, 6.0, 38.0], [22.0, 58.0, -6.0], [-36.0, 18.0, 22.0], [-34.0, 30.0, -2.0], [-42.0, 20.0, 30.0]]",0,True,,Global inclusion criteria are met (whole-brain voxelwise maps; includes bvFTD VBM reductions and task-fMRI activations) and there are no global exclusions applying to this overlap analysis.,"[""GLOBAL_I1"", ""GLOBAL_I2"", ""GLOBAL_I3""]",[],True,,"This analysis includes overlap with regions of reduced gray matter density in bvFTD patients (Control > bvFTD), satisfying the local criterion for reporting decreases in bvFTD; global criteria are met.","[""GLOBAL_I1"", ""GLOBAL_I2"", ""GLOBAL_I3"", ""DEMENTIA_DECREASING_ACTIVITY_I1""]",[],True,,"Includes VBM-derived reduced gray matter density in bvFTD patients (whole-brain voxelwise), satisfying STRUCTURAL_I1 and global criteria.","[""GLOBAL_I1"", ""GLOBAL_I2"", ""GLOBAL_I3"", ""STRUCTURAL_I1""]",[],True,,Includes task-based fMRI activation maps (healthy young adults) as part of the overlap; satisfies FUNCTIONAL_I1 in addition to global criteria.,"[""GLOBAL_I1"", ""GLOBAL_I2"", ""GLOBAL_I3"", ""FUNCTIONAL_I1""]",[]
23576128,0,23576128_analysis_0,Regions of significant atrophy in the behavioural variant FTD group,,48,8,None,"[[-10.0, 14.0, -12.0], [20.0, 26.0, 44.0], [28.0, 36.0, -14.0], [-26.0, 34.0, -14.0], [-60.0, -6.0, -12.0], [-4.0, 34.0, 2.0], [-48.0, -36.0, -22.0], [-60.0, 8.0, -20.0]]",0,False,,"Excluded by GLOBAL_E3: this is a between-group contrast (bvFTD vs control), which triggers the global exclusion despite meeting other global inclusions (VBM, bvFTD sample, whole-brain).",[],"[""GLOBAL_E3""]",False,,"Although this VBM atrophy map likely reflects decreased gray matter in bvFTD (meets DEMENTIA_DECREASING_ACTIVITY_I1 and STRUCTURAL_I1), it is a between-group contrast and thus excluded by GLOBAL_E3.",[],"[""GLOBAL_E3""]",False,,This analysis appears to use VBM (meets STRUCTURAL_I1) but is a between-group contrast (bvFTD vs control) and therefore excluded by GLOBAL_E3.,[],"[""GLOBAL_E3""]",False,,"This is a structural VBM analysis rather than a functional (fMRI/FDG-PET) analysis, and additionally is excluded by GLOBAL_E3 (between-group contrast).",[],"[""GLOBAL_E3""]"
23576128,1,23576128_analysis_1,Brain regions demonstrating greater activity for moral-personal than non-moral dilemmas in control subjects,,49,3,None,"[[50.0, -60.0, 26.0], [0.0, -78.0, 42.0], [8.0, 60.0, -4.0]]",0,False,,Excluded because GLOBAL_I2 is not met: this analysis is reported for control subjects only and does not include clinically diagnosed bvFTD participants.,[],[],False,,"Excluded because GLOBAL_I2 is not met: the contrast is within control subjects only (no bvFTD group), so it cannot represent decreases in bvFTD.",[],[],False,,"Excluded because GLOBAL_I2 is not met (analysis in controls only) and STRUCTURAL_I1 is not satisfied (this is a task-fMRI activation contrast, not VBM).",[],[],False,,"Excluded because GLOBAL_I2 is not met: although this is a task-based fMRI contrast (meets FUNCTIONAL_I1 and GLOBAL_I1), the analysis includes only control subjects and thus fails the required GLOBAL_I2 criterion.",[],[]
23576128,2,23576128_analysis_2,Brain regions demonstrating greater activity for moral-personal than moral-impersonal dilemmas in control subjects,,50,4,None,"[[-4.0, 34.0, -14.0], [56.0, -64.0, 26.0], [4.0, -58.0, 24.0], [-20.0, 4.0, -12.0]]",0,False,,Excluded because GLOBAL_I2 is not met: this contrast is reported for control subjects only and does not include bvFTD participants.,[],[],False,,Excluded because GLOBAL_I2 is not met: the analysis is within controls and therefore cannot report decreases in bvFTD (Control > bvFTD required).,[],[],False,,"Excluded because GLOBAL_I2 is not met (controls only) and STRUCTURAL_I1 is not satisfied (this is task-fMRI, not VBM).",[],[],False,,"Excluded because GLOBAL_I2 is not met: despite being a task-fMRI contrast (meets FUNCTIONAL_I1/GLOBAL_I1), the analysis lacks bvFTD participants required by GLOBAL_I2.",[],[]
23576128,3,23576128_analysis_3,Brain regions demonstrating greater activity for non-moral than moral-personal dilemmas in control subjects,,51,5,None,"[[34.0, -84.0, 16.0], [-22.0, -96.0, 4.0], [40.0, -2.0, 62.0], [36.0, -46.0, 48.0], [-34.0, -24.0, 66.0]]",0,False,,"Excluded because GLOBAL_I2 is not met: reported for control subjects only, no bvFTD participants in this analysis.",[],[],False,,Excluded because GLOBAL_I2 is not met: within-control contrast cannot represent decreases in bvFTD (Control > bvFTD required).,[],[],False,,"Excluded because GLOBAL_I2 is not met (controls only) and STRUCTURAL_I1 is not satisfied (task-fMRI contrast, not VBM).",[],[],False,,"Excluded because GLOBAL_I2 is not met: although this is a task-fMRI contrast (FUNCTIONAL_I1), the analysis includes only control subjects and therefore fails GLOBAL_I2.",[],[]
23576128,4,23576128_analysis_4,Brain regions demonstrating greater activity for moral-impersonal than moral-personal dilemmas in control subjects,,52,8,None,"[[-32.0, -60.0, 44.0], [40.0, -58.0, 46.0], [-36.0, 14.0, 30.0], [46.0, 38.0, 14.0], [-26.0, -72.0, 30.0], [8.0, 0.0, 52.0], [44.0, 20.0, 40.0], [4.0, 26.0, 48.0]]",0,False,,Excluded because GLOBAL_I2 is not met: this analysis is restricted to control subjects and does not include bvFTD participants.,[],[],False,,"Excluded because GLOBAL_I2 is not met: the contrast is within controls only, so it cannot indicate decreases in bvFTD.",[],[],False,,"Excluded because GLOBAL_I2 is not met (controls only) and STRUCTURAL_I1 is not satisfied (this is task-fMRI, not VBM).",[],[],False,,"Excluded because GLOBAL_I2 is not met: although task-fMRI modality applies (FUNCTIONAL_I1/GLOBAL_I1), the analysis lacks bvFTD participants required by GLOBAL_I2.",[],[]
23576128,5,23576128_analysis_5,Brain regions demonstrating greater contrast between moral-personal and non-moral dilemmas in control subjects than in patients with behavioural variant FTD,,53,1,None,"[[4.0, -42.0, 38.0]]",0,False,,Excluded by GLOBAL_E3: this is a between-group contrast (control > bvFTD) and thus triggers the global exclusion despite meeting other global inclusions.,[],"[""GLOBAL_E3""]",False,,"This contrast represents Control > bvFTD (i.e., decreased activity/volume in bvFTD) and meets DEMENTIA_DECREASING_ACTIVITY_I1, but is nevertheless excluded by GLOBAL_E3 (between-group contrast).",[],"[""GLOBAL_E3""]",False,,"Although this is a task-fMRI between-group contrast (so STRUCTURAL_I1 does not apply), the main reason for exclusion is GLOBAL_E3 (between-group contrast).",[],"[""GLOBAL_E3""]",False,,"This is a between-group task-fMRI contrast (control > bvFTD). Despite meeting FUNCTIONAL_I1/GLOBAL_I1, it is excluded by GLOBAL_E3 (between-group contrast).",[],"[""GLOBAL_E3""]"
23582296,0,23582296_analysis_0,Controls vs bvFTD,,tbl3,10,MNI,"[[-10.0, 28.0, -26.0], [32.0, -6.0, -50.0], [-40.0, -14.0, -48.0], [6.0, 0.0, 4.0], [-18.0, -14.0, -26.0], [-32.0, 22.0, 4.0], [50.0, 12.0, -4.0], [48.0, -20.0, 10.0], [-18.0, 26.0, 42.0], [-14.0, 22.0, 0.0]]",0,False,,"Excluded because this is a between-group contrast (e.g., control vs patient), which meets GLOBAL_E3 (between-group contrasts are excluded).",[],"[""GLOBAL_E3""]",False,,"Excluded because this is a between-group contrast (e.g., control vs patient), which meets GLOBAL_E3 (between-group contrasts are excluded).",[],"[""GLOBAL_E3""]",False,,"Excluded because this is a between-group contrast (e.g., control vs patient), which meets GLOBAL_E3 (between-group contrasts are excluded).",[],"[""GLOBAL_E3""]",False,,"Excluded because this is a between-group contrast (e.g., control vs patient), which meets GLOBAL_E3 (between-group contrasts are excluded).",[],"[""GLOBAL_E3""]"
23582296,1,23582296_analysis_1,Controls vs AD,,tbl3,5,MNI,"[[-14.0, 60.0, -12.0], [32.0, -12.0, -24.0], [-36.0, 22.0, 8.0], [-44.0, -58.0, 14.0], [-20.0, 10.0, 44.0]]",0,False,,"Excluded because this is a between-group contrast (e.g., control vs patient), which meets GLOBAL_E3 (between-group contrasts are excluded).",[],"[""GLOBAL_E3""]",False,,"Excluded because this is a between-group contrast (e.g., control vs patient), which meets GLOBAL_E3 (between-group contrasts are excluded).",[],"[""GLOBAL_E3""]",False,,"Excluded because this is a between-group contrast (e.g., control vs patient), which meets GLOBAL_E3 (between-group contrasts are excluded).",[],"[""GLOBAL_E3""]",False,,"Excluded because this is a between-group contrast (e.g., control vs patient), which meets GLOBAL_E3 (between-group contrasts are excluded).",[],"[""GLOBAL_E3""]"
23582296,2,23582296_analysis_2,bvFTD vs AD,,tbl3,1,MNI,"[[22.0, 12.0, -10.0]]",0,False,,"Excluded because this is a between-group contrast (e.g., patient subgroup vs subgroup), which meets GLOBAL_E3 (between-group contrasts are excluded).",[],"[""GLOBAL_E3""]",False,,"Excluded because this is a between-group contrast (e.g., patient subgroup vs subgroup), which meets GLOBAL_E3 (between-group contrasts are excluded).",[],"[""GLOBAL_E3""]",False,,"Excluded because this is a between-group contrast (e.g., patient subgroup vs subgroup), which meets GLOBAL_E3 (between-group contrasts are excluded).",[],"[""GLOBAL_E3""]",False,,"Excluded because this is a between-group contrast (e.g., patient subgroup vs subgroup), which meets GLOBAL_E3 (between-group contrasts are excluded).",[],"[""GLOBAL_E3""]"
23582296,3,23582296_analysis_3,Episodic past retrieval,VBM results showing regions of significant grey matter intensity that covary with episodic past and future thinking performance.,tbl4,7,MNI,"[[-12.0, 52.0, -4.0], [-12.0, 16.0, 40.0], [14.0, -28.0, 14.0], [-14.0, -34.0, 40.0], [-12.0, 52.0, -4.0], [-18.0, 18.0, 38.0], [-2.0, -44.0, 32.0]]",0,True,,"Global inclusion criteria are met: VBM modality (GLOBAL_I1), clinically diagnosed bvFTD sample (GLOBAL_I2), and group-level whole-brain voxelwise map (GLOBAL_I3). No local exclusion for this annotation.","[""GLOBAL_I1"", ""GLOBAL_I2"", ""GLOBAL_I3""]",[],False,,"Analysis reports VBM covariation of episodic past retrieval with grey matter intensity, not an analysis reporting decreases in gray matter for bvFTD relative to controls. Missing local inclusion criterion DEMENTIA_DECREASING_ACTIVITY_I1.",[],[],True,,"This is a VBM (voxel-based morphometry) analysis (STRUCTURAL_I1) and meets global inclusion criteria GLOBAL_I1, GLOBAL_I2, GLOBAL_I3.","[""GLOBAL_I1"", ""GLOBAL_I2"", ""GLOBAL_I3"", ""STRUCTURAL_I1""]",[],False,,Excluded because the analysis uses VBM (structural MRI) and does not use functional imaging; missing FUNCTIONAL_I1.,[],[]
23582296,4,23582296_analysis_4,Episodic future thinking,VBM results showing regions of significant grey matter intensity that covary with episodic past and future thinking performance.,tbl4,21,MNI,"[[26.0, -28.0, -32.0], [-58.0, 10.0, -14.0], [-52.0, -2.0, -42.0], [42.0, -8.0, 28.0], [-40.0, -46.0, 14.0], [18.0, 60.0, 4.0], [-22.0, 20.0, 40.0], [28.0, 54.0, 8.0], [-44.0, -48.0, 8.0], [10.0, 68.0, 26.0], [-54.0, 6.0, -20.0], [26.0, -26.0, -16.0], [-30.0, 28.0, 36.0], [-52.0, 2.0, -42.0], [-38.0, -16.0, -42.0], [-42.0, -68.0, -8.0], [68.0, -28.0, -4.0], [48.0, -10.0, 26.0], [32.0, -32.0, -18.0], [-6.0, -38.0, 34.0], [-42.0, -56.0, 18.0]]",0,True,,"Global inclusion criteria are met: VBM modality (GLOBAL_I1), clinically diagnosed bvFTD sample (GLOBAL_I2), and group-level whole-brain voxelwise map (GLOBAL_I3). No local exclusion for this annotation.","[""GLOBAL_I1"", ""GLOBAL_I2"", ""GLOBAL_I3""]",[],False,,"Analysis reports VBM covariation of episodic future thinking with grey matter intensity, not an analysis reporting decreases in gray matter for bvFTD relative to controls. Missing local inclusion criterion DEMENTIA_DECREASING_ACTIVITY_I1.",[],[],True,,"This is a VBM (voxel-based morphometry) analysis (STRUCTURAL_I1) and meets global inclusion criteria GLOBAL_I1, GLOBAL_I2, GLOBAL_I3.","[""GLOBAL_I1"", ""GLOBAL_I2"", ""GLOBAL_I3"", ""STRUCTURAL_I1""]",[],False,,Excluded because the analysis uses VBM (structural MRI) and does not use functional imaging; missing FUNCTIONAL_I1.,[],[]
23670951,0,23670951_analysis_0,AD and controls,,9,16,MNI,"[[16.0, 70.0, -4.0], [64.0, -32.0, -8.0], [4.0, -54.0, 22.0], [-38.0, -34.0, 36.0], [-24.0, -16.0, -24.0], [62.0, -58.0, -22.0], [12.0, 20.0, 40.0], [-60.0, -22.0, -32.0], [-26.0, 18.0, -12.0], [6.0, -76.0, 56.0], [26.0, -4.0, -38.0], [22.0, 6.0, -28.0], [-54.0, -22.0, 24.0], [-48.0, -50.0, 6.0], [20.0, -34.0, -4.0], [30.0, 10.0, 28.0]]",0,True,,"Global criteria are met: the analysis uses whole-brain VBM group-level voxelwise maps from a study of bvFTD and AD patients, and thus qualifies as part of the dementia experiment set.","[""GLOBAL_I1"", ""GLOBAL_I2"", ""GLOBAL_I3""]",[],False,,This analysis is specific to AD versus controls and does not report decreases in activity/gray matter for the bvFTD group; the local inclusion criterion DEMENTIA_DECREASING_ACTIVITY_I1 is not met.,[],[],True,,"This analysis uses Voxel-Based Morphometry (VBM) whole-brain voxelwise maps, meeting structural inclusion criteria.","[""GLOBAL_I1"", ""GLOBAL_I2"", ""GLOBAL_I3"", ""STRUCTURAL_I1""]",[],False,,Excluded because the analysis uses structural VBM rather than functional imaging modalities; missing FUNCTIONAL_I1.,[],[]
23670951,1,23670951_analysis_1,bvFTD and controls,,9,4,MNI,"[[0.0, 46.0, 2.0], [34.0, 24.0, -34.0], [-10.0, 24.0, -26.0], [28.0, -12.0, -20.0]]",0,True,,Global criteria are met: whole-brain VBM analysis of bvFTD patients and controls is included in the dementia experiment set.,"[""GLOBAL_I1"", ""GLOBAL_I2"", ""GLOBAL_I3""]",[],True,,"This analysis reports regions of significant gray matter intensity decrease in the bvFTD group relative to controls (Control > bvFTD / bvFTD < Control), satisfying the local inclusion criterion.","[""GLOBAL_I1"", ""GLOBAL_I2"", ""GLOBAL_I3"", ""DEMENTIA_DECREASING_ACTIVITY_I1""]",[],True,,This is a VBM whole-brain voxelwise analysis and meets structural inclusion criteria.,"[""GLOBAL_I1"", ""GLOBAL_I2"", ""GLOBAL_I3"", ""STRUCTURAL_I1""]",[],False,,Excluded because the analysis uses structural VBM rather than functional imaging modalities; missing FUNCTIONAL_I1.,[],[]
23670951,2,23670951_analysis_2,Regions of overlap,,10,4,MNI,"[[26.0, 12.0, -30.0], [16.0, 70.0, -4.0], [0.0, 46.0, 8.0], [26.0, -16.0, -20.0]]",0,True,,Global criteria are met: whole-brain VBM overlap analysis of bvFTD and AD patient groups is part of the dementia experiments.,"[""GLOBAL_I1"", ""GLOBAL_I2"", ""GLOBAL_I3""]",[],True,,"This analysis reports common regions of gray matter intensity decrease that correlate with recall performance in both bvFTD and AD patients, fulfilling the local inclusion criterion for bvFTD decreases.","[""GLOBAL_I1"", ""GLOBAL_I2"", ""GLOBAL_I3"", ""DEMENTIA_DECREASING_ACTIVITY_I1""]",[],True,,This analysis uses VBM whole-brain voxelwise methods and thus meets structural inclusion criteria.,"[""GLOBAL_I1"", ""GLOBAL_I2"", ""GLOBAL_I3"", ""STRUCTURAL_I1""]",[],False,,Excluded because the analysis uses structural VBM rather than functional imaging modalities; missing FUNCTIONAL_I1.,[],[]
23670951,3,23670951_analysis_3,AD and controls,Voxel‐based morphometry results showing regions of significant grey matter intensity decrease that correlate with recall performance unique to Alzheimer's disease (AD) and behavioral variant frontotemporal dementia (bvFTD) groups,11,15,MNI,"[[66.0, -38.0, -22.0], [10.0, 60.0, -6.0], [8.0, -56.0, 20.0], [-38.0, -36.0, 36.0], [-22.0, -16.0, -24.0], [62.0, -58.0, -24.0], [14.0, 20.0, 38.0], [-64.0, -16.0, -34.0], [-24.0, 16.0, -12.0], [8.0, -74.0, 50.0], [26.0, -6.0, -40.0], [-58.0, -26.0, 24.0], [-46.0, -50.0, 6.0], [24.0, -34.0, -4.0], [36.0, 10.0, 26.0]]",0,True,,Global criteria are met: whole-brain VBM analysis of regions unique to AD (vs controls) is included in the dementia experiment set.,"[""GLOBAL_I1"", ""GLOBAL_I2"", ""GLOBAL_I3""]",[],False,,This analysis is specific to AD (unique to AD) and does not report decreases in gray matter for the bvFTD group; the local inclusion criterion DEMENTIA_DECREASING_ACTIVITY_I1 is not met.,[],[],True,,This is a VBM whole-brain voxelwise analysis (regions unique to AD and controls) meeting structural inclusion criteria.,"[""GLOBAL_I1"", ""GLOBAL_I2"", ""GLOBAL_I3"", ""STRUCTURAL_I1""]",[],False,,Excluded because the analysis uses structural VBM rather than functional imaging modalities; missing FUNCTIONAL_I1.,[],[]
23670951,4,23670951_analysis_4,bvFTD and Controls,Voxel‐based morphometry results showing regions of significant grey matter intensity decrease that correlate with recall performance unique to Alzheimer's disease (AD) and behavioral variant frontotemporal dementia (bvFTD) groups,11,3,MNI,"[[16.0, 68.0, -8.0], [42.0, 2.0, -44.0], [-28.0, 16.0, -28.0]]",0,True,,Global criteria are met: whole-brain VBM analysis of regions unique to bvFTD (vs controls) is included in the dementia experiment set.,"[""GLOBAL_I1"", ""GLOBAL_I2"", ""GLOBAL_I3""]",[],True,,"This analysis reports regions of gray matter intensity decrease unique to the bvFTD group relative to controls (bvFTD < Control), satisfying the local inclusion criterion.","[""GLOBAL_I1"", ""GLOBAL_I2"", ""GLOBAL_I3"", ""DEMENTIA_DECREASING_ACTIVITY_I1""]",[],True,,This analysis uses VBM whole-brain voxelwise methods (regions unique to bvFTD vs controls) and meets structural inclusion criteria.,"[""GLOBAL_I1"", ""GLOBAL_I2"", ""GLOBAL_I3"", ""STRUCTURAL_I1""]",[],False,,Excluded because the analysis uses structural VBM rather than functional imaging modalities; missing FUNCTIONAL_I1.,[],[]
23805313,0,23805313_analysis_0,ANGER,Ekman 60,pone-0067457-t003,6,MNI,"[[-58.0, -48.0, -6.0], [-50.0, -68.0, 40.0], [20.0, -74.0, 18.0], [-10.0, -36.0, -4.0], [-44.0, -14.0, 30.0], [-36.0, 38.0, 2.0]]",0,False,,"Excluded because GLOBAL_I2 is not met: the sample includes multiple FTD subtypes (behavioural-variant, semantic dementia, progressive nonfluent aphasia) and healthy controls rather than only bvFTD patients with no concurrent psychiatric diagnosis or other dementia, as required by GLOBAL_I2.",[],[],False,,"Excluded because GLOBAL_I2 is not met: the sample includes other FTD subtypes and controls rather than only bvFTD without comorbidity, violating the global inclusion requirement.",[],[],False,,"Excluded because GLOBAL_I2 is not met: although the analysis uses VBM and is whole-brain, the sample does not consist solely of bvFTD patients without other dementia subtypes as required.",[],[],False,,Excluded because GLOBAL_I2 is not met: the study sample includes multiple FTD subtypes and controls rather than only bvFTD without comorbidity required for global inclusion.,[],[]
23805313,1,23805313_analysis_1,ANGER,Caricatures,pone-0067457-t003,6,MNI,"[[-36.0, 6.0, -44.0], [-22.0, 16.0, -26.0], [-60.0, -6.0, -24.0], [-18.0, -94.0, -12.0], [-50.0, -42.0, -4.0], [40.0, 24.0, -38.0]]",0,False,,"Excluded because GLOBAL_I2 is not met: the sample includes multiple FTD subtypes (behavioural-variant, semantic dementia, progressive nonfluent aphasia) and healthy controls rather than only bvFTD patients without comorbidity.",[],[],False,,Excluded because GLOBAL_I2 is not met: analysis sample does not meet the requirement of only bvFTD patients without concurrent diagnoses or other dementia.,[],[],False,,"Excluded because GLOBAL_I2 is not met: despite being a VBM whole-brain analysis, the participant sample includes other FTD subtypes and controls, violating GLOBAL_I2.",[],[],False,,Excluded because GLOBAL_I2 is not met: study sample is not limited to bvFTD without comorbidity as required by the global inclusion criteria.,[],[]
23805313,2,23805313_analysis_2,DISGUST,Ekman 60,pone-0067457-t003,4,MNI,"[[-36.0, 12.0, -18.0], [2.0, -2.0, -2.0], [32.0, 6.0, -20.0], [-38.0, 22.0, -42.0]]",0,False,,"Excluded because GLOBAL_I2 is not met: participant group includes semantic dementia and progressive nonfluent aphasia as well as behavioural-variant FTD and healthy controls, not exclusively bvFTD without comorbidity.",[],[],False,,Excluded because GLOBAL_I2 is not met: sample composition violates the requirement of bvFTD-only participants without other dementia or psychiatric diagnoses.,[],[],False,,"Excluded because GLOBAL_I2 is not met: although modality is VBM and analysis is whole-brain, the sample is not limited to bvFTD-only patients.",[],[],False,,Excluded because GLOBAL_I2 is not met: does not meet the required sample restriction to bvFTD without comorbidities or other dementia types.,[],[]
23805313,3,23805313_analysis_3,DISGUST,Caricatures,pone-0067457-t003,3,MNI,"[[-42.0, 0.0, -12.0], [-42.0, 20.0, -28.0], [-54.0, -64.0, 8.0]]",0,False,,Excluded because GLOBAL_I2 is not met: participant sample includes multiple FTD subtypes and controls rather than exclusively bvFTD without comorbidity.,[],[],False,,"Excluded because GLOBAL_I2 is not met: sample includes semantic dementia and PNFA in addition to bvFTD, violating the bvFTD-only requirement.",[],[],False,,"Excluded because GLOBAL_I2 is not met: despite being a VBM whole-brain analysis, the participant composition does not satisfy the bvFTD-only requirement.",[],[],False,,Excluded because GLOBAL_I2 is not met: the required sample restriction to only bvFTD patients without comorbidity is not fulfilled.,[],[]
23805313,4,23805313_analysis_4,FEAR,Ekman 60,pone-0067457-t003,4,MNI,"[[40.0, 2.0, -48.0], [-4.0, 48.0, 6.0], [26.0, -12.0, -24.0], [-38.0, -16.0, -42.0]]",0,False,,"Excluded because GLOBAL_I2 is not met: the study sample includes other FTD variants and controls, not exclusively bvFTD without concurrent diagnoses.",[],[],False,,Excluded because GLOBAL_I2 is not met: sample composition violates the bvFTD-only requirement.,[],[],False,,"Excluded because GLOBAL_I2 is not met: even though modality is VBM and analysis is whole-brain, participants are not restricted to bvFTD-only.",[],[],False,,Excluded because GLOBAL_I2 is not met: the participant sample does not meet the bvFTD-only inclusion requirement.,[],[]
23805313,5,23805313_analysis_5,FEAR,Caricatures,pone-0067457-t003,8,MNI,"[[4.0, 26.0, -28.0], [40.0, -32.0, 8.0], [22.0, 16.0, -6.0], [10.0, 68.0, -6.0], [28.0, -10.0, -28.0], [6.0, -68.0, 60.0], [22.0, -102.0, -6.0], [-12.0, -88.0, -6.0]]",0,False,,Excluded because GLOBAL_I2 is not met: includes semantic dementia and PNFA participants and healthy controls rather than exclusively bvFTD without comorbidity.,[],[],False,,Excluded because GLOBAL_I2 is not met: does not satisfy requirement for only bvFTD patients without other diagnoses.,[],[],False,,Excluded because GLOBAL_I2 is not met: VBM modality is present but sample is not bvFTD-only as required.,[],[],False,,"Excluded because GLOBAL_I2 is not met: participant sample includes multiple FTD subtypes and controls, violating the global inclusion requirement.",[],[]
23805313,6,23805313_analysis_6,SADNESS,Ekman 60,pone-0067457-t003,1,MNI,"[[-2.0, 26.0, -28.0]]",0,False,,"Excluded because GLOBAL_I2 is not met: the cohort includes multiple FTD subtypes (behavioural-variant, semantic dementia, PNFA) and healthy controls rather than exclusively bvFTD without comorbidities.",[],[],False,,"Excluded because GLOBAL_I2 is not met: sample is not restricted to bvFTD-only participants without concurrent diagnoses, as required.",[],[],False,,"Excluded because GLOBAL_I2 is not met: although VBM and whole-brain criteria are satisfied, participant sample does not meet the bvFTD-only requirement.",[],[],False,,Excluded because GLOBAL_I2 is not met: the required restriction to bvFTD patients without other dementia/psychiatric diagnoses is not fulfilled.,[],[]
23805313,7,23805313_analysis_7,SADNESS,Caricatures,pone-0067457-t003,0,,[],0,False,,Excluded because GLOBAL_I2 is not met: sample contains other FTD variants and controls rather than exclusively bvFTD without concurrent disorders.,[],[],False,,Excluded because GLOBAL_I2 is not met: participant composition violates the bvFTD-only inclusion requirement.,[],[],False,,"Excluded because GLOBAL_I2 is not met: despite being VBM whole-brain analyses, participants are not limited to bvFTD-only patients.",[],[],False,,Excluded because GLOBAL_I2 is not met: the study does not restrict participants to only bvFTD with no comorbidities or other dementia types.,[],[]
23986673,0,23986673_analysis_0,Voxel level correction,Functional brain regions showing increased functional connectivity in patients with bvFTD compared to healthy controls.,T1,15,MNI,"[[21.0, 42.0, 31.0], [13.0, 10.0, 14.0], [9.0, 18.0, 28.0], [17.0, 9.0, 24.0], [29.0, 35.0, 25.0], [22.0, 44.0, 17.0], [34.0, 41.0, 14.0], [11.0, 39.0, 12.0], [23.0, 12.0, 21.0], [11.0, 32.0, 27.0], [30.0, 24.0, 35.0], [10.0, 42.0, 13.0], [7.0, 29.0, 26.0], [6.0, 22.0, 22.0], [35.0, 16.0, 24.0]]",0,False,,"Excluded because GLOBAL_E2 applies: this is a resting-state fMRI analysis and the global exclusion forbids resting-state analyses. Also GLOBAL_I1 (requirement to use VBM, fMRI, and FDG-PET) is not fully satisfied by this study (only rs-fMRI is used).",[],"[""GLOBAL_E2""]",False,,"Excluded because GLOBAL_E2 applies: the analysis is resting-state fMRI. Additionally, the analysis reports increased connectivity (bvFTD > control), so it does not meet the local inclusion criterion for decreases (DEMENTIA_DECREASING_ACTIVITY_I1).",[],"[""GLOBAL_E2""]",False,,Excluded because GLOBAL_E2 applies (resting-state fMRI analysis is globally excluded). Also does not meet STRUCTURAL_I1 (this is not a VBM/structural analysis).,[],"[""GLOBAL_E2""]",False,,"Excluded because GLOBAL_E2 applies: although the analysis uses functional imaging (rs-fMRI) satisfying FUNCTIONAL_I1, the global exclusion forbids resting-state analyses. Also GLOBAL_I1 (requirement to include VBM and FDG-PET as well) is not fully met.",[],"[""GLOBAL_E2""]"
23986673,1,23986673_analysis_1,Inter-IC corrected y-concatenation for all RSNs,Functional brain regions showing increased functional connectivity in patients with bvFTD compared to healthy controls.,T1,6,MNI,"[[11.0, 12.0, 15.0], [30.0, 38.0, 31.0], [22.0, 45.0, 17.0], [7.0, 18.0, 16.0], [17.0, 33.0, 30.0], [24.0, 11.0, 27.0]]",0,False,,"Excluded because GLOBAL_E2 applies: this is a resting-state fMRI analysis and the global exclusion forbids resting-state analyses. Also GLOBAL_I1 (requirement to use VBM, fMRI, and FDG-PET) is not fully satisfied by this study (only rs-fMRI is used).",[],"[""GLOBAL_E2""]",False,,"Excluded because GLOBAL_E2 applies: the analysis is resting-state fMRI. Additionally, the analysis reports increased connectivity (bvFTD > control), so it does not meet the local inclusion criterion for decreases (DEMENTIA_DECREASING_ACTIVITY_I1).",[],"[""GLOBAL_E2""]",False,,Excluded because GLOBAL_E2 applies (resting-state fMRI analysis is globally excluded). Also does not meet STRUCTURAL_I1 (this is not a VBM/structural analysis).,[],"[""GLOBAL_E2""]",False,,"Excluded because GLOBAL_E2 applies: although the analysis uses functional imaging (rs-fMRI) satisfying FUNCTIONAL_I1, the global exclusion forbids resting-state analyses. Also GLOBAL_I1 (requirement to include VBM and FDG-PET as well) is not fully met.",[],"[""GLOBAL_E2""]"
24278277,0,24278277_analysis_0,Controls >FTD,,pone-0080353-t003,8,MNI,"[[-4.0, 40.0, -27.0], [28.0, 8.0, -26.0], [4.0, 32.0, 45.0], [36.0, -9.0, -18.0], [15.0, 60.0, 16.0], [-54.0, 8.0, -24.0], [-2.0, 17.0, 34.0], [32.0, 54.0, 9.0]]",0,False,,Excluded because GLOBAL_E3 applies: this is a between-group contrast (Controls > FTD).,[],"[""GLOBAL_E3""]",False,,"Excluded because GLOBAL_E3 applies: this is a between-group contrast (Controls > FTD), which triggers the global exclusion despite matching local decrease criterion.",[],"[""GLOBAL_E3""]",False,,Excluded because GLOBAL_E3 applies: this is a between-group contrast (Controls > FTD) and global exclusions take precedence.,[],"[""GLOBAL_E3""]",False,,Excluded because GLOBAL_E3 applies: this is a between-group contrast (Controls > FTD). Also does not use functional modalities (no FDG-PET/fMRI).,[],"[""GLOBAL_E3""]"
24278277,1,24278277_analysis_1,Controls >PSP,,pone-0080353-t003,5,MNI,"[[-51.0, -19.0, -30.0], [54.0, -3.0, 31.0], [3.0, 28.0, -29.0], [50.0, -81.0, 7.0], [9.0, -12.0, 18.0]]",0,False,,Excluded because GLOBAL_E3 applies: this is a between-group contrast (Controls > PSP).,[],"[""GLOBAL_E3""]",False,,Excluded because GLOBAL_E3 applies: this is a between-group contrast (Controls > PSP).,[],"[""GLOBAL_E3""]",False,,Excluded because GLOBAL_E3 applies: this is a between-group contrast (Controls > PSP).,[],"[""GLOBAL_E3""]",False,,Excluded because GLOBAL_E3 applies: this is a between-group contrast (Controls > PSP). Also does not use functional modalities.,[],"[""GLOBAL_E3""]"
24278277,2,24278277_analysis_2,PSP>FTD,,pone-0080353-t003,13,MNI,"[[42.0, -18.0, -17.0], [-15.0, 24.0, -14.0], [-4.0, 21.0, -3.0], [-30.0, 41.0, 28.0], [-36.0, 20.0, 46.0], [3.0, 27.0, 58.0], [-44.0, -3.0, -18.0], [2.0, 11.0, 39.0], [32.0, 8.0, -24.0], [34.0, -6.0, 3.0], [-18.0, 53.0, 13.0], [-32.0, -6.0, 1.0], [-26.0, 51.0, -12.0]]",0,False,,Excluded because GLOBAL_E3 applies: this is a between-group contrast (PSP > FTD).,[],"[""GLOBAL_E3""]",False,,Excluded because GLOBAL_E3 applies: this is a between-group contrast (PSP > FTD).,[],"[""GLOBAL_E3""]",False,,Excluded because GLOBAL_E3 applies: this is a between-group contrast (PSP > FTD).,[],"[""GLOBAL_E3""]",False,,Excluded because GLOBAL_E3 applies: this is a between-group contrast (PSP > FTD). Also does not use functional modalities.,[],"[""GLOBAL_E3""]"
24278277,3,24278277_analysis_3,Controls >FTD,,pone-0080353-t004,1,MNI,"[[-32.0, 18.0, -5.0]]",0,False,,Excluded because GLOBAL_E3 applies: this is a between-group contrast (Controls > FTD) of white matter volume.,[],"[""GLOBAL_E3""]",False,,Excluded because GLOBAL_E3 applies: this is a between-group contrast (Controls > FTD) of white matter volume.,[],"[""GLOBAL_E3""]",False,,Excluded because GLOBAL_E3 applies: this is a between-group contrast (Controls > FTD) of white matter volume.,[],"[""GLOBAL_E3""]",False,,Excluded because GLOBAL_E3 applies: this is a between-group contrast (Controls > FTD). Does not use functional modalities.,[],"[""GLOBAL_E3""]"
24278277,4,24278277_analysis_4,Controls >PSP,,pone-0080353-t004,7,MNI,"[[-2.0, -21.0, -5.0], [36.0, -13.0, 0.0], [24.0, 18.0, 43.0], [34.0, -34.0, 43.0], [44.0, -10.0, 31.0], [9.0, 8.0, 42.0], [-6.0, 15.0, 31.0]]",0,False,,Excluded because GLOBAL_E3 applies: this is a between-group contrast (Controls > PSP) of white matter volume.,[],"[""GLOBAL_E3""]",False,,Excluded because GLOBAL_E3 applies: this is a between-group contrast (Controls > PSP) of white matter volume.,[],"[""GLOBAL_E3""]",False,,Excluded because GLOBAL_E3 applies: this is a between-group contrast (Controls > PSP) of white matter volume.,[],"[""GLOBAL_E3""]",False,,Excluded because GLOBAL_E3 applies: this is a between-group contrast (Controls > PSP). Does not use functional modalities.,[],"[""GLOBAL_E3""]"
24278277,5,24278277_analysis_5,FTD>PSP,,pone-0080353-t004,1,MNI,"[[2.0, -28.0, -6.0]]",0,False,,Excluded because GLOBAL_E3 applies: this is a between-group contrast (FTD > PSP).,[],"[""GLOBAL_E3""]",False,,Excluded because GLOBAL_E3 applies: this is a between-group contrast (FTD > PSP).,[],"[""GLOBAL_E3""]",False,,Excluded because GLOBAL_E3 applies: this is a between-group contrast (FTD > PSP).,[],"[""GLOBAL_E3""]",False,,Excluded because GLOBAL_E3 applies: this is a between-group contrast (FTD > PSP). Does not use functional modalities.,[],"[""GLOBAL_E3""]"
24278277,6,24278277_analysis_6,Stroop Interference T-score,,pone-0080353-t005,8,MNI,"[[-10.0, 20.0, 27.0], [52.0, 30.0, 6.0], [34.0, 14.0, 39.0], [-45.0, -39.0, 0.0], [27.0, -75.0, -6.0], [-42.0, 56.0, 10.0], [38.0, 39.0, 24.0], [48.0, 20.0, 30.0]]",0,True,,Global inclusion criteria satisfied (VBM whole-brain group-level maps in bvFTD sample); this is an experiment-level correlation within bvFTD.,"[""GLOBAL_I1"", ""GLOBAL_I2"", ""GLOBAL_I3""]",[],False,,"Not included: analysis reports positive correlations of grey matter volume with cognitive scores in bvFTD (within-group), not decreases vs controls. Missing local inclusion DEMENTIA_DECREASING_ACTIVITY_I1.",[],[],True,,Analysis uses voxel-based morphometry (VBM) whole-brain grey matter correlation maps in bvFTD (meets STRUCTURAL_I1 and global criteria).,"[""GLOBAL_I1"", ""GLOBAL_I2"", ""GLOBAL_I3"", ""STRUCTURAL_I1""]",[],False,,Not included: does not use functional imaging modalities (no FDG-PET or fMRI). Missing FUNCTIONAL_I1.,[],[]
24278277,7,24278277_analysis_7,WCST number of categories,,pone-0080353-t005,9,MNI,"[[-63.0, -22.0, 39.0], [38.0, 40.0, -2.0], [44.0, 32.0, 46.0], [66.0, -61.0, 7.0], [-56.0, -48.0, 15.0], [-32.0, 41.0, 30.0], [52.0, -72.0, 7.0], [-38.0, 56.0, 4.0], [-50.0, 26.0, 40.0]]",0,True,,Global inclusion criteria satisfied (VBM whole-brain group-level maps in bvFTD); within-group correlation analysis.,"[""GLOBAL_I1"", ""GLOBAL_I2"", ""GLOBAL_I3""]",[],False,,"Not included: reports positive correlations within bvFTD, not decreases vs controls. Missing DEMENTIA_DECREASING_ACTIVITY_I1.",[],[],True,,VBM grey matter correlation analysis in bvFTD (meets STRUCTURAL_I1 and global criteria).,"[""GLOBAL_I1"", ""GLOBAL_I2"", ""GLOBAL_I3"", ""STRUCTURAL_I1""]",[],False,,Not included: no functional modalities used (no FDG-PET or fMRI). Missing FUNCTIONAL_I1.,[],[]
24278277,8,24278277_analysis_8,Letter fluency,,pone-0080353-t005,6,MNI,"[[-28.0, -91.0, -11.0], [4.0, -51.0, 6.0], [-28.0, 12.0, 40.0], [-39.0, 11.0, 22.0], [-42.0, -19.0, 0.0], [51.0, -30.0, 15.0]]",0,True,,Global inclusion criteria satisfied (VBM whole-brain group-level maps in bvFTD); within-group grey matter correlation.,"[""GLOBAL_I1"", ""GLOBAL_I2"", ""GLOBAL_I3""]",[],False,,"Not included: reports within-group positive correlations in bvFTD, not decreases relative to controls. Missing DEMENTIA_DECREASING_ACTIVITY_I1.",[],[],True,,VBM grey matter correlation analysis in bvFTD (meets STRUCTURAL_I1 and global criteria).,"[""GLOBAL_I1"", ""GLOBAL_I2"", ""GLOBAL_I3"", ""STRUCTURAL_I1""]",[],False,,Not included: no functional imaging used. Missing FUNCTIONAL_I1.,[],[]
24278277,9,24278277_analysis_9,MDRS initiation score,,pone-0080353-t005,1,MNI,"[[33.0, -4.0, -12.0]]",0,True,,Global inclusion criteria satisfied (VBM whole-brain group-level maps in bvFTD); within-group grey matter correlation.,"[""GLOBAL_I1"", ""GLOBAL_I2"", ""GLOBAL_I3""]",[],False,,"Not included: reports within-group correlations, not decreases relative to controls. Missing DEMENTIA_DECREASING_ACTIVITY_I1.",[],[],True,,VBM grey matter correlation analysis in bvFTD (meets STRUCTURAL_I1 and global criteria).,"[""GLOBAL_I1"", ""GLOBAL_I2"", ""GLOBAL_I3"", ""STRUCTURAL_I1""]",[],False,,Not included: no functional imaging modalities employed. Missing FUNCTIONAL_I1.,[],[]
24278277,10,24278277_analysis_10,MDRS attention score,,pone-0080353-t005,1,MNI,"[[12.0, -22.0, 40.0]]",0,True,,Global inclusion criteria satisfied (VBM whole-brain group-level maps in bvFTD); within-group grey matter correlation.,"[""GLOBAL_I1"", ""GLOBAL_I2"", ""GLOBAL_I3""]",[],False,,"Not included: analysis reports within-group correlations in bvFTD, not decreases vs controls. Missing DEMENTIA_DECREASING_ACTIVITY_I1.",[],[],True,,VBM grey matter correlation analysis in bvFTD (meets STRUCTURAL_I1 and global criteria).,"[""GLOBAL_I1"", ""GLOBAL_I2"", ""GLOBAL_I3"", ""STRUCTURAL_I1""]",[],False,,Not included: no FDG-PET or fMRI used. Missing FUNCTIONAL_I1.,[],[]
24278277,11,24278277_analysis_11,Concept score,,pone-0080353-t005,1,MNI,"[[-45.0, -46.0, 19.0]]",0,True,,Global inclusion criteria satisfied (VBM whole-brain group-level maps in bvFTD); within-group grey matter correlation.,"[""GLOBAL_I1"", ""GLOBAL_I2"", ""GLOBAL_I3""]",[],False,,Not included: reports within-group correlations in bvFTD rather than decreases relative to controls. Missing DEMENTIA_DECREASING_ACTIVITY_I1.,[],[],True,,VBM grey matter correlation analysis in bvFTD (meets STRUCTURAL_I1 and global criteria).,"[""GLOBAL_I1"", ""GLOBAL_I2"", ""GLOBAL_I3"", ""STRUCTURAL_I1""]",[],False,,Not included: no functional imaging modalities (FDG-PET or fMRI). Missing FUNCTIONAL_I1.,[],[]
24278277,12,24278277_analysis_12,Stroop Interference T- score,,pone-0080353-t006,2,MNI,"[[2.0, 32.0, 6.0], [40.0, 22.0, 7.0]]",0,True,,Global inclusion criteria satisfied (VBM whole-brain group-level maps of white matter in bvFTD); within-group white matter correlation analysis.,"[""GLOBAL_I1"", ""GLOBAL_I2"", ""GLOBAL_I3""]",[],False,,"Not included: reports within-group positive correlations of white matter volume in bvFTD, not decreases vs controls. Missing DEMENTIA_DECREASING_ACTIVITY_I1.",[],[],True,,VBM white matter correlation analysis in bvFTD (meets STRUCTURAL_I1 and global criteria).,"[""GLOBAL_I1"", ""GLOBAL_I2"", ""GLOBAL_I3"", ""STRUCTURAL_I1""]",[],False,,Not included: no functional imaging used (no FDG-PET or fMRI). Missing FUNCTIONAL_I1.,[],[]
24278277,13,24278277_analysis_13,WCST number of categories,,pone-0080353-t006,4,MNI,"[[-15.0, 45.0, 33.0], [10.0, 64.0, 0.0], [32.0, 46.0, 15.0], [15.0, 9.0, 37.0]]",0,True,,Global inclusion criteria satisfied (VBM whole-brain white matter maps in bvFTD); within-group correlation analysis.,"[""GLOBAL_I1"", ""GLOBAL_I2"", ""GLOBAL_I3""]",[],False,,"Not included: reports within-group positive correlations in bvFTD white matter, not decreases vs controls. Missing DEMENTIA_DECREASING_ACTIVITY_I1.",[],[],True,,VBM white matter correlation analysis in bvFTD (meets STRUCTURAL_I1 and global criteria).,"[""GLOBAL_I1"", ""GLOBAL_I2"", ""GLOBAL_I3"", ""STRUCTURAL_I1""]",[],False,,Not included: no FDG-PET or fMRI data reported. Missing FUNCTIONAL_I1.,[],[]
24278277,14,24278277_analysis_14,MDRS attention score,,pone-0080353-t006,1,MNI,"[[32.0, 8.0, 39.0]]",0,True,,Global inclusion criteria satisfied (VBM whole-brain white matter maps in bvFTD); within-group correlation analysis.,"[""GLOBAL_I1"", ""GLOBAL_I2"", ""GLOBAL_I3""]",[],False,,"Not included: reports within-group correlations in bvFTD white matter, not decreases relative to controls. Missing DEMENTIA_DECREASING_ACTIVITY_I1.",[],[],True,,VBM white matter correlation analysis in bvFTD (meets STRUCTURAL_I1 and global criteria).,"[""GLOBAL_I1"", ""GLOBAL_I2"", ""GLOBAL_I3"", ""STRUCTURAL_I1""]",[],False,,Not included: no functional imaging modalities reported. Missing FUNCTIONAL_I1.,[],[]
25009480,0,25009480_analysis_0,TOTAL SCORE—MEMORY,,T4,14,MNI,"[[-10.0, 40.0, -14.0], [-26.0, 26.0, 40.0], [-46.0, -64.0, 18.0], [-34.0, -14.0, -10.0], [2.0, 18.0, 56.0], [-48.0, 24.0, 16.0], [44.0, -58.0, 28.0], [48.0, -48.0, 36.0], [10.0, -32.0, 38.0], [-26.0, 48.0, 22.0], [-34.0, 16.0, 26.0], [46.0, -8.0, 28.0], [-48.0, 2.0, -42.0], [-30.0, -82.0, 8.0]]",0,True,,"Global inclusion criteria are met: analysis uses VBM whole-brain voxelwise maps in a sample including bvFTD and AD patients; it is a group-level, whole-brain VBM analysis.","[""GLOBAL_I1"", ""GLOBAL_I2"", ""GLOBAL_I3""]",[],False,,"Analysis reports VBM covariation in all participants combined, not decreases specifically in the bvFTD group; missing local inclusion DEMENTIA_DECREASING_ACTIVITY_I1.",[],[],True,,This is a Voxel-Based Morphometry (VBM) whole-brain analysis (structural MRI).,"[""GLOBAL_I1"", ""GLOBAL_I2"", ""GLOBAL_I3"", ""STRUCTURAL_I1""]",[],False,,Imaging modality is structural VBM (not FDG-PET or fMRI); missing FUNCTIONAL_I1.,[],[]
25009480,1,25009480_analysis_1,TOTAL SCORE—EMOTIONAL ENHANCEMENT,,T4,7,MNI,"[[-46.0, -84.0, -8.0], [-35.0, -6.0, -34.0], [32.0, -16.0, -34.0], [36.0, 48.0, 34.0], [42.0, -46.0, 8.0], [12.0, 68.0, 14.0], [32.0, -28.0, 22.0]]",0,True,,"Global inclusion criteria are met: analysis uses VBM whole-brain voxelwise maps in a sample including bvFTD and AD patients; it is a group-level, whole-brain VBM analysis.","[""GLOBAL_I1"", ""GLOBAL_I2"", ""GLOBAL_I3""]",[],False,,"Analysis reports VBM covariation in all participants combined, not decreases specifically in the bvFTD group; missing local inclusion DEMENTIA_DECREASING_ACTIVITY_I1.",[],[],True,,This is a Voxel-Based Morphometry (VBM) whole-brain analysis (structural MRI).,"[""GLOBAL_I1"", ""GLOBAL_I2"", ""GLOBAL_I3"", ""STRUCTURAL_I1""]",[],False,,Imaging modality is structural VBM (not FDG-PET or fMRI); missing FUNCTIONAL_I1.,[],[]
25009480,2,25009480_analysis_2,bvFTD,,T5,7,MNI,"[[64.0, -20.0, -16.0], [-54.0, -72.0, -24.0], [42.0, 48.0, 18.0], [-34.0, -2.0, -38.0], [-40.0, 60.0, 18.0], [20.0, -68.0, 12.0], [-20.0, 30.0, 40.0]]",0,True,,Global inclusion criteria are met: analysis is a VBM whole-brain voxelwise map focused on bvFTD (patient group) within the study sample.,"[""GLOBAL_I1"", ""GLOBAL_I2"", ""GLOBAL_I3""]",[],True,,"Analysis specifically reports regions of significant gray matter intensity decrease that covary with emotional enhancement in the bvFTD group, matching the local inclusion criterion.","[""GLOBAL_I1"", ""GLOBAL_I2"", ""GLOBAL_I3"", ""DEMENTIA_DECREASING_ACTIVITY_I1""]",[],True,,This analysis uses Voxel-Based Morphometry (VBM) (structural MRI) and is a whole-brain voxelwise analysis.,"[""GLOBAL_I1"", ""GLOBAL_I2"", ""GLOBAL_I3"", ""STRUCTURAL_I1""]",[],False,,Imaging modality is structural VBM (not FDG-PET or fMRI); missing FUNCTIONAL_I1.,[],[]
25009480,3,25009480_analysis_3,AD,,T5,9,MNI,"[[-26.0, 0.0, 40.0], [32.0, -28.0, 18.0], [-36.0, -26.0, 60.0], [-36.0, -14.0, -26.0], [-28.0, 46.0, 24.0], [44.0, -2.0, -10.0], [-64.0, 4.0, -14.0], [32.0, -10.0, -34.0], [-26.0, -40.0, -22.0]]",0,True,,Global inclusion criteria are met: analysis is a VBM whole-brain voxelwise map focused on AD patients within the study sample.,"[""GLOBAL_I1"", ""GLOBAL_I2"", ""GLOBAL_I3""]",[],False,,"This analysis reports gray matter decreases in the AD group, not decreases specifically for the bvFTD group; missing local inclusion DEMENTIA_DECREASING_ACTIVITY_I1.",[],[],True,,This analysis uses Voxel-Based Morphometry (VBM) (structural MRI) and is a whole-brain voxelwise analysis.,"[""GLOBAL_I1"", ""GLOBAL_I2"", ""GLOBAL_I3"", ""STRUCTURAL_I1""]",[],False,,Imaging modality is structural VBM (not FDG-PET or fMRI); missing FUNCTIONAL_I1.,[],[]
25396740,0,25396740_analysis_0,BvFTD vs. Controls,,pone-0113081-t002,2,MNI,"[[18.0, -62.0, -64.0], [-26.0, -84.0, -52.0]]",0,False,,"Excluded because this is a between-group contrast (bvFTD vs Controls), which violates the global exclusion criterion GLOBAL_E3 (between-group contrasts).",[],"[""GLOBAL_E3""]",False,,"Although the analysis reports decreases in grey matter for the bvFTD group (meets local DEMENTIA_DECREASING_ACTIVITY_I1), it is a between-group contrast (bvFTD vs Controls) and is excluded by GLOBAL_E3.","[""DEMENTIA_DECREASING_ACTIVITY_I1""]","[""GLOBAL_E3""]",False,,This is a between-group VBM contrast (bvFTD vs Controls) but is excluded because GLOBAL_E3 (between-group contrasts) applies.,"[""STRUCTURAL_I1""]","[""GLOBAL_E3""]",False,,"Excluded because this is a between-group contrast (GLOBAL_E3). Additionally, the analysis uses VBM (not FDG-PET or fMRI), so FUNCTIONAL_I1 is not met.",[],"[""GLOBAL_E3""]"
25396740,1,25396740_analysis_1,SD vs. Controls,,pone-0113081-t002,3,MNI,"[[-24.0, -6.0, -52.0], [34.0, -8.0, -52.0], [-26.0, -82.0, -54.0]]",0,False,,"Excluded because this is a between-group contrast (SD vs Controls), violating GLOBAL_E3 (between-group contrasts).",[],"[""GLOBAL_E3""]",False,,Excluded because this is a between-group contrast (SD vs Controls) and GLOBAL_E3 applies. Note: the local inclusion DEMENTIA_DECREASING_ACTIVITY_I1 specifically pertains to bvFTD decreases and is not met for an SD vs Control contrast.,[],"[""GLOBAL_E3""]",False,,This is a between-group VBM contrast (SD vs Controls) but is excluded due to GLOBAL_E3 (between-group contrasts).,"[""STRUCTURAL_I1""]","[""GLOBAL_E3""]",False,,"Excluded because this is a between-group contrast (GLOBAL_E3). Additionally, the analysis uses VBM (not FDG-PET or fMRI), so FUNCTIONAL_I1 is not met.",[],"[""GLOBAL_E3""]"
25396740,2,25396740_analysis_2,AD vs. Controls,,pone-0113081-t002,1,MNI,"[[30.0, -2.0, -54.0]]",0,False,,"Excluded because this is a between-group contrast (AD vs Controls), violating the global exclusion GLOBAL_E3.",[],"[""GLOBAL_E3""]",False,,Excluded because this is a between-group contrast (AD vs Controls) and GLOBAL_E3 applies. The local inclusion DEMENTIA_DECREASING_ACTIVITY_I1 specifically refers to bvFTD decreases and is not applicable here.,[],"[""GLOBAL_E3""]",False,,This is a between-group VBM contrast (AD vs Controls) but is excluded because GLOBAL_E3 (between-group contrasts) applies.,"[""STRUCTURAL_I1""]","[""GLOBAL_E3""]",False,,"Excluded because this is a between-group contrast (GLOBAL_E3). Also, the modality is VBM rather than FDG-PET or fMRI, so FUNCTIONAL_I1 is not met.",[],"[""GLOBAL_E3""]"
25396740,3,25396740_analysis_3,Remote,,pone-0113081-t003,9,MNI,"[[-18.0, 4.0, -50.0], [-12.0, 50.0, -28.0], [-14.0, 0.0, -22.0], [34.0, -20.0, -10.0], [-44.0, -12.0, 28.0], [-8.0, -102.0, -10.0], [38.0, 20.0, -28.0], [-12.0, 4.0, 4.0], [26.0, -86.0, -8.0]]",0,True,,"Global criteria are met (VBM modality, appropriate sample including bvFTD, whole-brain voxelwise analysis) and no local exclusion applies. This analysis reports VBM correlates of remote ABM across all participants.","[""GLOBAL_I1"", ""GLOBAL_I2"", ""GLOBAL_I3""]",[],False,,Does not report decreases specifically for the bvFTD group (this is a VBM covariate analysis across all participants). Missing local inclusion criterion DEMENTIA_DECREASING_ACTIVITY_I1.,[],[],True,,"This is a VBM analysis (voxel-based morphometry correlates of remote ABM), meeting STRUCTURAL_I1 and the global inclusion criteria.","[""GLOBAL_I1"", ""GLOBAL_I2"", ""GLOBAL_I3"", ""STRUCTURAL_I1""]",[],False,,Analysis uses VBM (structural) and does not use FDG-PET or fMRI; missing FUNCTIONAL_I1.,[],[]
25396740,4,25396740_analysis_4,Recent,,pone-0113081-t003,9,MNI,"[[-2.0, 42.0, -30.0], [-24.0, 24.0, -8.0], [34.0, -40.0, -14.0], [-34.0, -66.0, 16.0], [22.0, 12.0, 42.0], [-4.0, -30.0, 26.0], [-62.0, -6.0, -38.0], [60.0, -30.0, -30.0], [-26.0, -100.0, -8.0]]",0,True,,"Global criteria are met (VBM modality, appropriate sample including bvFTD, whole-brain voxelwise analysis). This analysis reports VBM correlates of recent ABM across all participants.","[""GLOBAL_I1"", ""GLOBAL_I2"", ""GLOBAL_I3""]",[],False,,Does not report decreases specifically for the bvFTD group (this is a VBM covariate analysis across all participants). Missing local inclusion criterion DEMENTIA_DECREASING_ACTIVITY_I1.,[],[],True,,"This is a VBM analysis (voxel-based morphometry correlates of recent ABM), meeting STRUCTURAL_I1 and the global inclusion criteria.","[""GLOBAL_I1"", ""GLOBAL_I2"", ""GLOBAL_I3"", ""STRUCTURAL_I1""]",[],False,,Analysis uses VBM (structural) and does not use FDG-PET or fMRI; missing FUNCTIONAL_I1.,[],[]
25396740,5,25396740_analysis_5,Overlap,,pone-0113081-t004,2,MNI,"[[-6.0, 46.0, -26.0], [40.0, -22.0, -12.0]]",0,True,,"Global criteria are met (VBM modality, bvFTD included, whole-brain voxelwise analysis). This analysis reports regions correlating with ABM irrespective of time period.","[""GLOBAL_I1"", ""GLOBAL_I2"", ""GLOBAL_I3""]",[],False,,This analysis reports VBM correlates across all participants and does not specifically report decreases for the bvFTD group. Missing DEMENTIA_DECREASING_ACTIVITY_I1.,[],[],True,,"This is a VBM (structural) whole-brain analysis correlating grey matter with ABM, meeting STRUCTURAL_I1 and global inclusion criteria.","[""GLOBAL_I1"", ""GLOBAL_I2"", ""GLOBAL_I3"", ""STRUCTURAL_I1""]",[],False,,Analysis uses VBM (structural) and does not use FDG-PET or fMRI; missing FUNCTIONAL_I1.,[],[]
25396740,6,25396740_analysis_6,Remote,,pone-0113081-t004,6,MNI,"[[-16.0, 2.0, -46.0], [-14.0, -14.0, -24.0], [-46.0, -14.0, 28.0], [-14.0, 44.0, -28.0], [48.0, 6.0, -28.0], [44.0, -32.0, 4.0]]",0,True,,"Global criteria are met (VBM modality, appropriate sample including bvFTD, whole-brain voxelwise analysis). This analysis reports VBM correlates exclusive to Remote time period.","[""GLOBAL_I1"", ""GLOBAL_I2"", ""GLOBAL_I3""]",[],False,,This remote-period VBM analysis does not specifically report decreases for the bvFTD group; missing DEMENTIA_DECREASING_ACTIVITY_I1.,[],[],True,,"This is a VBM whole-brain analysis (regions exclusively implicated in Remote period), meeting STRUCTURAL_I1 and global inclusion criteria.","[""GLOBAL_I1"", ""GLOBAL_I2"", ""GLOBAL_I3"", ""STRUCTURAL_I1""]",[],False,,Analysis uses VBM and not FDG-PET/fMRI; missing FUNCTIONAL_I1.,[],[]
25396740,7,25396740_analysis_7,Recent,,pone-0113081-t004,8,MNI,"[[-26.0, 22.0, -10.0], [-36.0, -64.0, 14.0], [-14.0, 58.0, -16.0], [-6.0, -36.0, 26.0], [20.0, 20.0, 44.0], [-62.0, -6.0, -40.0], [60.0, -30.0, -30.0], [34.0, -36.0, -16.0]]",0,True,,"Global criteria are met (VBM modality, bvFTD present in sample, whole-brain voxelwise analysis). This analysis reports VBM correlates exclusive to Recent time period.","[""GLOBAL_I1"", ""GLOBAL_I2"", ""GLOBAL_I3""]",[],False,,This recent-period VBM analysis does not specifically report decreases for the bvFTD group; missing DEMENTIA_DECREASING_ACTIVITY_I1.,[],[],True,,"This is a VBM whole-brain analysis (regions exclusively implicated in Recent period), meeting STRUCTURAL_I1 and global inclusion criteria.","[""GLOBAL_I1"", ""GLOBAL_I2"", ""GLOBAL_I3"", ""STRUCTURAL_I1""]",[],False,,Analysis uses VBM rather than FDG-PET or fMRI; missing FUNCTIONAL_I1.,[],[]
25396740,8,25396740_analysis_8,BvFTD versus Controls,Tract-based spatial statistics results showing regions of white matter integrity decrease in each of the patient groups compared with Controlsa,pone-0113081-t005,1,MNI,"[[-28.0, 0.0, -36.0]]",0,False,,"Excluded because this is a between-group TBSS contrast (bvFTD vs Controls), violating GLOBAL_E3 (between-group contrasts). Also uses DTI/TBSS (not VBM, fMRI, or FDG-PET), so GLOBAL_I1 (required imaging modality) is not met.",[],"[""GLOBAL_E3""]",False,,"Although this TBSS contrast reports white matter integrity decreases for bvFTD (local DEMENTIA_DECREASING_ACTIVITY_I1 conceptually met), it is a between-group contrast excluded by GLOBAL_E3 and also uses TBSS/DTI rather than the allowed modalities (GLOBAL_I1 not met).","[""DEMENTIA_DECREASING_ACTIVITY_I1""]","[""GLOBAL_E3""]",False,,"This analysis uses TBSS (DTI) rather than VBM; GLOBAL_I1 (required imaging modality) is not met, and it is a between-group contrast (GLOBAL_E3).",[],"[""GLOBAL_E3""]",False,,"Excluded because this is a between-group TBSS contrast (GLOBAL_E3) and the modality is DTI/TBSS (not FDG-PET or fMRI), so FUNCTIONAL_I1 is not met.",[],"[""GLOBAL_E3""]"
25396740,9,25396740_analysis_9,SD versus Controls,Tract-based spatial statistics results showing regions of white matter integrity decrease in each of the patient groups compared with Controlsa,pone-0113081-t005,1,MNI,"[[-34.0, -3.0, -34.0]]",0,False,,"Excluded because this is a between-group TBSS contrast (SD vs Controls), violating GLOBAL_E3. Also uses DTI/TBSS rather than the allowed modalities (GLOBAL_I1 not met).",[],"[""GLOBAL_E3""]",False,,Excluded because this is a between-group TBSS contrast (SD vs Controls) and GLOBAL_E3 applies. The local inclusion DEMENTIA_DECREASING_ACTIVITY_I1 specifically pertains to bvFTD decreases and is not met here.,[],"[""GLOBAL_E3""]",False,,This is a between-group TBSS contrast (SD vs Controls) using DTI/TBSS rather than VBM; excluded by GLOBAL_E3 and GLOBAL_I1 (modality mismatch).,[],"[""GLOBAL_E3""]",False,,Excluded because this is a between-group TBSS contrast (GLOBAL_E3) and modality is DTI/TBSS rather than FDG-PET or fMRI (FUNCTIONAL_I1 not met).,[],"[""GLOBAL_E3""]"
25396740,10,25396740_analysis_10,AD versus Controls,Tract-based spatial statistics results showing regions of white matter integrity decrease in each of the patient groups compared with Controlsa,pone-0113081-t005,1,MNI,"[[-24.0, -56.0, 11.0]]",0,False,,"Excluded because this is a between-group TBSS contrast (AD vs Controls), violating GLOBAL_E3. Additionally, the modality is DTI/TBSS rather than VBM/fMRI/FDG-PET, so GLOBAL_I1 is not met.",[],"[""GLOBAL_E3""]",False,,"Although the TBSS contrast reports decreases for the AD group relative to controls, the analysis is a between-group contrast excluded by GLOBAL_E3. DEMENTIA_DECREASING_ACTIVITY_I1 specifically refers to bvFTD decreases and is not applicable here.",[],"[""GLOBAL_E3""]",False,,This is a TBSS/DTI between-group analysis (AD vs Controls) and is excluded by GLOBAL_E3; modality (DTI/TBSS) does not meet GLOBAL_I1 which requires VBM/fMRI/FDG-PET.,[],"[""GLOBAL_E3""]",False,,Excluded because this is a between-group TBSS contrast (GLOBAL_E3) and the analysis uses DTI/TBSS rather than FDG-PET or fMRI (FUNCTIONAL_I1 not met).,[],"[""GLOBAL_E3""]"
25619850,0,25619850_analysis_0,Clusters of reduced gray matter density in patients with bvFTD relative to controls,,t0010,5,MNI,"[[26.0, 34.0, -16.0], [40.0, -50.0, -16.0], [-46.0, -54.0, -20.0], [50.0, -66.0, -14.0], [20.0, -64.0, 4.0]]",0,False,,"Excluded because GLOBAL_E3 applies: this analysis is a between-group contrast (patients vs controls), which is disallowed by the global exclusion criteria.",[],"[""GLOBAL_E3""]",False,,"Although the analysis reports reduced GM in bvFTD (Control > bvFTD) meeting the local decrease criterion, it is excluded because GLOBAL_E3 applies (between-group patient vs control contrast).",[],"[""GLOBAL_E3""]",False,,"Excluded because GLOBAL_E3 applies: this is a between-group VBM contrast (patient vs control), and global exclusions take precedence.",[],"[""GLOBAL_E3""]",False,,"Excluded because GLOBAL_E3 applies (between-group contrast); additionally, this analysis is structural (VBM) rather than functional imaging.",[],"[""GLOBAL_E3""]"
25619850,1,25619850_analysis_1,Clusters of reduced gray matter density related to overall accuracy in patients,,t0010,10,MNI,"[[-46.0, 22.0, 26.0], [-6.0, 36.0, -4.0], [24.0, 10.0, 52.0], [-4.0, 30.0, 30.0], [-28.0, 44.0, -16.0], [10.0, 32.0, 28.0], [-36.0, 32.0, -14.0], [30.0, 30.0, 46.0], [-12.0, 50.0, 6.0], [30.0, 36.0, 34.0]]",0,True,,"Global inclusion criteria are met: VBM was used (GLOBAL_I1), participants are clinically diagnosed bvFTD patients (GLOBAL_I2), and this is a whole-brain voxelwise group-level map (GLOBAL_I3). No additional local criteria required.","[""GLOBAL_I1"", ""GLOBAL_I2"", ""GLOBAL_I3""]",[],False,,"Excluded because the analysis reports gray-matter correlates of patient performance (within-patient effects), not decreases in bvFTD relative to controls; missing DEMENTIA_DECREASING_ACTIVITY_I1.",[],[],True,,"This analysis uses Voxel-Based Morphometry (VBM) relating GM density to patient performance, meeting STRUCTURAL_I1 and global inclusion criteria (GLOBAL_I1, GLOBAL_I2, GLOBAL_I3).","[""GLOBAL_I1"", ""GLOBAL_I2"", ""GLOBAL_I3"", ""STRUCTURAL_I1""]",[],False,,Excluded because it does not use a functional modality (FDG-PET or fMRI); missing FUNCTIONAL_I1.,[],[]
25619850,2,25619850_analysis_2,Clusters of reduced GM density related to patient performance in the colorblind condition,,t0015,11,MNI,"[[-14.0, 14.0, -24.0], [-2.0, 24.0, 20.0], [10.0, 52.0, -4.0], [8.0, 44.0, -20.0], [-28.0, 22.0, -16.0], [20.0, 20.0, 46.0], [-28.0, 44.0, -14.0], [10.0, 24.0, 38.0], [4.0, 58.0, -16.0], [-6.0, 46.0, -22.0], [-64.0, -6.0, -24.0]]",0,True,,"Global inclusion criteria are met: VBM was used (GLOBAL_I1), participants are clinically diagnosed bvFTD patients (GLOBAL_I2), and this is a whole-brain voxelwise group-level map (GLOBAL_I3).","[""GLOBAL_I1"", ""GLOBAL_I2"", ""GLOBAL_I3""]",[],False,,Excluded because the analysis reports gray-matter correlates of patient performance (within-patient effects) rather than decreases in bvFTD relative to controls; missing DEMENTIA_DECREASING_ACTIVITY_I1.,[],[],True,,"This analysis uses Voxel-Based Morphometry (VBM) relating GM density to patient performance, meeting STRUCTURAL_I1 and global inclusion criteria (GLOBAL_I1, GLOBAL_I2, GLOBAL_I3).","[""GLOBAL_I1"", ""GLOBAL_I2"", ""GLOBAL_I3"", ""STRUCTURAL_I1""]",[],False,,Excluded because it does not use a functional modality (FDG-PET or fMRI); missing FUNCTIONAL_I1.,[],[]
25619850,3,25619850_analysis_3,Clusters of reduced GM density related to patient performance in the privileged ground condition,,t0015,4,MNI,"[[-46.0, 18.0, 26.0], [-32.0, 56.0, 2.0], [-58.0, 18.0, 12.0], [-30.0, 32.0, -12.0]]",0,True,,"Global inclusion criteria are met: VBM was used (GLOBAL_I1), participants are clinically diagnosed bvFTD patients (GLOBAL_I2), and this is a whole-brain voxelwise group-level map (GLOBAL_I3).","[""GLOBAL_I1"", ""GLOBAL_I2"", ""GLOBAL_I3""]",[],False,,Excluded because the analysis reports gray-matter correlates of patient performance (within-patient effects) rather than decreases in bvFTD relative to controls; missing DEMENTIA_DECREASING_ACTIVITY_I1.,[],[],True,,"This analysis uses Voxel-Based Morphometry (VBM) relating GM density to patient performance, meeting STRUCTURAL_I1 and global inclusion criteria (GLOBAL_I1, GLOBAL_I2, GLOBAL_I3).","[""GLOBAL_I1"", ""GLOBAL_I2"", ""GLOBAL_I3"", ""STRUCTURAL_I1""]",[],False,,Excluded because it does not use a functional modality (FDG-PET or fMRI); missing FUNCTIONAL_I1.,[],[]
25773639,0,25773639_analysis_0,Musical mode,bvFTD > controls,tbl1,1,MNI,"[[1.0, -29.0, -24.0]]",0,False,,"Excluded because GLOBAL_E3 applies: this is a between-group contrast (bvFTD vs control), and global exclusion forbids between-group contrasts.",[],"[""GLOBAL_E3""]",False,,"Excluded because GLOBAL_E3 applies (between-group contrast). Additionally, this analysis reports bvFTD > controls (increase in bvFTD), which is the opposite direction required for 'decreasing activity' and meets DEMENTIA_DECREASING_ACTIVITY_E1 (local exclusion).",[],"[""GLOBAL_E3"", ""DEMENTIA_DECREASING_ACTIVITY_E1""]",False,,Excluded because GLOBAL_E3 applies (between-group contrast). Also does not use VBM (STRUCTURAL_I1 missing).,[],"[""GLOBAL_E3""]",False,,"Excluded because GLOBAL_E3 applies: this analysis is a between-group contrast (bvFTD vs control), and GLOBAL_E3 forbids between-group contrasts.",[],"[""GLOBAL_E3""]"
25773639,1,25773639_analysis_1,Music emotion level,,tbl1,2,MNI,"[[-65.0, -29.0, 0.0], [55.0, 12.0, 11.0]]",0,False,,"Excluded because GLOBAL_E3 applies: this analysis involves group contrasts/interactions (patient vs control), which are globally excluded.",[],"[""GLOBAL_E3""]",False,,"Excluded because GLOBAL_E3 applies (group contrast/interaction). Direction of effect is not specified here, but global exclusion precludes inclusion.",[],"[""GLOBAL_E3""]",False,,Excluded because GLOBAL_E3 applies (group contrast/interaction). Also no evidence this is a VBM analysis (STRUCTURAL_I1 missing).,[],"[""GLOBAL_E3""]",False,,"Excluded because GLOBAL_E3 applies: this is a between-group contrast/interaction, which is globally excluded despite the study using task fMRI.",[],"[""GLOBAL_E3""]"
25773639,2,25773639_analysis_2,Vocal emotion,Controls > bvFTD,tbl1,2,MNI,"[[-52.0, -10.0, -11.0], [-59.0, 33.0, 1.0]]",0,False,,"Excluded because GLOBAL_E3 applies: this is a between-group contrast (Controls > bvFTD), and global exclusion forbids between-group contrasts.",[],"[""GLOBAL_E3""]",False,,"Although this analysis reports Controls > bvFTD (i.e., decreased activity in bvFTD) which matches the local inclusion criterion, it is excluded because GLOBAL_E3 applies (between-group contrast is globally excluded).",[],"[""GLOBAL_E3""]",False,,Excluded because GLOBAL_E3 applies (between-group contrast). Also not a VBM analysis (STRUCTURAL_I1 missing).,[],"[""GLOBAL_E3""]",False,,"Excluded because GLOBAL_E3 applies: this is a between-group contrast (Controls vs bvFTD), which is globally excluded even though the modality is task fMRI.",[],"[""GLOBAL_E3""]"
25773639,3,25773639_analysis_3,Music-specific emotion,bvFTD > controls,tbl1,1,MNI,"[[-61.0, -31.0, 0.0]]",0,False,,"Excluded because GLOBAL_E3 applies: this analysis is a between-group contrast (bvFTD vs control), and global exclusion forbids between-group contrasts.",[],"[""GLOBAL_E3""]",False,,"Excluded because GLOBAL_E3 applies (between-group contrast). Additionally this analysis reports bvFTD > controls (increase in bvFTD), which is the opposite of 'decreased activity in bvFTD' and meets DEMENTIA_DECREASING_ACTIVITY_E1 (local exclusion).",[],"[""GLOBAL_E3"", ""DEMENTIA_DECREASING_ACTIVITY_E1""]",False,,Excluded because GLOBAL_E3 applies (between-group contrast). Also does not use VBM (STRUCTURAL_I1 missing).,[],"[""GLOBAL_E3""]",False,,Excluded because GLOBAL_E3 applies: between-group contrast (bvFTD vs control) is globally excluded despite the task-fMRI modality.,[],"[""GLOBAL_E3""]"
25797589,0,25797589_analysis_0,Identity-Matching – Total score,,t0010,6,MNI,"[[42.0, -2.0, -48.0], [-26.0, -4.0, -34.0], [66.0, -36.0, 6.0], [-24.0, 18.0, -40.0], [-30.0, -6.0, -4.0], [-44.0, -8.0, -46.0]]",0,False,,"Excluded because required global inclusion criteria are not met: GLOBAL_I1 (uses VBM, fMRI, or FDG-PET) and GLOBAL_I3 (whole-brain group-level voxelwise map) are not satisfied by these behavioral score analyses.",[],[],False,,"Excluded because required global inclusion criteria are not met: GLOBAL_I1 (uses VBM, fMRI, or FDG-PET) and GLOBAL_I3 (whole-brain group-level voxelwise map) are not satisfied by these behavioral score analyses.",[],[],False,,"Excluded because required global inclusion criteria are not met: STRUCTURAL requires VBM (GLOBAL_I1) and whole-brain voxelwise evidence (GLOBAL_I3), which are not present for this behavioral analysis.",[],[],False,,"Excluded because required global inclusion criteria are not met: FUNCTIONAL requires FDG-PET or fMRI (GLOBAL_I1) and whole-brain voxelwise evidence (GLOBAL_I3), which are not present for this behavioral analysis.",[],[]
25797589,1,25797589_analysis_1,CFMT (Face Memory) –Total Score,,t0010,3,MNI,"[[-20.0, -4.0, -44.0], [54.0, 4.0, -36.0], [-54.0, 0.0, -36.0]]",0,False,,"Excluded because required global inclusion criteria are not met: GLOBAL_I1 (uses VBM, fMRI, or FDG-PET) and GLOBAL_I3 (whole-brain group-level voxelwise map) are not satisfied by these behavioral score analyses.",[],[],False,,"Excluded because required global inclusion criteria are not met: GLOBAL_I1 (uses VBM, fMRI, or FDG-PET) and GLOBAL_I3 (whole-brain group-level voxelwise map) are not satisfied by these behavioral score analyses.",[],[],False,,"Excluded because required global inclusion criteria are not met: STRUCTURAL requires VBM (GLOBAL_I1) and whole-brain voxelwise evidence (GLOBAL_I3), which are not present for this behavioral analysis.",[],[],False,,"Excluded because required global inclusion criteria are not met: FUNCTIONAL requires FDG-PET or fMRI (GLOBAL_I1) and whole-brain voxelwise evidence (GLOBAL_I3), which are not present for this behavioral analysis.",[],[]
25797589,2,25797589_analysis_2,CCMT (Object Memory) – Total Score,,t0010,0,,[],0,False,,"Excluded because required global inclusion criteria are not met: GLOBAL_I1 (uses VBM, fMRI, or FDG-PET) and GLOBAL_I3 (whole-brain group-level voxelwise map) are not satisfied by these behavioral score analyses.",[],[],False,,"Excluded because required global inclusion criteria are not met: GLOBAL_I1 (uses VBM, fMRI, or FDG-PET) and GLOBAL_I3 (whole-brain group-level voxelwise map) are not satisfied by these behavioral score analyses.",[],[],False,,"Excluded because required global inclusion criteria are not met: STRUCTURAL requires VBM (GLOBAL_I1) and whole-brain voxelwise evidence (GLOBAL_I3), which are not present for this behavioral analysis.",[],[],False,,"Excluded because required global inclusion criteria are not met: FUNCTIONAL requires FDG-PET or fMRI (GLOBAL_I1) and whole-brain voxelwise evidence (GLOBAL_I3), which are not present for this behavioral analysis.",[],[]
25797589,3,25797589_analysis_3,Identity-Matching – Total score,,t0010,4,MNI,"[[-28.0, 16.0, -26.0], [-34.0, -8.0, -44.0], [-10.0, 2.0, 40.0], [-38.0, 34.0, -10.0]]",0,False,,"Excluded because required global inclusion criteria are not met: GLOBAL_I1 (uses VBM, fMRI, or FDG-PET) and GLOBAL_I3 (whole-brain group-level voxelwise map) are not satisfied by these behavioral score analyses.",[],[],False,,"Excluded because required global inclusion criteria are not met: GLOBAL_I1 (uses VBM, fMRI, or FDG-PET) and GLOBAL_I3 (whole-brain group-level voxelwise map) are not satisfied by these behavioral score analyses.",[],[],False,,"Excluded because required global inclusion criteria are not met: STRUCTURAL requires VBM (GLOBAL_I1) and whole-brain voxelwise evidence (GLOBAL_I3), which are not present for this behavioral analysis.",[],[],False,,"Excluded because required global inclusion criteria are not met: FUNCTIONAL requires FDG-PET or fMRI (GLOBAL_I1) and whole-brain voxelwise evidence (GLOBAL_I3), which are not present for this behavioral analysis.",[],[]
25797589,4,25797589_analysis_4,CFMT (Face Memory) –Total score,,t0010,2,MNI,"[[-52.0, 18.0, -24.0], [-40.0, 4.0, 0.0]]",0,False,,"Excluded because required global inclusion criteria are not met: GLOBAL_I1 (uses VBM, fMRI, or FDG-PET) and GLOBAL_I3 (whole-brain group-level voxelwise map) are not satisfied by these behavioral score analyses.",[],[],False,,"Excluded because required global inclusion criteria are not met: GLOBAL_I1 (uses VBM, fMRI, or FDG-PET) and GLOBAL_I3 (whole-brain group-level voxelwise map) are not satisfied by these behavioral score analyses.",[],[],False,,"Excluded because required global inclusion criteria are not met: STRUCTURAL requires VBM (GLOBAL_I1) and whole-brain voxelwise evidence (GLOBAL_I3), which are not present for this behavioral analysis.",[],[],False,,"Excluded because required global inclusion criteria are not met: FUNCTIONAL requires FDG-PET or fMRI (GLOBAL_I1) and whole-brain voxelwise evidence (GLOBAL_I3), which are not present for this behavioral analysis.",[],[]
25797589,5,25797589_analysis_5,CCMT (Object Memory) – Total score,,t0010,2,MNI,"[[-36.0, 2.0, 2.0], [-10.0, -12.0, 2.0]]",0,False,,"Excluded because required global inclusion criteria are not met: GLOBAL_I1 (uses VBM, fMRI, or FDG-PET) and GLOBAL_I3 (whole-brain group-level voxelwise map) are not satisfied by these behavioral score analyses.",[],[],False,,"Excluded because required global inclusion criteria are not met: GLOBAL_I1 (uses VBM, fMRI, or FDG-PET) and GLOBAL_I3 (whole-brain group-level voxelwise map) are not satisfied by these behavioral score analyses.",[],[],False,,"Excluded because required global inclusion criteria are not met: STRUCTURAL requires VBM (GLOBAL_I1) and whole-brain voxelwise evidence (GLOBAL_I3), which are not present for this behavioral analysis.",[],[],False,,"Excluded because required global inclusion criteria are not met: FUNCTIONAL requires FDG-PET or fMRI (GLOBAL_I1) and whole-brain voxelwise evidence (GLOBAL_I3), which are not present for this behavioral analysis.",[],[]
25913063,0,25913063_analysis_0,bvFTD > AD,,tbl2,2,MNI,"[[8.0, -70.0, 34.0], [46.0, -66.0, 42.0]]",0,False,,"Excluded because the analysis is a between-group contrast (bvFTD > AD), which meets the global exclusion criterion GLOBAL_E3 (Between-group contrasts are excluded).",[],"[""GLOBAL_E3""]",False,,"Excluded because the analysis is a between-group contrast (bvFTD > AD), triggering the global exclusion criterion GLOBAL_E3 (Between-group contrasts are excluded).",[],"[""GLOBAL_E3""]",False,,"Excluded because the analysis is a between-group contrast (bvFTD > AD), which violates the global exclusion criterion GLOBAL_E3 (Between-group contrasts are excluded).",[],"[""GLOBAL_E3""]",False,,"Excluded because the analysis is a between-group contrast (bvFTD > AD), falling under the global exclusion criterion GLOBAL_E3 (Between-group contrasts are excluded).",[],"[""GLOBAL_E3""]"
25913063,1,25913063_analysis_1,SD > AD,,tbl2,3,MNI,"[[8.0, -60.0, 20.0], [46.0, -62.0, 26.0], [44.0, -56.0, 6.0]]",0,False,,"Excluded because the analysis is a between-group contrast (SD > AD), which meets the global exclusion criterion GLOBAL_E3 (Between-group contrasts are excluded).",[],"[""GLOBAL_E3""]",False,,"Excluded because the analysis is a between-group contrast (SD > AD), triggering the global exclusion criterion GLOBAL_E3 (Between-group contrasts are excluded).",[],"[""GLOBAL_E3""]",False,,"Excluded because the analysis is a between-group contrast (SD > AD), which violates the global exclusion criterion GLOBAL_E3 (Between-group contrasts are excluded).",[],"[""GLOBAL_E3""]",False,,"Excluded because the analysis is a between-group contrast (SD > AD), falling under the global exclusion criterion GLOBAL_E3 (Between-group contrasts are excluded).",[],"[""GLOBAL_E3""]"
26673947,0,26673947_analysis_0,Regions of GM atrophy in nfvPPA versus control subjects.,,tbl3,11,None,"[[-26.0, -10.0, 55.0], [-48.0, 0.0, 42.0], [-62.0, -1.0, 24.0], [-56.0, -9.0, 42.0], [-3.0, 8.0, 55.0], [-56.0, 7.0, 9.0], [-9.0, 14.0, 43.0], [-38.0, 23.0, 1.0], [-29.0, 5.0, 12.0], [-9.0, 8.0, 13.0], [-12.0, -19.0, 15.0]]",0,False,,"Excluded because GLOBAL_E3 applies: this analysis is a between-group contrast (patient vs control), and GLOBAL_EXCLUSION_CRITERIA GLOBAL_E3 disallows between-group contrasts.",[],"[""GLOBAL_E3""]",False,,"Excluded because GLOBAL_E3 applies: this is a between-group contrast (patient vs control), which is excluded by GLOBAL_E3.",[],"[""GLOBAL_E3""]",False,,"Excluded because GLOBAL_E3 applies: this analysis is a between-group contrast (patient vs control), which is excluded by GLOBAL_E3.",[],"[""GLOBAL_E3""]",False,,"Excluded because GLOBAL_E3 applies: this analysis is a between-group contrast (patient vs control), which is excluded by GLOBAL_E3.",[],"[""GLOBAL_E3""]"
26673947,1,26673947_analysis_1,Regions of GM atrophy in bvFTD versus control subjects.,,tbl4,14,None,"[[2.0, 33.0, -12.0], [-29.0, 35.0, -15.0], [18.0, 23.0, 61.0], [35.0, 11.0, -36.0], [54.0, -12.0, -23.0], [3.0, 45.0, 10.0], [-6.0, 45.0, 10.0], [39.0, 21.0, 0.0], [-33.0, 14.0, -12.0], [11.0, 9.0, 9.0], [-9.0, 11.0, 9.0], [14.0, 6.0, -3.0], [-21.0, -1.0, 7.0], [-26.0, 6.0, 9.0]]",0,False,,"Excluded because GLOBAL_E3 applies: this analysis is a between-group contrast (patient vs control), and GLOBAL_EXCLUSION_CRITERIA GLOBAL_E3 disallows between-group contrasts.",[],"[""GLOBAL_E3""]",False,,"Excluded because GLOBAL_E3 applies: this is a between-group contrast (patient vs control), which is excluded by GLOBAL_E3.",[],"[""GLOBAL_E3""]",False,,"Excluded because GLOBAL_E3 applies: this analysis is a between-group contrast (patient vs control), which is excluded by GLOBAL_E3.",[],"[""GLOBAL_E3""]",False,,"Excluded because GLOBAL_E3 applies: this analysis is a between-group contrast (patient vs control), which is excluded by GLOBAL_E3.",[],"[""GLOBAL_E3""]"
26682697,0,26682697_analysis_0,AD versus Control,,38,5,MNI,"[[-22.0, -94.0, 6.0], [-2.0, 54.0, -4.0], [36.0, -8.0, 8.0], [8.0, 6.0, 6.0], [-46.0, 10.0, -46.0]]",0,False,,"Excluded because GLOBAL_E3 applies: this analysis is a between-group contrast (AD vs Control), and GLOBAL_E3 (Between-group contrasts) is a global exclusion criterion.",[],"[""GLOBAL_E3""]",False,,"Excluded because GLOBAL_E3 applies: this is a between-group contrast (AD vs Control). Although VBM modality and whole-brain mapping are present, the global exclusion for between-group contrasts (GLOBAL_E3) blocks inclusion.",[],"[""GLOBAL_E3""]",False,,"Excluded because GLOBAL_E3 applies: the analysis is a between-group (patient vs control) voxelwise contrast, triggering the global exclusion criterion.",[],"[""GLOBAL_E3""]",False,,"Excluded because GLOBAL_E3 applies: this analysis is a between-group contrast (AD vs Control), which meets the global exclusion criterion for between-group contrasts.",[],"[""GLOBAL_E3""]"
26682697,1,26682697_analysis_1,bvFTD versus Control,,38,4,MNI,"[[-30.0, -14.0, -48.0], [-50.0, -76.0, -14.0], [34.0, -76.0, -2.0], [22.0, -92.0, -2.0]]",0,False,,"Excluded because GLOBAL_E3 applies: this analysis is a between-group contrast (bvFTD vs Control), and GLOBAL_E3 excludes between-group contrasts.",[],"[""GLOBAL_E3""]",False,,"Excluded because GLOBAL_E3 applies: although this analysis likely reports decreases in gray matter for bvFTD (Control > bvFTD), the global exclusion for between-group contrasts (GLOBAL_E3) prevents inclusion.",[],"[""GLOBAL_E3""]",False,,"Excluded because GLOBAL_E3 applies: this is a VBM between-group voxelwise contrast (bvFTD vs Control), which is excluded by GLOBAL_E3.",[],"[""GLOBAL_E3""]",False,,"Excluded because GLOBAL_E3 applies: despite structural VBM modality, the global exclusion for between-group contrasts (GLOBAL_E3) applies to this analysis.",[],"[""GLOBAL_E3""]"
26682697,2,26682697_analysis_2,Overlap,,39,4,MNI,"[[-26.0, -8.0, -24.0], [-36.0, -32.0, -10.0], [-30.0, 2.0, -44.0], [26.0, -12.0, -24.0]]",0,False,,Excluded because GLOBAL_E3 applies: this analysis reports voxelwise between-group associations (patient vs Control) related to Time-based PM and is thus a between-group contrast excluded by GLOBAL_E3.,[],"[""GLOBAL_E3""]",False,,"Excluded because GLOBAL_E3 applies: although it reports decreases associated with Time-based PM in patient groups, it is a between-group voxelwise analysis and is excluded by GLOBAL_E3.",[],"[""GLOBAL_E3""]",False,,"Excluded because GLOBAL_E3 applies: this is a VBM between-group voxelwise analysis (associations with Time-based PM), and GLOBAL_E3 excludes between-group contrasts.",[],"[""GLOBAL_E3""]",False,,"Excluded because GLOBAL_E3 applies: although modality is structural VBM, the analysis is a between-group voxelwise contrast and is excluded by the global criterion.",[],"[""GLOBAL_E3""]"
26682697,3,26682697_analysis_3,Exclusive to AD,,39,17,MNI,"[[50.0, -78.0, -8.0], [-48.0, -56.0, 0.0], [-16.0, -98.0, -18.0], [-30.0, 34.0, -22.0], [-40.0, 16.0, 20.0], [-28.0, 14.0, -48.0], [40.0, 4.0, -46.0], [26.0, -12.0, -26.0], [-40.0, -24.0, 36.0], [-22.0, 4.0, -20.0], [36.0, -36.0, -10.0], [-60.0, -24.0, -30.0], [0.0, 32.0, 12.0], [-36.0, -34.0, -10.0], [-28.0, -8.0, -24.0], [40.0, 12.0, -20.0], [10.0, 30.0, -28.0]]",0,False,,Excluded because GLOBAL_E3 applies: this 'Exclusive to AD' VBM contrast represents a between-group comparison and is therefore excluded by GLOBAL_E3.,[],"[""GLOBAL_E3""]",False,,"Excluded because GLOBAL_E3 applies: although labeled 'Exclusive to AD', it is a between-group voxelwise contrast and is excluded by GLOBAL_E3.",[],"[""GLOBAL_E3""]",False,,Excluded because GLOBAL_E3 applies: this VBM analysis is a between-group contrast (AD vs Control) and is excluded by the global between-group exclusion.,[],"[""GLOBAL_E3""]",False,,"Excluded because GLOBAL_E3 applies: the analysis is a between-group voxelwise contrast, which meets the global exclusion criterion.",[],"[""GLOBAL_E3""]"
26682697,4,26682697_analysis_4,Exclusive to bvFTD,,39,3,MNI,"[[-26.0, -6.0, -52.0], [-50.0, -4.0, -36.0], [-38.0, -28.0, -12.0]]",0,False,,Excluded because GLOBAL_E3 applies: 'Exclusive to bvFTD' contrasts are between-group comparisons and are therefore excluded by GLOBAL_E3.,[],"[""GLOBAL_E3""]",False,,"Excluded because GLOBAL_E3 applies: while it likely reports areas where bvFTD shows decreased gray matter relative to Controls, it is a between-group voxelwise contrast and excluded by GLOBAL_E3.",[],"[""GLOBAL_E3""]",False,,Excluded because GLOBAL_E3 applies: this VBM 'Exclusive to bvFTD' analysis is a between-group contrast (bvFTD vs Control) and is excluded by GLOBAL_E3.,[],"[""GLOBAL_E3""]",False,,Excluded because GLOBAL_E3 applies: the analysis is a between-group voxelwise contrast and so meets the global exclusion criterion.,[],"[""GLOBAL_E3""]"
26682697,5,26682697_analysis_5,Overlap,,40,0,,[],0,False,,Excluded because GLOBAL_E3 applies: this analysis reports voxelwise associations for Event-based PM and represents between-group contrasts excluded by GLOBAL_E3.,[],"[""GLOBAL_E3""]",False,,"Excluded because GLOBAL_E3 applies: although related to decreases associated with Event-based PM, this is a between-group voxelwise contrast and is excluded by GLOBAL_E3.",[],"[""GLOBAL_E3""]",False,,Excluded because GLOBAL_E3 applies: this VBM Event-based PM analysis is a between-group voxelwise contrast and is excluded by the global criterion.,[],"[""GLOBAL_E3""]",False,,"Excluded because GLOBAL_E3 applies: although modality is structural VBM, the between-group nature of the analysis triggers GLOBAL_E3 exclusion.",[],"[""GLOBAL_E3""]"
26682697,6,26682697_analysis_6,Exclusive to AD,,40,10,MNI,"[[-44.0, -56.0, 2.0], [-44.0, -26.0, 36.0], [-28.0, -10.0, -22.0], [52.0, -56.0, 6.0], [-24.0, -102.0, 0.0], [10.0, -70.0, 28.0], [-16.0, -98.0, -18.0], [-32.0, -54.0, 40.0], [40.0, 4.0, -48.0], [10.0, 30.0, -28.0]]",0,False,,Excluded because GLOBAL_E3 applies: 'Exclusive to AD' Event-based PM contrasts are between-group comparisons and excluded by GLOBAL_E3.,[],"[""GLOBAL_E3""]",False,,"Excluded because GLOBAL_E3 applies: although this may report decreases in AD relative to Controls, it is a between-group voxelwise contrast and is excluded by GLOBAL_E3.",[],"[""GLOBAL_E3""]",False,,Excluded because GLOBAL_E3 applies: this is a VBM between-group contrast (Exclusive to AD) and is therefore excluded by the global criterion.,[],"[""GLOBAL_E3""]",False,,Excluded because GLOBAL_E3 applies: the between-group voxelwise contrast nature of the analysis triggers GLOBAL_E3 exclusion.,[],"[""GLOBAL_E3""]"
26682697,7,26682697_analysis_7,Exclusive to bvFTD,,40,2,MNI,"[[-44.0, -16.0, -40.0], [30.0, -10.0, -28.0]]",0,False,,Excluded because GLOBAL_E3 applies: 'Exclusive to bvFTD' Event-based PM contrasts are between-group comparisons and are excluded by GLOBAL_E3.,[],"[""GLOBAL_E3""]",False,,"Excluded because GLOBAL_E3 applies: although it likely indicates decreases for bvFTD, this is a between-group voxelwise contrast and is excluded by GLOBAL_E3.",[],"[""GLOBAL_E3""]",False,,Excluded because GLOBAL_E3 applies: this VBM between-group contrast (Exclusive to bvFTD) meets the global exclusion criterion and is therefore excluded.,[],"[""GLOBAL_E3""]",False,,Excluded because GLOBAL_E3 applies: the analysis is a between-group voxelwise contrast and is excluded by GLOBAL_E3.,[],"[""GLOBAL_E3""]"
26707083,0,26707083_analysis_0,analysis_0,Regions of significant atrophy in bvFTD patients compared with controls.,tbl2,8,None,"[[28.0, 4.0, -16.0], [34.0, -7.0, -24.0], [28.0, 1.0, -30.0], [10.0, 19.0, -22.0], [13.0, 46.0, -3.0], [4.0, 43.0, 12.0], [-45.0, -16.0, -27.0], [-36.0, -3.0, -18.0]]",0,False,,"Excluded because GLOBAL_E3 applies: this analysis is a between-group (bvFTD vs control) whole-brain VBM contrast, and GLOBAL_E3 excludes between-group contrasts.",[],"[""GLOBAL_E3""]",False,,"Excluded because GLOBAL_E3 applies: the analysis is a between-group (Control > bvFTD) contrast reporting decreased gray matter in bvFTD, but GLOBAL_E3 excludes between-group contrasts.",[],"[""GLOBAL_E3""]",False,,"Excluded because GLOBAL_E3 applies: although this is a VBM (structural) whole-brain analysis, it is a between-group (bvFTD vs control) contrast and GLOBAL_E3 excludes such contrasts.",[],"[""GLOBAL_E3""]",False,,"Excluded because GLOBAL_E3 applies: this analysis is a between-group VBM contrast (bvFTD vs control); GLOBAL_E3 excludes between-group contrasts. Additionally, the modality is structural (VBM), so FUNCTIONAL_I1 does not apply.",[],"[""GLOBAL_E3""]"
26810632,0,26810632_analysis_0,bvFTD,Regions that covary with total caloric intake on the ad libitum breakfast test meal in bvFTD and semantic dementia,95,6,MNI,"[[14.0, -52.0, 2.0], [-50.0, -78.0, 12.0], [-12.0, -36.0, 10.0], [18.0, -44.0, -58.0], [-4.0, 22.0, 2.0], [10.0, -30.0, -12.0]]",0,False,,"Global inclusion criteria not met: imaging modality not specified so GLOBAL_I1 (VBM, fMRI, or FDG-PET) is not confirmed; whole-brain voxelwise evidence not specified so GLOBAL_I3 is not confirmed. Therefore cannot include.",[],[],False,,Global inclusion criteria not met: imaging modality not specified (GLOBAL_I1 missing) and whole-brain voxelwise evidence not confirmed (GLOBAL_I3 missing). Local criterion cannot be assessed.,[],[],False,,Global inclusion criteria not met: no imaging modality specified to confirm VBM (GLOBAL_I1 missing) and whole-brain voxelwise evidence not confirmed (GLOBAL_I3 missing).,[],[],False,,Global inclusion criteria not met: imaging modality not specified to confirm FDG-PET or fMRI (GLOBAL_I1 missing) and whole-brain voxelwise evidence not confirmed (GLOBAL_I3 missing).,[],[]
26810632,1,26810632_analysis_1,Semantic dementia,Regions that covary with total caloric intake on the ad libitum breakfast test meal in bvFTD and semantic dementia,95,10,MNI,"[[28.0, -48.0, -16.0], [2.0, 2.0, -28.0], [-10.0, -38.0, -10.0], [60.0, 10.0, 2.0], [-36.0, 40.0, -10.0], [-38.0, 10.0, 42.0], [12.0, 38.0, 34.0], [24.0, 40.0, -22.0], [14.0, -66.0, 50.0], [-26.0, 2.0, 46.0]]",0,False,,"Global inclusion criteria not met: imaging modality not specified so GLOBAL_I1 (VBM, fMRI, or FDG-PET) is not confirmed; whole-brain voxelwise evidence not specified so GLOBAL_I3 is not confirmed.",[],[],False,,Global inclusion criteria not met: imaging modality not specified (GLOBAL_I1 missing) and whole-brain voxelwise evidence not confirmed (GLOBAL_I3 missing).,[],[],False,,Global inclusion criteria not met: no imaging modality specified to confirm VBM (GLOBAL_I1 missing) and whole-brain voxelwise evidence not confirmed (GLOBAL_I3 missing).,[],[],False,,Global inclusion criteria not met: imaging modality not specified to confirm FDG-PET or fMRI (GLOBAL_I1 missing) and whole-brain voxelwise evidence not confirmed (GLOBAL_I3 missing).,[],[]
26810632,2,26810632_analysis_2,bvFTD and semantic dementia,Regions that covary with sweet preference ratings (for most sweet dessert [C]) in the bvFTD and semantic dementia groups,95,14,MNI,"[[44.0, 20.0, -22.0], [24.0, -50.0, -26.0], [36.0, -58.0, 22.0], [28.0, 12.0, 28.0], [-36.0, -56.0, 20.0], [32.0, -36.0, 66.0], [44.0, 6.0, 4.0], [-14.0, -8.0, 54.0], [-48.0, 6.0, 8.0], [10.0, -24.0, 54.0], [24.0, -12.0, -22.0], [-24.0, -2.0, -12.0], [-38.0, -54.0, -62.0], [30.0, 36.0, 20.0]]",0,False,,"Global inclusion criteria not met: imaging modality not specified so GLOBAL_I1 (VBM, fMRI, or FDG-PET) is not confirmed; whole-brain voxelwise evidence not specified so GLOBAL_I3 is not confirmed.",[],[],False,,Global inclusion criteria not met: imaging modality not specified (GLOBAL_I1 missing) and whole-brain voxelwise evidence not confirmed (GLOBAL_I3 missing).,[],[],False,,Global inclusion criteria not met: no imaging modality specified to confirm VBM (GLOBAL_I1 missing) and whole-brain voxelwise evidence not confirmed (GLOBAL_I3 missing).,[],[],False,,Global inclusion criteria not met: imaging modality not specified to confirm FDG-PET or fMRI (GLOBAL_I1 missing) and whole-brain voxelwise evidence not confirmed (GLOBAL_I3 missing).,[],[]
26928581,0,26928581_analysis_0,Controls vs. bvFTD,,67,6,TAL,"[[51.0, 9.0, 18.0], [48.0, 15.0, 25.0], [-6.0, -25.0, 3.0], [-30.0, -39.0, -3.0], [-16.0, -37.0, 6.0], [-36.0, -4.0, 8.0]]",0,False,,"Excluded because GLOBAL_E3 applies: this is a between-group contrast (Controls vs. bvFTD), and global exclusion GLOBAL_E3 disallows between-group contrasts.",[],"[""GLOBAL_E3""]",False,,"Excluded because GLOBAL_E3 applies: the analysis is a between-group contrast (Controls > bvFTD), which is disallowed by global exclusion criteria.",[],"[""GLOBAL_E3""]",False,,"Excluded because GLOBAL_E3 applies: this voxel-based morphometry comparison is a between-group contrast (Controls vs. bvFTD), triggering the global exclusion.",[],"[""GLOBAL_E3""]",False,,"Excluded because GLOBAL_E3 applies: although this analysis concerns brain metabolism, it is reported as a between-group contrast (Controls vs. bvFTD), which is excluded by GLOBAL_E3.",[],"[""GLOBAL_E3""]"
26928581,1,26928581_analysis_1,Controls vs. bvFTD+,,67,5,TAL,"[[-46.0, 9.0, 18.0], [-50.0, 19.0, 29.0], [42.0, 43.0, 11.0], [51.0, 11.0, 16.0], [46.0, 21.0, -1.0]]",0,False,,"Excluded because GLOBAL_E3 applies: this is a between-group contrast (Controls vs. bvFTD+ subgroup), and global exclusion GLOBAL_E3 disallows between-group contrasts.",[],"[""GLOBAL_E3""]",False,,"Excluded because GLOBAL_E3 applies: the analysis is a between-group contrast (Controls > bvFTD+), which is disallowed by global exclusion criteria.",[],"[""GLOBAL_E3""]",False,,"Excluded because GLOBAL_E3 applies: this VBM comparison is a between-group contrast (Controls vs. bvFTD+), triggering the global exclusion.",[],"[""GLOBAL_E3""]",False,,"Excluded because GLOBAL_E3 applies: although this analysis pertains to brain metabolism, it is reported as a between-group contrast (Controls vs. bvFTD+), which is excluded by GLOBAL_E3.",[],"[""GLOBAL_E3""]"
26928581,2,26928581_analysis_2,Controls vs. bvFTD-,,67,4,TAL,"[[-36.0, 53.0, 14.0], [-51.0, 16.0, 7.0], [-46.0, -44.0, 43.0], [48.0, 15.0, 25.0]]",0,False,,"Excluded because GLOBAL_E3 applies: this is a between-group contrast (Controls vs. bvFTD- subgroup), and global exclusion GLOBAL_E3 disallows between-group contrasts.",[],"[""GLOBAL_E3""]",False,,"Excluded because GLOBAL_E3 applies: the analysis is a between-group contrast (Controls > bvFTD-), which is disallowed by global exclusion criteria.",[],"[""GLOBAL_E3""]",False,,"Excluded because GLOBAL_E3 applies: this VBM comparison is a between-group contrast (Controls vs. bvFTD-), triggering the global exclusion.",[],"[""GLOBAL_E3""]",False,,"Excluded because GLOBAL_E3 applies: although this analysis concerns brain metabolism, it is reported as a between-group contrast (Controls vs. bvFTD-), which is excluded by GLOBAL_E3.",[],"[""GLOBAL_E3""]"
26928581,3,26928581_analysis_3,Controls vs. bvFTD,,68,23,TAL,"[[-36.0, 53.0, 14.0], [-14.0, 12.0, 12.0], [8.0, 10.0, 12.0], [18.0, 62.0, -3.0], [6.0, 12.0, 9.0], [-44.0, 42.0, 24.0], [-10.0, 55.0, 10.0], [10.0, 9.0, 18.0], [38.0, 21.0, -4.0], [6.0, 18.0, 6.0], [-51.0, 16.0, 7.0], [-53.0, 10.0, 1.0], [-51.0, 27.0, 6.0], [-28.0, 58.0, 1.0], [26.0, 58.0, 25.0], [28.0, 46.0, 29.0], [36.0, 24.0, 8.0], [-8.0, 4.0, -4.0], [2.0, 8.0, 36.0], [-10.0, 10.0, 36.0], [-14.0, 12.0, 38.0], [-6.0, 6.0, 0.0], [50.0, -47.0, 36.0]]",0,False,,"Excluded because GLOBAL_E3 applies: this is a between-group contrast (Controls vs. bvFTD) for brain metabolism, and global exclusion GLOBAL_E3 disallows between-group contrasts.",[],"[""GLOBAL_E3""]",False,,"Excluded because GLOBAL_E3 applies: the analysis is a between-group contrast (Controls > bvFTD) reporting decreases in metabolism, but between-group contrasts are excluded by GLOBAL_E3.",[],"[""GLOBAL_E3""]",False,,"Excluded because GLOBAL_E3 applies: this analysis pertains to metabolism (functional) rather than structural VBM, and additionally is a between-group contrast; GLOBAL_E3 excludes between-group contrasts.",[],"[""GLOBAL_E3""]",False,,"Excluded because GLOBAL_E3 applies: this is an FDG-PET between-group contrast (Controls vs. bvFTD), and global exclusion GLOBAL_E3 disallows between-group contrasts.",[],"[""GLOBAL_E3""]"
26928581,4,26928581_analysis_4,Controls vs. bvFTD+,,68,11,TAL,"[[6.0, 17.0, -18.0], [-16.0, 9.0, 18.0], [-12.0, 24.0, -18.0], [38.0, 22.0, 12.0], [36.0, 21.0, -4.0], [34.0, 15.0, -9.0], [44.0, 9.0, -14.0], [-42.0, 18.0, 12.0], [16.0, 62.0, -3.0], [-51.0, -19.0, 18.0], [-61.0, -24.0, 21.0]]",0,False,,"Excluded because GLOBAL_E3 applies: this is a between-group contrast (Controls vs. bvFTD+ subgroup) for brain metabolism, and global exclusion GLOBAL_E3 disallows between-group contrasts.",[],"[""GLOBAL_E3""]",False,,"Excluded because GLOBAL_E3 applies: the analysis is a between-group contrast (Controls > bvFTD+) reporting decreases in metabolism, but between-group contrasts are excluded by GLOBAL_E3.",[],"[""GLOBAL_E3""]",False,,"Excluded because GLOBAL_E3 applies: this analysis concerns functional metabolism measures (FDG-PET) rather than VBM, and is also a between-group contrast; GLOBAL_E3 excludes between-group contrasts.",[],"[""GLOBAL_E3""]",False,,Excluded because GLOBAL_E3 applies: this FDG-PET between-group contrast (Controls vs. bvFTD+) is disallowed by the global exclusion criterion GLOBAL_E3.,[],"[""GLOBAL_E3""]"
26928581,5,26928581_analysis_5,Controls vs. bvFTD-,,68,5,TAL,"[[-16.0, 57.0, 21.0], [-38.0, 23.0, -5.0], [-46.0, -44.0, 43.0], [51.0, 16.0, 7.0], [50.0, -47.0, 36.0]]",0,False,,"Excluded because GLOBAL_E3 applies: this is a between-group contrast (Controls vs. bvFTD- subgroup) for brain metabolism, and global exclusion GLOBAL_E3 disallows between-group contrasts.",[],"[""GLOBAL_E3""]",False,,"Excluded because GLOBAL_E3 applies: the analysis is a between-group contrast (Controls > bvFTD-) reporting decreases in metabolism, but between-group contrasts are excluded by GLOBAL_E3.",[],"[""GLOBAL_E3""]",False,,"Excluded because GLOBAL_E3 applies: this analysis concerns functional metabolism measures (FDG-PET) rather than VBM, and is also a between-group contrast; GLOBAL_E3 excludes between-group contrasts.",[],"[""GLOBAL_E3""]",False,,Excluded because GLOBAL_E3 applies: this FDG-PET between-group contrast (Controls vs. bvFTD-) is disallowed by the global exclusion criterion GLOBAL_E3.,[],"[""GLOBAL_E3""]"
26944874,0,26944874_analysis_0,"Grey Matter Atrophy, svPPA<Control",,31,3,MNI,"[[-28.0, -6.0, -36.0], [42.0, -10.0, -38.0], [12.0, 18.0, -16.0]]",0,False,,"This analysis is a between-group contrast (svPPA < Control). GLOBAL exclusion criterion GLOBAL_E3 (between-group contrasts) applies, so it is excluded.",[],"[""GLOBAL_E3""]",False,,"This is a between-group contrast (svPPA < Control); GLOBAL_E3 (between-group contrasts) applies, so it is excluded.",[],"[""GLOBAL_E3""]",False,,"This is a between-group VBM contrast (svPPA < Control) but GLOBAL_E3 (between-group contrasts) is a global exclusion, so the analysis is excluded.",[],"[""GLOBAL_E3""]",False,,"This analysis uses structural VBM and is a between-group contrast (svPPA < Control); GLOBAL_E3 (between-group contrasts) applies, so it is excluded. Additionally, it does not use functional modalities (FUNCTIONAL_I1 not met).",[],"[""GLOBAL_E3""]"
26944874,1,26944874_analysis_1,Regression of Task Accuracy with Grey Matter Atrophy,,31,3,MNI,"[[-46.0, 10.0, -26.0], [-46.0, 0.0, -40.0], [-40.0, -24.0, -26.0]]",0,False,,Analysis is a within-group regression in the svPPA group (no bvFTD participants). Missing required global inclusion GLOBAL_I2 (participants included clinically diagnosed bvFTD).,[],[],False,,"This is a svPPA within-group regression (no bvFTD participants). Missing required global inclusion GLOBAL_I2 (bvFTD participants), so excluded.",[],[],False,,"Although this is a VBM whole-brain regression, the analysis is in svPPA (no bvFTD participants). Missing required global inclusion GLOBAL_I2 (bvFTD participants).",[],[],False,,Analysis uses structural VBM (not FDG-PET or fMRI) and is in svPPA (missing GLOBAL_I2 bvFTD participants); FUNCTIONAL_I1 not met and GLOBAL_I2 missing.,[],[]
26944874,2,26944874_analysis_2,Regression of the Reversal of Concreteness Effect with Grey Matter Atrophy,,31,3,MNI,"[[-42.0, 2.0, -40.0], [-66.0, -8.0, -18.0], [-46.0, -12.0, -2.0]]",0,False,,"This is a within-group regression in the svPPA group (reversal of concreteness effect). Missing required global inclusion GLOBAL_I2 (bvFTD participants), so excluded.",[],[],False,,"This svPPA regression does not include bvFTD participants. GLOBAL_I2 is not met, so excluded for the dementia_decreasing_activity annotation.",[],[],False,,"Although a whole-brain VBM regression, this analysis is in svPPA (no bvFTD participants). Missing GLOBAL_I2 (bvFTD participants).",[],[],False,,Analysis is structural VBM in svPPA (no bvFTD participants). FUNCTIONAL_I1 not met and GLOBAL_I2 (bvFTD participants) missing.,[],[]
26944874,3,26944874_analysis_3,"Grey Matter Atrophy, bvFTD<Control",,32,4,MNI,"[[-10.0, 46.0, -6.0], [-64.0, -10.0, -14.0], [-52.0, 0.0, -36.0], [42.0, -12.0, -28.0]]",0,False,,"This analysis is a between-group contrast (bvFTD < Control). GLOBAL exclusion criterion GLOBAL_E3 (between-group contrasts) applies, so it is excluded.",[],"[""GLOBAL_E3""]",False,,"Although this is a Control > bvFTD contrast (decreased gray matter in bvFTD), GLOBAL_E3 (between-group contrasts) is a global exclusion and thus the analysis is excluded.",[],"[""GLOBAL_E3""]",False,,"This is a between-group VBM contrast (bvFTD < Control). GLOBAL_E3 (between-group contrasts) applies as a global exclusion, so it is excluded.",[],"[""GLOBAL_E3""]",False,,This is a structural VBM between-group contrast (bvFTD < Control). GLOBAL_E3 (between-group contrasts) applies and it does not use functional modalities (FUNCTIONAL_I1 not met).,[],"[""GLOBAL_E3""]"
26944874,4,26944874_analysis_4,Regression of Task Accuracy with Grey Matter Atrophy,,32,7,MNI,"[[-8.0, 56.0, 2.0], [-30.0, 48.0, -12.0], [-20.0, 40.0, 40.0], [-4.0, 12.0, -16.0], [26.0, 58.0, 14.0], [12.0, 2.0, 18.0], [28.0, 54.0, -14.0]]",0,True,,"Global inclusion criteria are met: whole-brain VBM analysis in bvFTD participants (VBM, bvFTD sample, whole-brain).","[""GLOBAL_I1"", ""GLOBAL_I2"", ""GLOBAL_I3""]",[],False,,"This is a within-group regression relating task accuracy to gray matter atrophy in bvFTD, not a Control > bvFTD between-group contrast reporting decreased gray matter in bvFTD. DEMENTIA_DECREASING_ACTIVITY_I1 (Control > bvFTD decreases) is not met.",[],[],True,,"This is a whole-brain VBM analysis/regression in bvFTD, satisfying structural VBM criteria.","[""GLOBAL_I1"", ""GLOBAL_I2"", ""GLOBAL_I3"", ""STRUCTURAL_I1""]",[],False,,Analysis uses structural VBM (not FDG-PET or fMRI). FUNCTIONAL_I1 is not met.,[],[]
26944874,5,26944874_analysis_5,Regression of the Concreteness Effect with Grey Matter Atrophy,,32,2,MNI,"[[-30.0, 46.0, -14.0], [40.0, 10.0, -8.0]]",0,True,,"Global inclusion criteria are met: whole-brain VBM analysis in bvFTD participants (VBM modality, bvFTD sample, whole-brain).","[""GLOBAL_I1"", ""GLOBAL_I2"", ""GLOBAL_I3""]",[],False,,"This is a bvFTD within-group regression (concreteness effect vs. atrophy), not a Control > bvFTD between-group contrast reporting decreased gray matter in bvFTD. DEMENTIA_DECREASING_ACTIVITY_I1 is not met.",[],[],True,,"This analysis is a whole-brain VBM regression in bvFTD, meeting the structural VBM inclusion criteria.","[""GLOBAL_I1"", ""GLOBAL_I2"", ""GLOBAL_I3"", ""STRUCTURAL_I1""]",[],False,,This analysis uses structural VBM (not FDG-PET or fMRI). FUNCTIONAL_I1 is not met.,[],[]
27252632,0,27252632_analysis_0,AD vs. Controls,,T3,9,MNI,"[[-28.0, 4.0, -48.0], [-40.0, 14.0, 22.0], [46.0, -86.0, 6.0], [14.0, 48.0, -4.0], [-14.0, 56.0, -10.0], [34.0, 6.0, -42.0], [-46.0, -56.0, -36.0], [-4.0, 4.0, 72.0], [26.0, -12.0, -16.0]]",0,False,,"Excluded by GLOBAL_E3: this analysis is a between-group contrast (AD vs Controls), which is disallowed by global exclusion criteria.",[],"[""GLOBAL_E3""]",False,,Excluded by GLOBAL_E3: this is a between-group contrast (AD vs Controls) and global exclusion criteria prohibit between-group contrasts.,[],"[""GLOBAL_E3""]",False,,"Excluded by GLOBAL_E3: although this is a VBM (structural) analysis, it is a between-group contrast (AD vs Controls) and thus fails the global exclusion criterion.",[],"[""GLOBAL_E3""]",False,,Excluded because the analysis uses VBM (structural) rather than functional imaging; additionally it is a between-group contrast (GLOBAL_E3).,[],"[""GLOBAL_E3""]"
27252632,1,27252632_analysis_1,bvFTD vs. Controls,,T3,8,MNI,"[[-32.0, -76.0, -58.0], [50.0, -58.0, -50.0], [48.0, -54.0, 20.0], [44.0, -2.0, 38.0], [-48.0, -44.0, 10.0], [6.0, -46.0, -22.0], [46.0, 14.0, 52.0], [-18.0, -28.0, 42.0]]",0,False,,"Excluded by GLOBAL_E3: this analysis is a between-group contrast (bvFTD vs Controls), which is disallowed by global exclusion criteria.",[],"[""GLOBAL_E3""]",False,,"Excluded by GLOBAL_E3: although the table reports gray matter decreases in bvFTD relative to controls (which would meet the local inclusion), the global exclusion against between-group contrasts applies and therefore this analysis is excluded.",[],"[""GLOBAL_E3""]",False,,Excluded by GLOBAL_E3: this is a VBM (structural) between-group contrast (bvFTD vs Controls) and thus fails the global exclusion criterion.,[],"[""GLOBAL_E3""]",False,,Excluded because the analysis uses VBM (structural) rather than functional imaging; additionally it is a between-group contrast (GLOBAL_E3).,[],"[""GLOBAL_E3""]"
27252632,2,27252632_analysis_2,Episodic future thinking,,T4,7,MNI,"[[30.0, -14.0, -10.0], [36.0, -32.0, -6.0], [-32.0, -36.0, 4.0], [-6.0, -84.0, -20.0], [-20.0, -58.0, -50.0], [-42.0, -28.0, -2.0], [-28.0, -72.0, -8.0]]",0,True,,"Global inclusion criteria are met: voxel-based morphometry was used (GLOBAL_I1), bvFTD patients are included in the sample (GLOBAL_I2), and the analysis is whole-brain/voxelwise (GLOBAL_I3).","[""GLOBAL_I1"", ""GLOBAL_I2"", ""GLOBAL_I3""]",[],False,,Excluded because the analysis reports voxelwise correlations of gray matter intensity with episodic future thinking across combined patient groups rather than reporting decreases specifically for the bvFTD group; local inclusion DEMENTIA_DECREASING_ACTIVITY_I1 is not met.,[],[],True,,"Analysis uses voxel-based morphometry (VBM) and is whole-brain/voxelwise, satisfying both global and structural local inclusion criteria.","[""GLOBAL_I1"", ""GLOBAL_I2"", ""GLOBAL_I3"", ""STRUCTURAL_I1""]",[],False,,Excluded because the analysis uses VBM (structural) rather than functional imaging; FUNCTIONAL_I1 is not met.,[],[]
27252632,3,27252632_analysis_3,Semantic future thinking,,T4,13,MNI,"[[46.0, -86.0, 6.0], [16.0, -90.0, 18.0], [-14.0, 14.0, 46.0], [-54.0, -72.0, -4.0], [-20.0, -94.0, 28.0], [28.0, -38.0, 70.0], [-34.0, -30.0, -26.0], [50.0, -28.0, -18.0], [30.0, -16.0, -46.0], [-42.0, 4.0, 6.0], [-24.0, -6.0, -32.0], [52.0, -6.0, -36.0], [20.0, 60.0, -18.0]]",0,True,,"Global inclusion criteria are met: voxel-based morphometry was used (GLOBAL_I1), bvFTD patients are included in the sample (GLOBAL_I2), and the analysis is whole-brain/voxelwise (GLOBAL_I3).","[""GLOBAL_I1"", ""GLOBAL_I2"", ""GLOBAL_I3""]",[],False,,Excluded because the analysis reports voxelwise correlations of gray matter intensity with semantic future thinking across combined patient groups rather than reporting decreases specifically for the bvFTD group; local inclusion DEMENTIA_DECREASING_ACTIVITY_I1 is not met.,[],[],True,,"Analysis uses voxel-based morphometry (VBM) and is whole-brain/voxelwise, satisfying both global and structural local inclusion criteria.","[""GLOBAL_I1"", ""GLOBAL_I2"", ""GLOBAL_I3"", ""STRUCTURAL_I1""]",[],False,,Excluded because the analysis uses VBM (structural) rather than functional imaging; FUNCTIONAL_I1 is not met.,[],[]
27258418,0,27258418_analysis_0,AD versus Controls,,44,4,MNI,"[[-46.0, -56.0, 14.0], [-14.0, 48.0, 4.0], [24.0, -80.0, -56.0], [34.0, -36.0, 54.0]]",0,False,,Analysis is a between-group contrast (AD vs Controls); global exclusion GLOBAL_E3 (between-group contrasts) applies.,[],"[""GLOBAL_E3""]",False,,Analysis is a between-group contrast (AD vs Controls); global exclusion GLOBAL_E3 (between-group contrasts) applies.,[],"[""GLOBAL_E3""]",False,,Analysis is a between-group contrast (AD vs Controls); global exclusion GLOBAL_E3 (between-group contrasts) applies.,[],"[""GLOBAL_E3""]",False,,Analysis is a between-group contrast (AD vs Controls); global exclusion GLOBAL_E3 (between-group contrasts) applies.,[],"[""GLOBAL_E3""]"
27258418,1,27258418_analysis_1,bvFTD versus Controls,,44,1,MNI,"[[34.0, -8.0, -52.0]]",0,False,,Analysis is a between-group contrast (bvFTD vs Controls); global exclusion GLOBAL_E3 (between-group contrasts) applies.,[],"[""GLOBAL_E3""]",False,,"Although this contrast likely reports gray-matter decreases in bvFTD relative to Controls, it is a between-group contrast and is excluded by GLOBAL_E3.",[],"[""GLOBAL_E3""]",False,,Analysis is a between-group contrast (bvFTD vs Controls); global exclusion GLOBAL_E3 (between-group contrasts) applies.,[],"[""GLOBAL_E3""]",False,,Analysis is a between-group contrast (bvFTD vs Controls); global exclusion GLOBAL_E3 (between-group contrasts) applies.,[],"[""GLOBAL_E3""]"
27258418,2,27258418_analysis_2,bvFTD versus AD,,44,4,MNI,"[[50.0, 8.0, -40.0], [-12.0, 18.0, -18.0], [12.0, 14.0, 2.0], [-32.0, 14.0, -30.0]]",0,False,,Analysis is a between-group contrast (bvFTD vs AD); global exclusion GLOBAL_E3 (between-group contrasts) applies.,[],"[""GLOBAL_E3""]",False,,Analysis is a between-group contrast (bvFTD vs AD); global exclusion GLOBAL_E3 (between-group contrasts) applies.,[],"[""GLOBAL_E3""]",False,,Analysis is a between-group contrast (bvFTD vs AD); global exclusion GLOBAL_E3 (between-group contrasts) applies.,[],"[""GLOBAL_E3""]",False,,Analysis is a between-group contrast (bvFTD vs AD); global exclusion GLOBAL_E3 (between-group contrasts) applies.,[],"[""GLOBAL_E3""]"
27258418,3,27258418_analysis_3,AD versus bvFTD,,44,0,,[],0,False,,Analysis is a between-group contrast (AD vs bvFTD); global exclusion GLOBAL_E3 (between-group contrasts) applies.,[],"[""GLOBAL_E3""]",False,,Analysis is a between-group contrast (AD vs bvFTD); global exclusion GLOBAL_E3 (between-group contrasts) applies.,[],"[""GLOBAL_E3""]",False,,Analysis is a between-group contrast (AD vs bvFTD); global exclusion GLOBAL_E3 (between-group contrasts) applies.,[],"[""GLOBAL_E3""]",False,,Analysis is a between-group contrast (AD vs bvFTD); global exclusion GLOBAL_E3 (between-group contrasts) applies.,[],"[""GLOBAL_E3""]"
27258418,4,27258418_analysis_4,AD,Perspective Taking,45,5,MNI,"[[-56.0, -22.0, -18.0], [-50.0, -54.0, -4.0], [-28.0, -16.0, -38.0], [54.0, -20.0, -14.0], [-32.0, -60.0, -34.0]]",0,True,,"Analysis is a whole-brain VBM correlation (Perspective Taking in AD) from a study that includes bvFTD patients; meets GLOBAL_I1, GLOBAL_I2, GLOBAL_I3.","[""GLOBAL_I1"", ""GLOBAL_I2"", ""GLOBAL_I3""]",[],False,,This analysis reports VBM correlations within the AD group; it does not report decreases in activity/GM specifically for the bvFTD group (missing DEMENTIA_DECREASING_ACTIVITY_I1).,[],[],True,,This is a voxel-based morphometry (VBM) whole-brain analysis (AD perspective-taking correlations); meets STRUCTURAL_I1 and global VBM/whole-brain criteria.,"[""GLOBAL_I1"", ""GLOBAL_I2"", ""GLOBAL_I3"", ""STRUCTURAL_I1""]",[],False,,"Analysis uses structural VBM, not functional imaging modalities (missing FUNCTIONAL_I1).",[],[]
27258418,5,27258418_analysis_5,bvFTD,Perspective Taking,45,17,MNI,"[[44.0, -4.0, -48.0], [6.0, 30.0, -30.0], [-42.0, -8.0, -48.0], [-44.0, -14.0, -4.0], [-24.0, 58.0, -4.0], [24.0, -32.0, -10.0], [-28.0, -72.0, -36.0], [-50.0, -54.0, -4.0], [10.0, -82.0, -34.0], [-20.0, -72.0, 16.0], [-26.0, -88.0, -4.0], [-58.0, -14.0, -22.0], [20.0, -86.0, 26.0], [-58.0, -22.0, 36.0], [-24.0, -38.0, 0.0], [24.0, -90.0, -12.0], [-10.0, 32.0, -28.0]]",0,True,,"Analysis is a whole-brain VBM correlation (Perspective Taking in bvFTD) from a study that includes bvFTD patients; meets GLOBAL_I1, GLOBAL_I2, GLOBAL_I3.","[""GLOBAL_I1"", ""GLOBAL_I2"", ""GLOBAL_I3""]",[],True,,"Analysis reports correlations between reduced gray matter intensity and perspective-taking in the bvFTD group, i.e., decreased gray matter associated with deficits in bvFTD, satisfying DEMENTIA_DECREASING_ACTIVITY_I1.","[""GLOBAL_I1"", ""GLOBAL_I2"", ""GLOBAL_I3"", ""DEMENTIA_DECREASING_ACTIVITY_I1""]",[],True,,This is a voxel-based morphometry (VBM) whole-brain analysis (bvFTD perspective-taking correlations); meets STRUCTURAL_I1 and global VBM/whole-brain criteria.,"[""GLOBAL_I1"", ""GLOBAL_I2"", ""GLOBAL_I3"", ""STRUCTURAL_I1""]",[],False,,"Analysis uses structural VBM, not functional imaging modalities (missing FUNCTIONAL_I1).",[],[]
27258418,6,27258418_analysis_6,AD,Empathic Concern,46,0,,[],0,True,,"Analysis is a whole-brain VBM correlation (Empathic Concern in AD) from a study that includes bvFTD patients; meets GLOBAL_I1, GLOBAL_I2, GLOBAL_I3.","[""GLOBAL_I1"", ""GLOBAL_I2"", ""GLOBAL_I3""]",[],False,,This analysis reports VBM correlations within the AD group; it does not report decreases in activity/GM specifically for the bvFTD group (missing DEMENTIA_DECREASING_ACTIVITY_I1).,[],[],True,,This is a voxel-based morphometry (VBM) whole-brain analysis (AD empathic concern correlations); meets STRUCTURAL_I1 and global VBM/whole-brain criteria.,"[""GLOBAL_I1"", ""GLOBAL_I2"", ""GLOBAL_I3"", ""STRUCTURAL_I1""]",[],False,,"Analysis uses structural VBM, not functional imaging modalities (missing FUNCTIONAL_I1).",[],[]
27258418,7,27258418_analysis_7,bvFTD,Empathic Concern,46,7,MNI,"[[-38.0, 24.0, -12.0], [-28.0, -26.0, 50.0], [-12.0, -26.0, 36.0], [-28.0, -70.0, 28.0], [-10.0, -6.0, 8.0], [-42.0, -50.0, 16.0], [12.0, -18.0, 38.0]]",0,True,,"Analysis is a whole-brain VBM correlation (Empathic Concern in bvFTD) from a study that includes bvFTD patients; meets GLOBAL_I1, GLOBAL_I2, GLOBAL_I3.","[""GLOBAL_I1"", ""GLOBAL_I2"", ""GLOBAL_I3""]",[],True,,"Analysis reports correlations between reduced gray matter intensity and empathic concern impairments in the bvFTD group, i.e., decreased gray matter associated with deficits in bvFTD, satisfying DEMENTIA_DECREASING_ACTIVITY_I1.","[""GLOBAL_I1"", ""GLOBAL_I2"", ""GLOBAL_I3"", ""DEMENTIA_DECREASING_ACTIVITY_I1""]",[],True,,This is a voxel-based morphometry (VBM) whole-brain analysis (bvFTD empathic concern correlations); meets STRUCTURAL_I1 and global VBM/whole-brain criteria.,"[""GLOBAL_I1"", ""GLOBAL_I2"", ""GLOBAL_I3"", ""STRUCTURAL_I1""]",[],False,,"Analysis uses structural VBM, not functional imaging modalities (missing FUNCTIONAL_I1).",[],[]
27301638,0,27301638_analysis_0,Quantifiers,,t0010,17,MNI,"[[-12.0, 12.0, 7.0], [10.0, 14.0, 7.0], [-8.0, -42.0, -30.0], [-8.0, 25.0, -13.0], [4.0, -19.0, 6.0], [-55.0, 7.0, 18.0], [28.0, 48.0, 23.0], [10.0, -32.0, -24.0], [-22.0, 16.0, 42.0], [40.0, -27.0, 49.0], [8.0, -44.0, 19.0], [-38.0, -36.0, 17.0], [-24.0, 9.0, 59.0], [26.0, 14.0, 47.0], [-4.0, 15.0, 38.0], [-40.0, 21.0, 27.0], [42.0, 25.0, 2.0]]",0,False,,Imaging modality not specified; GLOBAL_I1 (VBM/fMRI/FDG-PET) not met and GLOBAL_I3 (whole-brain voxelwise map) not specified.,[],[],False,,"Missing required imaging modality and whole-brain map (GLOBAL_I1, GLOBAL_I3) and does not report decreases for bvFTD (DEMENTIA_DECREASING_ACTIVITY_I1).",[],[],False,,VBM not specified (STRUCTURAL_I1) and GLOBAL_I1 (VBM/fMRI/FDG-PET) not met; whole-brain voxelwise map not specified (GLOBAL_I3).,[],[],False,,Functional modality not specified (FUNCTIONAL_I1) and GLOBAL_I1 (VBM/fMRI/FDG-PET) not met; whole-brain voxelwise map not specified (GLOBAL_I3).,[],[]
27301638,1,27301638_analysis_1,Object Nouns,,t0010,11,MNI,"[[-44.0, -46.0, -18.0], [-55.0, -3.0, -13.0], [-46.0, 12.0, -31.0], [-34.0, -2.0, -40.0], [-6.0, -12.0, 26.0], [-63.0, -36.0, -15.0], [-6.0, 17.0, 19.0], [-63.0, -13.0, -21.0], [-34.0, -24.0, -19.0], [10.0, -41.0, -40.0], [28.0, -39.0, -5.0]]",0,False,,Imaging modality not specified; GLOBAL_I1 (VBM/fMRI/FDG-PET) not met and GLOBAL_I3 (whole-brain voxelwise map) not specified.,[],[],False,,"Missing required imaging modality and whole-brain map (GLOBAL_I1, GLOBAL_I3) and does not report decreases for bvFTD (DEMENTIA_DECREASING_ACTIVITY_I1).",[],[],False,,VBM not specified (STRUCTURAL_I1) and GLOBAL_I1 (VBM/fMRI/FDG-PET) not met; whole-brain voxelwise map not specified (GLOBAL_I3).,[],[],False,,Functional modality not specified (FUNCTIONAL_I1) and GLOBAL_I1 (VBM/fMRI/FDG-PET) not met; whole-brain voxelwise map not specified (GLOBAL_I3).,[],[]
27301638,2,27301638_analysis_2,CBS < Eld,,t0015,7,MNI,"[[-26.0, 4.0, -44.0], [64.0, -4.0, -24.0], [26.0, -8.0, -14.0], [32.0, 18.0, 54.0], [-4.0, -66.0, 44.0], [-12.0, -24.0, 44.0], [44.0, -2.0, 48.0]]",0,False,,Between-group contrast (patient vs control) — excluded by GLOBAL_E3.,[],"[""GLOBAL_E3""]",False,,Between-group contrast (patient vs control) — excluded by GLOBAL_E3.,[],"[""GLOBAL_E3""]",False,,Between-group contrast (patient vs control) — excluded by GLOBAL_E3 even if VBM were used.,[],"[""GLOBAL_E3""]",False,,Between-group contrast (patient vs control) — excluded by GLOBAL_E3 even if functional modality were used.,[],"[""GLOBAL_E3""]"
27301638,3,27301638_analysis_3,bvFTD < Eld,,t0015,2,MNI,"[[42.0, -2.0, -48.0], [-18.0, -34.0, -6.0]]",0,False,,Between-group contrast (bvFTD vs control) — excluded by GLOBAL_E3.,[],"[""GLOBAL_E3""]",False,,"Although this labels a decrease in bvFTD (DEMENTIA_DECREASING_ACTIVITY_I1), the analysis is a between-group contrast (bvFTD < Eld) and is excluded by GLOBAL_E3.",[],"[""GLOBAL_E3""]",False,,Between-group contrast (bvFTD vs control) — excluded by GLOBAL_E3 even if VBM were used.,[],"[""GLOBAL_E3""]",False,,Between-group contrast (bvFTD vs control) — excluded by GLOBAL_E3 even if functional modality were used.,[],"[""GLOBAL_E3""]"
27301638,4,27301638_analysis_4,svPPA < Eld,,t0015,3,MNI,"[[-24.0, -4.0, -50.0], [36.0, -8.0, -48.0], [14.0, 6.0, -12.0]]",0,False,,Between-group contrast (svPPA vs control) — excluded by GLOBAL_E3.,[],"[""GLOBAL_E3""]",False,,This is a between-group contrast (svPPA < Eld); GLOBAL_E3 excludes between-group contrasts and the local criterion targets bvFTD decreases (DEMENTIA_DECREASING_ACTIVITY_I1) which is not applicable here.,[],"[""GLOBAL_E3""]",False,,Between-group contrast (svPPA vs control) — excluded by GLOBAL_E3 even if VBM were used.,[],"[""GLOBAL_E3""]",False,,Between-group contrast (svPPA vs control) — excluded by GLOBAL_E3 even if functional modality were used.,[],"[""GLOBAL_E3""]"
27301638,5,27301638_analysis_5,CBS < Eld,,t0020,1,MNI,"[[9.0, -12.0, -14.0]]",0,False,,Between-group contrast (CBS vs control) — excluded by GLOBAL_E3.,[],"[""GLOBAL_E3""]",False,,Between-group contrast (CBS < Eld) — excluded by GLOBAL_E3; local criterion targets bvFTD decreases (DEMENTIA_DECREASING_ACTIVITY_I1) which is not applicable.,[],"[""GLOBAL_E3""]",False,,Between-group contrast (CBS vs control) — excluded by GLOBAL_E3 even if VBM were used.,[],"[""GLOBAL_E3""]",False,,Between-group contrast (CBS vs control) — excluded by GLOBAL_E3 even if functional modality were used.,[],"[""GLOBAL_E3""]"
27301638,6,27301638_analysis_6,(quantifier connections),,t0020,5,MNI,"[[-2.0, -8.0, 27.0], [-44.0, -46.0, 1.0], [-9.0, 43.0, -15.0], [10.0, 34.0, -16.0], [20.0, -10.0, 46.0]]",0,False,,Label indicates connectivity ('connections') — likely seed-based or functional connectivity and therefore excluded by GLOBAL_E2.,[],"[""GLOBAL_E2""]",False,,Connectivity analysis (connections) — excluded by GLOBAL_E2; does not appear to be a decrease-in-bvFTD between-group VBM/fMRI/FDG analysis (DEMENTIA_DECREASING_ACTIVITY_I1 not met).,[],"[""GLOBAL_E2""]",False,,"This appears to be a connectivity analysis (connections), not a VBM structural analysis (STRUCTURAL_I1); excluded by GLOBAL_E2.",[],"[""GLOBAL_E2""]",False,,"Connectivity analysis (connections) — likely functional connectivity and excluded by GLOBAL_E2. If it were FDG-PET/fMRI task-based whole-brain, GLOBAL_I1/GLOBAL_I3 would still need to be met and modality specified.",[],"[""GLOBAL_E2""]"
27301638,7,27301638_analysis_7,bvFTD < Eld,,t0020,1,MNI,"[[-13.0, 38.0, -17.0]]",0,False,,Between-group contrast (bvFTD vs control) — excluded by GLOBAL_E3.,[],"[""GLOBAL_E3""]",False,,"Although this is a bvFTD contrast, it is a between-group contrast (bvFTD < Eld) and thus excluded by GLOBAL_E3 despite matching DEMENTIA_DECREASING_ACTIVITY_I1.",[],"[""GLOBAL_E3""]",False,,Between-group contrast (bvFTD vs control) — excluded by GLOBAL_E3 even if VBM were used.,[],"[""GLOBAL_E3""]",False,,Between-group contrast (bvFTD vs control) — excluded by GLOBAL_E3 even if functional modality were used.,[],"[""GLOBAL_E3""]"
27301638,8,27301638_analysis_8,(quantifier connections),,t0020,5,MNI,"[[4.0, -37.0, -18.0], [-38.0, -34.0, -7.0], [3.0, -37.0, 20.0], [37.0, -11.0, -18.0], [2.0, 0.0, 3.0]]",0,False,,Label indicates connectivity ('connections') — likely seed-based or functional connectivity and therefore excluded by GLOBAL_E2.,[],"[""GLOBAL_E2""]",False,,Connectivity analysis (connections) — excluded by GLOBAL_E2; does not explicitly report decreases in bvFTD (DEMENTIA_DECREASING_ACTIVITY_I1 not established).,[],"[""GLOBAL_E2""]",False,,"This appears to be a connectivity analysis (connections), not a VBM structural analysis (STRUCTURAL_I1); excluded by GLOBAL_E2.",[],"[""GLOBAL_E2""]",False,,"Connectivity analysis (connections) — likely functional connectivity and excluded by GLOBAL_E2. If intended as FDG-PET/fMRI whole-brain, modality not specified (GLOBAL_I1/GLOBAL_I3).",[],"[""GLOBAL_E2""]"
27301638,9,27301638_analysis_9,CBS < Eld,,t0020,1,MNI,"[[-46.0, -44.0, -2.0]]",0,False,,Between-group contrast (CBS vs control) — excluded by GLOBAL_E3.,[],"[""GLOBAL_E3""]",False,,Between-group contrast (CBS < Eld) — excluded by GLOBAL_E3; local criterion targets bvFTD decreases (DEMENTIA_DECREASING_ACTIVITY_I1) which is not applicable.,[],"[""GLOBAL_E3""]",False,,Between-group contrast (CBS vs control) — excluded by GLOBAL_E3 even if VBM were used.,[],"[""GLOBAL_E3""]",False,,Between-group contrast (CBS vs control) — excluded by GLOBAL_E3 even if functional modality were used.,[],"[""GLOBAL_E3""]"
27301638,10,27301638_analysis_10,(noun connections),,t0020,1,MNI,"[[-44.0, -39.0, 29.0]]",0,False,,Label indicates connectivity ('noun connections') — likely seed-based or functional connectivity and therefore excluded by GLOBAL_E2.,[],"[""GLOBAL_E2""]",False,,Connectivity analysis — excluded by GLOBAL_E2; does not explicitly report decreases in bvFTD (DEMENTIA_DECREASING_ACTIVITY_I1 not established).,[],"[""GLOBAL_E2""]",False,,"This appears to be a connectivity analysis (noun connections), not a VBM structural analysis (STRUCTURAL_I1); excluded by GLOBAL_E2.",[],"[""GLOBAL_E2""]",False,,"Connectivity analysis — likely functional connectivity and excluded by GLOBAL_E2. If it were FDG-PET/fMRI whole-brain, modality not specified (GLOBAL_I1/GLOBAL_I3).",[],"[""GLOBAL_E2""]"
27301638,11,27301638_analysis_11,bvFTD < Eld,,t0020,1,MNI,"[[-48.0, -26.0, -21.0]]",0,False,,Between-group contrast (bvFTD vs control) — excluded by GLOBAL_E3.,[],"[""GLOBAL_E3""]",False,,"Although this indicates a bvFTD contrast, it is a between-group contrast (bvFTD < Eld) and excluded by GLOBAL_E3 despite matching DEMENTIA_DECREASING_ACTIVITY_I1.",[],"[""GLOBAL_E3""]",False,,Between-group contrast (bvFTD vs control) — excluded by GLOBAL_E3 even if VBM were used.,[],"[""GLOBAL_E3""]",False,,Between-group contrast (bvFTD vs control) — excluded by GLOBAL_E3 even if functional modality were used.,[],"[""GLOBAL_E3""]"
27301638,12,27301638_analysis_12,(noun connections),,t0020,1,MNI,"[[-15.0, 28.0, -14.0]]",0,False,,Label indicates connectivity ('noun connections') — likely seed-based or functional connectivity and therefore excluded by GLOBAL_E2.,[],"[""GLOBAL_E2""]",False,,Connectivity analysis — excluded by GLOBAL_E2; does not explicitly report decreases in bvFTD (DEMENTIA_DECREASING_ACTIVITY_I1 not established).,[],"[""GLOBAL_E2""]",False,,"This appears to be a connectivity analysis (noun connections), not a VBM structural analysis (STRUCTURAL_I1); excluded by GLOBAL_E2.",[],"[""GLOBAL_E2""]",False,,"Connectivity analysis — likely functional connectivity and excluded by GLOBAL_E2. If it were FDG-PET/fMRI whole-brain, modality not specified (GLOBAL_I1/GLOBAL_I3).",[],"[""GLOBAL_E2""]"
27301638,13,27301638_analysis_13,svPPA < Eld (noun connections),,t0020,1,MNI,"[[-34.0, 1.0, -37.0]]",0,False,,This entry combines a between-group contrast (svPPA < Eld) and 'noun connections' — excluded by GLOBAL_E3 (between-group contrasts) and GLOBAL_E2 (connectivity/seed-based analyses).,[],"[""GLOBAL_E3"", ""GLOBAL_E2""]",False,,Combined between-group contrast and connectivity — excluded by GLOBAL_E3 and GLOBAL_E2; local decrease-in-bvFTD criterion (DEMENTIA_DECREASING_ACTIVITY_I1) is not applicable to svPPA.,[],"[""GLOBAL_E3"", ""GLOBAL_E2""]",False,,Between-group contrast and connectivity — excluded by GLOBAL_E3 and GLOBAL_E2 even if VBM were used.,[],"[""GLOBAL_E3"", ""GLOBAL_E2""]",False,,Between-group contrast and connectivity — excluded by GLOBAL_E3 and GLOBAL_E2 even if functional modality were used.,[],"[""GLOBAL_E3"", ""GLOBAL_E2""]"
27567867,0,27567867_analysis_0,VBM differences between DbvFTD >AbvFTD groups in selected ROIs,,35,9,None,"[[52.5, 9.9, 24.3], [49.4, 12.9, 17.6], [62.5, 19.9, 14.3], [39.6, 61.2, 0.8], [29.6, 69.3, 0.9], [-1.8, 30.6, 24.3], [-8.1, 12.6, -1.5], [-34.2, 9.9, -24.3], [-37.8, 10.8, -24.2]]",0,False,,"Analysis is a VBM ROI-based subgroup contrast (DbvFTD > AbvFTD). Global exclusion criteria apply: this is an ROI analysis (GLOBAL_E1) and a between-subgroup contrast (GLOBAL_E3), so the global criteria fail.",[],"[""GLOBAL_E1"", ""GLOBAL_E3""]",False,,"Does not meet global criteria: the analysis is ROI-based (GLOBAL_E1) and a between-subgroup contrast (DbvFTD > AbvFTD) (GLOBAL_E3). Additionally, the reported contrast (DbvFTD > AbvFTD) does not represent decreases in bvFTD relative to controls (local inclusion DEMENTIA_DECREASING_ACTIVITY_I1 not met).",[],"[""GLOBAL_E1"", ""GLOBAL_E3""]",False,,"Although the analysis uses VBM (meets STRUCTURAL_I1), it is an ROI analysis and a between-subgroup contrast, triggering global exclusions (GLOBAL_E1 and GLOBAL_E3). Therefore it fails global criteria.",[],"[""GLOBAL_E1"", ""GLOBAL_E3""]",False,,"The analysis is VBM (structural), not a functional modality; moreover it is an ROI subgroup contrast, so global exclusions apply (GLOBAL_E1 and GLOBAL_E3). Functional local inclusion (FUNCTIONAL_I1) is not met.",[],"[""GLOBAL_E1"", ""GLOBAL_E3""]"
28119587,0,28119587_analysis_0,AD,Statistics of significant differences in gray matter anatomical volume.,T2,1,MNI,"[[30.0, 25.0, 12.0]]",0,False,,"Excluded because global exclusion GLOBAL_E3 applies: this analysis reports between-group contrasts (patient vs control), which meets the global exclusion criterion.",[],"[""GLOBAL_E3""]",False,,"Excluded because global exclusion GLOBAL_E3 applies (between-group contrast). Additionally, this analysis concerns AD group gray matter differences, not decreases reported for bvFTD specifically.",[],"[""GLOBAL_E3""]",False,,"Excluded because global exclusion GLOBAL_E3 applies: although this is a VBM (structural) analysis (STRUCTURAL_I1 met), the analysis is a between-group contrast and therefore excluded by the global criteria.",[],"[""GLOBAL_E3""]",False,,Excluded because global exclusion GLOBAL_E3 applies: this analysis is a between-group voxelwise contrast and thus fails the global exclusion criteria for functional annotations.,[],"[""GLOBAL_E3""]"
28119587,1,28119587_analysis_1,bvFTD,Statistics of significant differences in gray matter anatomical volume.,T2,1,MNI,"[[31.0, 16.0, 30.0]]",0,False,,Excluded because global exclusion GLOBAL_E3 applies: this analysis reports between-group contrasts (patient vs control).,[],"[""GLOBAL_E3""]",False,,"Excluded because global exclusion GLOBAL_E3 applies (between-group contrast). Although this analysis concerns gray matter differences and may include bvFTD comparisons at the study level, the analysis itself is a patient vs control contrast and is excluded by the global criteria.",[],"[""GLOBAL_E3""]",False,,Excluded because global exclusion GLOBAL_E3 applies: this is a VBM structural group comparison but is excluded due to being a between-group contrast.,[],"[""GLOBAL_E3""]",False,,Excluded because global exclusion GLOBAL_E3 applies: this analysis is a between-group voxelwise contrast and so fails the global exclusion criteria for functional annotations.,[],"[""GLOBAL_E3""]"
28119587,2,28119587_analysis_2,"AD, DMN, wbICA non-CV",,T3,1,MNI,"[[23.0, 21.0, 22.0]]",0,False,,"Excluded because global exclusions GLOBAL_E2 (resting-state analyses) and GLOBAL_E3 (between-group contrasts) apply: this is a resting-state group comparison (wbICA, non-CV) comparing AD to controls.",[],"[""GLOBAL_E2"", ""GLOBAL_E3""]",False,,"Excluded because global exclusions GLOBAL_E2 and GLOBAL_E3 apply. Also, this analysis pertains to AD group connectivity (not bvFTD decreases), so it does not meet the local inclusion for bvFTD decreases.",[],"[""GLOBAL_E2"", ""GLOBAL_E3""]",False,,"Excluded because global exclusions GLOBAL_E2 and GLOBAL_E3 apply: this is a functional resting-state ICA analysis (not VBM), and additionally is a between-group contrast.",[],"[""GLOBAL_E2"", ""GLOBAL_E3""]",False,,Excluded because global exclusions GLOBAL_E2 (resting-state analyses) and GLOBAL_E3 (between-group contrasts) apply: this analysis is an rs-fMRI wbICA patient vs control contrast.,[],"[""GLOBAL_E2"", ""GLOBAL_E3""]"
28119587,3,28119587_analysis_3,"AD, DMN, wbICA CV",,T3,1,MNI,"[[23.0, 21.0, 22.0]]",0,False,,Excluded because global exclusions GLOBAL_E2 (resting-state analyses) and GLOBAL_E3 (between-group contrasts) apply: this is a resting-state wbICA with CV quality control comparing AD to controls.,[],"[""GLOBAL_E2"", ""GLOBAL_E3""]",False,,"Excluded because global exclusions GLOBAL_E2 and GLOBAL_E3 apply. Although decreases in AD DMN connectivity are reported, the annotation targets bvFTD decreases specifically, which this analysis does not represent.",[],"[""GLOBAL_E2"", ""GLOBAL_E3""]",False,,"Excluded because global exclusions GLOBAL_E2 and GLOBAL_E3 apply: this is a functional rs-fMRI analysis (wbICA with CV), not a VBM structural analysis, and is a between-group contrast.",[],"[""GLOBAL_E2"", ""GLOBAL_E3""]",False,,Excluded because global exclusions GLOBAL_E2 and GLOBAL_E3 apply: rs-fMRI wbICA (with CV) comparing AD to controls is both a resting-state analysis and a between-group contrast.,[],"[""GLOBAL_E2"", ""GLOBAL_E3""]"
28119587,4,28119587_analysis_4,"AD, DMN, gmICA non-CV",,T3,0,,[],0,False,,Excluded because global exclusions GLOBAL_E2 (resting-state analyses) and GLOBAL_E3 (between-group contrasts) apply: this is gmICA without CV for AD vs controls (resting-state group contrast).,[],"[""GLOBAL_E2"", ""GLOBAL_E3""]",False,,"Excluded because global exclusions GLOBAL_E2 and GLOBAL_E3 apply. Additionally, this analysis (AD, gmICA non-CV) does not report bvFTD decreases which the annotation targets.",[],"[""GLOBAL_E2"", ""GLOBAL_E3""]",False,,"Excluded because global exclusions GLOBAL_E2 and GLOBAL_E3 apply: this is a functional resting-state ICA analysis (gmICA), not a VBM structural analysis, and is a between-group contrast.",[],"[""GLOBAL_E2"", ""GLOBAL_E3""]",False,,Excluded because global exclusions GLOBAL_E2 and GLOBAL_E3 apply: rs-fMRI gmICA non-CV comparing AD to controls is a resting-state between-group analysis.,[],"[""GLOBAL_E2"", ""GLOBAL_E3""]"
28119587,5,28119587_analysis_5,"AD, DMN, gmICA CV",,T3,1,MNI,"[[23.0, 20.0, 23.0]]",0,False,,Excluded because global exclusions GLOBAL_E2 (resting-state analyses) and GLOBAL_E3 (between-group contrasts) apply: this is gmICA with CV for AD vs controls (resting-state group contrast).,[],"[""GLOBAL_E2"", ""GLOBAL_E3""]",False,,"Excluded because global exclusions GLOBAL_E2 and GLOBAL_E3 apply. This analysis reports AD DMN decreases, not bvFTD decreases targeted by this annotation.",[],"[""GLOBAL_E2"", ""GLOBAL_E3""]",False,,"Excluded because global exclusions GLOBAL_E2 and GLOBAL_E3 apply: this is a functional resting-state gmICA analysis, not a structural VBM analysis, and is a between-group contrast.",[],"[""GLOBAL_E2"", ""GLOBAL_E3""]",False,,Excluded because global exclusions GLOBAL_E2 and GLOBAL_E3 apply: rs-fMRI gmICA with CV comparing AD to controls is both a resting-state and between-group analysis.,[],"[""GLOBAL_E2"", ""GLOBAL_E3""]"
28119587,6,28119587_analysis_6,"bvFTD, SLN, wbICA non-CV",,T3,1,MNI,"[[35.0, 32.0, 16.0]]",0,False,,Excluded because global exclusions GLOBAL_E2 (resting-state analyses) and GLOBAL_E3 (between-group contrasts) apply: this is wbICA non-CV comparing bvFTD to controls.,[],"[""GLOBAL_E2"", ""GLOBAL_E3""]",False,,"Excluded because global exclusions GLOBAL_E2 and GLOBAL_E3 apply: although this analysis reports decreased SLN connectivity in bvFTD, it is a resting-state between-group contrast and thus excluded by global criteria.",[],"[""GLOBAL_E2"", ""GLOBAL_E3""]",False,,"Excluded because global exclusions GLOBAL_E2 and GLOBAL_E3 apply: this is a functional resting-state wbICA analysis for bvFTD, not a VBM structural analysis, and is a between-group contrast.",[],"[""GLOBAL_E2"", ""GLOBAL_E3""]",False,,Excluded because global exclusions GLOBAL_E2 (resting-state analyses) and GLOBAL_E3 (between-group contrasts) apply: wbICA non-CV comparing bvFTD to controls is a resting-state patient vs control contrast.,[],"[""GLOBAL_E2"", ""GLOBAL_E3""]"
28119587,7,28119587_analysis_7,"bvFTD, SLN, wbICA CV",,T3,2,MNI,"[[22.0, 7.0, 19.0], [35.0, 32.0, 16.0]]",0,False,,Excluded because global exclusions GLOBAL_E2 (resting-state analyses) and GLOBAL_E3 (between-group contrasts) apply: this is wbICA with CV comparing bvFTD to controls.,[],"[""GLOBAL_E2"", ""GLOBAL_E3""]",False,,"Excluded because global exclusions GLOBAL_E2 and GLOBAL_E3 apply: although decreased SLN connectivity in bvFTD is reported here, the analysis is a resting-state between-group contrast and is excluded by global criteria.",[],"[""GLOBAL_E2"", ""GLOBAL_E3""]",False,,"Excluded because global exclusions GLOBAL_E2 and GLOBAL_E3 apply: this is a functional rs-fMRI wbICA analysis (with CV) for bvFTD, not a VBM structural analysis, and is a between-group contrast.",[],"[""GLOBAL_E2"", ""GLOBAL_E3""]",False,,Excluded because global exclusions GLOBAL_E2 and GLOBAL_E3 apply: wbICA with CV comparing bvFTD to controls is a resting-state between-group analysis.,[],"[""GLOBAL_E2"", ""GLOBAL_E3""]"
28119587,8,28119587_analysis_8,"bvFTD, SLN, gmICA non-CV",,T3,0,,[],0,False,,Excluded because global exclusions GLOBAL_E2 (resting-state analyses) and GLOBAL_E3 (between-group contrasts) apply: this is gmICA non-CV comparing bvFTD to controls.,[],"[""GLOBAL_E2"", ""GLOBAL_E3""]",False,,"Excluded because global exclusions GLOBAL_E2 and GLOBAL_E3 apply. Note the gmICA non-CV condition did not detect changes in either patient group per the table, so it also fails local inclusion for bvFTD decreases.",[],"[""GLOBAL_E2"", ""GLOBAL_E3""]",False,,"Excluded because global exclusions GLOBAL_E2 and GLOBAL_E3 apply: this is a functional gmICA resting-state analysis (non-CV) for bvFTD, not VBM, and is a between-group contrast.",[],"[""GLOBAL_E2"", ""GLOBAL_E3""]",False,,Excluded because global exclusions GLOBAL_E2 and GLOBAL_E3 apply: rs-fMRI gmICA non-CV comparing bvFTD to controls is both a resting-state analysis and a between-group contrast.,[],"[""GLOBAL_E2"", ""GLOBAL_E3""]"
28119587,9,28119587_analysis_9,"bvFTD, SLN, gmICA CV",,T3,1,MNI,"[[8.0, 31.0, 16.0]]",0,False,,Excluded because global exclusions GLOBAL_E2 (resting-state analyses) and GLOBAL_E3 (between-group contrasts) apply: this is gmICA with CV comparing bvFTD to controls.,[],"[""GLOBAL_E2"", ""GLOBAL_E3""]",False,,"Excluded because global exclusions GLOBAL_E2 and GLOBAL_E3 apply: although this analysis reports decreased SLN connectivity in bvFTD with CV, it is a resting-state between-group contrast and thus excluded by the global criteria.",[],"[""GLOBAL_E2"", ""GLOBAL_E3""]",False,,"Excluded because global exclusions GLOBAL_E2 and GLOBAL_E3 apply: this is a functional gmICA with CV resting-state analysis for bvFTD, not a VBM structural analysis, and is a between-group contrast.",[],"[""GLOBAL_E2"", ""GLOBAL_E3""]",False,,Excluded because global exclusions GLOBAL_E2 (resting-state analyses) and GLOBAL_E3 (between-group contrasts) apply: rs-fMRI gmICA with CV comparing bvFTD to controls is a resting-state patient vs control contrast.,[],"[""GLOBAL_E2"", ""GLOBAL_E3""]"
28219620,0,28219620_analysis_0,analysis_0,Regions (based on AAL) of significant atrophy (local maxima) in bvFTD patients compared with healthy controls.,t0015,19,None,"[[37.7, -19.5, -30.0], [24.0, -6.0, -16.5], [-13.5, -36.0, 3.0], [-24.0, 9.0, -19.5], [48.0, 10.5, -19.5], [66.0, -45.0, 10.5], [46.5, -79.5, 7.5], [-4.5, -1.5, 57.0], [6.0, 0.0, 43.5], [-4.5, -34.5, 49.5], [-42.0, -4.5, 54.0], [48.0, 33.0, 9.0], [-24.0, -78.0, 43.5], [-24.0, -84.0, 30.0], [60.0, -9.0, 4.5], [-13.5, -72.0, 12.0], [13.5, -57.0, 28.5], [15.0, -60.0, 19.5], [1.5, 37.5, -12.0]]",0,False,,"Excluded because GLOBAL_E3 applies: this analysis is a between-group contrast (bvFTD patients vs healthy controls), and GLOBAL_E3 disallows between-group contrasts.",[],"[""GLOBAL_E3""]",False,,"Excluded because GLOBAL_E3 applies: the analysis is a between-group contrast (Control > bvFTD indicates decreases in bvFTD, but between-group contrasts are globally excluded).",[],"[""GLOBAL_E3""]",False,,"Excluded because GLOBAL_E3 applies: this VBM group comparison is a between-group contrast, which is excluded by GLOBAL_E3.",[],"[""GLOBAL_E3""]",False,,"Excluded because GLOBAL_E3 applies: the analysis is a between-group contrast and GLOBAL_E3 excludes such analyses; additionally, this analysis is structural (VBM), not a functional modality.",[],"[""GLOBAL_E3""]"
28219620,1,28219620_analysis_1,Regions (based on AAL) of significant atrophy (local maxima) in BD patients compared with healthy controls.,,t0020,4,None,"[[27.0, -9.0, 63.0], [-28.5, 3.0, 7.5], [-42.0, -10.5, 0.0], [-10.5, -72.0, 15.0]]",0,False,,"Excluded because GLOBAL_E3 applies: this analysis is a between-group contrast (BD patients vs healthy controls), and GLOBAL_E3 disallows between-group contrasts.",[],"[""GLOBAL_E3""]",False,,Excluded because GLOBAL_E3 applies: the analysis is a between-group contrast; GLOBAL_E3 excludes between-group contrasts.,[],"[""GLOBAL_E3""]",False,,"Excluded because GLOBAL_E3 applies: this VBM comparison is a between-group contrast (patients vs controls), which is excluded by GLOBAL_E3.",[],"[""GLOBAL_E3""]",False,,"Excluded because GLOBAL_E3 applies: the analysis is a between-group contrast and GLOBAL_E3 excludes such analyses; also this analysis is structural (VBM), not functional.",[],"[""GLOBAL_E3""]"
28219620,2,28219620_analysis_2,Regions (based on AAL) of significant atrophy (local maxima) in bvFTD patients compared with BD patients.,,t0025,13,None,"[[36.0, -28.5, -30.0], [57.0, -42.0, -9.0], [-40.5, -28.5, -28.5], [-4.5, -19.5, 10.5], [7.5, -39.0, 33.0], [7.5, -1.5, 45.0], [-25.5, 54.0, 3.0], [-10.5, 49.5, 31.5], [-21.0, -54.0, 64.5], [-45.0, 27.0, 22.5], [-15.0, -70.5, 37.5], [-19.5, -78.0, 42.0], [46.5, -57.0, 37.5]]",0,False,,"Excluded because GLOBAL_E3 applies: this analysis is a between-group contrast (bvFTD patients vs BD patients), and GLOBAL_E3 disallows between-group contrasts.",[],"[""GLOBAL_E3""]",False,,"Excluded because GLOBAL_E3 applies: the analysis is a between-group contrast (bvFTD < BD or bvFTD > BD comparisons), and GLOBAL_E3 excludes between-group contrasts.",[],"[""GLOBAL_E3""]",False,,"Excluded because GLOBAL_E3 applies: this VBM group comparison is a between-group contrast, which is excluded by GLOBAL_E3.",[],"[""GLOBAL_E3""]",False,,"Excluded because GLOBAL_E3 applies: the analysis is a between-group contrast and GLOBAL_E3 excludes such analyses; additionally, this analysis is structural (VBM), not functional.",[],"[""GLOBAL_E3""]"
28662418,0,28662418_analysis_0,TASIT Part 1,,tbl2,12,MNI,"[[28.0, 6.0, -20.0], [24.0, 64.0, -6.0], [-40.0, -16.0, -42.0], [50.0, -8.0, -20.0], [18.0, -54.0, 10.0], [26.0, -20.0, -10.0], [-22.0, -86.0, -48.0], [52.0, -50.0, 4.0], [-14.0, 20.0, -8.0], [-40.0, -16.0, 32.0], [-40.0, -32.0, 20.0], [52.0, 10.0, -8.0]]",0,False,,"Excluded because required global inclusion criterion GLOBAL_I1 is not met: no VBM, fMRI, or FDG-PET imaging modality is specified for this analysis.",[],[],False,,"Excluded because required global inclusion criterion GLOBAL_I1 is not met: no VBM, fMRI, or FDG-PET imaging modality is specified for this analysis (so decreases in bvFTD cannot be assessed).",[],[],False,,Excluded because required global inclusion criterion GLOBAL_I1 is not met (no imaging modality reported) and local structural inclusion STRUCTURAL_I1 (VBM) is not met/unspecified.,[],[],False,,Excluded because required global inclusion criterion GLOBAL_I1 is not met (no FDG-PET or fMRI modality reported) and FUNCTIONAL_I1 is not met/unspecified.,[],[]
28662418,1,28662418_analysis_1,TASIT Part 2,,tbl2,0,,[],0,False,,"Excluded because required global inclusion criterion GLOBAL_I1 is not met: no VBM, fMRI, or FDG-PET imaging modality is specified for this analysis.",[],[],False,,"Excluded because required global inclusion criterion GLOBAL_I1 is not met: no VBM, fMRI, or FDG-PET imaging modality is specified for this analysis (so decreases in bvFTD cannot be assessed).",[],[],False,,Excluded because required global inclusion criterion GLOBAL_I1 is not met (no imaging modality reported) and local structural inclusion STRUCTURAL_I1 (VBM) is not met/unspecified.,[],[],False,,Excluded because required global inclusion criterion GLOBAL_I1 is not met (no FDG-PET or fMRI modality reported) and FUNCTIONAL_I1 is not met/unspecified.,[],[]
28662418,2,28662418_analysis_2,Average Sincere & Sarcasm,,tbl2,2,MNI,"[[-16.0, -70.0, 18.0], [26.0, 2.0, -20.0]]",0,False,,"Excluded because required global inclusion criterion GLOBAL_I1 is not met: no VBM, fMRI, or FDG-PET imaging modality is specified for this analysis.",[],[],False,,"Excluded because required global inclusion criterion GLOBAL_I1 is not met: no VBM, fMRI, or FDG-PET imaging modality is specified for this analysis (so decreases in bvFTD cannot be assessed).",[],[],False,,Excluded because required global inclusion criterion GLOBAL_I1 is not met (no imaging modality reported) and local structural inclusion STRUCTURAL_I1 (VBM) is not met/unspecified.,[],[],False,,Excluded because required global inclusion criterion GLOBAL_I1 is not met (no FDG-PET or fMRI modality reported) and FUNCTIONAL_I1 is not met/unspecified.,[],[]
28662418,3,28662418_analysis_3,Sarcasm covarying for Sincere,,tbl2,2,MNI,"[[-42.0, 10.0, -38.0], [34.0, 20.0, -30.0]]",0,False,,"Excluded because required global inclusion criterion GLOBAL_I1 is not met: no VBM, fMRI, or FDG-PET imaging modality is specified for this analysis.",[],[],False,,"Excluded because required global inclusion criterion GLOBAL_I1 is not met: no VBM, fMRI, or FDG-PET imaging modality is specified for this analysis (so decreases in bvFTD cannot be assessed).",[],[],False,,Excluded because required global inclusion criterion GLOBAL_I1 is not met (no imaging modality reported) and local structural inclusion STRUCTURAL_I1 (VBM) is not met/unspecified.,[],[],False,,Excluded because required global inclusion criterion GLOBAL_I1 is not met (no FDG-PET or fMRI modality reported) and FUNCTIONAL_I1 is not met/unspecified.,[],[]
28662418,4,28662418_analysis_4,bvFTD & controls,,tbl3,12,MNI,"[[54.0, 16.0, -26.0], [-38.0, -4.0, -50.0], [16.0, 58.0, -12.0], [-16.0, -86.0, -48.0], [-14.0, 56.0, -14.0], [-50.0, -50.0, -6.0], [-46.0, -8.0, 26.0], [-28.0, -26.0, 50.0], [-48.0, -28.0, 6.0], [22.0, -68.0, -34.0], [-20.0, -34.0, -6.0], [10.0, 30.0, -26.0]]",0,False,,Excluded by GLOBAL_E3 (between-group contrasts/interactions: 'bvFTD & controls' indicates a group comparison).,[],"[""GLOBAL_E3""]",False,,Excluded by GLOBAL_E3 (between-group contrasts/interactions: 'bvFTD & controls' indicates a group comparison).,[],"[""GLOBAL_E3""]",False,,Excluded by GLOBAL_E3 (between-group contrasts/interactions: 'bvFTD & controls' indicates a group comparison).,[],"[""GLOBAL_E3""]",False,,Excluded by GLOBAL_E3 (between-group contrasts/interactions: 'bvFTD & controls' indicates a group comparison).,[],"[""GLOBAL_E3""]"
28662418,5,28662418_analysis_5,AD & controls,,tbl3,14,MNI,"[[60.0, -34.0, -28.0], [48.0, -52.0, 0.0], [-40.0, -14.0, -44.0], [22.0, 64.0, -8.0], [-20.0, -35.0, -6.0], [-36.0, -2.0, 6.0], [42.0, 14.0, 14.0], [-30.0, -34.0, 60.0], [-46.0, -56.0, 14.0], [34.0, -38.0, 48.0], [-44.0, -28.0, 16.0], [-14.0, 18.0, -6.0], [-38.0, -16.0, 34.0], [-48.0, 10.0, -22.0]]",0,False,,Excluded by GLOBAL_E3 (between-group contrasts/interactions: 'AD & controls' indicates a group comparison).,[],"[""GLOBAL_E3""]",False,,Excluded by GLOBAL_E3 (between-group contrasts/interactions: 'AD & controls' indicates a group comparison).,[],"[""GLOBAL_E3""]",False,,Excluded by GLOBAL_E3 (between-group contrasts/interactions: 'AD & controls' indicates a group comparison).,[],"[""GLOBAL_E3""]",False,,Excluded by GLOBAL_E3 (between-group contrasts/interactions: 'AD & controls' indicates a group comparison).,[],"[""GLOBAL_E3""]"
28662418,6,28662418_analysis_6,bvFTD & controls: Average Sincere & Sarcasm,,tbl4,2,MNI,"[[-36.0, -2.0, -42.0], [28.0, 4.0, -24.0]]",0,False,,Excluded by GLOBAL_E3 (between-group contrasts/interactions: 'bvFTD & controls: Average Sincere & Sarcasm' is a group comparison).,[],"[""GLOBAL_E3""]",False,,Excluded by GLOBAL_E3 (between-group contrasts/interactions: 'bvFTD & controls: Average Sincere & Sarcasm' is a group comparison).,[],"[""GLOBAL_E3""]",False,,Excluded by GLOBAL_E3 (between-group contrasts/interactions: 'bvFTD & controls: Average Sincere & Sarcasm' is a group comparison).,[],"[""GLOBAL_E3""]",False,,Excluded by GLOBAL_E3 (between-group contrasts/interactions: 'bvFTD & controls: Average Sincere & Sarcasm' is a group comparison).,[],"[""GLOBAL_E3""]"
28662418,7,28662418_analysis_7,bvFTD & controls: Sarcasm covarying for Sincere,,tbl4,2,MNI,"[[-38.0, -4.0, -44.0], [24.0, -10.0, -16.0]]",0,False,,Excluded by GLOBAL_E3 (between-group contrasts/interactions: 'bvFTD & controls: Sarcasm covarying for Sincere' is a group comparison).,[],"[""GLOBAL_E3""]",False,,Excluded by GLOBAL_E3 (between-group contrasts/interactions: 'bvFTD & controls: Sarcasm covarying for Sincere' is a group comparison).,[],"[""GLOBAL_E3""]",False,,Excluded by GLOBAL_E3 (between-group contrasts/interactions: 'bvFTD & controls: Sarcasm covarying for Sincere' is a group comparison).,[],"[""GLOBAL_E3""]",False,,Excluded by GLOBAL_E3 (between-group contrasts/interactions: 'bvFTD & controls: Sarcasm covarying for Sincere' is a group comparison).,[],"[""GLOBAL_E3""]"
28662418,8,28662418_analysis_8,AD & controls: Average Sincere & Sarcasm,,tbl4,0,,[],0,False,,Excluded by GLOBAL_E3 (between-group contrasts/interactions: 'AD & controls: Average Sincere & Sarcasm' is a group comparison).,[],"[""GLOBAL_E3""]",False,,Excluded by GLOBAL_E3 (between-group contrasts/interactions: 'AD & controls: Average Sincere & Sarcasm' is a group comparison).,[],"[""GLOBAL_E3""]",False,,Excluded by GLOBAL_E3 (between-group contrasts/interactions: 'AD & controls: Average Sincere & Sarcasm' is a group comparison).,[],"[""GLOBAL_E3""]",False,,Excluded by GLOBAL_E3 (between-group contrasts/interactions: 'AD & controls: Average Sincere & Sarcasm' is a group comparison).,[],"[""GLOBAL_E3""]"
28662418,9,28662418_analysis_9,AD & controls: Sarcasm covarying for Sincere,,tbl4,0,,[],0,False,,Excluded by GLOBAL_E3 (between-group contrasts/interactions: 'AD & controls: Sarcasm covarying for Sincere' is a group comparison).,[],"[""GLOBAL_E3""]",False,,Excluded by GLOBAL_E3 (between-group contrasts/interactions: 'AD & controls: Sarcasm covarying for Sincere' is a group comparison).,[],"[""GLOBAL_E3""]",False,,Excluded by GLOBAL_E3 (between-group contrasts/interactions: 'AD & controls: Sarcasm covarying for Sincere' is a group comparison).,[],"[""GLOBAL_E3""]",False,,Excluded by GLOBAL_E3 (between-group contrasts/interactions: 'AD & controls: Sarcasm covarying for Sincere' is a group comparison).,[],"[""GLOBAL_E3""]"
29704671,0,29704671_analysis_0,Affective apathy,,tbl3,8,MNI,"[[-32.0, 12.0, -28.0], [46.0, 28.0, -6.0], [-58.0, -14.0, -38.0], [44.0, 8.0, -44.0], [22.0, 62.0, 20.0], [0.0, 52.0, -22.0], [-34.0, -20.0, 8.0], [32.0, 18.0, -26.0]]",0,False,,"Cannot confirm global inclusion criteria: missing information on imaging modality (GLOBAL_I1), sample composition including clinically diagnosed bvFTD without comorbidities (GLOBAL_I2), and whole-brain voxelwise group-level analysis (GLOBAL_I3). No global exclusion criteria are reported.",[],[],False,,"Cannot confirm global inclusion criteria (GLOBAL_I1, GLOBAL_I2, GLOBAL_I3) and no evidence provided that the analysis reports decreases in activity/connectivity/metabolism/gray matter for bvFTD (DEMENTIA_DECREASING_ACTIVITY_I1).",[],[],False,,"Cannot confirm global inclusion criteria: missing imaging modality information (VBM) required for structural annotation (GLOBAL_I1, GLOBAL_I2, GLOBAL_I3 and STRUCTURAL_I1 are not confirmed).",[],[],False,,"Cannot confirm global inclusion criteria: missing information that the analysis used FDG-PET or fMRI and was whole-brain with appropriate sample (GLOBAL_I1, GLOBAL_I2, GLOBAL_I3 and FUNCTIONAL_I1 are not confirmed).",[],[]
29704671,1,29704671_analysis_1,Behavioural apathy,,tbl3,10,MNI,"[[6.0, 56.0, -24.0], [-8.0, 18.0, -4.0], [50.0, 2.0, 16.0], [-22.0, 62.0, -14.0], [44.0, 24.0, 34.0], [38.0, 16.0, 6.0], [-28.0, 44.0, -12.0], [14.0, -76.0, -32.0], [-16.0, 34.0, -18.0], [14.0, -76.0, -32.0]]",0,False,,"Cannot confirm global inclusion criteria: missing information on imaging modality (GLOBAL_I1), sample composition including clinically diagnosed bvFTD without comorbidities (GLOBAL_I2), and whole-brain voxelwise group-level analysis (GLOBAL_I3).",[],[],False,,"Cannot confirm global inclusion criteria (GLOBAL_I1, GLOBAL_I2, GLOBAL_I3) and no evidence provided that the analysis reports decreases in activity/connectivity/metabolism/gray matter for bvFTD (DEMENTIA_DECREASING_ACTIVITY_I1).",[],[],False,,"Cannot confirm global inclusion criteria: missing imaging modality information (VBM) required for structural annotation (GLOBAL_I1, GLOBAL_I2, GLOBAL_I3 and STRUCTURAL_I1 are not confirmed).",[],[],False,,"Cannot confirm global inclusion criteria: missing information that the analysis used FDG-PET or fMRI and was whole-brain with appropriate sample (GLOBAL_I1, GLOBAL_I2, GLOBAL_I3 and FUNCTIONAL_I1 are not confirmed).",[],[]
29704671,2,29704671_analysis_2,Cognitive apathy,,tbl3,4,MNI,"[[-44.0, 14.0, -34.0], [-56.0, -10.0, -36.0], [10.0, -22.0, 38.0], [16.0, 10.0, 6.0]]",0,False,,"Cannot confirm global inclusion criteria: missing information on imaging modality (GLOBAL_I1), sample composition including clinically diagnosed bvFTD without comorbidities (GLOBAL_I2), and whole-brain voxelwise group-level analysis (GLOBAL_I3).",[],[],False,,"Cannot confirm global inclusion criteria (GLOBAL_I1, GLOBAL_I2, GLOBAL_I3) and no evidence provided that the analysis reports decreases in activity/connectivity/metabolism/gray matter for bvFTD (DEMENTIA_DECREASING_ACTIVITY_I1).",[],[],False,,"Cannot confirm global inclusion criteria: missing imaging modality information (VBM) required for structural annotation (GLOBAL_I1, GLOBAL_I2, GLOBAL_I3 and STRUCTURAL_I1 are not confirmed).",[],[],False,,"Cannot confirm global inclusion criteria: missing information that the analysis used FDG-PET or fMRI and was whole-brain with appropriate sample (GLOBAL_I1, GLOBAL_I2, GLOBAL_I3 and FUNCTIONAL_I1 are not confirmed).",[],[]
29704671,3,29704671_analysis_3,ABC overlap,,tbl3,3,MNI,"[[-14.0, 14.0, -10.0], [38.0, 18.0, 4.0], [-18.0, 60.0, 10.0]]",0,False,,"Cannot confirm global inclusion criteria: missing information on imaging modality (GLOBAL_I1), sample composition including clinically diagnosed bvFTD without comorbidities (GLOBAL_I2), and whole-brain voxelwise group-level analysis (GLOBAL_I3).",[],[],False,,"Cannot confirm global inclusion criteria (GLOBAL_I1, GLOBAL_I2, GLOBAL_I3) and no evidence provided that the analysis reports decreases in activity/connectivity/metabolism/gray matter for bvFTD (DEMENTIA_DECREASING_ACTIVITY_I1).",[],[],False,,"Cannot confirm global inclusion criteria: missing imaging modality information (VBM) required for structural annotation (GLOBAL_I1, GLOBAL_I2, GLOBAL_I3 and STRUCTURAL_I1 are not confirmed).",[],[],False,,"Cannot confirm global inclusion criteria: missing information that the analysis used FDG-PET or fMRI and was whole-brain with appropriate sample (GLOBAL_I1, GLOBAL_I2, GLOBAL_I3 and FUNCTIONAL_I1 are not confirmed).",[],[]
30014499,0,30014499_analysis_0,bvFTD<controls,,85,1,MNI,"[[38.0, -68.0, -60.0]]",0,False,,"Analysis is a between-group contrast (bvFTD < controls), excluded by GLOBAL_E3 (between-group contrasts/interactions).",[],"[""GLOBAL_E3""]",False,,"This is a between-group contrast showing Control > bvFTD, but GLOBAL_E3 excludes between-group contrasts/interactions.",[],"[""GLOBAL_E3""]",False,,"Although likely a VBM structural contrast, the analysis is a between-group contrast and excluded by GLOBAL_E3.",[],"[""GLOBAL_E3""]",False,,This analysis is a between-group contrast and thus excluded by GLOBAL_E3; it does not meet functional-modality inclusion independent of the global exclusion.,[],"[""GLOBAL_E3""]"
30014499,1,30014499_analysis_1,SD<controls,,85,2,MNI,"[[20.0, -76.0, -40.0], [-14.0, -76.0, -38.0]]",0,False,,"Analysis is a between-group contrast (SD < controls), excluded by GLOBAL_E3 (between-group contrasts/interactions).",[],"[""GLOBAL_E3""]",False,,"This is a between-group contrast showing Control > SD, but GLOBAL_E3 excludes between-group contrasts/interactions.",[],"[""GLOBAL_E3""]",False,,Likely VBM but excluded because the analysis is a between-group contrast (GLOBAL_E3).,[],"[""GLOBAL_E3""]",False,,Between-group contrast excluded by GLOBAL_E3; modality criteria do not override this exclusion.,[],"[""GLOBAL_E3""]"
30014499,2,30014499_analysis_2,PNFA<controls,,85,2,MNI,"[[36.0, -66.0, -46.0], [-20.0, -74.0, -38.0]]",0,False,,"Analysis is a between-group contrast (PNFA < controls), excluded by GLOBAL_E3 (between-group contrasts/interactions).",[],"[""GLOBAL_E3""]",False,,"This is a between-group contrast showing Control > PNFA, but GLOBAL_E3 excludes between-group contrasts/interactions.",[],"[""GLOBAL_E3""]",False,,"Although likely VBM, the analysis is a between-group contrast and thus excluded by GLOBAL_E3.",[],"[""GLOBAL_E3""]",False,,Between-group contrast excluded by GLOBAL_E3; not meeting functional inclusion in presence of this exclusion.,[],"[""GLOBAL_E3""]"
30014499,3,30014499_analysis_3,bvFTD<SD,,85,1,MNI,"[[46.0, -52.0, -60.0]]",0,False,,"Analysis is a between-group contrast (bvFTD < SD), excluded by GLOBAL_E3 (between-group contrasts/interactions).",[],"[""GLOBAL_E3""]",False,,Contrast reports bvFTD < SD (decrease in bvFTD relative to SD) but is a between-group contrast excluded by GLOBAL_E3.,[],"[""GLOBAL_E3""]",False,,Likely VBM but excluded because this is a between-group contrast (GLOBAL_E3).,[],"[""GLOBAL_E3""]",False,,Between-group contrast excluded by GLOBAL_E3; functional inclusion not applicable in presence of this global exclusion.,[],"[""GLOBAL_E3""]"
30014499,4,30014499_analysis_4,bvFTD>SD,,85,0,,[],0,False,,"Analysis is a between-group contrast (bvFTD > SD), excluded by GLOBAL_E3 (between-group contrasts/interactions).",[],"[""GLOBAL_E3""]",False,,This contrast shows increases in bvFTD relative to SD (bvFTD > SD) but remains a between-group contrast excluded by GLOBAL_E3.,[],"[""GLOBAL_E3""]",False,,Likely VBM but excluded because the analysis is a between-group contrast (GLOBAL_E3).,[],"[""GLOBAL_E3""]",False,,Between-group contrast excluded by GLOBAL_E3; functional criterion not applicable due to this exclusion.,[],"[""GLOBAL_E3""]"
30014499,5,30014499_analysis_5,bvFTD<PNFA,,85,1,MNI,"[[26.0, -46.0, -32.0]]",0,False,,"Analysis is a between-group contrast (bvFTD < PNFA), excluded by GLOBAL_E3 (between-group contrasts/interactions).",[],"[""GLOBAL_E3""]",False,,"This is a between-group contrast showing PNFA > bvFTD (bvFTD < PNFA), but GLOBAL_E3 excludes such between-group contrasts/interactions.",[],"[""GLOBAL_E3""]",False,,"Although likely VBM, excluded because the analysis is a between-group contrast (GLOBAL_E3).",[],"[""GLOBAL_E3""]",False,,Between-group contrast excluded by GLOBAL_E3; functional inclusion is superseded by this global exclusion.,[],"[""GLOBAL_E3""]"
30014499,6,30014499_analysis_6,bvFTD>PNFA,,85,0,,[],0,False,,"Analysis is a between-group contrast (bvFTD > PNFA), excluded by GLOBAL_E3 (between-group contrasts/interactions).",[],"[""GLOBAL_E3""]",False,,"Contrast shows bvFTD > PNFA (increase), but as a between-group contrast it is excluded by GLOBAL_E3.",[],"[""GLOBAL_E3""]",False,,Likely VBM structural contrast but excluded because it's a between-group contrast (GLOBAL_E3).,[],"[""GLOBAL_E3""]",False,,Between-group contrast excluded by GLOBAL_E3; functional criterion not met due to this exclusion.,[],"[""GLOBAL_E3""]"
30014499,7,30014499_analysis_7,SD<PNFA,,85,0,,[],0,False,,"Analysis is a between-group contrast (SD < PNFA), excluded by GLOBAL_E3 (between-group contrasts/interactions).",[],"[""GLOBAL_E3""]",False,,This contrast shows SD < PNFA (decrease in SD relative to PNFA) but is a between-group contrast excluded by GLOBAL_E3.,[],"[""GLOBAL_E3""]",False,,Likely VBM but excluded because the analysis is a between-group contrast (GLOBAL_E3).,[],"[""GLOBAL_E3""]",False,,Between-group contrast excluded by GLOBAL_E3; functional inclusion not applicable.,[],"[""GLOBAL_E3""]"
30014499,8,30014499_analysis_8,SD>PNFA,,85,0,,[],0,False,,"Analysis is a between-group contrast (SD > PNFA), excluded by GLOBAL_E3 (between-group contrasts/interactions).",[],"[""GLOBAL_E3""]",False,,"Contrast shows SD > PNFA (increase), but as a between-group contrast it is excluded by GLOBAL_E3.",[],"[""GLOBAL_E3""]",False,,Likely VBM but excluded because the analysis is a between-group contrast (GLOBAL_E3).,[],"[""GLOBAL_E3""]",False,,Between-group contrast excluded by GLOBAL_E3; functional criterion is superseded by this global exclusion.,[],"[""GLOBAL_E3""]"
30014499,9,30014499_analysis_9,F test,,86,3,MNI,"[[42.0, -56.0, -60.0], [-14.0, -78.0, -38.0], [-46.0, -66.0, -54.0]]",0,False,,"F test likely represents group differences/ANOVA across groups (between-group interaction/contrast), excluded by GLOBAL_E3.",[],"[""GLOBAL_E3""]",False,,F test pertains to between-group effects/contrasts; GLOBAL_E3 excludes between-group contrasts/interactions.,[],"[""GLOBAL_E3""]",False,,"Even if the F test is on VBM data, it represents between-group effects and is excluded by GLOBAL_E3.",[],"[""GLOBAL_E3""]",False,,F test appears to assess between-group effects and is excluded by GLOBAL_E3; functional inclusion not applicable.,[],"[""GLOBAL_E3""]"
30014499,10,30014499_analysis_10,All participants,,87,1,MNI,"[[16.0, -72.0, -30.0]]",0,False,,Label 'All participants' likely reflects group comparisons or pooled group analyses; interpreted as between-group voxelwise analysis and excluded by GLOBAL_E3.,[],"[""GLOBAL_E3""]",False,,No specific contrast of Control > bvFTD indicated; however this voxelwise group analysis likely involves between-group effects and is excluded by GLOBAL_E3.,[],"[""GLOBAL_E3""]",False,,"Although the study used structural MRI (VBM), this 'All participants' analysis appears to reflect between-group or pooled group effects and is excluded by GLOBAL_E3.",[],"[""GLOBAL_E3""]",False,,This analysis is not indicated as functional imaging and also appears to be a between-group/panel analysis excluded by GLOBAL_E3.,[],"[""GLOBAL_E3""]"
30014499,11,30014499_analysis_11,bvFTD & controls,,87,2,MNI,"[[48.0, -52.0, -34.0], [12.0, -72.0, -28.0]]",0,False,,"Label 'bvFTD & controls' indicates a between-group analysis or comparison, excluded by GLOBAL_E3 (between-group contrasts/interactions).",[],"[""GLOBAL_E3""]",False,,This grouping implies direct comparison between bvFTD and controls; GLOBAL_E3 excludes between-group contrasts/interactions.,[],"[""GLOBAL_E3""]",False,,Likely VBM but represents a between-group analysis (bvFTD vs controls) and is excluded by GLOBAL_E3.,[],"[""GLOBAL_E3""]",False,,Between-group analysis excluded by GLOBAL_E3; not applicable as a functional experiment here.,[],"[""GLOBAL_E3""]"
30014499,12,30014499_analysis_12,SD & controls,,87,1,MNI,"[[50.0, -58.0, -34.0]]",0,False,,"Label 'SD & controls' implies a between-group analysis (SD vs controls), excluded by GLOBAL_E3 (between-group contrasts/interactions).",[],"[""GLOBAL_E3""]",False,,This label suggests direct comparisons where between-group contrasts apply; GLOBAL_E3 excludes such analyses.,[],"[""GLOBAL_E3""]",False,,"Although likely VBM, this is a between-group analysis (SD vs controls) and thus excluded by GLOBAL_E3.",[],"[""GLOBAL_E3""]",False,,Between-group contrast excluded by GLOBAL_E3; functional inclusion not applicable.,[],"[""GLOBAL_E3""]"
30014499,13,30014499_analysis_13,PNFA & controls,,87,1,MNI,"[[46.0, -48.0, -38.0]]",0,False,,"Label 'PNFA & controls' indicates a between-group analysis (PNFA vs controls), excluded by GLOBAL_E3 (between-group contrasts/interactions).",[],"[""GLOBAL_E3""]",False,,This grouping implies between-group contrasts (controls vs PNFA) which are excluded by GLOBAL_E3.,[],"[""GLOBAL_E3""]",False,,Likely VBM but as a between-group analysis (PNFA vs controls) it is excluded by GLOBAL_E3.,[],"[""GLOBAL_E3""]",False,,Between-group contrast excluded by GLOBAL_E3; functional inclusion not applicable here.,[],"[""GLOBAL_E3""]"
30488224,0,30488224_analysis_0,Positive Films (Zygomaticus - Corrugator),,96,1,MNI,"[[36.0, -10.0, 4.0]]",0,True,,"Global inclusion criteria are met: study used VBM (voxel-based morphometry) to identify neural correlates, included clinically diagnosed bvFTD patients, and reported whole-brain voxelwise analyses.","[""GLOBAL_I1"", ""GLOBAL_I2"", ""GLOBAL_I3""]",[],False,,"Analysis reports correlations between gray-matter integrity and psychophysiological responses across participants rather than group contrasts showing decreases in bvFTD (i.e., does not report Control > bvFTD). Missing required local inclusion: DEMENTIA_DECREASING_ACTIVITY_I1.",[],[],True,,"This analysis uses voxel-based morphometry (VBM), a structural whole-brain voxelwise method, meeting global and structural inclusion criteria.","[""GLOBAL_I1"", ""GLOBAL_I2"", ""GLOBAL_I3"", ""STRUCTURAL_I1""]",[],False,,This analysis is structural (VBM) not functional imaging; missing local inclusion criterion FUNCTIONAL_I1.,[],[]
30488224,1,30488224_analysis_1,Neutral Films (Zygomaticus - Corrugator),,96,3,MNI,"[[-22.0, -32.0, -32.0], [-70.0, -12.0, 14.0], [-54.0, 2.0, -24.0]]",0,True,,"Global inclusion criteria are met: study used VBM (voxel-based morphometry) to identify neural correlates, included clinically diagnosed bvFTD patients, and reported whole-brain voxelwise analyses.","[""GLOBAL_I1"", ""GLOBAL_I2"", ""GLOBAL_I3""]",[],False,,"Analysis reports correlations between gray-matter integrity and psychophysiological responses across participants rather than group contrasts showing decreases in bvFTD (i.e., does not report Control > bvFTD). Missing required local inclusion: DEMENTIA_DECREASING_ACTIVITY_I1.",[],[],True,,"This analysis uses voxel-based morphometry (VBM), a structural whole-brain voxelwise method, meeting global and structural inclusion criteria.","[""GLOBAL_I1"", ""GLOBAL_I2"", ""GLOBAL_I3"", ""STRUCTURAL_I1""]",[],False,,This analysis is structural (VBM) not functional imaging; missing local inclusion criterion FUNCTIONAL_I1.,[],[]
30488224,2,30488224_analysis_2,Negative Films (Corrugator - Zygomaticus),,96,3,MNI,"[[-38.0, 32.0, 42.0], [-28.0, -14.0, -48.0], [-12.0, 12.0, -18.0]]",0,True,,"Global inclusion criteria are met: study used VBM (voxel-based morphometry) to identify neural correlates, included clinically diagnosed bvFTD patients, and reported whole-brain voxelwise analyses.","[""GLOBAL_I1"", ""GLOBAL_I2"", ""GLOBAL_I3""]",[],False,,"Analysis reports correlations between gray-matter integrity and psychophysiological responses across participants rather than group contrasts showing decreases in bvFTD (i.e., does not report Control > bvFTD). Missing required local inclusion: DEMENTIA_DECREASING_ACTIVITY_I1.",[],[],True,,"This analysis uses voxel-based morphometry (VBM), a structural whole-brain voxelwise method, meeting global and structural inclusion criteria.","[""GLOBAL_I1"", ""GLOBAL_I2"", ""GLOBAL_I3"", ""STRUCTURAL_I1""]",[],False,,This analysis is structural (VBM) not functional imaging; missing local inclusion criterion FUNCTIONAL_I1.,[],[]
30488224,3,30488224_analysis_3,Positive Films (SCL Positive - SCL Neutral),,97,1,MNI,"[[-52.0, 14.0, -24.0]]",0,True,,"Global inclusion criteria are met: study used VBM (voxel-based morphometry) to identify neural correlates, included clinically diagnosed bvFTD patients, and reported whole-brain voxelwise analyses.","[""GLOBAL_I1"", ""GLOBAL_I2"", ""GLOBAL_I3""]",[],False,,"Analysis reports correlations between gray-matter integrity and psychophysiological responses across participants rather than group contrasts showing decreases in bvFTD (i.e., does not report Control > bvFTD). Missing required local inclusion: DEMENTIA_DECREASING_ACTIVITY_I1.",[],[],True,,"This analysis uses voxel-based morphometry (VBM), a structural whole-brain voxelwise method, meeting global and structural inclusion criteria.","[""GLOBAL_I1"", ""GLOBAL_I2"", ""GLOBAL_I3"", ""STRUCTURAL_I1""]",[],False,,This analysis is structural (VBM) not functional imaging; missing local inclusion criterion FUNCTIONAL_I1.,[],[]
30488224,4,30488224_analysis_4,Negative Films (SCL Negative - SCL Neutral),,97,3,MNI,"[[-20.0, -12.0, 22.0], [-18.0, 0.0, -12.0], [24.0, 26.0, 48.0]]",0,True,,"Global inclusion criteria are met: study used VBM (voxel-based morphometry) to identify neural correlates, included clinically diagnosed bvFTD patients, and reported whole-brain voxelwise analyses.","[""GLOBAL_I1"", ""GLOBAL_I2"", ""GLOBAL_I3""]",[],False,,"Analysis reports correlations between gray-matter integrity and psychophysiological responses across participants rather than group contrasts showing decreases in bvFTD (i.e., does not report Control > bvFTD). Missing required local inclusion: DEMENTIA_DECREASING_ACTIVITY_I1.",[],[],True,,"This analysis uses voxel-based morphometry (VBM), a structural whole-brain voxelwise method, meeting global and structural inclusion criteria.","[""GLOBAL_I1"", ""GLOBAL_I2"", ""GLOBAL_I3"", ""STRUCTURAL_I1""]",[],False,,This analysis is structural (VBM) not functional imaging; missing local inclusion criterion FUNCTIONAL_I1.,[],[]
30545239,0,30545239_analysis_0,elderly BD patients<healthy controls,,93,2,None,"[[32.0, 29.0, 7.0], [-9.0, 13.0, -11.0]]",0,False,,"Excluded because this is a between-group contrast (elderly BD patients < healthy controls), which meets GLOBAL_E3 (global exclusion for between-group contrasts).",[],"[""GLOBAL_E3""]",False,,"Excluded because this is a between-group contrast (elderly BD patients < healthy controls), which meets GLOBAL_E3 (global exclusion for between-group contrasts).",[],"[""GLOBAL_E3""]",False,,"Excluded because this is a between-group contrast (elderly BD patients < healthy controls), which meets GLOBAL_E3 (global exclusion for between-group contrasts).",[],"[""GLOBAL_E3""]",False,,"Excluded because this is a between-group contrast (elderly BD patients < healthy controls), which meets GLOBAL_E3 (global exclusion for between-group contrasts).",[],"[""GLOBAL_E3""]"
30545239,1,30545239_analysis_1,elderly BD patients>healthy controls,,93,5,None,"[[32.0, -36.0, 15.0], [-21.0, -101.0, 15.0], [17.0, -104.0, 4.0], [23.0, -25.0, -1.0], [-30.0, -43.0, 16.0]]",0,False,,"Excluded because this is a between-group contrast (elderly BD patients > healthy controls), which meets GLOBAL_E3 (global exclusion for between-group contrasts).",[],"[""GLOBAL_E3""]",False,,"Excluded because this is a between-group contrast (elderly BD patients > healthy controls), which meets GLOBAL_E3 (global exclusion for between-group contrasts).",[],"[""GLOBAL_E3""]",False,,"Excluded because this is a between-group contrast (elderly BD patients > healthy controls), which meets GLOBAL_E3 (global exclusion for between-group contrasts).",[],"[""GLOBAL_E3""]",False,,"Excluded because this is a between-group contrast (elderly BD patients > healthy controls), which meets GLOBAL_E3 (global exclusion for between-group contrasts).",[],"[""GLOBAL_E3""]"
30545239,2,30545239_analysis_2,bvFTD patients<healthy controls,,93,18,None,"[[-13.0, 40.0, 39.0], [12.0, 15.0, 57.0], [37.0, 49.0, -13.0], [7.0, 38.0, 4.0], [-6.0, -39.0, 31.0], [-53.0, 8.0, -11.0], [39.0, 18.0, -25.0], [56.0, -2.0, -5.0], [-38.0, -48.0, 24.0], [-56.0, -18.0, -19.0], [33.0, -42.0, 31.0], [-7.0, -64.0, 52.0], [16.0, -46.0, 37.0], [-7.0, -74.0, 8.0], [-39.0, -25.0, -14.0], [-3.0, -36.0, -17.0], [36.0, -32.0, -25.0], [-10.0, -16.0, 4.0]]",0,False,,"Excluded because this is a between-group contrast (bvFTD patients < healthy controls), which meets GLOBAL_E3 (global exclusion for between-group contrasts).",[],"[""GLOBAL_E3""]",False,,"Excluded because this is a between-group contrast (bvFTD patients < healthy controls), which meets GLOBAL_E3 (global exclusion for between-group contrasts).",[],"[""GLOBAL_E3""]",False,,"Excluded because this is a between-group contrast (bvFTD patients < healthy controls), which meets GLOBAL_E3 (global exclusion for between-group contrasts).",[],"[""GLOBAL_E3""]",False,,"Excluded because this is a between-group contrast (bvFTD patients < healthy controls), which meets GLOBAL_E3 (global exclusion for between-group contrasts).",[],"[""GLOBAL_E3""]"
30545239,3,30545239_analysis_3,bvFTD patients<elderly BD patients,,93,9,None,"[[11.0, 8.0, 68.0], [27.0, 34.0, -21.0], [-59.0, 10.0, -12.0], [-13.0, -62.0, 14.0], [-24.0, -32.0, -3.0], [-40.0, -28.0, -15.0], [42.0, -49.0, -16.0], [15.0, -100.0, 15.0], [2.0, 10.0, 12.0]]",0,False,,"Excluded because this is a between-group contrast (bvFTD patients < elderly BD patients), which meets GLOBAL_E3 (global exclusion for between-group contrasts).",[],"[""GLOBAL_E3""]",False,,"Excluded because this is a between-group contrast (bvFTD patients < elderly BD patients), which meets GLOBAL_E3 (global exclusion for between-group contrasts).",[],"[""GLOBAL_E3""]",False,,"Excluded because this is a between-group contrast (bvFTD patients < elderly BD patients), which meets GLOBAL_E3 (global exclusion for between-group contrasts).",[],"[""GLOBAL_E3""]",False,,"Excluded because this is a between-group contrast (bvFTD patients < elderly BD patients), which meets GLOBAL_E3 (global exclusion for between-group contrasts).",[],"[""GLOBAL_E3""]"
30545239,4,30545239_analysis_4,elderly BD patients<bvFTD patients,,93,0,,[],0,False,,"Excluded because this is a between-group contrast (elderly BD patients < bvFTD patients), which meets GLOBAL_E3 (global exclusion for between-group contrasts).",[],"[""GLOBAL_E3""]",False,,"Excluded because this is a between-group contrast (elderly BD patients < bvFTD patients), which meets GLOBAL_E3 (global exclusion for between-group contrasts).",[],"[""GLOBAL_E3""]",False,,"Excluded because this is a between-group contrast (elderly BD patients < bvFTD patients), which meets GLOBAL_E3 (global exclusion for between-group contrasts).",[],"[""GLOBAL_E3""]",False,,"Excluded because this is a between-group contrast (elderly BD patients < bvFTD patients), which meets GLOBAL_E3 (global exclusion for between-group contrasts).",[],"[""GLOBAL_E3""]"
30545239,5,30545239_analysis_5,Elderly BD patients<healthy controls,,94,4,None,"[[44.0, -34.0, 11.0], [-8.0, -10.0, 2.0], [8.0, -21.0, 5.0], [26.0, -39.0, -42.0]]",0,False,,"Excluded because this is a between-group contrast (Elderly BD patients < healthy controls), which meets GLOBAL_E3 (global exclusion for between-group contrasts).",[],"[""GLOBAL_E3""]",False,,"Excluded because this is a between-group contrast (Elderly BD patients < healthy controls), which meets GLOBAL_E3 (global exclusion for between-group contrasts).",[],"[""GLOBAL_E3""]",False,,Excluded because this is a FDG-PET metabolic analysis (functional modality) and also a between-group contrast; GLOBAL_E3 excludes between-group contrasts.,[],"[""GLOBAL_E3""]",False,,"Excluded because this is a FDG-PET metabolic analysis reported as a between-group contrast (Elderly BD patients < healthy controls), which meets GLOBAL_E3 (global exclusion for between-group contrasts).",[],"[""GLOBAL_E3""]"
30545239,6,30545239_analysis_6,bvFTD patients<healthy controls,,94,4,None,"[[-38.0, 13.0, -16.0], [30.0, 11.0, -21.0], [-2.0, 7.0, 27.0], [-14.0, 8.0, 11.0]]",0,False,,"Excluded because this is a between-group contrast (bvFTD patients < healthy controls), which meets GLOBAL_E3 (global exclusion for between-group contrasts).",[],"[""GLOBAL_E3""]",False,,"Excluded because this is a between-group contrast (bvFTD patients < healthy controls), which meets GLOBAL_E3 (global exclusion for between-group contrasts).",[],"[""GLOBAL_E3""]",False,,Excluded because this is a between-group FDG-PET contrast (bvFTD patients < healthy controls) and thus violates GLOBAL_E3 (between-group contrasts are excluded).,[],"[""GLOBAL_E3""]",False,,Excluded because this FDG-PET between-group contrast (bvFTD patients < healthy controls) meets GLOBAL_E3 (global exclusion for between-group contrasts).,[],"[""GLOBAL_E3""]"
30545239,7,30545239_analysis_7,bvFTD patients<elderly BD patients,,94,4,None,"[[-4.0, 42.0, -14.0], [-36.0, 17.0, -16.0], [-4.0, 7.0, 29.0], [-6.0, 19.0, -6.0]]",0,False,,"Excluded because this is a between-group contrast (bvFTD patients < elderly BD patients), which meets GLOBAL_E3 (global exclusion for between-group contrasts).",[],"[""GLOBAL_E3""]",False,,"Excluded because this is a between-group contrast (bvFTD patients < elderly BD patients), which meets GLOBAL_E3 (global exclusion for between-group contrasts).",[],"[""GLOBAL_E3""]",False,,Excluded because this is a between-group PET contrast (bvFTD patients < elderly BD patients) and thus violates GLOBAL_E3 (between-group contrasts are excluded).,[],"[""GLOBAL_E3""]",False,,Excluded because this is a between-group PET contrast (bvFTD patients < elderly BD patients) which meets GLOBAL_E3 (global exclusion for between-group contrasts).,[],"[""GLOBAL_E3""]"
30545239,8,30545239_analysis_8,Elderly BD patients<bvFTD patients,,94,3,None,"[[51.0, -6.0, 26.0], [-14.0, -56.0, -24.0], [24.0, -44.0, -21.0]]",0,False,,"Excluded because this is a between-group contrast (Elderly BD patients < bvFTD patients), which meets GLOBAL_E3 (global exclusion for between-group contrasts).",[],"[""GLOBAL_E3""]",False,,"Excluded because this is a between-group contrast (Elderly BD patients < bvFTD patients), which meets GLOBAL_E3 (global exclusion for between-group contrasts).",[],"[""GLOBAL_E3""]",False,,"Excluded because this is a between-group contrast (Elderly BD patients < bvFTD patients), which meets GLOBAL_E3 (global exclusion for between-group contrasts).",[],"[""GLOBAL_E3""]",False,,"Excluded because this is a between-group contrast (Elderly BD patients < bvFTD patients), which meets GLOBAL_E3 (global exclusion for between-group contrasts).",[],"[""GLOBAL_E3""]"
31461580,0,31461580_analysis_0,Regions that covary with BMI increase,,acn350869-tbl-0003,6,MNI,"[[-10.0, 28.0, 48.0], [-44.0, -52.0, 24.0], [-48.0, 10.0, -20.0], [34.0, -36.0, 44.0], [10.0, 26.0, 66.0], [-66.0, -4.0, 20.0]]",0,True,,"Global inclusion criteria are satisfied: study uses Voxel-Based Morphometry (VBM) (GLOBAL_I1), includes clinically diagnosed bvFTD participants (GLOBAL_I2), and reports whole-brain voxelwise group analyses (GLOBAL_I3).","[""GLOBAL_I1"", ""GLOBAL_I2"", ""GLOBAL_I3""]",[],True,,"The analysis reports regions of significant grey matter intensity decrease that covary with increases in BMI (and other body composition measures) in bvFTD (combined with controls), meeting the local inclusion criterion for decreases in gray matter volume (DEMENTIA_DECREASING_ACTIVITY_I1). Global criteria also met (GLOBAL_I1, GLOBAL_I2, GLOBAL_I3).","[""GLOBAL_I1"", ""GLOBAL_I2"", ""GLOBAL_I3"", ""DEMENTIA_DECREASING_ACTIVITY_I1""]",[],True,,"Analysis uses Voxel-Based Morphometry (VBM), satisfying the structural inclusion criterion (STRUCTURAL_I1) along with global criteria (GLOBAL_I1, GLOBAL_I2, GLOBAL_I3).","[""GLOBAL_I1"", ""GLOBAL_I2"", ""GLOBAL_I3"", ""STRUCTURAL_I1""]",[],False,,Excluded because the analysis uses structural VBM rather than functional modalities (FDG-PET or fMRI); missing FUNCTIONAL_I1.,[],[]
31461580,1,31461580_analysis_1,Regions that covary with VAT increase,,acn350869-tbl-0003,23,MNI,"[[48.0, 16.0, -34.0], [-28.0, 24.0, -36.0], [10.0, 68.0, -10.0], [46.0, -52.0, -56.0], [-18.0, -84.0, 18.0], [24.0, -72.0, 16.0], [-30.0, -74.0, -60.0], [-2.0, 2.0, 46.0], [-46.0, -58.0, 4.0], [60.0, -12.0, 4.0], [52.0, -42.0, 48.0], [38.0, -2.0, 38.0], [14.0, -24.0, 48.0], [-18.0, -84.0, -2.0], [46.0, -46.0, -32.0], [-40.0, -8.0, 30.0], [-36.0, -10.0, -48.0], [40.0, -54.0, 24.0], [44.0, -60.0, 2.0], [24.0, -50.0, -64.0], [-46.0, 2.0, -44.0], [-14.0, -56.0, 34.0], [32.0, -8.0, -48.0]]",0,True,,"Global inclusion criteria are satisfied: study uses Voxel-Based Morphometry (VBM) (GLOBAL_I1), includes clinically diagnosed bvFTD participants (GLOBAL_I2), and reports whole-brain voxelwise group analyses (GLOBAL_I3).","[""GLOBAL_I1"", ""GLOBAL_I2"", ""GLOBAL_I3""]",[],True,,"The analysis reports regions of significant grey matter intensity decrease that covary with increases in VAT area in bvFTD (combined with controls), meeting the local inclusion criterion for decreases in gray matter volume (DEMENTIA_DECREASING_ACTIVITY_I1). Global criteria also met (GLOBAL_I1, GLOBAL_I2, GLOBAL_I3).","[""GLOBAL_I1"", ""GLOBAL_I2"", ""GLOBAL_I3"", ""DEMENTIA_DECREASING_ACTIVITY_I1""]",[],True,,"Analysis uses Voxel-Based Morphometry (VBM), satisfying the structural inclusion criterion (STRUCTURAL_I1) along with global criteria (GLOBAL_I1, GLOBAL_I2, GLOBAL_I3).","[""GLOBAL_I1"", ""GLOBAL_I2"", ""GLOBAL_I3"", ""STRUCTURAL_I1""]",[],False,,Excluded because the analysis uses structural VBM rather than functional modalities (FDG-PET or fMRI); missing FUNCTIONAL_I1.,[],[]
31461580,2,31461580_analysis_2,Regions that covary with Android: Gynoid Ratio,,acn350869-tbl-0003,24,MNI,"[[10.0, 56.0, 24.0], [48.0, 10.0, -36.0], [-42.0, 12.0, 12.0], [-16.0, -72.0, 24.0], [52.0, -18.0, 12.0], [20.0, 52.0, -10.0], [-38.0, -70.0, -58.0], [18.0, -6.0, 54.0], [22.0, 18.0, 58.0], [-42.0, 12.0, -42.0], [24.0, -30.0, 18.0], [66.0, -46.0, 18.0], [-66.0, -24.0, 18.0], [-14.0, 28.0, -24.0], [-50.0, -50.0, -54.0], [42.0, 12.0, 34.0], [20.0, -72.0, -50.0], [20.0, -60.0, 32.0], [-14.0, -76.0, -30.0], [10.0, 56.0, -24.0], [36.0, -80.0, 44.0], [-62.0, -10.0, -32.0], [18.0, 12.0, -32.0], [-56.0, 30.0, 8.0]]",0,True,,"Global inclusion criteria are satisfied: study uses Voxel-Based Morphometry (VBM) (GLOBAL_I1), includes clinically diagnosed bvFTD participants (GLOBAL_I2), and reports whole-brain voxelwise group analyses (GLOBAL_I3).","[""GLOBAL_I1"", ""GLOBAL_I2"", ""GLOBAL_I3""]",[],True,,"The analysis reports regions of significant grey matter intensity decrease that covary with increases in Android:Gynoid ratio in bvFTD (combined with controls), meeting the local inclusion criterion for decreases in gray matter volume (DEMENTIA_DECREASING_ACTIVITY_I1). Global criteria also met (GLOBAL_I1, GLOBAL_I2, GLOBAL_I3).","[""GLOBAL_I1"", ""GLOBAL_I2"", ""GLOBAL_I3"", ""DEMENTIA_DECREASING_ACTIVITY_I1""]",[],True,,"Analysis uses Voxel-Based Morphometry (VBM), satisfying the structural inclusion criterion (STRUCTURAL_I1) along with global criteria (GLOBAL_I1, GLOBAL_I2, GLOBAL_I3).","[""GLOBAL_I1"", ""GLOBAL_I2"", ""GLOBAL_I3"", ""STRUCTURAL_I1""]",[],False,,Excluded because the analysis uses structural VBM rather than functional modalities (FDG-PET or fMRI); missing FUNCTIONAL_I1.,[],[]
31873787,0,31873787_analysis_0,"Emotional, executive, initiation (common regions)",,25,3,MNI,"[[-26.0, 16.0, -10.0], [-46.0, 14.0, 18.0], [16.0, 54.0, -14.0]]",0,True,,"Global criteria satisfied: analysis uses VBM (GLOBAL_I1), includes clinically diagnosed bvFTD participants per study (GLOBAL_I2), and reports whole-brain voxelwise VBM results (GLOBAL_I3). No local exclusion criteria for this annotation.","[""GLOBAL_I1"", ""GLOBAL_I2"", ""GLOBAL_I3""]",[],False,,"The analysis reports voxelwise correlations between grey-matter intensity and apathy across the combined sample, not decreases in grey matter specific to the bvFTD group (i.e., no Control > bvFTD contrast). Does not meet DEMENTIA_DECREASING_ACTIVITY_I1.",[],[],True,,"Analysis uses voxel-based morphometry (VBM) whole-brain voxelwise grey-matter analyses, satisfying structural criteria.","[""GLOBAL_I1"", ""GLOBAL_I2"", ""GLOBAL_I3"", ""STRUCTURAL_I1""]",[],False,,"Analysis uses structural VBM, not a functional modality (FDG-PET or fMRI); does not meet FUNCTIONAL_I1.",[],[]
31873787,1,31873787_analysis_1,Emotional (exclusive regions),,25,7,MNI,"[[38.0, -58.0, -60.0], [18.0, -36.0, 46.0], [-44.0, -70.0, -50.0], [42.0, -40.0, 16.0], [-44.0, 14.0, 14.0], [-30.0, -10.0, -18.0], [-50.0, -6.0, 0.0]]",0,True,,"Global criteria satisfied: analysis uses VBM (GLOBAL_I1), includes clinically diagnosed bvFTD participants per study (GLOBAL_I2), and reports whole-brain voxelwise VBM results (GLOBAL_I3). No local exclusion criteria for this annotation.","[""GLOBAL_I1"", ""GLOBAL_I2"", ""GLOBAL_I3""]",[],False,,"The analysis reports voxelwise correlations between grey-matter intensity and apathy across the combined sample, not decreases in grey matter specific to the bvFTD group (i.e., no Control > bvFTD contrast). Does not meet DEMENTIA_DECREASING_ACTIVITY_I1.",[],[],True,,"Analysis uses voxel-based morphometry (VBM) whole-brain voxelwise grey-matter analyses, satisfying structural criteria.","[""GLOBAL_I1"", ""GLOBAL_I2"", ""GLOBAL_I3"", ""STRUCTURAL_I1""]",[],False,,"Analysis uses structural VBM, not a functional modality (FDG-PET or fMRI); does not meet FUNCTIONAL_I1.",[],[]
31873787,2,31873787_analysis_2,Executive (exclusive regions),,25,8,MNI,"[[-20.0, 20.0, -26.0], [-48.0, 44.0, -20.0], [46.0, -58.0, 10.0], [46.0, 14.0, -28.0], [-42.0, 42.0, 16.0], [18.0, 38.0, -26.0], [-52.0, -50.0, 24.0], [46.0, 36.0, -20.0]]",0,True,,"Global criteria satisfied: analysis uses VBM (GLOBAL_I1), includes clinically diagnosed bvFTD participants per study (GLOBAL_I2), and reports whole-brain voxelwise VBM results (GLOBAL_I3). No local exclusion criteria for this annotation.","[""GLOBAL_I1"", ""GLOBAL_I2"", ""GLOBAL_I3""]",[],False,,"The analysis reports voxelwise correlations between grey-matter intensity and apathy across the combined sample, not decreases in grey matter specific to the bvFTD group (i.e., no Control > bvFTD contrast). Does not meet DEMENTIA_DECREASING_ACTIVITY_I1.",[],[],True,,"Analysis uses voxel-based morphometry (VBM) whole-brain voxelwise grey-matter analyses, satisfying structural criteria.","[""GLOBAL_I1"", ""GLOBAL_I2"", ""GLOBAL_I3"", ""STRUCTURAL_I1""]",[],False,,"Analysis uses structural VBM, not a functional modality (FDG-PET or fMRI); does not meet FUNCTIONAL_I1.",[],[]
31873787,3,31873787_analysis_3,Initiation (exclusive regions),,25,3,MNI,"[[2.0, 48.0, -22.0], [4.0, 36.0, -26.0], [-50.0, 36.0, -18.0]]",0,True,,"Global criteria satisfied: analysis uses VBM (GLOBAL_I1), includes clinically diagnosed bvFTD participants per study (GLOBAL_I2), and reports whole-brain voxelwise VBM results (GLOBAL_I3). No local exclusion criteria for this annotation.","[""GLOBAL_I1"", ""GLOBAL_I2"", ""GLOBAL_I3""]",[],False,,"The analysis reports voxelwise correlations between grey-matter intensity and apathy across the combined sample, not decreases in grey matter specific to the bvFTD group (i.e., no Control > bvFTD contrast). Does not meet DEMENTIA_DECREASING_ACTIVITY_I1.",[],[],True,,"Analysis uses voxel-based morphometry (VBM) whole-brain voxelwise grey-matter analyses, satisfying structural criteria.","[""GLOBAL_I1"", ""GLOBAL_I2"", ""GLOBAL_I3"", ""STRUCTURAL_I1""]",[],False,,"Analysis uses structural VBM, not a functional modality (FDG-PET or fMRI); does not meet FUNCTIONAL_I1.",[],[]
