pmid,analysis_index,analysis_id,analysis_name,analysis_description,table_id,coordinate_count,coordinate_spaces,coordinates_json,invalid_point_count,dementia_all__include,dementia_all__confidence,dementia_all__reasoning,dementia_all__inclusion_criteria_applied,dementia_all__exclusion_criteria_applied,dementia_decreasing_activity__include,dementia_decreasing_activity__confidence,dementia_decreasing_activity__reasoning,dementia_decreasing_activity__inclusion_criteria_applied,dementia_decreasing_activity__exclusion_criteria_applied,structural__include,structural__confidence,structural__reasoning,structural__inclusion_criteria_applied,structural__exclusion_criteria_applied,functional__include,functional__confidence,functional__reasoning,functional__inclusion_criteria_applied,functional__exclusion_criteria_applied
14527604,0,14527604_analysis_0,"Conjunction (c1, c2, c3)",,TABLE2,8,MNI,"[[0.0, 56.0, 0.0], [-2.0, 36.0, 20.0], [0.0, 18.0, -16.0], [-14.0, 60.0, 22.0], [-22.0, 24.0, 46.0], [-46.0, 18.0, 30.0], [-64.0, -20.0, -22.0], [-10.0, 10.0, 2.0]]",0,True,,Analysis is a whole-brain voxelwise FDG-PET comparison of FTD patients versus controls; meets global whole-brain and patient-vs-control requirements and uses FDG-PET as specified.,"[""GLOBAL_I1"", ""GLOBAL_I2"", ""DEMENTIA_ALL_I1""]",[],True,,This conjunction analysis reports consistent decreases in glucose metabolism in FTD versus controls (FTD < CTL) across centers using FDG-PET.,"[""GLOBAL_I1"", ""GLOBAL_I2"", ""DEMENTIA_DECREASING_ACTIVITY_I1"", ""DEMENTIA_DECREASING_ACTIVITY_I2""]",[],False,,Excluded: this analysis does not use Voxel-Based Morphometry (VBM); STRUCTURAL_I1 is not met.,[],[],True,,"Includes FDG-PET whole-brain voxelwise analysis comparing FTD to controls, meeting functional imaging criterion.","[""GLOBAL_I1"", ""GLOBAL_I2"", ""FUNCTIONAL_I1""]",[]
14527604,1,14527604_analysis_1,Interaction (c1 versus c2 and c3),,TABLE2,1,MNI,"[[-6.0, 28.0, -12.0]]",0,True,,Interaction is a whole-brain voxelwise analysis derived from FTD versus control contrasts across centers; global criteria and the 'all analyses' modality criterion are satisfied.,"[""GLOBAL_I1"", ""GLOBAL_I2"", ""DEMENTIA_ALL_I1""]",[],False,,Excluded because this interaction contrast does not directly report decreases in activity for the bvFTD group relative to controls (missing DEMENTIA_DECREASING_ACTIVITY_I1).,[],[],False,,Excluded: this analysis does not use Voxel-Based Morphometry (VBM); STRUCTURAL_I1 is not met.,[],[],True,,"Interaction analysis is performed on whole-brain FDG-PET data derived from FTD versus control comparisons, satisfying the functional imaging inclusion.","[""GLOBAL_I1"", ""GLOBAL_I2"", ""FUNCTIONAL_I1""]",[]
14527604,2,14527604_analysis_2,Interaction (c2 versus c1 and c3),,TABLE2,0,,[],0,True,,Whole-brain voxelwise analysis derived from FTD versus control contrasts; global and modality criteria satisfied.,"[""GLOBAL_I1"", ""GLOBAL_I2"", ""DEMENTIA_ALL_I1""]",[],False,,Excluded because this interaction contrast does not directly report decreases in activity for the bvFTD group relative to controls (missing DEMENTIA_DECREASING_ACTIVITY_I1).,[],[],False,,Excluded: this analysis does not use Voxel-Based Morphometry (VBM); STRUCTURAL_I1 is not met.,[],[],True,,"Analysis uses whole-brain FDG-PET data and compares FTD-related contrasts across centers, meeting the functional imaging criterion.","[""GLOBAL_I1"", ""GLOBAL_I2"", ""FUNCTIONAL_I1""]",[]
14527604,3,14527604_analysis_3,Interaction (c3 versus c1 and c2),,TABLE2,1,MNI,"[[58.0, 8.0, -12.0]]",0,True,,Whole-brain voxelwise interaction derived from FTD versus control contrasts; global and modality criteria satisfied.,"[""GLOBAL_I1"", ""GLOBAL_I2"", ""DEMENTIA_ALL_I1""]",[],False,,Excluded because this interaction contrast does not directly report decreases in activity for the bvFTD group relative to controls (missing DEMENTIA_DECREASING_ACTIVITY_I1).,[],[],False,,Excluded: this analysis does not use Voxel-Based Morphometry (VBM); STRUCTURAL_I1 is not met.,[],[],True,,"Interaction performed on whole-brain FDG-PET data derived from FTD versus control contrasts, satisfying the functional imaging inclusion.","[""GLOBAL_I1"", ""GLOBAL_I2"", ""FUNCTIONAL_I1""]",[]
15585344,0,15585344_analysis_0,Atrophic regions in frontotemporal dementia,,TBL2,19,None,"[[-2.0, 44.0, -10.0], [0.0, 26.0, -10.0], [-38.0, 30.0, 2.0], [-32.0, 22.0, 10.0], [4.0, 6.0, -6.0], [-52.0, 8.0, 18.0], [18.0, -10.0, -14.0], [-62.0, -28.0, -24.0], [8.0, 18.0, -18.0], [-4.0, 50.0, 24.0], [-18.0, -10.0, -14.0], [38.0, 22.0, 8.0], [14.0, 20.0, -2.0], [-4.0, 32.0, 18.0], [-8.0, 14.0, 38.0], [18.0, -6.0, -22.0], [10.0, 22.0, 36.0], [8.0, 34.0, 26.0], [-4.0, 46.0, 24.0]]",0,True,,Study uses whole-brain voxelwise VBM comparing an FTD group to healthy controls; VBM is an accepted modality for this annotation and meets global whole-brain and group-comparison requirements.,"[""GLOBAL_I1"", ""GLOBAL_I2"", ""DEMENTIA_ALL_I1""]",[],True,,"The VBM analysis reports decreased gray matter (atrophy) in FTD versus controls (Control > FTD), and uses VBM as required.","[""GLOBAL_I1"", ""GLOBAL_I2"", ""DEMENTIA_DECREASING_ACTIVITY_I1"", ""DEMENTIA_DECREASING_ACTIVITY_I2""]",[],True,,"This analysis uses voxel-based morphometry (VBM), which satisfies the structural annotation criterion.","[""GLOBAL_I1"", ""GLOBAL_I2"", ""STRUCTURAL_I1""]",[],False,,Analysis is structural VBM and does not use fMRI or FDG-PET; missing required functional inclusion criterion FUNCTIONAL_I1.,[],[]
15668960,0,15668960_analysis_0,vs controls (p < 0.001),Apathetic subjects,88,11,None,"[[-16.0, 64.0, -4.0], [-16.0, 64.0, -4.0], [16.0, 64.0, 0.0], [-2.0, 42.0, -24.0], [4.0, 40.0, -24.0], [-52.0, 16.0, 20.0], [-42.0, 12.0, 0.0], [58.0, 20.0, 24.0], [44.0, 6.0, 2.0], [-2.0, -16.0, 4.0], [12.0, -22.0, 6.0]]",0,True,,"Whole-brain voxelwise SPM FDG-PET comparison of apathetic fv-FTLD patients vs healthy controls meets global whole-brain and control-comparison criteria, and modality is FDG-PET.","[""GLOBAL_I1"", ""GLOBAL_I2"", ""DEMENTIA_ALL_I1""]",[],True,,"Whole-brain voxelwise FDG-PET analysis comparing apathetic fv-FTLD vs controls reports regional decreases (hypometabolism), satisfying global and local criteria.","[""GLOBAL_I1"", ""GLOBAL_I2"", ""DEMENTIA_DECREASING_ACTIVITY_I1"", ""DEMENTIA_DECREASING_ACTIVITY_I2""]",[],False,,"Excluded because the analysis uses FDG-PET images, not VBM; missing STRUCTURAL_I1 (VBM modality).",[],[],True,,Whole-brain voxelwise FDG-PET comparison vs controls meets global criteria and FUNCTIONAL_I1 (FDG-PET is a functional modality).,"[""GLOBAL_I1"", ""GLOBAL_I2"", ""FUNCTIONAL_I1""]",[]
15668960,1,15668960_analysis_1,vs disinhibited (p < 0.01),Apathetic subjects,88,8,None,"[[-42.0, 12.0, 26.0], [-46.0, 20.0, 18.0], [42.0, 34.0, 2.0], [38.0, 28.0, 24.0], [-24.0, -12.0, 68.0], [44.0, 6.0, 10.0], [0.0, 26.0, 58.0], [8.0, 40.0, 40.0]]",0,False,,"Excluded because GLOBAL_I2 is not met: this analysis is a direct comparison between two patient subgroups (apathetic vs disinhibited), not a comparison to healthy controls.",[],[],False,,Excluded because GLOBAL_I2 is not met: analysis compares apathetic vs disinhibited patients rather than patient group vs healthy controls.,[],[],False,,"Excluded because GLOBAL_I2 is not met (comparison is between patient subgroups, not vs healthy controls); additionally, modality is FDG-PET not VBM (missing STRUCTURAL_I1).",[],[],False,,Excluded because GLOBAL_I2 is not met: this is a patient-subgroup vs patient-subgroup contrast rather than a patient vs healthy control contrast.,[],[]
15668960,2,15668960_analysis_2,vs controls (p < 0.001),Disinhibited subjects,88,12,None,"[[-10.0, 12.0, -24.0], [12.0, 24.0, -28.0], [-8.0, 38.0, 18.0], [8.0, 34.0, 20.0], [-46.0, 6.0, 0.0], [-4.0, -18.0, 8.0], [10.0, -20.0, 6.0], [-48.0, -18.0, -36.0], [48.0, -16.0, -36.0], [-24.0, -12.0, -30.0], [20.0, -8.0, -30.0], [46.0, 8.0, -2.0]]",0,True,,"Whole-brain voxelwise SPM FDG-PET comparison of disinhibited fv-FTLD patients vs healthy controls meets global whole-brain and control-comparison criteria, and modality is FDG-PET.","[""GLOBAL_I1"", ""GLOBAL_I2"", ""DEMENTIA_ALL_I1""]",[],True,,"Whole-brain voxelwise FDG-PET analysis comparing disinhibited fv-FTLD vs controls reports regional decreases (hypometabolism), satisfying global and local criteria.","[""GLOBAL_I1"", ""GLOBAL_I2"", ""DEMENTIA_DECREASING_ACTIVITY_I1"", ""DEMENTIA_DECREASING_ACTIVITY_I2""]",[],False,,"Excluded because the analysis uses FDG-PET images, not VBM; missing STRUCTURAL_I1 (VBM modality).",[],[],True,,Whole-brain voxelwise FDG-PET comparison vs controls meets global criteria and FUNCTIONAL_I1 (FDG-PET is a functional modality).,"[""GLOBAL_I1"", ""GLOBAL_I2"", ""FUNCTIONAL_I1""]",[]
15668960,3,15668960_analysis_3,vs apathetic (p < 0.01),Disinhibited subjects,88,7,None,"[[-18.0, 12.0, -20.0], [11.0, 12.0, -18.0], [36.0, -12.0, -18.0], [-22.0, -28.0, -28.0], [50.0, -30.0, -28.0], [-12.0, 26.0, 26.0], [14.0, 32.0, 22.0]]",0,False,,"Excluded because GLOBAL_I2 is not met: this analysis is a direct comparison between two patient subgroups (disinhibited vs apathetic), not a comparison to healthy controls.",[],[],False,,Excluded because GLOBAL_I2 is not met: analysis compares disinhibited vs apathetic patients rather than patient group vs healthy controls.,[],[],False,,"Excluded because GLOBAL_I2 is not met (comparison is between patient subgroups, not vs healthy controls); modality is FDG-PET not VBM (missing STRUCTURAL_I1).",[],[],False,,Excluded because GLOBAL_I2 is not met: this is a patient-subgroup vs patient-subgroup contrast rather than a patient vs healthy control contrast.,[],[]
18268196,0,18268196_analysis_0,"Regions of Gray Matter Loss in Very Mild, Mild, and Moderate to Severe bvFTD",,77,105,None,"[[2.0, 36.0, 14.0], [4.0, 38.0, 20.0], [2.0, 28.0, 18.0], [-2.0, 36.0, 12.0], [-2.0, 38.0, 16.0], [-2.0, 32.0, 16.0], [2.0, 44.0, 20.0], [2.0, 44.0, 30.0], [2.0, 44.0, 28.0], [-2.0, 48.0, 22.0], [-2.0, 46.0, 28.0], [-2.0, 46.0, 24.0], [2.0, 53.0, -4.0], [-2.0, 58.0, 2.0], [1.0, 53.0, -3.0], [-2.0, 54.0, -4.0], [-2.0, 54.0, -2.0], [-2.0, 54.0, -4.0], [2.0, 8.0, -4.0], [4.0, 8.0, -8.0], [4.0, 8.0, -6.0], [-4.0, 12.0, -6.0], [-4.0, 8.0, -6.0], [-4.0, 10.0, -6.0], [42.0, 17.0, -10.0], [36.0, 18.0, -8.0], [42.0, 16.0, -12.0], [-39.0, 17.0, -13.0], [-38.0, 20.0, -10.0], [-39.0, 17.0, -13.0], [39.0, 23.0, 5.0], [35.0, 18.0, 5.0], [35.0, 16.0, 7.0], [-34.0, 24.0, 4.0], [-32.0, 22.0, 4.0], [-36.0, 24.0, 4.0], [33.0, 36.0, -13.0], [34.0, 36.0, -13.0], [42.0, 16.0, -12.0], [-29.0, 38.0, -13.0], [-29.0, 38.0, -14.0], [-30.0, 38.0, -15.0], [44.0, -10.0, -4.0], [-40.0, -12.0, -2.0], [28.0, 61.0, -15.0], [24.0, 61.0, -13.0], [33.0, 63.0, -6.0], [-31.0, 61.0, -2.0], [-29.0, 61.0, -2.0], [-27.0, 61.0, -3.0], [30.0, 52.0, 18.0], [38.0, 52.0, 6.0], [36.0, 44.0, 28.0], [-42.0, 52.0, 9.0], [-42.0, 53.0, 7.0], [-45.0, 53.0, 4.0], [38.0, 14.0, 33.0], [38.0, 15.0, 33.0], [38.0, 13.0, 34.0], [-44.0, 13.0, 28.0], [-44.0, 11.0, 27.0], [-43.0, 10.0, 25.0], [47.0, -6.0, 33.0], [47.0, -6.0, 34.0], [-53.0, -30.0, -8.0], [-54.0, -29.0, -4.0], [45.0, 36.0, 17.0], [45.0, 34.0, 20.0], [44.0, 34.0, 24.0], [-48.0, 36.0, 26.0], [-56.0, 28.0, 18.0], [26.0, 34.0, 40.0], [30.0, 26.0, 40.0], [-40.0, 25.0, 46.0], [-42.0, 28.0, 45.0], [0.0, 36.0, 38.0], [0.0, 36.0, 38.0], [-24.0, 19.0, 47.0], [-25.0, 21.0, 47.0], [48.0, -18.0, -4.0], [50.0, -18.0, -6.0], [-50.0, -51.0, 26.0], [48.0, -59.0, 44.0], [29.0, -13.0, -13.0], [30.0, -14.0, -10.0], [-30.0, -14.0, -10.0], [28.0, -14.0, -16.0], [27.0, -26.0, -10.0], [-28.0, -32.0, -6.0], [-7.0, 15.0, 6.0], [-8.0, 13.0, 9.0], [-10.0, 15.0, 7.0], [9.0, 13.0, 9.0], [9.0, 13.0, 9.0], [9.0, 12.0, 7.0], [30.0, 4.0, 8.0], [27.0, 6.0, 8.0], [29.0, 8.0, 10.0], [-22.0, 3.0, 6.0], [-22.0, 5.0, 4.0], [-22.0, 11.0, 4.0], [2.0, -8.0, 10.0], [2.0, -8.0, 8.0], [2.0, -8.0, 8.0], [48.0, -67.0, -48.0]]",0,True,,Meets global whole-brain voxelwise comparison of a bvFTD group versus healthy controls (VBM). Local inclusion requires VBM/fMRI/FDG-PET which VBM satisfies.,"[""GLOBAL_I1"", ""GLOBAL_I2"", ""DEMENTIA_ALL_I1""]",[],True,,"Analysis reports gray matter decreases in bvFTD versus controls (Control > bvFTD) using VBM, satisfying both local inclusion criteria.","[""GLOBAL_I1"", ""GLOBAL_I2"", ""DEMENTIA_DECREASING_ACTIVITY_I1"", ""DEMENTIA_DECREASING_ACTIVITY_I2""]",[],True,,This is a VBM (voxel-based morphometry) whole-brain structural analysis comparing bvFTD groups to controls.,"[""GLOBAL_I1"", ""GLOBAL_I2"", ""STRUCTURAL_I1""]",[],False,,"Excluded because required local inclusion FUNCTIONAL_I1 (fMRI or FDG-PET) is not met: the analysis uses VBM (structural MRI), not fMRI or FDG-PET.",[],[]
18661129,0,18661129_analysis_0,NC > FTD,,64,9,None,"[[-8.0, 10.0, -16.0], [-8.0, 20.0, -22.0], [10.0, 38.0, 15.0], [-8.0, 9.0, -14.0], [-17.0, 8.0, 2.0], [-44.0, 35.0, -2.0], [30.0, 55.0, 12.0], [-61.0, -30.0, -15.0], [61.0, -11.0, -21.0]]",0,False,,"Global criteria (whole-brain voxelwise and comparison of bvFTD vs controls) are met, but local inclusion DEMENTIA_ALL_I1 is not met because this analysis uses FDG-PET (voxelwise) but does not include fMRI; the criterion requires VBM, fMRI, and FDG-PET.","[""GLOBAL_I1"", ""GLOBAL_I2""]",[],False,,"This analysis reports decreases in metabolism for bvFTD (NC > FTD satisfies DEMENTIA_DECREASING_ACTIVITY_I1) and meets global criteria, but it does not satisfy DEMENTIA_DECREASING_ACTIVITY_I2 (requires VBM, fMRI, and FDG-PET modalities; fMRI and VBM are not present here).","[""GLOBAL_I1"", ""GLOBAL_I2"", ""DEMENTIA_DECREASING_ACTIVITY_I1""]",[],False,,Global criteria are met but STRUCTURAL_I1 is not met: this analysis is FDG-PET (metabolic) rather than a VBM structural analysis.,"[""GLOBAL_I1"", ""GLOBAL_I2""]",[],False,,"Although this is a FDG-PET whole-brain comparison (GLOBAL_I1/GLOBAL_I2), FUNCTIONAL_I1 requires both fMRI and FDG-PET; fMRI is not used in this analysis.","[""GLOBAL_I1"", ""GLOBAL_I2""]",[]
18661129,1,18661129_analysis_1,NC > AD,,64,10,None,"[[4.0, -48.0, 25.0], [-4.0, -45.0, 32.0], [52.0, -56.0, 34.0], [-55.0, -23.0, -22.0], [-46.0, -70.0, 33.0], [63.0, -40.0, -14.0], [-10.0, 10.0, 6.0], [43.0, 24.0, 33.0], [-45.0, 26.0, 27.0], [6.0, 8.0, 23.0]]",0,False,,"GLOBAL_I2 not met: this analysis compares NC > AD (Alzheimer's) and does not compare the bvFTD group to healthy controls, so it fails the required global inclusion criterion.","[""GLOBAL_I1""]",[],False,,"GLOBAL_I2 not met: analysis compares NC > AD (not bvFTD vs controls), so it does not satisfy the required global inclusion criterion for these dementia annotations.","[""GLOBAL_I1""]",[],False,,"GLOBAL_I2 not met: this analysis compares NC > AD (not bvFTD vs controls), so it fails the required global inclusion criterion for the study's dementia annotations.","[""GLOBAL_I1""]",[],False,,"GLOBAL_I2 not met: analysis compares NC > AD rather than bvFTD vs controls, so it does not meet the required global inclusion criterion.","[""GLOBAL_I1""]",[]
18661129,2,18661129_analysis_2,AD > FTD,,64,8,None,"[[-6.0, 22.0, -19.0], [-8.0, 15.0, -18.0], [-4.0, 32.0, 24.0], [18.0, 13.0, -19.0], [12.0, 36.0, 24.0], [-22.0, 14.0, -1.0], [43.0, -1.0, -30.0], [32.0, 10.0, -2.0]]",0,False,,GLOBAL_I2 not met: this analysis compares AD > FTD (Alzheimer's vs FTD) and does not perform a bvFTD vs healthy control comparison required by the global criteria.,"[""GLOBAL_I1""]",[],False,,"GLOBAL_I2 not met: analysis does not compare bvFTD to healthy controls (it compares AD > FTD), so it fails the required global inclusion criterion.","[""GLOBAL_I1""]",[],False,,"GLOBAL_I2 not met: this is an AD vs FTD comparison, not a bvFTD vs control whole-brain comparison required for inclusion.","[""GLOBAL_I1""]",[],False,,GLOBAL_I2 not met: analysis compares AD and FTD groups rather than bvFTD vs healthy controls.,"[""GLOBAL_I1""]",[]
18661129,3,18661129_analysis_3,FTD > AD,,64,6,None,"[[26.0, -69.0, 31.0], [-22.0, -59.0, 35.0], [14.0, -62.0, 36.0], [-10.0, -62.0, 38.0], [-48.0, -64.0, 3.0], [41.0, -30.0, -12.0]]",0,False,,GLOBAL_I2 not met: this analysis compares FTD > AD and does not perform a direct bvFTD vs healthy control comparison required by the global criteria.,"[""GLOBAL_I1""]",[],False,,GLOBAL_I2 not met: the analysis is FTD > AD (FTD relative increases vs AD) and does not provide the required bvFTD vs control comparison for this annotation.,"[""GLOBAL_I1""]",[],False,,GLOBAL_I2 not met: this is a direct FTD vs AD comparison rather than bvFTD vs healthy controls (required).,"[""GLOBAL_I1""]",[],False,,GLOBAL_I2 not met: analysis compares FTD to AD rather than bvFTD to healthy controls.,"[""GLOBAL_I1""]",[]
18661129,4,18661129_analysis_4,FTD > NC,,64,6,None,"[[31.0, -83.0, 8.0], [-14.0, -83.0, 4.2], [-15.0, -21.0, -7.0], [-46.0, -25.0, -2.0], [21.0, -16.0, -8.0], [65.0, -36.0, 17.0]]",0,False,,"Global criteria are met (whole-brain FTD vs controls), but DEMENTIA_ALL_I1 is not met because the analysis is FDG-PET only (no fMRI), and the local criterion requires VBM, fMRI, and FDG-PET.","[""GLOBAL_I1"", ""GLOBAL_I2""]",[],False,,"This analysis shows increases in FTD relative to controls (FTD > NC), so it does not meet DEMENTIA_DECREASING_ACTIVITY_I1 (requires decreases such as Control > bvFTD); additionally it lacks fMRI required by DEMENTIA_DECREASING_ACTIVITY_I2.","[""GLOBAL_I1"", ""GLOBAL_I2""]",[],False,,GLOBAL criteria are met but STRUCTURAL_I1 is not met: this analysis is FDG-PET (functional/metabolic) rather than VBM structural data.,"[""GLOBAL_I1"", ""GLOBAL_I2""]",[],False,,"Although this is an FDG-PET whole-brain comparison (GLOBAL_I1/GLOBAL_I2), FUNCTIONAL_I1 requires both fMRI and FDG-PET; fMRI is not included, so the local functional criterion is not satisfied.","[""GLOBAL_I1"", ""GLOBAL_I2""]",[]
18661129,5,18661129_analysis_5,AD > NC,,64,7,None,"[[-1.0, -32.0, -25.0], [-46.0, -16.0, 28.0], [30.0, -16.0, -1.0], [-18.0, -16.0, -1.0], [18.0, -72.0, 5.0], [-6.0, -85.0, 6.0], [66.0, -6.0, 28.0]]",0,False,,GLOBAL_I2 not met: this analysis compares AD > NC and does not involve a bvFTD vs healthy control comparison required by the global criteria.,"[""GLOBAL_I1""]",[],False,,"GLOBAL_I2 not met: analysis targets AD vs NC rather than bvFTD vs controls, so it fails the required global inclusion criterion.","[""GLOBAL_I1""]",[],False,,GLOBAL_I2 not met: analysis compares AD to NC rather than the bvFTD group to healthy controls.,"[""GLOBAL_I1""]",[],False,,"GLOBAL_I2 not met: this is an AD vs control comparison, not a bvFTD vs control whole-brain comparison.","[""GLOBAL_I1""]",[]
18661129,6,18661129_analysis_6,NC > FTD,,65,9,None,"[[-10.0, 37.0, 14.0], [-60.0, 7.0, -16.0], [35.0, 58.0, -6.0], [-32.0, 47.0, 18.0], [-37.0, 0.0, -7.0], [42.0, -5.0, -10.0], [-25.0, -8.0, -18.0], [29.0, -8.0, -19.0], [55.0, -3.0, -29.0]]",0,False,,"Global criteria are met (whole-brain VBM comparison FTD vs controls), but DEMENTIA_ALL_I1 is not satisfied because that local criterion requires VBM, fMRI, and FDG-PET; this analysis uses VBM only (no fMRI/FDG-PET).","[""GLOBAL_I1"", ""GLOBAL_I2""]",[],False,,"This analysis reports decreased grey matter volume in bvFTD (NC > FTD satisfies DEMENTIA_DECREASING_ACTIVITY_I1) and meets global criteria, but it does not satisfy DEMENTIA_DECREASING_ACTIVITY_I2 (requires VBM, fMRI, and FDG-PET together); fMRI and FDG-PET are not part of this specific analysis.","[""GLOBAL_I1"", ""GLOBAL_I2"", ""DEMENTIA_DECREASING_ACTIVITY_I1""]",[],True,,"Meets GLOBAL_I1 (whole-brain voxelwise) and GLOBAL_I2 (bvFTD vs healthy controls) and STRUCTURAL_I1 (this is a VBM structural analysis of grey matter volume), so inclusion is appropriate.","[""GLOBAL_I1"", ""GLOBAL_I2"", ""STRUCTURAL_I1""]",[],False,,"FUNCTIONAL_I1 requires fMRI and FDG-PET; this analysis is VBM-only (structural), so it does not meet the functional modality requirement.","[""GLOBAL_I1"", ""GLOBAL_I2""]",[]
18661129,7,18661129_analysis_7,NC > AD,,65,7,None,"[[-25.0, -11.0, -10.0], [51.0, -59.0, 34.0], [-11.0, -54.0, 44.0], [-6.0, 22.0, 27.0], [28.0, -12.0, -12.0], [8.0, -53.0, 36.0], [-52.0, -51.0, 35.0]]",0,False,,GLOBAL_I2 not met: this analysis compares NC > AD (Alzheimer's) rather than bvFTD vs healthy controls required by the global criteria.,"[""GLOBAL_I1""]",[],False,,"GLOBAL_I2 not met: analysis compares NC > AD, not bvFTD vs controls, so it fails the required global inclusion criterion for bvFTD-related annotations.","[""GLOBAL_I1""]",[],False,,"GLOBAL_I2 not met: this is an NC > AD VBM comparison, not a bvFTD vs control analysis required by the global criteria.","[""GLOBAL_I1""]",[],False,,GLOBAL_I2 not met: analysis targets AD vs controls rather than bvFTD vs healthy controls.,"[""GLOBAL_I1""]",[]
18661129,8,18661129_analysis_8,AD > FTD,,65,4,None,"[[-28.0, 7.0, -41.0], [-8.0, 12.0, -18.0], [34.0, 14.0, -39.0], [-9.0, 17.0, -20.0]]",0,False,,"GLOBAL_I2 not met: this analysis compares AD > FTD rather than a bvFTD vs healthy control whole-brain comparison, so it fails the global inclusion requirement.","[""GLOBAL_I1""]",[],False,,GLOBAL_I2 not met: analysis is AD > FTD (AD relative decreases vs FTD) and does not compare bvFTD to healthy controls as required.,"[""GLOBAL_I1""]",[],False,,GLOBAL_I2 not met: this is an AD vs FTD comparison rather than the required bvFTD vs control comparison for inclusion.,"[""GLOBAL_I1""]",[],False,,GLOBAL_I2 not met: analysis compares AD to FTD rather than bvFTD to healthy controls.,"[""GLOBAL_I1""]",[]
20493673,0,20493673_analysis_0,SD,,tbl2,13,MNI,"[[-60.0, -20.0, -30.0], [-50.0, -6.0, -34.0], [-46.0, -26.0, -30.0], [-12.0, 10.0, -22.0], [-12.0, 4.0, 8.0], [8.0, 58.0, 34.0], [6.0, 58.0, 10.0], [-40.0, -2.0, 8.0], [-40.0, 14.0, 4.0], [-8.0, 8.0, 28.0], [62.0, -14.0, -28.0], [12.0, 32.0, 20.0], [12.0, 24.0, 26.0]]",0,False,,"Global inclusion GLOBAL_I2 not met: this analysis is for semantic dementia (SD), not the bvFTD/bvFTD-like group compared separately to healthy controls as required.",[],[],False,,Global inclusion GLOBAL_I2 not met: SD is not the target bvFTD group required by the global criteria.,[],[],False,,"Global inclusion GLOBAL_I2 not met (analysis is SD, not bvFTD). Additionally, local STRUCTURAL_I1 (VBM) is not met because the modality is FDG-PET.",[],[],False,,Global inclusion GLOBAL_I2 not met: analysis concerns SD rather than a bvFTD vs control comparison required by the global criteria.,[],[]
20493673,1,20493673_analysis_1,FTD,,tbl2,8,MNI,"[[4.0, 28.0, 38.0], [4.0, 66.0, 2.0], [4.0, 64.0, 20.0], [-8.0, 8.0, 4.0], [-14.0, 0.0, 16.0], [0.0, 30.0, -24.0], [-10.0, 20.0, -26.0], [20.0, 6.0, 10.0]]",0,True,,"Analysis is a whole-brain voxelwise SPM group comparison using FDG-PET comparing FTD (bvFTD-like) patients separately to healthy controls, satisfying global criteria and the local modality requirement.","[""GLOBAL_I1"", ""GLOBAL_I2"", ""DEMENTIA_ALL_I1""]",[],True,,"Analysis reports hypometabolism (FTD < Controls) using FDG-PET in a whole-brain voxelwise comparison of the FTD group vs controls, meeting global and local criteria.","[""GLOBAL_I1"", ""GLOBAL_I2"", ""DEMENTIA_DECREASING_ACTIVITY_I1"", ""DEMENTIA_DECREASING_ACTIVITY_I2""]",[],False,,"Local inclusion STRUCTURAL_I1 (VBM) not met: this analysis uses FDG-PET, not VBM.",[],[],True,,"Analysis uses FDG-PET (a functional modality) in a whole-brain voxelwise comparison of FTD vs controls, satisfying global and local functional criteria.","[""GLOBAL_I1"", ""GLOBAL_I2"", ""FUNCTIONAL_I1""]",[]
20493673,2,20493673_analysis_2,Executive deficits,,tbl3,12,MNI,"[[0.0, 0.0, 30.0], [2.0, 18.0, 24.0], [12.0, 18.0, 24.0], [-12.0, -2.0, 12.0], [-12.0, 8.0, 6.0], [-8.0, -30.0, 12.0], [-26.0, 50.0, 30.0], [-58.0, 14.0, 22.0], [-48.0, 12.0, 42.0], [2.0, 56.0, 4.0], [-26.0, 18.0, 54.0], [-40.0, 18.0, -2.0]]",0,False,,"Global inclusion GLOBAL_I2 not met: this is a correlational voxelwise analysis across mixed FTLD patients and controls, not a bvFTD vs healthy control group comparison as required.",[],[],False,,Global inclusion GLOBAL_I2 not met: the analysis is a correlation including multiple patient subtypes and controls rather than a separate bvFTD vs control comparison.,[],[],False,,"Global inclusion GLOBAL_I2 not met: plus the analysis uses FDG-PET (functional), not VBM required by STRUCTURAL_I1.",[],[],False,,"Global inclusion GLOBAL_I2 not met: although the modality is FDG-PET (which would meet FUNCTIONAL_I1), the global requirement of a bvFTD vs control group comparison is not satisfied for this correlational analysis.",[],[]
20493673,3,20493673_analysis_3,Behavioral deficits (NPI),,tbl3,7,MNI,"[[-56.0, 24.0, 24.0], [-8.0, 66.0, -2.0], [-4.0, 60.0, -20.0], [-6.0, 8.0, -12.0], [-32.0, 12.0, 6.0], [-40.0, 54.0, 14.0], [-54.0, -32.0, -24.0]]",0,False,,Global inclusion GLOBAL_I2 not met: this is a correlational whole-brain FDG-PET analysis across mixed FTLD patients and controls rather than a bvFTD vs healthy control group comparison.,[],[],False,,"Global inclusion GLOBAL_I2 not met: the analysis correlates behavioral scores with metabolism across pooled patient groups and controls, not a distinct bvFTD vs control comparison required by the global criteria.",[],[],False,,"Global inclusion GLOBAL_I2 not met, and STRUCTURAL_I1 (VBM) is not met because the analysis uses FDG-PET.",[],[],False,,Global inclusion GLOBAL_I2 not met: modality meets FUNCTIONAL_I1 (FDG-PET) but the global requirement of a bvFTD vs control group comparison is not satisfied by this correlational analysis.,[],[]
21930136,0,21930136_analysis_0,Corticobasal syndrome/posterior cortical atrophy: grey matter atrophy,,tbl0060,25,None,"[[61.0, -22.0, 34.0], [29.0, -42.0, -3.0], [11.0, -45.0, 31.0], [50.0, -72.0, -5.0], [23.0, -76.0, -6.0], [-46.0, -53.0, 13.0], [-25.0, -52.0, 66.0], [-48.0, -28.0, 52.0], [17.0, 42.0, 45.0], [36.0, 21.0, 51.0], [30.0, 30.0, -17.0], [5.0, 52.0, 11.0], [2.0, 52.0, -20.0], [32.0, 49.0, -6.0], [-9.0, 16.0, -27.0], [-22.0, 14.0, 14.0], [-14.0, -16.0, 44.0], [50.0, -27.0, -1.0], [62.0, -34.0, -15.0], [-58.0, 2.0, -9.0], [-67.0, -36.0, -13.0], [-29.0, -23.0, -21.0], [17.0, -65.0, 27.0], [22.0, 18.0, 3.0], [-17.0, -30.0, 2.0]]",0,False,,Analysis is a whole-brain VBM contrast of CBS/PCA vs controls (meets GLOBAL_I1) but does not compare the bvFTD group to healthy controls as required by GLOBAL_I2; therefore it fails the global bvFTD-specific inclusion criterion.,"[""GLOBAL_I1""]",[],False,,"Analysis reports grey-matter decreases in CBS/PCA but does not involve the bvFTD group compared to controls (missing GLOBAL_I2), so it fails the global bvFTD-specific inclusion criterion.","[""GLOBAL_I1""]",[],False,,"This is a VBM whole-brain analysis (satisfies GLOBAL_I1 and STRUCTURAL_I1) but it does not compare the bvFTD group to healthy controls (missing GLOBAL_I2), so it fails the global bvFTD-specific inclusion criterion.","[""GLOBAL_I1"", ""STRUCTURAL_I1""]",[],False,,Analysis is structural VBM (not fMRI or FDG-PET); additionally it does not compare the bvFTD group to controls (missing GLOBAL_I2). Missing required functional modality inclusion (FUNCTIONAL_I1) and bvFTD contrast (GLOBAL_I2).,"[""GLOBAL_I1""]",[]
21930136,1,21930136_analysis_1,Corticobasal syndrome/posterior cortical atrophy: regression for cardinal quantifier comprehension accuracy,,tbl0060,15,None,"[[60.0, -57.0, -6.0], [38.0, -46.0, -11.0], [42.0, -85.0, -2.0], [18.0, -82.0, -2.0], [-56.0, -31.0, 45.0], [-48.0, -42.0, 14.0], [-65.0, -49.0, 5.0], [-48.0, -72.0, 15.0], [-56.0, -61.0, -6.0], [-46.0, -69.0, -7.0], [-48.0, -67.0, 8.0], [-50.0, -34.0, 2.0], [-28.0, -25.0, -17.0], [-22.0, -41.0, -4.0], [-55.0, -31.0, 20.0]]",0,False,,This is a whole-brain VBM regression in the CBS/PCA group (meets GLOBAL_I1) but it does not compare the bvFTD group to healthy controls (missing GLOBAL_I2); therefore it fails the global bvFTD-specific inclusion criterion.,"[""GLOBAL_I1""]",[],False,,"The regression relates behavior to atrophy in CBS/PCA but does not concern the bvFTD vs control contrast required by GLOBAL_I2, so it fails the global bvFTD-specific inclusion criterion.","[""GLOBAL_I1""]",[],False,,"This is a VBM-based regression (STRUCTURAL_I1 and GLOBAL_I1 apply) but it does not analyze the bvFTD group versus healthy controls (missing GLOBAL_I2), so it fails the global bvFTD-specific inclusion criterion.","[""GLOBAL_I1"", ""STRUCTURAL_I1""]",[],False,,"The analysis is structural VBM, not fMRI or FDG-PET (missing FUNCTIONAL_I1), and it does not compare the bvFTD group to controls (missing GLOBAL_I2).","[""GLOBAL_I1""]",[]
21930136,2,21930136_analysis_2,Behavioral variant frontotemporal dementia: grey matter atrophy,,tbl0060,2,None,"[[24.0, 47.0, 13.0], [32.0, 49.0, -6.0]]",0,True,,"Analysis is a whole-brain voxelwise VBM contrast of bvFTD vs healthy controls (meets GLOBAL_I1 and GLOBAL_I2) and uses VBM as an imaging modality, satisfying the dementia_all local inclusion criterion.","[""GLOBAL_I1"", ""GLOBAL_I2"", ""DEMENTIA_ALL_I1""]",[],True,,"This whole-brain VBM contrast reports grey-matter decreases in bvFTD relative to controls (Control > bvFTD) and uses VBM, satisfying both global and local inclusion criteria for decreases in bvFTD.","[""GLOBAL_I1"", ""GLOBAL_I2"", ""DEMENTIA_DECREASING_ACTIVITY_I1"", ""DEMENTIA_DECREASING_ACTIVITY_I2""]",[],True,,"This is a voxel-based morphometry (VBM) whole-brain analysis of bvFTD vs controls, meeting the global criteria and the STRUCTURAL_I1 local inclusion criterion.","[""GLOBAL_I1"", ""GLOBAL_I2"", ""STRUCTURAL_I1""]",[],False,,"The analysis uses structural VBM (not fMRI or FDG-PET), so it does not meet the FUNCTIONAL_I1 local inclusion criterion.","[""GLOBAL_I1"", ""GLOBAL_I2""]",[]
21930136,3,21930136_analysis_3,Behavioral variant frontotemporal dementia: regression for logical quantifier comprehension accuracy,,tbl0060,1,None,"[[17.0, 62.0, 7.0]]",0,True,,"This is a whole-brain voxelwise VBM regression conducted in the bvFTD group with respect to logical quantifier comprehension; it meets GLOBAL_I1 and GLOBAL_I2 and uses VBM, satisfying the dementia_all criterion.","[""GLOBAL_I1"", ""GLOBAL_I2"", ""DEMENTIA_ALL_I1""]",[],True,,"The regression relates poorer logical-quantifier comprehension to areas of reduced grey matter in bvFTD (reports decreases in grey matter associated with behavior) and is a VBM whole-brain analysis, satisfying the local decreasing-activity criteria.","[""GLOBAL_I1"", ""GLOBAL_I2"", ""DEMENTIA_DECREASING_ACTIVITY_I1"", ""DEMENTIA_DECREASING_ACTIVITY_I2""]",[],True,,"This is a VBM-based whole-brain regression (meets GLOBAL_I1 and STRUCTURAL_I1) performed in the bvFTD group vs controls (GLOBAL_I2), satisfying the structural criterion.","[""GLOBAL_I1"", ""GLOBAL_I2"", ""STRUCTURAL_I1""]",[],False,,The analysis is structural VBM regression (not fMRI or FDG-PET) and thus does not meet the FUNCTIONAL_I1 inclusion criterion.,"[""GLOBAL_I1"", ""GLOBAL_I2""]",[]
21930136,4,21930136_analysis_4,Behavioral variant frontotemporal dementia: regression for majority quantifier comprehension accuracy,,tbl0060,4,None,"[[55.0, -27.0, 3.0], [32.0, 3.0, -1.0], [25.0, 6.0, 14.0], [-23.0, -2.0, 7.0]]",0,True,,"This whole-brain VBM regression in the bvFTD group relating majority-quantifier comprehension to grey-matter atrophy meets GLOBAL_I1 and GLOBAL_I2 and uses VBM, satisfying the dementia_all inclusion criterion.","[""GLOBAL_I1"", ""GLOBAL_I2"", ""DEMENTIA_ALL_I1""]",[],True,,"The regression reports associations between reduced grey matter in bvFTD and poorer majority-quantifier comprehension (i.e. decreases in grey matter related to performance) and is a VBM whole-brain analysis, meeting local and global inclusion criteria.","[""GLOBAL_I1"", ""GLOBAL_I2"", ""DEMENTIA_DECREASING_ACTIVITY_I1"", ""DEMENTIA_DECREASING_ACTIVITY_I2""]",[],True,,"This analysis is a voxel-based morphometry (VBM) whole-brain regression in the bvFTD group, meeting GLOBAL_I1, GLOBAL_I2 and STRUCTURAL_I1.","[""GLOBAL_I1"", ""GLOBAL_I2"", ""STRUCTURAL_I1""]",[],False,,"The analysis is structural VBM regression rather than fMRI or FDG-PET, so it does not satisfy FUNCTIONAL_I1.","[""GLOBAL_I1"", ""GLOBAL_I2""]",[]
22952324,0,22952324_analysis_0,AD (Rey recall),,69,4,None,"[[30.0, 43.0, 18.0], [11.0, 43.0, 2.0], [20.0, 15.0, 42.0], [-14.0, 35.0, -20.0]]",0,False,,Global inclusion criterion GLOBAL_I2 is not met: this analysis is for the AD (Rey recall) group rather than a bvFTD vs. healthy control whole-brain comparison.,[],[],False,,"Global inclusion criterion GLOBAL_I2 is not met (analysis concerns AD group, not bvFTD vs. controls). Additionally, the local criterion DEMENTIA_DECREASING_ACTIVITY_I1 (decreases reported for bvFTD) is not satisfied for this AD-focused analysis.",[],[],False,,"Global inclusion criterion GLOBAL_I2 is not met: analysis is AD-focused rather than a bvFTD vs. healthy control whole-brain comparison. Although STRUCTURAL_I1 (VBM) would be met, the required global criterion is missing.",[],[],False,,"Global inclusion criterion GLOBAL_I2 is not met (analysis is AD-focused, not bvFTD vs. controls). In addition, the local functional inclusion FUNCTIONAL_I1 (fMRI or FDG-PET modality) is not met because this analysis uses VBM.",[],[]
22952324,1,22952324_analysis_1,"bvFTD (areas of overlap for Rey recall, TROG and BNT)",,69,8,None,"[[-1.0, 32.0, -22.0], [-5.0, 16.0, -12.0], [4.0, 41.0, 11.0], [3.0, 19.0, -12.0], [14.0, 47.0, 12.0], [4.0, 53.0, -22.0], [11.0, 42.0, 13.0], [2.0, 14.0, -12.0]]",0,True,,Analysis uses whole-brain voxelwise VBM and includes a bvFTD versus healthy control comparison; both global criteria are met and modality is VBM matching DEMENTIA_ALL_I1.,"[""GLOBAL_I1"", ""GLOBAL_I2"", ""DEMENTIA_ALL_I1""]",[],True,,"Whole-brain VBM analysis reports decreased grey matter for bvFTD relative to controls (Control > bvFTD) and uses VBM modality, satisfying GLOBAL_I1, GLOBAL_I2 and local DEMENTIA_DECREASING_ACTIVITY_I1/I2.","[""GLOBAL_I1"", ""GLOBAL_I2"", ""DEMENTIA_DECREASING_ACTIVITY_I1"", ""DEMENTIA_DECREASING_ACTIVITY_I2""]",[],True,,"This is a voxel-based morphometry (VBM) whole-brain analysis comparing bvFTD to controls, satisfying GLOBAL_I1, GLOBAL_I2 and STRUCTURAL_I1.","[""GLOBAL_I1"", ""GLOBAL_I2"", ""STRUCTURAL_I1""]",[],False,,Local inclusion FUNCTIONAL_I1 is not met: the analysis uses VBM (structural) rather than fMRI or FDG-PET.,"[""GLOBAL_I1"", ""GLOBAL_I2""]",[]
23565102,0,23565102_analysis_0,Regions of activation for doubly-quantified sentences minus baseline sentences (p< 0.05 FDR-corrected; 20 voxel extent).,,T2,5,MNI,"[[-32.0, -60.0, 54.0], [24.0, 60.0, -6.0], [-54.0, -44.0, 8.0], [-46.0, 18.0, 20.0], [4.0, 16.0, 54.0]]",0,False,,Global inclusion criterion GLOBAL_I2 (analysis must compare bvFTD group to healthy controls) is not met: this analysis reports fMRI activation in healthy young adults (no bvFTD vs control comparison).,[],[],False,,Global inclusion criterion GLOBAL_I2 (bvFTD vs control comparison) is not met for this fMRI activation analysis in healthy young adults.,[],[],False,,Global inclusion criterion GLOBAL_I2 (bvFTD vs control comparison) is not met; this analysis is task fMRI in healthy participants rather than VBM comparing bvFTD to controls.,[],[],False,,Global inclusion criterion GLOBAL_I2 (bvFTD vs control comparison) is not met: this is a whole-brain task fMRI activation map from healthy young adults and does not include a bvFTD versus control contrast.,[],[]
23565102,1,23565102_analysis_1,Regions of significantly reduced gray matter density in bvFTD patients relative to demographically matched healthy seniors (p<0.05 FDR-corrected; 100 voxel extent).,,T3,11,MNI,"[[-6.0, 50.0, 16.0], [-26.0, 52.0, 4.0], [-26.0, 44.0, 30.0], [50.0, 4.0, 22.0], [-40.0, 2.0, 38.0], [-18.0, -10.0, 24.0], [-38.0, 12.0, 4.0], [-38.0, -24.0, -16.0], [-36.0, 8.0, -26.0], [42.0, 10.0, -30.0], [52.0, -26.0, 0.0]]",0,True,,"Analysis is a whole-brain VBM comparison of bvFTD patients versus healthy seniors (voxelwise), satisfying global and local inclusion criteria.","[""GLOBAL_I1"", ""GLOBAL_I2"", ""DEMENTIA_ALL_I1""]",[],True,,"Analysis reports decreases in gray matter density for bvFTD relative to controls (Control > bvFTD) using whole-brain VBM, meeting global and local inclusion criteria.","[""GLOBAL_I1"", ""GLOBAL_I2"", ""DEMENTIA_DECREASING_ACTIVITY_I1"", ""DEMENTIA_DECREASING_ACTIVITY_I2""]",[],True,,"This is a voxel-based morphometry (VBM) whole-brain analysis comparing bvFTD to controls, satisfying structural inclusion criteria.","[""GLOBAL_I1"", ""GLOBAL_I2"", ""STRUCTURAL_I1""]",[],False,,Local inclusion FUNCTIONAL_I1 (requires fMRI or FDG-PET modality) is not met because this analysis uses VBM (structural MRI) rather than fMRI or FDG-PET.,[],[]
23565102,2,23565102_analysis_2,Regions of overlap between fMRI activation in healthy young adults and reduced gray matter density in bvFTD patients relative to healthy seniors.,,T4,5,MNI,"[[-46.0, 6.0, 38.0], [22.0, 58.0, -6.0], [-36.0, 18.0, 22.0], [-34.0, 30.0, -2.0], [-42.0, 20.0, 30.0]]",0,True,,"This analysis is a voxelwise conjunction/overlap of whole-brain fMRI activation and VBM (bvFTD vs controls) maps, meeting global and local modality inclusion criteria.","[""GLOBAL_I1"", ""GLOBAL_I2"", ""DEMENTIA_ALL_I1""]",[],True,,The overlap analysis includes voxels showing reduced gray matter density in bvFTD (Control > bvFTD) derived from whole-brain VBM and therefore meets global and local inclusion criteria for reporting decreases.,"[""GLOBAL_I1"", ""GLOBAL_I2"", ""DEMENTIA_DECREASING_ACTIVITY_I1"", ""DEMENTIA_DECREASING_ACTIVITY_I2""]",[],True,,"The overlap regions are defined using voxelwise VBM results (bvFTD vs controls), fulfilling the structural VBM inclusion criterion.","[""GLOBAL_I1"", ""GLOBAL_I2"", ""STRUCTURAL_I1""]",[],True,,"The overlap analysis incorporates whole-brain task fMRI activation maps (healthy adults) together with VBM, and thus meets the functional modality inclusion criterion (fMRI).","[""GLOBAL_I1"", ""GLOBAL_I2"", ""FUNCTIONAL_I1""]",[]
23576128,0,23576128_analysis_0,Regions of significant atrophy in the behavioural variant FTD group,,48,8,None,"[[-10.0, 14.0, -12.0], [20.0, 26.0, 44.0], [28.0, 36.0, -14.0], [-26.0, 34.0, -14.0], [-60.0, -6.0, -12.0], [-4.0, 34.0, 2.0], [-48.0, -36.0, -22.0], [-60.0, 8.0, -20.0]]",0,True,,"Whole-brain VBM comparing bvFTD patients to healthy controls is present, satisfying global criteria and the local modality requirement (VBM).","[""GLOBAL_I1"", ""GLOBAL_I2"", ""DEMENTIA_ALL_I1""]",[],True,,"The VBM analysis reports decreased gray matter volume in bvFTD versus controls (Control > bvFTD), meeting both global criteria and local criteria for reporting decreases with VBM modality.","[""GLOBAL_I1"", ""GLOBAL_I2"", ""DEMENTIA_DECREASING_ACTIVITY_I1"", ""DEMENTIA_DECREASING_ACTIVITY_I2""]",[],True,,"This is a VBM (voxel-based morphometry) whole-brain comparison of bvFTD versus controls, meeting global criteria and the structural modality requirement.","[""GLOBAL_I1"", ""GLOBAL_I2"", ""STRUCTURAL_I1""]",[],False,,"Excluded because the analysis is VBM (structural) and does not use fMRI or FDG-PET, so FUNCTIONAL_I1 is not met.",[],[]
23576128,1,23576128_analysis_1,Brain regions demonstrating greater activity for moral-personal than non-moral dilemmas in control subjects,,49,3,None,"[[50.0, -60.0, 26.0], [0.0, -78.0, 42.0], [8.0, 60.0, -4.0]]",0,False,,"Excluded because the analysis does not compare bvFTD patients to healthy controls (GLOBAL_I2 not met); although it is a whole-brain fMRI map in controls, GLOBAL_I2 is required.",[],[],False,,Excluded because the analysis does not compare bvFTD patients to healthy controls (GLOBAL_I2 not met) and does not report decreases in bvFTD; missing GLOBAL_I2 and DEMENTIA_DECREASING_ACTIVITY_I1.,[],[],False,,Excluded because the analysis does not compare bvFTD patients to healthy controls (GLOBAL_I2 not met) and it is not a VBM structural experiment (missing STRUCTURAL_I1).,[],[],False,,"Excluded because the analysis does not compare bvFTD patients to healthy controls (GLOBAL_I2 not met); although modality is fMRI, GLOBAL_I2 is required.",[],[]
23576128,2,23576128_analysis_2,Brain regions demonstrating greater activity for moral-personal than moral-impersonal dilemmas in control subjects,,50,4,None,"[[-4.0, 34.0, -14.0], [56.0, -64.0, 26.0], [4.0, -58.0, 24.0], [-20.0, 4.0, -12.0]]",0,False,,Excluded because the analysis does not compare bvFTD patients to healthy controls (GLOBAL_I2 not met); this is a within-control whole-brain fMRI contrast.,[],[],False,,Excluded because the analysis does not compare bvFTD patients to healthy controls (GLOBAL_I2 not met) and does not report decreases for bvFTD; missing GLOBAL_I2 and DEMENTIA_DECREASING_ACTIVITY_I1.,[],[],False,,Excluded because the analysis does not compare bvFTD patients to healthy controls (GLOBAL_I2 not met) and is not a VBM structural analysis (missing STRUCTURAL_I1).,[],[],False,,Excluded because the analysis does not compare bvFTD patients to healthy controls (GLOBAL_I2 not met); global inclusion criterion GLOBAL_I2 is required.,[],[]
23576128,3,23576128_analysis_3,Brain regions demonstrating greater activity for non-moral than moral-personal dilemmas in control subjects,,51,5,None,"[[34.0, -84.0, 16.0], [-22.0, -96.0, 4.0], [40.0, -2.0, 62.0], [36.0, -46.0, 48.0], [-34.0, -24.0, 66.0]]",0,False,,Excluded because the analysis does not compare bvFTD patients to healthy controls (GLOBAL_I2 not met); this is a within-control whole-brain fMRI contrast.,[],[],False,,Excluded because the analysis does not compare bvFTD patients to healthy controls (GLOBAL_I2 not met) and does not report decreases in bvFTD; missing GLOBAL_I2 and DEMENTIA_DECREASING_ACTIVITY_I1.,[],[],False,,Excluded because the analysis does not compare bvFTD patients to healthy controls (GLOBAL_I2 not met) and is not a VBM structural analysis (missing STRUCTURAL_I1).,[],[],False,,Excluded because the analysis does not compare bvFTD patients to healthy controls (GLOBAL_I2 not met); global inclusion criterion GLOBAL_I2 is required.,[],[]
23576128,4,23576128_analysis_4,Brain regions demonstrating greater activity for moral-impersonal than moral-personal dilemmas in control subjects,,52,8,None,"[[-32.0, -60.0, 44.0], [40.0, -58.0, 46.0], [-36.0, 14.0, 30.0], [46.0, 38.0, 14.0], [-26.0, -72.0, 30.0], [8.0, 0.0, 52.0], [44.0, 20.0, 40.0], [4.0, 26.0, 48.0]]",0,False,,Excluded because the analysis does not compare bvFTD patients to healthy controls (GLOBAL_I2 not met); this is a within-control whole-brain fMRI contrast.,[],[],False,,Excluded because the analysis does not compare bvFTD patients to healthy controls (GLOBAL_I2 not met) and does not report decreases in bvFTD; missing GLOBAL_I2 and DEMENTIA_DECREASING_ACTIVITY_I1.,[],[],False,,Excluded because the analysis does not compare bvFTD patients to healthy controls (GLOBAL_I2 not met) and is not a VBM structural analysis (missing STRUCTURAL_I1).,[],[],False,,Excluded because the analysis does not compare bvFTD patients to healthy controls (GLOBAL_I2 not met); global inclusion criterion GLOBAL_I2 is required.,[],[]
23576128,5,23576128_analysis_5,Brain regions demonstrating greater contrast between moral-personal and non-moral dilemmas in control subjects than in patients with behavioural variant FTD,,53,1,None,"[[4.0, -42.0, 38.0]]",0,True,,"Whole-brain task fMRI contrast comparing control subjects versus bvFTD patients is present, satisfying global criteria and the local functional modality requirement for dementia_all.","[""GLOBAL_I1"", ""GLOBAL_I2"", ""DEMENTIA_ALL_I1""]",[],True,,"The between-group contrast (Control > bvFTD) shows decreased recruitment in bvFTD (posterior cingulate/precuneus), meeting global criteria and local criteria for decreases using fMRI modality.","[""GLOBAL_I1"", ""GLOBAL_I2"", ""DEMENTIA_DECREASING_ACTIVITY_I1"", ""DEMENTIA_DECREASING_ACTIVITY_I2""]",[],False,,"Excluded because this analysis is a task fMRI between-group contrast (functional), not a VBM structural experiment (STRUCTURAL_I1 not met).",[],[],True,,"This is a whole-brain task fMRI between-group comparison (Control vs bvFTD), satisfying global criteria and the functional modality requirement.","[""GLOBAL_I1"", ""GLOBAL_I2"", ""FUNCTIONAL_I1""]",[]
23582296,0,23582296_analysis_0,Controls vs bvFTD,,tbl3,10,MNI,"[[-10.0, 28.0, -26.0], [32.0, -6.0, -50.0], [-40.0, -14.0, -48.0], [6.0, 0.0, 4.0], [-18.0, -14.0, -26.0], [-32.0, 22.0, 4.0], [50.0, 12.0, -4.0], [48.0, -20.0, 10.0], [-18.0, 26.0, 42.0], [-14.0, 22.0, 0.0]]",0,True,,Whole-brain VBM group contrast directly comparing Controls vs bvFTD meets global whole-brain requirement and compares bvFTD to healthy controls; modality is VBM so local inclusion met.,"[""GLOBAL_I1"", ""GLOBAL_I2"", ""DEMENTIA_ALL_I1""]",[],True,,Whole-brain VBM contrast Controls > bvFTD reports decreased gray matter in bvFTD (Control > bvFTD); modality is VBM so local inclusion met.,"[""GLOBAL_I1"", ""GLOBAL_I2"", ""DEMENTIA_DECREASING_ACTIVITY_I1"", ""DEMENTIA_DECREASING_ACTIVITY_I2""]",[],True,,"Analysis is a whole-brain VBM group contrast (Controls vs bvFTD), satisfying the structural VBM inclusion criterion.","[""GLOBAL_I1"", ""GLOBAL_I2"", ""STRUCTURAL_I1""]",[],False,,"Analysis uses VBM (structural MRI), not fMRI or FDG-PET — missing FUNCTIONAL_I1 (modality mismatch).",[],[]
23582296,1,23582296_analysis_1,Controls vs AD,,tbl3,5,MNI,"[[-14.0, 60.0, -12.0], [32.0, -12.0, -24.0], [-36.0, 22.0, 8.0], [-44.0, -58.0, 14.0], [-20.0, 10.0, 44.0]]",0,False,,"Analysis compares Controls vs AD, not bvFTD vs healthy controls — missing GLOBAL_I2 (must compare bvFTD group to healthy controls).",[],[],False,,Analysis does not involve a bvFTD vs healthy control comparison (Controls vs AD) — missing GLOBAL_I2. If the intent were to capture AD decreases it would not satisfy the bvFTD-specific global criterion.,[],[],False,,"Although this is VBM, the analysis compares Controls vs AD rather than bvFTD vs Controls — missing GLOBAL_I2 (bvFTD vs healthy controls required).",[],[],False,,"Fails global requirement: analysis compares Controls vs AD, not bvFTD vs Controls (missing GLOBAL_I2). Also modality is VBM, not fMRI/FDG-PET (missing FUNCTIONAL_I1).",[],[]
23582296,2,23582296_analysis_2,bvFTD vs AD,,tbl3,1,MNI,"[[22.0, 12.0, -10.0]]",0,False,,Analysis compares bvFTD vs AD (no healthy control group); does not meet GLOBAL_I2 (must compare bvFTD to healthy controls without pooling).,[],[],False,,Contrast is bvFTD vs AD rather than bvFTD vs Controls — missing GLOBAL_I2 (required comparison to healthy controls).,[],[],False,,"While VBM modality is used, the analysis does not compare bvFTD to healthy controls (missing GLOBAL_I2), so it fails the global inclusion requirement.",[],[],False,,Fails GLOBAL_I2 (no bvFTD vs healthy control comparison) and modality is VBM not fMRI/FDG-PET (missing FUNCTIONAL_I1).,[],[]
23582296,3,23582296_analysis_3,Episodic past retrieval,VBM results showing regions of significant grey matter intensity that covary with episodic past and future thinking performance.,tbl4,7,MNI,"[[-12.0, 52.0, -4.0], [-12.0, 16.0, 40.0], [14.0, -28.0, 14.0], [-14.0, -34.0, 40.0], [-12.0, 52.0, -4.0], [-18.0, 18.0, 38.0], [-2.0, -44.0, 32.0]]",0,False,,This is a VBM covariate (brain–behavior) analysis rather than a direct bvFTD vs healthy control group contrast; it therefore does not meet GLOBAL_I2 (must compare bvFTD group to healthy controls).,[],[],False,,"Although whole-brain VBM covariates show associations with decreased grey matter, the analysis is a covariate across groups rather than a direct bvFTD vs healthy control contrast — missing GLOBAL_I2.",[],[],False,,"Modality is VBM (STRUCTURAL_I1 would be met), but the analysis does not perform a bvFTD vs healthy control comparison as required by GLOBAL_I2; therefore global inclusion fails.",[],[],False,,"Analysis is VBM (structural), not fMRI/FDG-PET (missing FUNCTIONAL_I1), and additionally does not constitute a bvFTD vs healthy control contrast (missing GLOBAL_I2).",[],[]
23582296,4,23582296_analysis_4,Episodic future thinking,VBM results showing regions of significant grey matter intensity that covary with episodic past and future thinking performance.,tbl4,21,MNI,"[[26.0, -28.0, -32.0], [-58.0, 10.0, -14.0], [-52.0, -2.0, -42.0], [42.0, -8.0, 28.0], [-40.0, -46.0, 14.0], [18.0, 60.0, 4.0], [-22.0, 20.0, 40.0], [28.0, 54.0, 8.0], [-44.0, -48.0, 8.0], [10.0, 68.0, 26.0], [-54.0, 6.0, -20.0], [26.0, -26.0, -16.0], [-30.0, 28.0, 36.0], [-52.0, 2.0, -42.0], [-38.0, -16.0, -42.0], [-42.0, -68.0, -8.0], [68.0, -28.0, -4.0], [48.0, -10.0, 26.0], [32.0, -32.0, -18.0], [-6.0, -38.0, 34.0], [-42.0, -56.0, 18.0]]",0,False,,This VBM covariate analysis (future-thinking correlations) is not a direct bvFTD vs healthy control group comparison; it fails GLOBAL_I2 (bvFTD vs Controls required).,[],[],False,,"Although decreases in grey matter correlate with poorer future-thinking, the analysis is a covariate across participants rather than a bvFTD vs healthy control contrast — missing GLOBAL_I2.",[],[],False,,"Modality is VBM (would meet STRUCTURAL_I1), but the analysis does not compare bvFTD to healthy controls (missing GLOBAL_I2), so global inclusion fails.",[],[],False,,"Analysis uses VBM (structural), not fMRI/FDG-PET (missing FUNCTIONAL_I1), and it does not represent a bvFTD vs healthy control comparison (missing GLOBAL_I2).",[],[]
23670951,0,23670951_analysis_0,AD and controls,,9,16,MNI,"[[16.0, 70.0, -4.0], [64.0, -32.0, -8.0], [4.0, -54.0, 22.0], [-38.0, -34.0, 36.0], [-24.0, -16.0, -24.0], [62.0, -58.0, -22.0], [12.0, 20.0, 40.0], [-60.0, -22.0, -32.0], [-26.0, 18.0, -12.0], [6.0, -76.0, 56.0], [26.0, -4.0, -38.0], [22.0, 6.0, -28.0], [-54.0, -22.0, 24.0], [-48.0, -50.0, 6.0], [20.0, -34.0, -4.0], [30.0, 10.0, 28.0]]",0,False,,"Global inclusion criterion GLOBAL_I2 is not met: this analysis compares AD to Controls (AD and controls), not bvFTD to healthy controls as required.",[],[],False,,"Global inclusion criterion GLOBAL_I2 is not met: this analysis compares AD to Controls, not bvFTD to healthy controls.",[],[],False,,"Global inclusion criterion GLOBAL_I2 is not met: analysis is AD vs Controls, not bvFTD vs Controls required by global criteria.",[],[],False,,"Global inclusion criterion GLOBAL_I2 is not met: analysis does not compare bvFTD to healthy controls. Additionally, the modality is VBM (structural), so FUNCTIONAL_I1 (fMRI/FDG-PET) is not met.",[],[]
23670951,1,23670951_analysis_1,bvFTD and controls,,9,4,MNI,"[[0.0, 46.0, 2.0], [34.0, 24.0, -34.0], [-10.0, 24.0, -26.0], [28.0, -12.0, -20.0]]",0,True,,"Analysis is a whole-brain VBM voxelwise map (GLOBAL_I1) comparing bvFTD to healthy controls without pooling (GLOBAL_I2), and uses VBM as required for this annotation (DEMENTIA_ALL_I1).","[""GLOBAL_I1"", ""GLOBAL_I2"", ""DEMENTIA_ALL_I1""]",[],True,,"Analysis is whole-brain VBM (GLOBAL_I1) comparing bvFTD to controls (GLOBAL_I2) and reports decreases in gray matter for bvFTD relative to controls, satisfying the modality requirement (DEMENTIA_DECREASING_ACTIVITY_I2) and the decrease criterion (DEMENTIA_DECREASING_ACTIVITY_I1).","[""GLOBAL_I1"", ""GLOBAL_I2"", ""DEMENTIA_DECREASING_ACTIVITY_I1"", ""DEMENTIA_DECREASING_ACTIVITY_I2""]",[],True,,"This is a whole-brain voxelwise VBM analysis (GLOBAL_I1, GLOBAL_I2) and uses VBM as the imaging modality (STRUCTURAL_I1).","[""GLOBAL_I1"", ""GLOBAL_I2"", ""STRUCTURAL_I1""]",[],False,,"Local inclusion FUNCTIONAL_I1 (fMRI or FDG-PET) is not met: this analysis uses VBM (structural MRI), not fMRI or FDG-PET.",[],[]
23670951,2,23670951_analysis_2,Regions of overlap,,10,4,MNI,"[[26.0, 12.0, -30.0], [16.0, 70.0, -4.0], [0.0, 46.0, 8.0], [26.0, -16.0, -20.0]]",0,False,,"Global inclusion criterion GLOBAL_I2 is not met: this 'Regions of overlap' analysis is an overlap mask derived from AD and bvFTD contrasts, not a direct bvFTD vs healthy controls comparison as required.",[],[],False,,"Global inclusion criterion GLOBAL_I2 is not met: the overlap mask is not a direct bvFTD vs Controls analysis (bvFTD not compared alone to healthy controls), so it fails the required global criterion.",[],[],False,,"Global inclusion criterion GLOBAL_I2 is not met: the overlap map is derived and not a direct bvFTD vs Controls whole-brain contrast required by GLOBAL_I2, so excluded despite being VBM-derived.",[],[],False,,"Global inclusion criterion GLOBAL_I2 is not met: this overlap analysis is not a direct bvFTD vs Controls contrast; additionally the data are VBM (structural), so FUNCTIONAL_I1 is not satisfied.",[],[]
23670951,3,23670951_analysis_3,AD and controls,Voxel‐based morphometry results showing regions of significant grey matter intensity decrease that correlate with recall performance unique to Alzheimer's disease (AD) and behavioral variant frontotemporal dementia (bvFTD) groups,11,15,MNI,"[[66.0, -38.0, -22.0], [10.0, 60.0, -6.0], [8.0, -56.0, 20.0], [-38.0, -36.0, 36.0], [-22.0, -16.0, -24.0], [62.0, -58.0, -24.0], [14.0, 20.0, 38.0], [-64.0, -16.0, -34.0], [-24.0, 16.0, -12.0], [8.0, -74.0, 50.0], [26.0, -6.0, -40.0], [-58.0, -26.0, 24.0], [-46.0, -50.0, 6.0], [24.0, -34.0, -4.0], [36.0, 10.0, 26.0]]",0,False,,"Global inclusion criterion GLOBAL_I2 is not met: this analysis is AD vs Controls (AD unique), not bvFTD vs Controls as required.",[],[],False,,"Global inclusion criterion GLOBAL_I2 is not met: this contrast addresses AD-specific decreases, not bvFTD vs healthy controls.",[],[],False,,"Global inclusion criterion GLOBAL_I2 is not met: although this is a VBM analysis, it compares AD to Controls rather than bvFTD to Controls required by global criteria.",[],[],False,,"Global inclusion criterion GLOBAL_I2 is not met: analysis is AD vs Controls rather than bvFTD vs Controls, and modality is VBM (STRUCTURAL) not fMRI/FDG-PET (FUNCTIONAL_I1).",[],[]
23670951,4,23670951_analysis_4,bvFTD and Controls,Voxel‐based morphometry results showing regions of significant grey matter intensity decrease that correlate with recall performance unique to Alzheimer's disease (AD) and behavioral variant frontotemporal dementia (bvFTD) groups,11,3,MNI,"[[16.0, 68.0, -8.0], [42.0, 2.0, -44.0], [-28.0, 16.0, -28.0]]",0,True,,"This is a whole-brain VBM voxelwise contrast comparing bvFTD to healthy controls (GLOBAL_I1, GLOBAL_I2) and uses VBM as required (DEMENTIA_ALL_I1).","[""GLOBAL_I1"", ""GLOBAL_I2"", ""DEMENTIA_ALL_I1""]",[],True,,"The analysis is a whole-brain VBM contrast (GLOBAL_I1) of bvFTD vs Controls (GLOBAL_I2) reporting decreases in gray matter for bvFTD, satisfying both decrease and modality criteria (DEMENTIA_DECREASING_ACTIVITY_I1, DEMENTIA_DECREASING_ACTIVITY_I2).","[""GLOBAL_I1"", ""GLOBAL_I2"", ""DEMENTIA_DECREASING_ACTIVITY_I1"", ""DEMENTIA_DECREASING_ACTIVITY_I2""]",[],True,,"This is a whole-brain VBM analysis (GLOBAL_I1, GLOBAL_I2) meeting the structural modality requirement (STRUCTURAL_I1).","[""GLOBAL_I1"", ""GLOBAL_I2"", ""STRUCTURAL_I1""]",[],False,,"Local inclusion FUNCTIONAL_I1 (fMRI or FDG-PET) is not met: the modality is VBM (structural MRI), not fMRI or FDG-PET.",[],[]
23805313,0,23805313_analysis_0,ANGER,Ekman 60,pone-0067457-t003,6,MNI,"[[-58.0, -48.0, -6.0], [-50.0, -68.0, 40.0], [20.0, -74.0, 18.0], [-10.0, -36.0, -4.0], [-44.0, -14.0, 30.0], [-36.0, 38.0, 2.0]]",0,False,,Analysis is a VBM correlation across combined participant groups (patients and controls) rather than a whole-brain bvFTD vs healthy-control comparison; missing required global inclusion GLOBAL_I2 (bvFTD vs controls).,[],[],False,,Does not report a bvFTD < control whole-brain contrast specific to bvFTD; missing required global inclusion GLOBAL_I2 (bvFTD vs controls).,[],[],False,,"Although the analysis uses VBM (meets STRUCTURAL_I1), it is not a bvFTD vs control whole-brain comparison required by GLOBAL_I2; missing GLOBAL_I2.",[],[],False,,"This is a VBM structural analysis, not an fMRI/FDG-PET analysis required by FUNCTIONAL_I1, and it does not present a bvFTD vs control whole-brain comparison (missing GLOBAL_I2).",[],[]
23805313,1,23805313_analysis_1,ANGER,Caricatures,pone-0067457-t003,6,MNI,"[[-36.0, 6.0, -44.0], [-22.0, 16.0, -26.0], [-60.0, -6.0, -24.0], [-18.0, -94.0, -12.0], [-50.0, -42.0, -4.0], [40.0, 24.0, -38.0]]",0,False,,Analysis is a VBM correlation across combined participant groups rather than a whole-brain bvFTD vs healthy-control comparison; missing GLOBAL_I2.,[],[],False,,Does not present a bvFTD < control whole-brain contrast specific to bvFTD; missing GLOBAL_I2.,[],[],False,,"While this uses VBM (STRUCTURAL_I1), it is a behavioural correlation across pooled groups rather than a bvFTD vs control contrast required by GLOBAL_I2.",[],[],False,,The analysis is structural VBM (not fMRI/FDG-PET required by FUNCTIONAL_I1) and does not include a bvFTD vs control whole-brain comparison (missing GLOBAL_I2).,[],[]
23805313,2,23805313_analysis_2,DISGUST,Ekman 60,pone-0067457-t003,4,MNI,"[[-36.0, 12.0, -18.0], [2.0, -2.0, -2.0], [32.0, 6.0, -20.0], [-38.0, 22.0, -42.0]]",0,False,,"This is a VBM correlation across combined groups, not a bvFTD vs healthy-control whole-brain comparison; missing GLOBAL_I2.",[],[],False,,Does not report a bvFTD < control whole-brain contrast; missing GLOBAL_I2 required for this annotation.,[],[],False,,"Although modality is VBM (meets STRUCTURAL_I1), the analysis is a pooled-group behavioural correlation rather than a bvFTD vs control whole-brain comparison required by GLOBAL_I2.",[],[],False,,This is structural VBM (not fMRI/FDG-PET as required by FUNCTIONAL_I1) and it does not present a bvFTD vs control whole-brain contrast (missing GLOBAL_I2).,[],[]
23805313,3,23805313_analysis_3,DISGUST,Caricatures,pone-0067457-t003,3,MNI,"[[-42.0, 0.0, -12.0], [-42.0, 20.0, -28.0], [-54.0, -64.0, 8.0]]",0,False,,VBM behavioural correlation across combined participant groups rather than a bvFTD vs healthy-control whole-brain comparison; missing GLOBAL_I2.,[],[],False,,No bvFTD < control whole-brain contrast reported for this analysis; missing GLOBAL_I2.,[],[],False,,"Modality is VBM (STRUCTURAL_I1 satisfied), but analysis is not the required bvFTD vs control whole-brain comparison (missing GLOBAL_I2).",[],[],False,,"Analysis is structural VBM, not fMRI/FDG-PET (missing FUNCTIONAL_I1), and does not present a bvFTD vs control whole-brain contrast (missing GLOBAL_I2).",[],[]
23805313,4,23805313_analysis_4,FEAR,Ekman 60,pone-0067457-t003,4,MNI,"[[40.0, 2.0, -48.0], [-4.0, 48.0, 6.0], [26.0, -12.0, -24.0], [-38.0, -16.0, -42.0]]",0,False,,This is a whole-brain VBM correlation across pooled groups rather than a bvFTD vs healthy-control comparison; missing GLOBAL_I2.,[],[],False,,Does not report bvFTD < control decreases; missing GLOBAL_I2 required for this annotation.,[],[],False,,Uses VBM (STRUCTURAL_I1) but is a pooled-group behavioural correlation rather than the bvFTD vs control whole-brain comparison required by GLOBAL_I2.,[],[],False,,Structural VBM analysis (not fMRI/FDG-PET required by FUNCTIONAL_I1) and lacks a bvFTD vs control whole-brain contrast (missing GLOBAL_I2).,[],[]
23805313,5,23805313_analysis_5,FEAR,Caricatures,pone-0067457-t003,8,MNI,"[[4.0, 26.0, -28.0], [40.0, -32.0, 8.0], [22.0, 16.0, -6.0], [10.0, 68.0, -6.0], [28.0, -10.0, -28.0], [6.0, -68.0, 60.0], [22.0, -102.0, -6.0], [-12.0, -88.0, -6.0]]",0,False,,VBM correlation across combined participant groups rather than a bvFTD vs healthy-control whole-brain comparison; missing GLOBAL_I2.,[],[],False,,No bvFTD < control whole-brain contrast is reported for this analysis; missing GLOBAL_I2.,[],[],False,,"While modality is VBM (STRUCTURAL_I1), the analysis is a pooled-group correlation and not the bvFTD vs control contrast required by GLOBAL_I2.",[],[],False,,This is a structural VBM analysis (not fMRI/FDG-PET as required by FUNCTIONAL_I1) and it does not perform a bvFTD vs control whole-brain comparison (missing GLOBAL_I2).,[],[]
23805313,6,23805313_analysis_6,SADNESS,Ekman 60,pone-0067457-t003,1,MNI,"[[-2.0, 26.0, -28.0]]",0,False,,Analysis is a VBM behavioural correlation across pooled groups rather than a bvFTD vs healthy-control whole-brain comparison; missing GLOBAL_I2.,[],[],False,,Does not present bvFTD < control decreases; missing GLOBAL_I2.,[],[],False,,"Modality is VBM (STRUCTURAL_I1), but the analysis is not the required bvFTD vs control whole-brain comparison (missing GLOBAL_I2).",[],[],False,,Structural VBM (not fMRI/FDG-PET per FUNCTIONAL_I1) and lacks a bvFTD vs control whole-brain contrast (missing GLOBAL_I2).,[],[]
23805313,7,23805313_analysis_7,SADNESS,Caricatures,pone-0067457-t003,0,,[],0,False,,VBM correlation across combined groups rather than a bvFTD vs healthy-control whole-brain comparison; missing GLOBAL_I2.,[],[],False,,No bvFTD < control whole-brain contrast reported for this analysis; missing GLOBAL_I2.,[],[],False,,"Although modality is VBM (STRUCTURAL_I1), the analysis is a pooled-group correlation rather than the bvFTD vs control whole-brain comparison required by GLOBAL_I2.",[],[],False,,This is a structural VBM analysis (not fMRI/FDG-PET required by FUNCTIONAL_I1) and does not include a bvFTD vs control whole-brain contrast (missing GLOBAL_I2).,[],[]
23986673,0,23986673_analysis_0,Voxel level correction,Functional brain regions showing increased functional connectivity in patients with bvFTD compared to healthy controls.,T1,15,MNI,"[[21.0, 42.0, 31.0], [13.0, 10.0, 14.0], [9.0, 18.0, 28.0], [17.0, 9.0, 24.0], [29.0, 35.0, 25.0], [22.0, 44.0, 17.0], [34.0, 41.0, 14.0], [11.0, 39.0, 12.0], [23.0, 12.0, 21.0], [11.0, 32.0, 27.0], [30.0, 24.0, 35.0], [10.0, 42.0, 13.0], [7.0, 29.0, 26.0], [6.0, 22.0, 22.0], [35.0, 16.0, 24.0]]",0,False,,Excluded because GLOBAL_E2 applies: these analyses are resting-state fMRI voxelwise comparisons and the global exclusion criterion disallows resting-state analyses.,[],"[""GLOBAL_E2""]",False,,Excluded because GLOBAL_E2 applies: these analyses are resting-state fMRI voxelwise comparisons and the global exclusion criterion disallows resting-state analyses.,[],"[""GLOBAL_E2""]",False,,Excluded because GLOBAL_E2 applies: these analyses are resting-state fMRI voxelwise comparisons and the global exclusion criterion disallows resting-state analyses.,[],"[""GLOBAL_E2""]",False,,Excluded because GLOBAL_E2 applies: these analyses are resting-state fMRI voxelwise comparisons and the global exclusion criterion disallows resting-state analyses.,[],"[""GLOBAL_E2""]"
23986673,1,23986673_analysis_1,Inter-IC corrected y-concatenation for all RSNs,Functional brain regions showing increased functional connectivity in patients with bvFTD compared to healthy controls.,T1,6,MNI,"[[11.0, 12.0, 15.0], [30.0, 38.0, 31.0], [22.0, 45.0, 17.0], [7.0, 18.0, 16.0], [17.0, 33.0, 30.0], [24.0, 11.0, 27.0]]",0,False,,Excluded because GLOBAL_E2 applies: these analyses are resting-state fMRI voxelwise comparisons and the global exclusion criterion disallows resting-state analyses.,[],"[""GLOBAL_E2""]",False,,Excluded because GLOBAL_E2 applies: these analyses are resting-state fMRI voxelwise comparisons and the global exclusion criterion disallows resting-state analyses.,[],"[""GLOBAL_E2""]",False,,Excluded because GLOBAL_E2 applies: these analyses are resting-state fMRI voxelwise comparisons and the global exclusion criterion disallows resting-state analyses.,[],"[""GLOBAL_E2""]",False,,Excluded because GLOBAL_E2 applies: these analyses are resting-state fMRI voxelwise comparisons and the global exclusion criterion disallows resting-state analyses.,[],"[""GLOBAL_E2""]"
24278277,0,24278277_analysis_0,Controls >FTD,,pone-0080353-t003,8,MNI,"[[-4.0, 40.0, -27.0], [28.0, 8.0, -26.0], [4.0, 32.0, 45.0], [36.0, -9.0, -18.0], [15.0, 60.0, 16.0], [-54.0, 8.0, -24.0], [-2.0, 17.0, 34.0], [32.0, 54.0, 9.0]]",0,True,,"Whole-brain VBM comparison of bvFTD vs controls (voxelwise), and modality is VBM, satisfying global and local inclusion criteria.","[""GLOBAL_I1"", ""GLOBAL_I2"", ""DEMENTIA_ALL_I1""]",[],True,,"Analysis is Controls > FTD (bvFTD shows decreases) using VBM whole-brain, meeting global and local inclusion criteria.","[""GLOBAL_I1"", ""GLOBAL_I2"", ""DEMENTIA_DECREASING_ACTIVITY_I1"", ""DEMENTIA_DECREASING_ACTIVITY_I2""]",[],True,,"Uses whole-brain VBM comparing bvFTD to controls, satisfying structural VBM criterion and global criteria.","[""GLOBAL_I1"", ""GLOBAL_I2"", ""STRUCTURAL_I1""]",[],False,,"Excluded because the imaging modality is VBM (structural), missing functional modality requirement FUNCTIONAL_I1.","[""GLOBAL_I1"", ""GLOBAL_I2""]",[]
24278277,1,24278277_analysis_1,Controls >PSP,,pone-0080353-t003,5,MNI,"[[-51.0, -19.0, -30.0], [54.0, -3.0, 31.0], [3.0, 28.0, -29.0], [50.0, -81.0, 7.0], [9.0, -12.0, 18.0]]",0,False,,"Excluded because GLOBAL_I2 is not met: this analysis compares PSP to controls, not bvFTD vs controls.",[],[],False,,"Excluded because GLOBAL_I2 is not met: this analysis compares PSP to controls, not bvFTD vs controls.",[],[],False,,"Excluded because GLOBAL_I2 is not met: this analysis compares PSP to controls, not bvFTD vs controls.",[],[],False,,"Excluded because GLOBAL_I2 is not met: this analysis compares PSP to controls, not bvFTD vs controls. Also modality is structural VBM not functional (missing FUNCTIONAL_I1).",[],[]
24278277,2,24278277_analysis_2,PSP>FTD,,pone-0080353-t003,13,MNI,"[[42.0, -18.0, -17.0], [-15.0, 24.0, -14.0], [-4.0, 21.0, -3.0], [-30.0, 41.0, 28.0], [-36.0, 20.0, 46.0], [3.0, 27.0, 58.0], [-44.0, -3.0, -18.0], [2.0, 11.0, 39.0], [32.0, 8.0, -24.0], [34.0, -6.0, 3.0], [-18.0, 53.0, 13.0], [-32.0, -6.0, 1.0], [-26.0, 51.0, -12.0]]",0,False,,Excluded because GLOBAL_I2 is not met: this is a direct patient-group contrast (PSP>FTD) and does not compare bvFTD to healthy controls.,[],[],False,,Excluded because GLOBAL_I2 is not met: contrast is PSP>FTD (does not compare controls to bvFTD).,[],[],False,,"Excluded because GLOBAL_I2 is not met: analysis is between patient groups (PSP vs bvFTD), not bvFTD vs controls.",[],[],False,,Excluded because GLOBAL_I2 is not met: analysis does not compare bvFTD to healthy controls and modality is VBM (missing FUNCTIONAL_I1).,[],[]
24278277,3,24278277_analysis_3,Controls >FTD,,pone-0080353-t004,1,MNI,"[[-32.0, 18.0, -5.0]]",0,True,,"Whole-brain VBM white-matter comparison of bvFTD vs controls (voxelwise), modality is VBM, satisfying global and local inclusion criteria.","[""GLOBAL_I1"", ""GLOBAL_I2"", ""DEMENTIA_ALL_I1""]",[],True,,"Analysis is Controls > FTD in white matter (bvFTD shows decreases) using whole-brain VBM, meeting global and local inclusion criteria.","[""GLOBAL_I1"", ""GLOBAL_I2"", ""DEMENTIA_DECREASING_ACTIVITY_I1"", ""DEMENTIA_DECREASING_ACTIVITY_I2""]",[],True,,"Uses whole-brain VBM (white matter) comparing bvFTD to controls, satisfying structural VBM criterion and global criteria.","[""GLOBAL_I1"", ""GLOBAL_I2"", ""STRUCTURAL_I1""]",[],False,,"Excluded because the imaging modality is VBM (structural), missing functional modality requirement FUNCTIONAL_I1.","[""GLOBAL_I1"", ""GLOBAL_I2""]",[]
24278277,4,24278277_analysis_4,Controls >PSP,,pone-0080353-t004,7,MNI,"[[-2.0, -21.0, -5.0], [36.0, -13.0, 0.0], [24.0, 18.0, 43.0], [34.0, -34.0, 43.0], [44.0, -10.0, 31.0], [9.0, 8.0, 42.0], [-6.0, 15.0, 31.0]]",0,False,,"Excluded because GLOBAL_I2 is not met: this analysis compares PSP to controls, not bvFTD vs controls.",[],[],False,,"Excluded because GLOBAL_I2 is not met: this analysis compares PSP to controls, not bvFTD vs controls.",[],[],False,,Excluded because GLOBAL_I2 is not met: analysis compares PSP to controls rather than bvFTD to controls.,[],[],False,,Excluded because GLOBAL_I2 is not met: this is PSP vs controls. Also modality is VBM not functional (missing FUNCTIONAL_I1).,[],[]
24278277,5,24278277_analysis_5,FTD>PSP,,pone-0080353-t004,1,MNI,"[[2.0, -28.0, -6.0]]",0,False,,Excluded because GLOBAL_I2 is not met: FTD>PSP contrast does not compare bvFTD to healthy controls.,[],[],False,,Excluded because GLOBAL_I2 is not met: this is a patient-group contrast (FTD>PSP) not a controls>bvFTD comparison.,[],[],False,,"Excluded because GLOBAL_I2 is not met: analysis is FTD vs PSP, not bvFTD vs controls.",[],[],False,,Excluded because GLOBAL_I2 is not met (no bvFTD vs control comparison) and modality is structural VBM not functional (missing FUNCTIONAL_I1).,[],[]
24278277,6,24278277_analysis_6,Stroop Interference T-score,,pone-0080353-t005,8,MNI,"[[-10.0, 20.0, 27.0], [52.0, 30.0, 6.0], [34.0, 14.0, 39.0], [-45.0, -39.0, 0.0], [27.0, -75.0, -6.0], [-42.0, 56.0, 10.0], [38.0, 39.0, 24.0], [48.0, 20.0, 30.0]]",0,False,,Excluded because GLOBAL_I2 is not met: this is a within-bvFTD correlation (no bvFTD vs controls comparison).,[],[],False,,Excluded because GLOBAL_I2 is not met: correlation in bvFTD does not compare bvFTD to controls.,[],[],False,,"Excluded because GLOBAL_I2 is not met: this is a correlation within bvFTD rather than a bvFTD vs control comparison, despite using VBM.",[],[],False,,Excluded because GLOBAL_I2 is not met: correlation analysis does not compare bvFTD to healthy controls and modality is VBM not functional (missing FUNCTIONAL_I1).,[],[]
24278277,7,24278277_analysis_7,WCST number of categories,,pone-0080353-t005,9,MNI,"[[-63.0, -22.0, 39.0], [38.0, 40.0, -2.0], [44.0, 32.0, 46.0], [66.0, -61.0, 7.0], [-56.0, -48.0, 15.0], [-32.0, 41.0, 30.0], [52.0, -72.0, 7.0], [-38.0, 56.0, 4.0], [-50.0, 26.0, 40.0]]",0,False,,Excluded because GLOBAL_I2 is not met: this is a within-bvFTD correlation (WCST categories) not a bvFTD vs control comparison.,[],[],False,,Excluded because GLOBAL_I2 is not met: correlation in bvFTD does not compare bvFTD to controls.,[],[],False,,"Excluded because GLOBAL_I2 is not met: correlation within bvFTD rather than bvFTD vs controls, despite being VBM-based.",[],[],False,,Excluded because GLOBAL_I2 is not met: analysis is a VBM correlation (not bvFTD vs controls) and modality is structural not functional (missing FUNCTIONAL_I1).,[],[]
24278277,8,24278277_analysis_8,Letter fluency,,pone-0080353-t005,6,MNI,"[[-28.0, -91.0, -11.0], [4.0, -51.0, 6.0], [-28.0, 12.0, 40.0], [-39.0, 11.0, 22.0], [-42.0, -19.0, 0.0], [51.0, -30.0, 15.0]]",0,False,,"Excluded because GLOBAL_I2 is not met: letter fluency correlation is within bvFTD, not a bvFTD vs control whole-brain comparison.",[],[],False,,Excluded because GLOBAL_I2 is not met: within-group correlation does not report controls > bvFTD decreases.,[],[],False,,Excluded because GLOBAL_I2 is not met: VBM correlation within bvFTD rather than comparing bvFTD to controls.,[],[],False,,Excluded because GLOBAL_I2 is not met and modality is VBM (missing FUNCTIONAL_I1).,[],[]
24278277,9,24278277_analysis_9,MDRS initiation score,,pone-0080353-t005,1,MNI,"[[33.0, -4.0, -12.0]]",0,False,,"Excluded because GLOBAL_I2 is not met: MDRS initiation score correlation is within bvFTD, not a bvFTD vs control comparison.",[],[],False,,Excluded because GLOBAL_I2 is not met: within-group correlation does not compare controls to bvFTD for decreases.,[],[],False,,Excluded because GLOBAL_I2 is not met: VBM correlation within bvFTD rather than bvFTD vs controls.,[],[],False,,Excluded because GLOBAL_I2 is not met and modality is structural VBM (missing FUNCTIONAL_I1).,[],[]
24278277,10,24278277_analysis_10,MDRS attention score,,pone-0080353-t005,1,MNI,"[[12.0, -22.0, 40.0]]",0,False,,"Excluded because GLOBAL_I2 is not met: MDRS attention score correlation is within bvFTD, not a bvFTD vs control comparison.",[],[],False,,Excluded because GLOBAL_I2 is not met: correlation analysis does not compare bvFTD to controls.,[],[],False,,Excluded because GLOBAL_I2 is not met: this is a within-bvFTD VBM correlation rather than a bvFTD vs control contrast.,[],[],False,,Excluded because GLOBAL_I2 is not met and modality is VBM (missing FUNCTIONAL_I1).,[],[]
24278277,11,24278277_analysis_11,Concept score,,pone-0080353-t005,1,MNI,"[[-45.0, -46.0, 19.0]]",0,False,,"Excluded because GLOBAL_I2 is not met: concept score correlation is within bvFTD, not a bvFTD vs control comparison.",[],[],False,,Excluded because GLOBAL_I2 is not met: within-group correlation does not report controls > bvFTD decreases.,[],[],False,,Excluded because GLOBAL_I2 is not met: VBM correlation within bvFTD rather than bvFTD vs controls.,[],[],False,,Excluded because GLOBAL_I2 is not met and modality is VBM (missing FUNCTIONAL_I1).,[],[]
24278277,12,24278277_analysis_12,Stroop Interference T- score,,pone-0080353-t006,2,MNI,"[[2.0, 32.0, 6.0], [40.0, 22.0, 7.0]]",0,False,,Excluded because GLOBAL_I2 is not met: this white-matter correlation is within bvFTD and does not compare bvFTD to healthy controls.,[],[],False,,Excluded because GLOBAL_I2 is not met: correlation within bvFTD does not report controls > bvFTD decreases.,[],[],False,,Excluded because GLOBAL_I2 is not met: white-matter VBM correlation within bvFTD rather than a bvFTD vs control contrast.,[],[],False,,Excluded because GLOBAL_I2 is not met and modality is VBM (missing FUNCTIONAL_I1).,[],[]
24278277,13,24278277_analysis_13,WCST number of categories,,pone-0080353-t006,4,MNI,"[[-15.0, 45.0, 33.0], [10.0, 64.0, 0.0], [32.0, 46.0, 15.0], [15.0, 9.0, 37.0]]",0,False,,"Excluded because GLOBAL_I2 is not met: this white-matter correlation (WCST) is within bvFTD, not a bvFTD vs control comparison.",[],[],False,,Excluded because GLOBAL_I2 is not met: within-group correlation does not compare controls to bvFTD.,[],[],False,,Excluded because GLOBAL_I2 is not met: white-matter VBM correlation within bvFTD rather than a bvFTD vs control contrast.,[],[],False,,Excluded because GLOBAL_I2 is not met and modality is VBM (missing FUNCTIONAL_I1).,[],[]
24278277,14,24278277_analysis_14,MDRS attention score,,pone-0080353-t006,1,MNI,"[[32.0, 8.0, 39.0]]",0,False,,Excluded because GLOBAL_I2 is not met: this white-matter correlation (MDRS attention) is within bvFTD and does not compare bvFTD to healthy controls.,[],[],False,,Excluded because GLOBAL_I2 is not met: within-group correlation does not report controls > bvFTD decreases.,[],[],False,,Excluded because GLOBAL_I2 is not met: white-matter VBM correlation within bvFTD rather than a bvFTD vs control contrast.,[],[],False,,Excluded because GLOBAL_I2 is not met and modality is VBM (missing FUNCTIONAL_I1).,[],[]
25009480,0,25009480_analysis_0,TOTAL SCORE—MEMORY,,T4,14,MNI,"[[-10.0, 40.0, -14.0], [-26.0, 26.0, 40.0], [-46.0, -64.0, 18.0], [-34.0, -14.0, -10.0], [2.0, 18.0, 56.0], [-48.0, 24.0, 16.0], [44.0, -58.0, 28.0], [48.0, -48.0, 36.0], [10.0, -32.0, 38.0], [-26.0, 48.0, 22.0], [-34.0, 16.0, 26.0], [46.0, -8.0, 28.0], [-48.0, 2.0, -42.0], [-30.0, -82.0, 8.0]]",0,False,,Global inclusion criterion GLOBAL_I2 not met: this analysis reports voxelwise correlations across all participants (combined groups) rather than a comparison of the bvFTD group to healthy controls.,[],[],False,,Global inclusion criterion GLOBAL_I2 not met: analysis is a whole-sample voxelwise correlation (all participants combined) and does not report decreases specific to the bvFTD group vs. controls.,[],[],False,,"Global inclusion criterion GLOBAL_I2 not met: although this is a VBM (structural) whole-brain analysis (GLOBAL_I1 satisfied), the analysis is across all participants rather than a bvFTD vs. control comparison required by GLOBAL_I2.",[],[],False,,"Global inclusion criterion GLOBAL_I2 not met: analysis is a VBM (structural) voxelwise correlation across all participants and does not compare bvFTD to controls; additionally, modality does not match FUNCTIONAL_I1 (fMRI/FDG-PET).",[],[]
25009480,1,25009480_analysis_1,TOTAL SCORE—EMOTIONAL ENHANCEMENT,,T4,7,MNI,"[[-46.0, -84.0, -8.0], [-35.0, -6.0, -34.0], [32.0, -16.0, -34.0], [36.0, 48.0, 34.0], [42.0, -46.0, 8.0], [12.0, 68.0, 14.0], [32.0, -28.0, 22.0]]",0,False,,Global inclusion criterion GLOBAL_I2 not met: this analysis reports voxelwise emotional-enhancement correlations across all participants rather than a bvFTD vs. control comparison.,[],[],False,,Global inclusion criterion GLOBAL_I2 not met: analysis is a whole-sample voxelwise correlation (all participants combined) and does not report decreases specific to the bvFTD group vs. controls.,[],[],False,,"Global inclusion criterion GLOBAL_I2 not met: although this is a VBM (structural) whole-brain analysis (GLOBAL_I1 satisfied), the analysis is across all participants rather than a bvFTD vs. control comparison required by GLOBAL_I2.",[],[],False,,"Global inclusion criterion GLOBAL_I2 not met: analysis is a VBM (structural) voxelwise correlation across all participants and does not compare bvFTD to controls; additionally, modality does not match FUNCTIONAL_I1 (fMRI/FDG-PET).",[],[]
25009480,2,25009480_analysis_2,bvFTD,,T5,7,MNI,"[[64.0, -20.0, -16.0], [-54.0, -72.0, -24.0], [42.0, 48.0, 18.0], [-34.0, -2.0, -38.0], [-40.0, 60.0, 18.0], [20.0, -68.0, 12.0], [-20.0, 30.0, 40.0]]",0,True,,Meets global whole-brain VBM requirement and includes bvFTD-related analysis (bvFTD group analyses reported separately).,"[""GLOBAL_I1"", ""GLOBAL_I2"", ""DEMENTIA_ALL_I1""]",[],True,,This analysis reports decreases in gray-matter intensity related to bvFTD (Control > bvFTD / reduced gray matter intensity in bvFTD) using VBM.,"[""GLOBAL_I1"", ""GLOBAL_I2"", ""DEMENTIA_DECREASING_ACTIVITY_I1"", ""DEMENTIA_DECREASING_ACTIVITY_I2""]",[],True,,This is a voxel-based morphometry (VBM) whole-brain analysis.,"[""GLOBAL_I1"", ""GLOBAL_I2"", ""STRUCTURAL_I1""]",[],False,,"Modality mismatch: this is a structural VBM analysis, not an fMRI or FDG-PET functional analysis (missing FUNCTIONAL_I1).",[],[]
25009480,3,25009480_analysis_3,AD,,T5,9,MNI,"[[-26.0, 0.0, 40.0], [32.0, -28.0, 18.0], [-36.0, -26.0, 60.0], [-36.0, -14.0, -26.0], [-28.0, 46.0, 24.0], [44.0, -2.0, -10.0], [-64.0, 4.0, -14.0], [32.0, -10.0, -34.0], [-26.0, -40.0, -22.0]]",0,True,,Meets global whole-brain VBM requirement and includes AD group analyses (patient group analyzed with controls); VBM modality matches the dementia_all inclusion.,"[""GLOBAL_I1"", ""GLOBAL_I2"", ""DEMENTIA_ALL_I1""]",[],False,,"Local inclusion not met: this analysis is for the AD group, not reporting decreases specific to the bvFTD group (missing DEMENTIA_DECREASING_ACTIVITY_I1).",[],[],True,,This is a voxel-based morphometry (VBM) whole-brain analysis targeting a dementia group (AD).,"[""GLOBAL_I1"", ""GLOBAL_I2"", ""STRUCTURAL_I1""]",[],False,,"Modality mismatch: this is a structural VBM analysis, not an fMRI or FDG-PET functional analysis (missing FUNCTIONAL_I1).",[],[]
25396740,0,25396740_analysis_0,BvFTD vs. Controls,,pone-0113081-t002,2,MNI,"[[18.0, -62.0, -64.0], [-26.0, -84.0, -52.0]]",0,True,,"Whole-brain VBM contrast comparing bvFTD to healthy Controls (voxelwise map) and uses VBM modality, meeting global whole-brain and bvFTD-vs-Control requirements and the local modality inclusion for this annotation.","[""GLOBAL_I1"", ""GLOBAL_I2"", ""DEMENTIA_ALL_I1""]",[],True,,VBM voxelwise contrast shows decreases in grey matter intensity for bvFTD relative to Controls (Control > bvFTD). Meets global whole-brain and bvFTD-vs-Control requirements and the local criteria for reporting decreases using an acceptable modality.,"[""GLOBAL_I1"", ""GLOBAL_I2"", ""DEMENTIA_DECREASING_ACTIVITY_I1"", ""DEMENTIA_DECREASING_ACTIVITY_I2""]",[],True,,"Analysis uses voxel-based morphometry (VBM), satisfying the structural modality requirement and global whole-brain and bvFTD-vs-Control criteria.","[""GLOBAL_I1"", ""GLOBAL_I2"", ""STRUCTURAL_I1""]",[],False,,Excluded because the analysis uses VBM (structural MRI) rather than fMRI or FDG-PET — missing FUNCTIONAL_I1.,[],[]
25396740,1,25396740_analysis_1,SD vs. Controls,,pone-0113081-t002,3,MNI,"[[-24.0, -6.0, -52.0], [34.0, -8.0, -52.0], [-26.0, -82.0, -54.0]]",0,False,,Excluded because GLOBAL_I2 is not met: this analysis compares SD (semantic dementia) to Controls rather than bvFTD to Controls.,[],[],False,,"Excluded because GLOBAL_I2 is not met: analysis is SD vs Controls, not bvFTD vs Controls.",[],[],False,,Excluded because GLOBAL_I2 is not met: analysis compares SD to Controls rather than bvFTD to Controls.,[],[],False,,"Excluded because GLOBAL_I2 is not met: analysis compares SD to Controls rather than bvFTD to Controls. Additionally, modality is VBM not fMRI/FDG-PET (missing FUNCTIONAL_I1).",[],[]
25396740,2,25396740_analysis_2,AD vs. Controls,,pone-0113081-t002,1,MNI,"[[30.0, -2.0, -54.0]]",0,False,,Excluded because GLOBAL_I2 is not met: this analysis compares AD to Controls rather than bvFTD to Controls.,[],[],False,,"Excluded because GLOBAL_I2 is not met: analysis is AD vs Controls, not bvFTD vs Controls.",[],[],False,,Excluded because GLOBAL_I2 is not met: analysis compares AD to Controls rather than bvFTD to Controls.,[],[],False,,"Excluded because GLOBAL_I2 is not met: analysis compares AD to Controls rather than bvFTD to Controls. Additionally, modality is VBM not fMRI/FDG-PET (missing FUNCTIONAL_I1).",[],[]
25396740,3,25396740_analysis_3,Remote,,pone-0113081-t003,9,MNI,"[[-18.0, 4.0, -50.0], [-12.0, 50.0, -28.0], [-14.0, 0.0, -22.0], [34.0, -20.0, -10.0], [-44.0, -12.0, 28.0], [-8.0, -102.0, -10.0], [38.0, 20.0, -28.0], [-12.0, 4.0, 4.0], [26.0, -86.0, -8.0]]",0,False,,"Excluded because GLOBAL_I2 is not met: this is a covariate VBM analysis across all participants (combined groups), not a bvFTD vs Control whole-brain contrast.",[],[],False,,Excluded because GLOBAL_I2 is not met: analysis pools groups in a covariate model rather than comparing bvFTD alone to Controls.,[],[],False,,"Excluded because GLOBAL_I2 is not met: although this uses VBM, it is a combined-group covariate analysis rather than a bvFTD vs Control contrast.",[],[],False,,"Excluded because GLOBAL_I2 is not met (combined-group covariate analysis, not bvFTD vs Controls) and modality is VBM rather than fMRI/FDG-PET (missing FUNCTIONAL_I1).",[],[]
25396740,4,25396740_analysis_4,Recent,,pone-0113081-t003,9,MNI,"[[-2.0, 42.0, -30.0], [-24.0, 24.0, -8.0], [34.0, -40.0, -14.0], [-34.0, -66.0, 16.0], [22.0, 12.0, 42.0], [-4.0, -30.0, 26.0], [-62.0, -6.0, -38.0], [60.0, -30.0, -30.0], [-26.0, -100.0, -8.0]]",0,False,,Excluded because GLOBAL_I2 is not met: this is a combined-group VBM covariate analysis (Recent ABM) rather than a bvFTD vs Control contrast.,[],[],False,,Excluded because GLOBAL_I2 is not met: analysis pools groups (covariate model) rather than comparing bvFTD alone to Controls.,[],[],False,,"Excluded because GLOBAL_I2 is not met: although VBM modality is used, the analysis is not a bvFTD vs Control whole-brain contrast.",[],[],False,,"Excluded because GLOBAL_I2 is not met (combined-group covariate analysis, not bvFTD vs Controls) and because modality is VBM not fMRI/FDG-PET (missing FUNCTIONAL_I1).",[],[]
25396740,5,25396740_analysis_5,Overlap,,pone-0113081-t004,2,MNI,"[[-6.0, 46.0, -26.0], [40.0, -22.0, -12.0]]",0,False,,Excluded because GLOBAL_I2 is not met: overlap analysis derived from combined groups rather than a bvFTD vs Control whole-brain contrast.,[],[],False,,Excluded because GLOBAL_I2 is not met: overlap map is not a bvFTD vs Control contrast.,[],[],False,,"Excluded because GLOBAL_I2 is not met: although derived from VBM, the overlap analysis is not a bvFTD vs Control comparison.",[],[],False,,"Excluded because GLOBAL_I2 is not met (overlap across groups, not bvFTD vs Controls) and modality is VBM not fMRI/FDG-PET (missing FUNCTIONAL_I1).",[],[]
25396740,6,25396740_analysis_6,Remote,,pone-0113081-t004,6,MNI,"[[-16.0, 2.0, -46.0], [-14.0, -14.0, -24.0], [-46.0, -14.0, 28.0], [-14.0, 44.0, -28.0], [48.0, 6.0, -28.0], [44.0, -32.0, 4.0]]",0,False,,"Excluded because GLOBAL_I2 is not met: this exclusive-mask VBM analysis is derived from combined-group contrasts, not a direct bvFTD vs Control comparison.",[],[],False,,Excluded because GLOBAL_I2 is not met: exclusive masking contrasts are not a bvFTD vs Control whole-brain contrast.,[],[],False,,"Excluded because GLOBAL_I2 is not met: although VBM modality is involved, the analysis is not a bvFTD vs Control contrast.",[],[],False,,"Excluded because GLOBAL_I2 is not met (exclusive-mask analyses across groups, not bvFTD vs Controls) and modality is VBM not fMRI/FDG-PET (missing FUNCTIONAL_I1).",[],[]
25396740,7,25396740_analysis_7,Recent,,pone-0113081-t004,8,MNI,"[[-26.0, 22.0, -10.0], [-36.0, -64.0, 14.0], [-14.0, 58.0, -16.0], [-6.0, -36.0, 26.0], [20.0, 20.0, 44.0], [-62.0, -6.0, -40.0], [60.0, -30.0, -30.0], [34.0, -36.0, -16.0]]",0,False,,Excluded because GLOBAL_I2 is not met: this exclusive-mask VBM analysis pertains to Recent ABM across groups rather than a bvFTD vs Control comparison.,[],[],False,,Excluded because GLOBAL_I2 is not met: exclusive-mask contrasts do not represent a bvFTD vs Control whole-brain contrast.,[],[],False,,"Excluded because GLOBAL_I2 is not met: despite VBM modality, the analysis is not a direct bvFTD vs Control contrast.",[],[],False,,"Excluded because GLOBAL_I2 is not met (exclusive-mask across groups, not bvFTD vs Controls) and because modality is VBM not fMRI/FDG-PET (missing FUNCTIONAL_I1).",[],[]
25396740,8,25396740_analysis_8,BvFTD versus Controls,Tract-based spatial statistics results showing regions of white matter integrity decrease in each of the patient groups compared with Controlsa,pone-0113081-t005,1,MNI,"[[-28.0, 0.0, -36.0]]",0,False,,"Excluded because although this is a whole-brain TBSS contrast of bvFTD vs Controls (GLOBAL_I1 and GLOBAL_I2 met), it does not use VBM/fMRI/FDG-PET required by the DEMENTIA_ALL_I1 modality criterion (modality is DTI/TBSS).","[""GLOBAL_I1"", ""GLOBAL_I2""]",[],False,,"Excluded because while the TBSS contrast reports decreases in FA for bvFTD (DEMENTIA_DECREASING_ACTIVITY_I1 satisfied), it does not use the allowed imaging modalities (DEMENTIA_DECREASING_ACTIVITY_I2 requires VBM, fMRI, or FDG-PET).","[""GLOBAL_I1"", ""GLOBAL_I2"", ""DEMENTIA_DECREASING_ACTIVITY_I1""]",[],False,,"Excluded because STRUCTURAL_I1 requires VBM modality, but this analysis uses DTI/TBSS rather than VBM.","[""GLOBAL_I1"", ""GLOBAL_I2""]",[],False,,Excluded because the analysis uses TBSS/DTI rather than fMRI or FDG-PET — missing FUNCTIONAL_I1.,"[""GLOBAL_I1"", ""GLOBAL_I2""]",[]
25396740,9,25396740_analysis_9,SD versus Controls,Tract-based spatial statistics results showing regions of white matter integrity decrease in each of the patient groups compared with Controlsa,pone-0113081-t005,1,MNI,"[[-34.0, -3.0, -34.0]]",0,False,,Excluded because GLOBAL_I2 is not met: this TBSS analysis compares SD to Controls rather than bvFTD to Controls.,[],[],False,,"Excluded because GLOBAL_I2 is not met: analysis is SD vs Controls, not bvFTD vs Controls.",[],[],False,,Excluded because GLOBAL_I2 is not met: this TBSS contrast compares SD to Controls rather than bvFTD to Controls (and STRUCTURAL_I1 requires VBM).,[],[],False,,Excluded because GLOBAL_I2 is not met: analysis compares SD to Controls rather than bvFTD vs Controls. Modality is TBSS/DTI not fMRI/FDG-PET (missing FUNCTIONAL_I1).,[],[]
25396740,10,25396740_analysis_10,AD versus Controls,Tract-based spatial statistics results showing regions of white matter integrity decrease in each of the patient groups compared with Controlsa,pone-0113081-t005,1,MNI,"[[-24.0, -56.0, 11.0]]",0,False,,Excluded because GLOBAL_I2 is not met: this TBSS analysis compares AD to Controls rather than bvFTD to Controls.,[],[],False,,"Excluded because GLOBAL_I2 is not met: analysis is AD vs Controls, not bvFTD vs Controls.",[],[],False,,Excluded because GLOBAL_I2 is not met: this TBSS contrast compares AD to Controls rather than bvFTD to Controls (and STRUCTURAL_I1 requires VBM).,[],[],False,,Excluded because GLOBAL_I2 is not met: analysis compares AD to Controls rather than bvFTD vs Controls. Modality is TBSS/DTI not fMRI/FDG-PET (missing FUNCTIONAL_I1).,[],[]
25619850,0,25619850_analysis_0,Clusters of reduced gray matter density in patients with bvFTD relative to controls,,t0010,5,MNI,"[[26.0, 34.0, -16.0], [40.0, -50.0, -16.0], [-46.0, -54.0, -20.0], [50.0, -66.0, -14.0], [20.0, -64.0, 4.0]]",0,True,,Whole-brain voxelwise VBM group comparison (bvFTD vs. healthy seniors) is reported; meets global whole-brain and group-comparison criteria and uses VBM.,"[""GLOBAL_I1"", ""GLOBAL_I2"", ""DEMENTIA_ALL_I1""]",[],True,,Analysis reports reduced gray matter density in bvFTD relative to controls (Control > bvFTD) using whole-brain VBM.,"[""GLOBAL_I1"", ""GLOBAL_I2"", ""DEMENTIA_DECREASING_ACTIVITY_I1"", ""DEMENTIA_DECREASING_ACTIVITY_I2""]",[],True,,Uses voxel-based morphometry (VBM) to identify clusters of reduced gray matter density (structural modality) in a whole-brain voxelwise analysis.,"[""GLOBAL_I1"", ""GLOBAL_I2"", ""STRUCTURAL_I1""]",[],False,,Excluded because the analysis is structural VBM (gray matter density); it does not use fMRI or FDG-PET and therefore does not meet FUNCTIONAL_I1.,[],[]
25619850,1,25619850_analysis_1,Clusters of reduced gray matter density related to overall accuracy in patients,,t0010,10,MNI,"[[-46.0, 22.0, 26.0], [-6.0, 36.0, -4.0], [24.0, 10.0, 52.0], [-4.0, 30.0, 30.0], [-28.0, 44.0, -16.0], [10.0, 32.0, 28.0], [-36.0, 32.0, -14.0], [30.0, 30.0, 46.0], [-12.0, 50.0, 6.0], [30.0, 36.0, 34.0]]",0,True,,Voxelwise VBM regression relating overall accuracy to gray matter density within patients (whole-brain voxelwise VBM constrained to atrophy mask); meets global criteria and uses VBM.,"[""GLOBAL_I1"", ""GLOBAL_I2"", ""DEMENTIA_ALL_I1""]",[],True,,Regression identifies regions where reduced gray matter density is associated with poorer performance (decreases in GM related to behavior) using voxelwise VBM.,"[""GLOBAL_I1"", ""GLOBAL_I2"", ""DEMENTIA_DECREASING_ACTIVITY_I1"", ""DEMENTIA_DECREASING_ACTIVITY_I2""]",[],True,,Analysis uses voxel-based morphometry (VBM) to relate behavioral performance to gray matter density (structural modality).,"[""GLOBAL_I1"", ""GLOBAL_I2"", ""STRUCTURAL_I1""]",[],False,,Excluded because the analysis is structural VBM (gray matter density); it does not use fMRI or FDG-PET and therefore does not meet FUNCTIONAL_I1.,[],[]
25619850,2,25619850_analysis_2,Clusters of reduced GM density related to patient performance in the colorblind condition,,t0015,11,MNI,"[[-14.0, 14.0, -24.0], [-2.0, 24.0, 20.0], [10.0, 52.0, -4.0], [8.0, 44.0, -20.0], [-28.0, 22.0, -16.0], [20.0, 20.0, 46.0], [-28.0, 44.0, -14.0], [10.0, 24.0, 38.0], [4.0, 58.0, -16.0], [-6.0, 46.0, -22.0], [-64.0, -6.0, -24.0]]",0,True,,Voxelwise VBM regression relating colorblind-condition accuracy to gray matter density; whole-brain voxelwise VBM and compares/relates to bvFTD atrophy—meets global and local VBM criteria.,"[""GLOBAL_I1"", ""GLOBAL_I2"", ""DEMENTIA_ALL_I1""]",[],True,,"Reports that reduced gray matter density in specific regions (mPFC, OFC, ACC, ITG) is associated with poorer performance in the colorblind condition (decreases) using voxelwise VBM.","[""GLOBAL_I1"", ""GLOBAL_I2"", ""DEMENTIA_DECREASING_ACTIVITY_I1"", ""DEMENTIA_DECREASING_ACTIVITY_I2""]",[],True,,Analysis uses voxel-based morphometry (VBM) regression to link behavior to structural gray matter density.,"[""GLOBAL_I1"", ""GLOBAL_I2"", ""STRUCTURAL_I1""]",[],False,,Excluded because the analysis is structural VBM (gray matter density); it does not use fMRI or FDG-PET and therefore does not meet FUNCTIONAL_I1.,[],[]
25619850,3,25619850_analysis_3,Clusters of reduced GM density related to patient performance in the privileged ground condition,,t0015,4,MNI,"[[-46.0, 18.0, 26.0], [-32.0, 56.0, 2.0], [-58.0, 18.0, 12.0], [-30.0, 32.0, -12.0]]",0,True,,Voxelwise VBM regression relating privileged-ground accuracy to gray matter density; whole-brain voxelwise VBM and relates to bvFTD atrophy—meets global and local VBM criteria.,"[""GLOBAL_I1"", ""GLOBAL_I2"", ""DEMENTIA_ALL_I1""]",[],True,,"Identifies regions where reduced gray matter density (e.g., dlPFC) is associated with poorer privileged-ground performance; voxelwise VBM demonstrates decreases related to behavior.","[""GLOBAL_I1"", ""GLOBAL_I2"", ""DEMENTIA_DECREASING_ACTIVITY_I1"", ""DEMENTIA_DECREASING_ACTIVITY_I2""]",[],True,,Uses voxel-based morphometry (VBM) regression linking behavioral performance to structural gray matter density.,"[""GLOBAL_I1"", ""GLOBAL_I2"", ""STRUCTURAL_I1""]",[],False,,Excluded because the analysis is structural VBM (gray matter density); it does not use fMRI or FDG-PET and therefore does not meet FUNCTIONAL_I1.,[],[]
25773639,0,25773639_analysis_0,Musical mode,bvFTD > controls,tbl1,1,MNI,"[[1.0, -29.0, -24.0]]",0,True,,Global whole-brain voxelwise comparison of bvFTD vs controls is reported using task fMRI; modality is fMRI which meets the local inclusion for 'dementia_all'.,"[""GLOBAL_I1"", ""DEMENTIA_ALL_I1""]",[],False,,"This analysis is labeled as bvFTD > controls (increase in bvFTD), so it does not report decreases for bvFTD (missing DEMENTIA_DECREASING_ACTIVITY_I1).",[],[],False,,Analysis uses task fMRI rather than VBM (missing STRUCTURAL_I1).,[],[],True,,Task-based fMRI whole-brain analysis comparing bvFTD and controls meets global and local functional criteria.,"[""GLOBAL_I1"", ""FUNCTIONAL_I1""]",[]
25773639,1,25773639_analysis_1,Music emotion level,,tbl1,2,MNI,"[[-65.0, -29.0, 0.0], [55.0, 12.0, 11.0]]",0,True,,Whole-brain/task fMRI group comparison (bvFTD vs controls) is reported; modality is fMRI satisfying the 'dementia_all' inclusion.,"[""GLOBAL_I1"", ""DEMENTIA_ALL_I1""]",[],False,,"The reported effect for music emotion level is described as greater in bvFTD than controls (bvFTD > controls), so it does not report decreases for bvFTD (missing DEMENTIA_DECREASING_ACTIVITY_I1).",[],[],False,,"This is a task fMRI analysis, not VBM (missing STRUCTURAL_I1).",[],[],True,,Task-based fMRI whole-brain analysis comparing bvFTD and controls meets the functional inclusion criteria.,"[""GLOBAL_I1"", ""FUNCTIONAL_I1""]",[]
25773639,2,25773639_analysis_2,Vocal emotion,Controls > bvFTD,tbl1,2,MNI,"[[-52.0, -10.0, -11.0], [-59.0, 33.0, 1.0]]",0,True,,"Whole-brain/task fMRI group comparison (controls > bvFTD reported) is present; modality is fMRI, meeting 'dementia_all' inclusion.","[""GLOBAL_I1"", ""DEMENTIA_ALL_I1""]",[],True,,"This analysis reports decreases in bvFTD relative to controls (Controls > bvFTD for vocal emotion), and uses task fMRI, satisfying local inclusion criteria.","[""GLOBAL_I1"", ""DEMENTIA_DECREASING_ACTIVITY_I1"", ""DEMENTIA_DECREASING_ACTIVITY_I2""]",[],False,,This is a task fMRI analysis rather than VBM (missing STRUCTURAL_I1).,[],[],True,,"Analysis is task-based fMRI comparing bvFTD and controls, meeting the functional inclusion criteria.","[""GLOBAL_I1"", ""FUNCTIONAL_I1""]",[]
25773639,3,25773639_analysis_3,Music-specific emotion,bvFTD > controls,tbl1,1,MNI,"[[-61.0, -31.0, 0.0]]",0,True,,Task fMRI whole-brain group comparison is reported (music-specific emotion contrast comparing bvFTD and controls); modality meets the 'dementia_all' inclusion.,"[""GLOBAL_I1"", ""DEMENTIA_ALL_I1""]",[],False,,"The analysis is described as bvFTD > controls (increased in bvFTD) for music-specific emotion, so it does not report decreases for bvFTD (missing DEMENTIA_DECREASING_ACTIVITY_I1).",[],[],False,,This analysis used task fMRI rather than VBM (missing STRUCTURAL_I1).,[],[],True,,Reported whole-brain/task fMRI group comparison meets global and local functional criteria.,"[""GLOBAL_I1"", ""FUNCTIONAL_I1""]",[]
25797589,0,25797589_analysis_0,Identity-Matching – Total score,,t0010,6,MNI,"[[42.0, -2.0, -48.0], [-26.0, -4.0, -34.0], [66.0, -36.0, 6.0], [-24.0, 18.0, -40.0], [-30.0, -6.0, -4.0], [-44.0, -8.0, -46.0]]",0,False,,This analysis is a behavioral total-score variable (Identity-Matching) rather than a whole-brain voxelwise map. It therefore does not meet GLOBAL_I1 (whole-brain evidence) nor GLOBAL_I2 (bvFTD vs controls whole-brain comparison).,[],[],False,,"This is a behavioral measure (Identity-Matching total score), not a whole-brain VBM/fMRI/FDG-PET map comparing bvFTD to controls. Missing required GLOBAL_I1 and GLOBAL_I2.",[],[],False,,"The item is a behavioral score, not a VBM whole-brain image or map. Does not satisfy GLOBAL_I1 (whole-brain evidence) or STRUCTURAL_I1 (VBM modality requirement) and GLOBAL_I2.",[],[],False,,"The analysis is behavioral (Identity-Matching total score), not an fMRI/FDG-PET whole-brain map. Missing GLOBAL_I1 and GLOBAL_I2, and FUNCTIONAL_I1 modality requirement.",[],[]
25797589,1,25797589_analysis_1,CFMT (Face Memory) –Total Score,,t0010,3,MNI,"[[-20.0, -4.0, -44.0], [54.0, 4.0, -36.0], [-54.0, 0.0, -36.0]]",0,False,,"CFMT total score is a behavioral measure, not a whole-brain voxelwise map. Fails GLOBAL_I1 and GLOBAL_I2.",[],[],False,,Behavioral CFMT score — not a whole-brain VBM/fMRI/FDG-PET contrast reporting decreases for bvFTD vs controls. Missing GLOBAL_I1 and GLOBAL_I2.,[],[],False,,"CFMT is a behavioral variable, not a VBM whole-brain analysis. Does not meet GLOBAL_I1, GLOBAL_I2, or STRUCTURAL_I1.",[],[],False,,"CFMT total score is not an fMRI/FDG-PET whole-brain map. Missing GLOBAL_I1, GLOBAL_I2, and FUNCTIONAL_I1.",[],[]
25797589,2,25797589_analysis_2,CCMT (Object Memory) – Total Score,,t0010,0,,[],0,False,,"CCMT total score is a behavioral measure, not a whole-brain voxelwise map. Fails GLOBAL_I1 and GLOBAL_I2.",[],[],False,,Behavioral CCMT score — not a whole-brain VBM/fMRI/FDG-PET contrast reporting decreases for bvFTD vs controls. Missing GLOBAL_I1 and GLOBAL_I2.,[],[],False,,"CCMT is a behavioral variable, not a VBM whole-brain analysis. Does not meet GLOBAL_I1, GLOBAL_I2, or STRUCTURAL_I1.",[],[],False,,"CCMT total score is not an fMRI/FDG-PET whole-brain map. Missing GLOBAL_I1, GLOBAL_I2, and FUNCTIONAL_I1.",[],[]
25797589,3,25797589_analysis_3,Identity-Matching – Total score,,t0010,4,MNI,"[[-28.0, 16.0, -26.0], [-34.0, -8.0, -44.0], [-10.0, 2.0, 40.0], [-38.0, 34.0, -10.0]]",0,False,,"This Identity-Matching total score entry is a behavioral measure rather than a whole-brain voxelwise map, so GLOBAL_I1 and GLOBAL_I2 are not satisfied.",[],[],False,,Behavioral Identity-Matching total score — not a whole-brain VBM/fMRI/FDG-PET contrast reporting bvFTD decreases. Missing GLOBAL_I1 and GLOBAL_I2.,[],[],False,,"Behavioral score, not a VBM whole-brain image. Does not meet GLOBAL_I1, GLOBAL_I2, or STRUCTURAL_I1.",[],[],False,,"This is a behavioral variable, not fMRI/FDG-PET whole-brain data. Missing GLOBAL_I1, GLOBAL_I2, and FUNCTIONAL_I1.",[],[]
25797589,4,25797589_analysis_4,CFMT (Face Memory) –Total score,,t0010,2,MNI,"[[-52.0, 18.0, -24.0], [-40.0, 4.0, 0.0]]",0,False,,"CFMT total score is behavioral, not a whole-brain voxelwise map; does not meet GLOBAL_I1 or GLOBAL_I2.",[],[],False,,Behavioral CFMT score — not a VBM/fMRI/FDG-PET whole-brain contrast showing decreases in bvFTD. Missing GLOBAL_I1 and GLOBAL_I2.,[],[],False,,"CFMT is a behavioral measure, not a VBM whole-brain analysis. Does not satisfy GLOBAL_I1, GLOBAL_I2, or STRUCTURAL_I1.",[],[],False,,"CFMT total score is not fMRI/FDG-PET whole-brain data. Missing GLOBAL_I1, GLOBAL_I2, and FUNCTIONAL_I1.",[],[]
25797589,5,25797589_analysis_5,CCMT (Object Memory) – Total score,,t0010,2,MNI,"[[-36.0, 2.0, 2.0], [-10.0, -12.0, 2.0]]",0,False,,CCMT total score is a behavioral measure and not a whole-brain voxelwise map; GLOBAL_I1 and GLOBAL_I2 are not met.,[],[],False,,Behavioral CCMT score — not a whole-brain VBM/fMRI/FDG-PET contrast reporting decreases for bvFTD vs controls. Missing GLOBAL_I1 and GLOBAL_I2.,[],[],False,,"CCMT is behavioral, not a VBM whole-brain image. Does not meet GLOBAL_I1, GLOBAL_I2, or STRUCTURAL_I1.",[],[],False,,"CCMT total score is not fMRI/FDG-PET whole-brain data. Missing GLOBAL_I1, GLOBAL_I2, and FUNCTIONAL_I1.",[],[]
25913063,0,25913063_analysis_0,bvFTD > AD,,tbl2,2,MNI,"[[8.0, -70.0, 34.0], [46.0, -66.0, 42.0]]",0,False,,"Excluded because global inclusion criterion GLOBAL_I2 is not met: this analysis contrasts bvFTD with AD rather than comparing bvFTD to healthy controls. Although VBM was used (local DEMENTIA_ALL_I1 would be satisfied), the required global comparison to controls is missing.",[],[],False,,"Excluded because global inclusion criterion GLOBAL_I2 is not met (bvFTD vs healthy controls required). Additionally, local inclusion DEMENTIA_DECREASING_ACTIVITY_I1 is not met because the contrast reported is bvFTD > AD (increases) rather than decreases in bvFTD relative to controls. VBM modality (DEMENTIA_DECREASING_ACTIVITY_I2) is present, but the above required conditions are missing.",[],[],False,,"Excluded because global inclusion criterion GLOBAL_I2 is not met: the analysis compares bvFTD to AD rather than bvFTD to healthy controls. Although the modality is VBM (STRUCTURAL_I1 met), the required global comparison to controls is missing.",[],[],False,,"Excluded because global inclusion criterion GLOBAL_I2 is not met (analysis does not compare bvFTD to healthy controls). Additionally, local functional inclusion (FUNCTIONAL_I1) is not met because this analysis uses structural VBM rather than fMRI/FDG-PET.",[],[]
25913063,1,25913063_analysis_1,SD > AD,,tbl2,3,MNI,"[[8.0, -60.0, 20.0], [46.0, -62.0, 26.0], [44.0, -56.0, 6.0]]",0,False,,"Excluded because global inclusion criterion GLOBAL_I2 is not met: this analysis contrasts SD with AD and does not compare bvFTD to healthy controls as required. Although VBM modality (DEMENTIA_ALL_I1) is present, the required global criterion specifying bvFTD vs controls is missing.",[],[],False,,"Excluded because global inclusion criterion GLOBAL_I2 is not met (requires bvFTD vs healthy controls). Also local inclusion DEMENTIA_DECREASING_ACTIVITY_I1 is not met because the contrast concerns SD > AD, not decreases in bvFTD relative to controls. VBM modality (DEMENTIA_DECREASING_ACTIVITY_I2) is present but insufficient given the missing criteria.",[],[],False,,"Excluded because global inclusion criterion GLOBAL_I2 is not met: the analysis compares SD to AD rather than comparing bvFTD to healthy controls. While VBM is used (STRUCTURAL_I1 met), the required global comparison is absent.",[],[],False,,"Excluded because global inclusion criterion GLOBAL_I2 is not met (target bvFTD vs controls required). Additionally, the local functional inclusion (FUNCTIONAL_I1) is not met because the analysis is structural VBM rather than fMRI/FDG-PET.",[],[]
26673947,0,26673947_analysis_0,Regions of GM atrophy in nfvPPA versus control subjects.,,tbl3,11,None,"[[-26.0, -10.0, 55.0], [-48.0, 0.0, 42.0], [-62.0, -1.0, 24.0], [-56.0, -9.0, 42.0], [-3.0, 8.0, 55.0], [-56.0, 7.0, 9.0], [-9.0, 14.0, 43.0], [-38.0, 23.0, 1.0], [-29.0, 5.0, 12.0], [-9.0, 8.0, 13.0], [-12.0, -19.0, 15.0]]",0,False,,"Analysis compares nfvPPA to controls, not bvFTD versus controls, so it fails the required global inclusion GLOBAL_I2 (bvFTD vs controls).",[],[],False,,"Analysis compares nfvPPA to controls, not bvFTD versus controls, so it fails the required global inclusion GLOBAL_I2 (bvFTD vs controls).",[],[],False,,"Analysis compares nfvPPA to controls, not bvFTD versus controls, so it fails the required global inclusion GLOBAL_I2 (bvFTD vs controls).",[],[],False,,"Analysis compares nfvPPA to controls, not bvFTD versus controls, so it fails the required global inclusion GLOBAL_I2 (bvFTD vs controls).",[],[]
26673947,1,26673947_analysis_1,Regions of GM atrophy in bvFTD versus control subjects.,,tbl4,14,None,"[[2.0, 33.0, -12.0], [-29.0, 35.0, -15.0], [18.0, 23.0, 61.0], [35.0, 11.0, -36.0], [54.0, -12.0, -23.0], [3.0, 45.0, 10.0], [-6.0, 45.0, 10.0], [39.0, 21.0, 0.0], [-33.0, 14.0, -12.0], [11.0, 9.0, 9.0], [-9.0, 11.0, 9.0], [14.0, 6.0, -3.0], [-21.0, -1.0, 7.0], [-26.0, 6.0, 9.0]]",0,True,,Whole-brain VBM analysis comparing bvFTD to healthy controls; meets global criteria and uses VBM modality.,"[""GLOBAL_I1"", ""GLOBAL_I2"", ""DEMENTIA_ALL_I1""]",[],True,,"Analysis reports gray-matter decreases in bvFTD versus controls (Control > bvFTD) using VBM, satisfying the local decrease and modality criteria.","[""GLOBAL_I1"", ""GLOBAL_I2"", ""DEMENTIA_DECREASING_ACTIVITY_I1"", ""DEMENTIA_DECREASING_ACTIVITY_I2""]",[],True,,This is a VBM (voxel-based morphometry) whole-brain structural analysis comparing bvFTD to controls.,"[""GLOBAL_I1"", ""GLOBAL_I2"", ""STRUCTURAL_I1""]",[],False,,"Analysis uses VBM (structural MRI), not fMRI or FDG-PET; missing required local inclusion FUNCTIONAL_I1.",[],[]
26682697,0,26682697_analysis_0,AD versus Control,,38,5,MNI,"[[-22.0, -94.0, 6.0], [-2.0, 54.0, -4.0], [36.0, -8.0, 8.0], [8.0, 6.0, 6.0], [-46.0, 10.0, -46.0]]",0,False,,"Fails GLOBAL_I2: this analysis compares AD to Controls, not a bvFTD vs Control whole-brain contrast required by the global criteria.",[],[],False,,"Fails GLOBAL_I2: analysis is AD versus Control, not a bvFTD versus Control contrast; does not meet the required comparison for bvFTD.",[],[],False,,"Fails GLOBAL_I2: although this is a VBM (structural) whole-brain map, the global requirement of a bvFTD vs Control comparison is not met (this is AD vs Control).",[],[],False,,Fails GLOBAL_I2 and missing FUNCTIONAL_I1: this is a VBM structural analysis (not fMRI/FDG-PET) and it is AD vs Control rather than a bvFTD vs Control whole-brain contrast.,[],[]
26682697,1,26682697_analysis_1,bvFTD versus Control,,38,4,MNI,"[[-30.0, -14.0, -48.0], [-50.0, -76.0, -14.0], [34.0, -76.0, -2.0], [22.0, -92.0, -2.0]]",0,True,,Meets GLOBAL_I1 (whole-brain voxelwise VBM) and GLOBAL_I2 (bvFTD versus Control comparison). Modality is VBM satisfying DEMENTIA_ALL_I1.,"[""GLOBAL_I1"", ""GLOBAL_I2"", ""DEMENTIA_ALL_I1""]",[],True,,"Meets GLOBAL_I1 and GLOBAL_I2 (bvFTD vs Control whole-brain VBM) and reports gray-matter decreases for bvFTD, satisfying DEMENTIA_DECREASING_ACTIVITY_I1 and modality requirement DEMENTIA_DECREASING_ACTIVITY_I2.","[""GLOBAL_I1"", ""GLOBAL_I2"", ""DEMENTIA_DECREASING_ACTIVITY_I1"", ""DEMENTIA_DECREASING_ACTIVITY_I2""]",[],True,,"Meets GLOBAL_I1 and GLOBAL_I2 and uses VBM, satisfying STRUCTURAL_I1.","[""GLOBAL_I1"", ""GLOBAL_I2"", ""STRUCTURAL_I1""]",[],False,,"Fails local inclusion FUNCTIONAL_I1: this analysis uses VBM (structural), not fMRI or FDG-PET required for the 'functional' annotation, though it does meet global criteria for bvFTD vs Control.","[""GLOBAL_I1"", ""GLOBAL_I2""]",[]
26682697,2,26682697_analysis_2,Overlap,,39,4,MNI,"[[-26.0, -8.0, -24.0], [-36.0, -32.0, -10.0], [-30.0, 2.0, -44.0], [26.0, -12.0, -24.0]]",0,False,,Fails GLOBAL_I2: this 'Overlap' covariate map reflects combined/group-overlap results rather than a bvFTD versus Control whole-brain contrast required by the global criteria.,[],[],False,,"Fails GLOBAL_I2: the overlap map is not a direct bvFTD vs Control contrast (bvFTD is pooled with other groups here), so it does not meet the required bvFTD-specific comparison.",[],[],False,,"Fails GLOBAL_I2: while this is a whole-brain VBM map, it is an overlap/covariate result (pooled) rather than a bvFTD vs Control contrast required by the global criteria.",[],[],False,,Fails GLOBAL_I2 and missing FUNCTIONAL_I1: this is a VBM structural overlap map (not fMRI/FDG-PET) and not a bvFTD vs Control whole-brain contrast.,[],[]
26682697,3,26682697_analysis_3,Exclusive to AD,,39,17,MNI,"[[50.0, -78.0, -8.0], [-48.0, -56.0, 0.0], [-16.0, -98.0, -18.0], [-30.0, 34.0, -22.0], [-40.0, 16.0, 20.0], [-28.0, 14.0, -48.0], [40.0, 4.0, -46.0], [26.0, -12.0, -26.0], [-40.0, -24.0, 36.0], [-22.0, 4.0, -20.0], [36.0, -36.0, -10.0], [-60.0, -24.0, -30.0], [0.0, 32.0, 12.0], [-36.0, -34.0, -10.0], [-28.0, -8.0, -24.0], [40.0, 12.0, -20.0], [10.0, 30.0, -28.0]]",0,False,,"Fails GLOBAL_I2: this analysis is 'Exclusive to AD' (AD-specific), not a bvFTD versus Control whole-brain contrast required by the global criteria.",[],[],False,,Fails GLOBAL_I2: the result is AD-specific decreases and does not represent decreases for bvFTD (requirement not met).,[],[],False,,"Fails GLOBAL_I2: although VBM modality is used, this is AD-exclusive rather than a bvFTD vs Control whole-brain contrast.",[],[],False,,"Fails GLOBAL_I2 and missing FUNCTIONAL_I1: this is a structural (VBM) AD-specific map, not an fMRI/FDG-PET bvFTD vs Control contrast required for 'functional'.",[],[]
26682697,4,26682697_analysis_4,Exclusive to bvFTD,,39,3,MNI,"[[-26.0, -6.0, -52.0], [-50.0, -4.0, -36.0], [-38.0, -28.0, -12.0]]",0,True,,Meets GLOBAL_I1 (whole-brain voxelwise VBM) and GLOBAL_I2 (this map is exclusive to the bvFTD group rather than pooled) and uses VBM satisfying DEMENTIA_ALL_I1.,"[""GLOBAL_I1"", ""GLOBAL_I2"", ""DEMENTIA_ALL_I1""]",[],True,,"Meets GLOBAL_I1 and GLOBAL_I2 and reports gray-matter decreases associated with Time-based PM exclusive to the bvFTD group, satisfying DEMENTIA_DECREASING_ACTIVITY_I1 and modality requirement DEMENTIA_DECREASING_ACTIVITY_I2.","[""GLOBAL_I1"", ""GLOBAL_I2"", ""DEMENTIA_DECREASING_ACTIVITY_I1"", ""DEMENTIA_DECREASING_ACTIVITY_I2""]",[],True,,Meets GLOBAL_I1 and GLOBAL_I2 and uses VBM (STRUCTURAL_I1).,"[""GLOBAL_I1"", ""GLOBAL_I2"", ""STRUCTURAL_I1""]",[],False,,Fails local inclusion FUNCTIONAL_I1: this is a VBM structural analysis (not fMRI/FDG-PET) though it meets the global bvFTD vs Control requirement.,"[""GLOBAL_I1"", ""GLOBAL_I2""]",[]
26682697,5,26682697_analysis_5,Overlap,,40,0,,[],0,False,,Fails GLOBAL_I2: this 'Overlap' Event-based covariate map reflects combined/group-overlap results rather than a bvFTD versus Control whole-brain contrast required by the global criteria.,[],[],False,,"Fails GLOBAL_I2: the overlap map is not a direct bvFTD vs Control contrast (bvFTD is pooled with other groups), so it does not meet the required bvFTD-specific comparison.",[],[],False,,"Fails GLOBAL_I2: while this is a whole-brain VBM map, it represents an overlap/covariate result rather than a bvFTD vs Control contrast.",[],[],False,,Fails GLOBAL_I2 and missing FUNCTIONAL_I1: this is a VBM structural overlap map (not fMRI/FDG-PET) and not a bvFTD vs Control whole-brain contrast.,[],[]
26682697,6,26682697_analysis_6,Exclusive to AD,,40,10,MNI,"[[-44.0, -56.0, 2.0], [-44.0, -26.0, 36.0], [-28.0, -10.0, -22.0], [52.0, -56.0, 6.0], [-24.0, -102.0, 0.0], [10.0, -70.0, 28.0], [-16.0, -98.0, -18.0], [-32.0, -54.0, 40.0], [40.0, 4.0, -48.0], [10.0, 30.0, -28.0]]",0,False,,"Fails GLOBAL_I2: this analysis is 'Exclusive to AD' (AD-specific), not a bvFTD versus Control whole-brain contrast required by the global criteria.",[],[],False,,Fails GLOBAL_I2: the result is AD-specific decreases and does not represent decreases for bvFTD (requirement not met).,[],[],False,,"Fails GLOBAL_I2: although VBM modality is used, this is AD-exclusive rather than a bvFTD vs Control whole-brain contrast.",[],[],False,,"Fails GLOBAL_I2 and missing FUNCTIONAL_I1: this is a structural (VBM) AD-specific map, not an fMRI/FDG-PET bvFTD vs Control contrast required for 'functional'.",[],[]
26682697,7,26682697_analysis_7,Exclusive to bvFTD,,40,2,MNI,"[[-44.0, -16.0, -40.0], [30.0, -10.0, -28.0]]",0,True,,Meets GLOBAL_I1 (whole-brain VBM) and GLOBAL_I2 (this map is exclusive to the bvFTD group) and uses VBM satisfying DEMENTIA_ALL_I1.,"[""GLOBAL_I1"", ""GLOBAL_I2"", ""DEMENTIA_ALL_I1""]",[],True,,"Meets GLOBAL_I1 and GLOBAL_I2 and reports gray-matter decreases associated with Event-based PM exclusive to the bvFTD group, satisfying DEMENTIA_DECREASING_ACTIVITY_I1 and DEMENTIA_DECREASING_ACTIVITY_I2.","[""GLOBAL_I1"", ""GLOBAL_I2"", ""DEMENTIA_DECREASING_ACTIVITY_I1"", ""DEMENTIA_DECREASING_ACTIVITY_I2""]",[],True,,Meets GLOBAL_I1 and GLOBAL_I2 and uses VBM (STRUCTURAL_I1).,"[""GLOBAL_I1"", ""GLOBAL_I2"", ""STRUCTURAL_I1""]",[],False,,Fails local inclusion FUNCTIONAL_I1: this is a VBM structural analysis (not fMRI/FDG-PET) though it meets the global bvFTD vs Control requirement.,"[""GLOBAL_I1"", ""GLOBAL_I2""]",[]
26707083,0,26707083_analysis_0,analysis_0,Regions of significant atrophy in bvFTD patients compared with controls.,tbl2,8,None,"[[28.0, 4.0, -16.0], [34.0, -7.0, -24.0], [28.0, 1.0, -30.0], [10.0, 19.0, -22.0], [13.0, 46.0, -3.0], [4.0, 43.0, 12.0], [-45.0, -16.0, -27.0], [-36.0, -3.0, -18.0]]",0,True,,Global inclusion criteria met (whole-brain voxelwise VBM comparison of bvFTD vs controls). Local inclusion met: uses Voxel-Based Morphometry.,"[""GLOBAL_I1"", ""GLOBAL_I2"", ""DEMENTIA_ALL_I1""]",[],True,,Global inclusion criteria met (whole-brain voxelwise comparison bvFTD vs controls). Local inclusion met: reports decreased gray matter volume in bvFTD relative to controls and uses VBM.,"[""GLOBAL_I1"", ""GLOBAL_I2"", ""DEMENTIA_DECREASING_ACTIVITY_I1"", ""DEMENTIA_DECREASING_ACTIVITY_I2""]",[],True,,Global inclusion criteria met and local inclusion met: analysis uses Voxel-Based Morphometry.,"[""GLOBAL_I1"", ""GLOBAL_I2"", ""STRUCTURAL_I1""]",[],False,,Excluded because the analysis uses Voxel-Based Morphometry (structural MRI) and does not use fMRI or FDG-PET; missing FUNCTIONAL_I1.,[],[]
26810632,0,26810632_analysis_0,bvFTD,Regions that covary with total caloric intake on the ad libitum breakfast test meal in bvFTD and semantic dementia,95,6,MNI,"[[14.0, -52.0, 2.0], [-50.0, -78.0, 12.0], [-12.0, -36.0, 10.0], [18.0, -44.0, -58.0], [-4.0, 22.0, 2.0], [10.0, -30.0, -12.0]]",0,False,,The analysis is a whole-brain VBM covariate analysis within the bvFTD group (GLOBAL_I1 met) but does not perform a comparison of the bvFTD group versus healthy controls with bvFTD not pooled with other patient groups — therefore it fails GLOBAL_I2 (required bvFTD vs controls comparison).,[],[],False,,"Although the analysis reports decreased gray matter correlated with intake in the bvFTD group (satisfies DEMENTIA_DECREASING_ACTIVITY_I1 and GLOBAL_I1 modality-wise), it does not include a bvFTD vs healthy-control comparison and thus fails GLOBAL_I2.",[],[],False,,"The analysis uses VBM (STRUCTURAL_I1 and GLOBAL_I1 are met), but it does not compare the bvFTD group to healthy controls as required by GLOBAL_I2, so GLOBAL_I2 is not satisfied.",[],[],False,,The analysis is structural VBM (not fMRI/FDG-PET) so it does not meet FUNCTIONAL_I1; additionally it fails GLOBAL_I2 because it does not compare bvFTD vs healthy controls.,[],[]
26810632,1,26810632_analysis_1,Semantic dementia,Regions that covary with total caloric intake on the ad libitum breakfast test meal in bvFTD and semantic dementia,95,10,MNI,"[[28.0, -48.0, -16.0], [2.0, 2.0, -28.0], [-10.0, -38.0, -10.0], [60.0, 10.0, 2.0], [-36.0, 40.0, -10.0], [-38.0, 10.0, 42.0], [12.0, 38.0, 34.0], [24.0, 40.0, -22.0], [14.0, -66.0, 50.0], [-26.0, 2.0, 46.0]]",0,False,,"This is a whole-brain VBM covariate analysis in the semantic dementia group (GLOBAL_I1 met), but it is not a bvFTD vs healthy-control comparison and therefore fails GLOBAL_I2 (target bvFTD vs controls required).",[],[],False,,"Although the analysis reports gray matter decreases associated with intake in semantic dementia (DEMENTIA_DECREASING_ACTIVITY_I1 modality-wise), it does not perform a bvFTD vs healthy-control comparison and thus fails GLOBAL_I2.",[],[],False,,"The analysis uses VBM (STRUCTURAL_I1 and GLOBAL_I1 are met), but it does not compare the bvFTD group to healthy controls (GLOBAL_I2 not satisfied); moreover the analysis is in semantic dementia rather than bvFTD.",[],[],False,,The analysis is structural VBM (does not meet FUNCTIONAL_I1) and also does not perform a bvFTD vs healthy-control comparison (fails GLOBAL_I2).,[],[]
26810632,2,26810632_analysis_2,bvFTD and semantic dementia,Regions that covary with sweet preference ratings (for most sweet dessert [C]) in the bvFTD and semantic dementia groups,95,14,MNI,"[[44.0, 20.0, -22.0], [24.0, -50.0, -26.0], [36.0, -58.0, 22.0], [28.0, 12.0, 28.0], [-36.0, -56.0, 20.0], [32.0, -36.0, 66.0], [44.0, 6.0, 4.0], [-14.0, -8.0, 54.0], [-48.0, 6.0, 8.0], [10.0, -24.0, 54.0], [24.0, -12.0, -22.0], [-24.0, -2.0, -12.0], [-38.0, -54.0, -62.0], [30.0, 36.0, 20.0]]",0,False,,"This is a whole-brain VBM covariate analysis combining bvFTD and semantic dementia (GLOBAL_I1 met) but pools bvFTD with another patient group and does not present a bvFTD vs healthy-control comparison, so it fails GLOBAL_I2.",[],[],False,,"The combined-group VBM analysis shows gray matter decreases associated with sucrose preference (DEMENTIA_DECREASING_ACTIVITY_I1 satisfied modality-wise), but because bvFTD is pooled with semantic dementia and there is no bvFTD vs control comparison, GLOBAL_I2 is not met.",[],[],False,,"The analysis uses VBM (STRUCTURAL_I1 and GLOBAL_I1 met) but pools bvFTD with semantic dementia and does not perform the required bvFTD vs healthy-control comparison, therefore failing GLOBAL_I2.",[],[],False,,The analysis is structural VBM (does not meet FUNCTIONAL_I1) and additionally pools bvFTD with semantic dementia without a bvFTD vs healthy-control comparison (fails GLOBAL_I2).,[],[]
26928581,0,26928581_analysis_0,Controls vs. bvFTD,,67,6,TAL,"[[51.0, 9.0, 18.0], [48.0, 15.0, 25.0], [-6.0, -25.0, 3.0], [-30.0, -39.0, -3.0], [-16.0, -37.0, 6.0], [-36.0, -4.0, 8.0]]",0,True,,"Analysis is a whole-brain voxelwise comparison of bvFTD patients versus healthy controls using VBM (grey matter density), satisfying global whole-brain and target-vs-control requirements and the local dementia modality criterion.","[""GLOBAL_I1"", ""GLOBAL_I2"", ""DEMENTIA_ALL_I1""]",[],True,,The VBM analysis reports decreases in grey matter density for bvFTD (Control > bvFTD) and meets global whole-brain and modality requirements.,"[""GLOBAL_I1"", ""GLOBAL_I2"", ""DEMENTIA_DECREASING_ACTIVITY_I1"", ""DEMENTIA_DECREASING_ACTIVITY_I2""]",[],True,,"This is a voxel-based morphometry (VBM) whole-brain comparison between bvFTD and controls, meeting global criteria and the structural modality requirement.","[""GLOBAL_I1"", ""GLOBAL_I2"", ""STRUCTURAL_I1""]",[],False,,"Missing FUNCTIONAL_I1: this analysis uses VBM (structural MRI) rather than FDG-PET or fMRI, so it does not meet the functional modality inclusion criterion.",[],[]
26928581,1,26928581_analysis_1,Controls vs. bvFTD+,,67,5,TAL,"[[-46.0, 9.0, 18.0], [-50.0, 19.0, 29.0], [42.0, 43.0, 11.0], [51.0, 11.0, 16.0], [46.0, 21.0, -1.0]]",0,True,,Whole-brain voxelwise VBM comparison between bvFTD+ subgroup and healthy controls; meets global and local dementia_all criteria.,"[""GLOBAL_I1"", ""GLOBAL_I2"", ""DEMENTIA_ALL_I1""]",[],True,,VBM results report GM density reductions (Control > bvFTD+) and meet global and local inclusion criteria for decreasing activity.,"[""GLOBAL_I1"", ""GLOBAL_I2"", ""DEMENTIA_DECREASING_ACTIVITY_I1"", ""DEMENTIA_DECREASING_ACTIVITY_I2""]",[],True,,"This analysis uses VBM (voxel-based morphometry) comparing bvFTD+ to controls, satisfying structural inclusion.","[""GLOBAL_I1"", ""GLOBAL_I2"", ""STRUCTURAL_I1""]",[],False,,"Missing FUNCTIONAL_I1: analysis is VBM (structural MRI) rather than FDG-PET or fMRI, so it does not satisfy the functional modality requirement.",[],[]
26928581,2,26928581_analysis_2,Controls vs. bvFTD-,,67,4,TAL,"[[-36.0, 53.0, 14.0], [-51.0, 16.0, 7.0], [-46.0, -44.0, 43.0], [48.0, 15.0, 25.0]]",0,True,,Whole-brain voxelwise VBM comparison between bvFTD- subgroup and healthy controls; meets global and local dementia_all criteria.,"[""GLOBAL_I1"", ""GLOBAL_I2"", ""DEMENTIA_ALL_I1""]",[],True,,VBM results report GM density reductions (Control > bvFTD-) and meet global and local inclusion criteria for decreasing activity.,"[""GLOBAL_I1"", ""GLOBAL_I2"", ""DEMENTIA_DECREASING_ACTIVITY_I1"", ""DEMENTIA_DECREASING_ACTIVITY_I2""]",[],True,,"This is a voxel-based morphometry analysis (GM density) comparing bvFTD- to controls, satisfying structural inclusion criteria.","[""GLOBAL_I1"", ""GLOBAL_I2"", ""STRUCTURAL_I1""]",[],False,,"Missing FUNCTIONAL_I1: analysis uses VBM (structural MRI) rather than FDG-PET or fMRI, therefore it does not meet the functional modality requirement.",[],[]
26928581,3,26928581_analysis_3,Controls vs. bvFTD,,68,23,TAL,"[[-36.0, 53.0, 14.0], [-14.0, 12.0, 12.0], [8.0, 10.0, 12.0], [18.0, 62.0, -3.0], [6.0, 12.0, 9.0], [-44.0, 42.0, 24.0], [-10.0, 55.0, 10.0], [10.0, 9.0, 18.0], [38.0, 21.0, -4.0], [6.0, 18.0, 6.0], [-51.0, 16.0, 7.0], [-53.0, 10.0, 1.0], [-51.0, 27.0, 6.0], [-28.0, 58.0, 1.0], [26.0, 58.0, 25.0], [28.0, 46.0, 29.0], [36.0, 24.0, 8.0], [-8.0, 4.0, -4.0], [2.0, 8.0, 36.0], [-10.0, 10.0, 36.0], [-14.0, 12.0, 38.0], [-6.0, 6.0, 0.0], [50.0, -47.0, 36.0]]",0,True,,Whole-brain voxelwise FDG-PET comparison of bvFTD versus controls; meets global whole-brain and modality criteria for dementia_all.,"[""GLOBAL_I1"", ""GLOBAL_I2"", ""DEMENTIA_ALL_I1""]",[],True,,"FDG-PET analysis reports hypometabolism (Control > bvFTD), satisfying the decreasing-activity criterion and global requirements.","[""GLOBAL_I1"", ""GLOBAL_I2"", ""DEMENTIA_DECREASING_ACTIVITY_I1"", ""DEMENTIA_DECREASING_ACTIVITY_I2""]",[],False,,"Missing STRUCTURAL_I1: this analysis uses FDG-PET (metabolism) rather than VBM, so it does not meet the structural (VBM) inclusion criterion.",[],[],True,,"This is a whole-brain FDG-PET voxelwise comparison of bvFTD vs controls, meeting global criteria and the functional modality requirement.","[""GLOBAL_I1"", ""GLOBAL_I2"", ""FUNCTIONAL_I1""]",[]
26928581,4,26928581_analysis_4,Controls vs. bvFTD+,,68,11,TAL,"[[6.0, 17.0, -18.0], [-16.0, 9.0, 18.0], [-12.0, 24.0, -18.0], [38.0, 22.0, 12.0], [36.0, 21.0, -4.0], [34.0, 15.0, -9.0], [44.0, 9.0, -14.0], [-42.0, 18.0, 12.0], [16.0, 62.0, -3.0], [-51.0, -19.0, 18.0], [-61.0, -24.0, 21.0]]",0,True,,Whole-brain voxelwise FDG-PET comparison between bvFTD+ subgroup and controls; meets global and local dementia_all criteria.,"[""GLOBAL_I1"", ""GLOBAL_I2"", ""DEMENTIA_ALL_I1""]",[],True,,"FDG-PET analysis reports hypometabolism (Control > bvFTD+), satisfying decreasing-activity and global modality criteria.","[""GLOBAL_I1"", ""GLOBAL_I2"", ""DEMENTIA_DECREASING_ACTIVITY_I1"", ""DEMENTIA_DECREASING_ACTIVITY_I2""]",[],False,,"Missing STRUCTURAL_I1: analysis is FDG-PET (functional) rather than VBM (structural), so it does not meet the structural inclusion criterion.",[],[],True,,Whole-brain FDG-PET voxelwise comparison of bvFTD+ vs controls meets global criteria and functional modality requirement.,"[""GLOBAL_I1"", ""GLOBAL_I2"", ""FUNCTIONAL_I1""]",[]
26928581,5,26928581_analysis_5,Controls vs. bvFTD-,,68,5,TAL,"[[-16.0, 57.0, 21.0], [-38.0, 23.0, -5.0], [-46.0, -44.0, 43.0], [51.0, 16.0, 7.0], [50.0, -47.0, 36.0]]",0,True,,Whole-brain voxelwise FDG-PET comparison between bvFTD- subgroup and controls; meets global and local dementia_all criteria.,"[""GLOBAL_I1"", ""GLOBAL_I2"", ""DEMENTIA_ALL_I1""]",[],True,,"FDG-PET analysis reports hypometabolism (Control > bvFTD-), satisfying decreasing-activity and global modality criteria.","[""GLOBAL_I1"", ""GLOBAL_I2"", ""DEMENTIA_DECREASING_ACTIVITY_I1"", ""DEMENTIA_DECREASING_ACTIVITY_I2""]",[],False,,"Missing STRUCTURAL_I1: this is an FDG-PET (functional) analysis rather than VBM, so it does not meet the structural inclusion criterion.",[],[],True,,"Whole-brain FDG-PET voxelwise comparison of bvFTD- vs controls, meeting global criteria and the functional modality requirement.","[""GLOBAL_I1"", ""GLOBAL_I2"", ""FUNCTIONAL_I1""]",[]
26944874,0,26944874_analysis_0,"Grey Matter Atrophy, svPPA<Control",,31,3,MNI,"[[-28.0, -6.0, -36.0], [42.0, -10.0, -38.0], [12.0, 18.0, -16.0]]",0,False,,Global inclusion criterion GLOBAL_I2 not met: this analysis compares svPPA to controls rather than a bvFTD vs. control comparison required by GLOBAL_I2.,[],[],False,,"Global inclusion criterion GLOBAL_I2 not met: analysis is svPPA<Control (svPPA vs controls), not a bvFTD vs. control comparison.",[],[],False,,"Global inclusion criterion GLOBAL_I2 not met: this is an svPPA vs control VBM analysis, not the required bvFTD vs control comparison.",[],[],False,,Global inclusion criterion GLOBAL_I2 not met: analysis concerns svPPA vs control; also modality is VBM (structural) rather than fMRI/FDG-PET required for this annotation (FUNCTIONAL_I1). Missing GLOBAL_I2 and FUNCTIONAL_I1.,[],[]
26944874,1,26944874_analysis_1,Regression of Task Accuracy with Grey Matter Atrophy,,31,3,MNI,"[[-46.0, 10.0, -26.0], [-46.0, 0.0, -40.0], [-40.0, -24.0, -26.0]]",0,False,,"Global inclusion criterion GLOBAL_I2 not met: this regression relates task accuracy to gray matter atrophy in svPPA (within svPPA), not a bvFTD vs control comparison.",[],[],False,,"Global inclusion criterion GLOBAL_I2 not met: analysis is a within-svPPA regression, not a bvFTD vs control contrast required by GLOBAL_I2.",[],[],False,,"Global inclusion criterion GLOBAL_I2 not met: although this uses VBM (STRUCTURAL_I1), it is a svPPA within-group regression rather than a bvFTD vs control comparison required by GLOBAL_I2.",[],[],False,,Global inclusion criterion GLOBAL_I2 not met: regression is within svPPA. Additionally modality is VBM (structural) not fMRI/FDG-PET (FUNCTIONAL_I1). Missing GLOBAL_I2 and FUNCTIONAL_I1.,[],[]
26944874,2,26944874_analysis_2,Regression of the Reversal of Concreteness Effect with Grey Matter Atrophy,,31,3,MNI,"[[-42.0, 2.0, -40.0], [-66.0, -8.0, -18.0], [-46.0, -12.0, -2.0]]",0,False,,"Global inclusion criterion GLOBAL_I2 not met: this regression addresses reversal of concreteness effect in svPPA (within-group), not a bvFTD vs control comparison.",[],[],False,,"Global inclusion criterion GLOBAL_I2 not met: analysis is svPPA-focused regression, not the required bvFTD vs control contrast.",[],[],False,,"Global inclusion criterion GLOBAL_I2 not met: although modality is VBM (STRUCTURAL_I1), the analysis is a svPPA within-group regression rather than a bvFTD vs control comparison.",[],[],False,,Global inclusion criterion GLOBAL_I2 not met: analysis concerns svPPA regressions and modality is VBM not fMRI/FDG-PET (FUNCTIONAL_I1). Missing GLOBAL_I2 and FUNCTIONAL_I1.,[],[]
26944874,3,26944874_analysis_3,"Grey Matter Atrophy, bvFTD<Control",,32,4,MNI,"[[-10.0, 46.0, -6.0], [-64.0, -10.0, -14.0], [-52.0, 0.0, -36.0], [42.0, -12.0, -28.0]]",0,True,,"Meets global whole-brain voxelwise criterion and compares bvFTD to healthy controls (GLOBAL_I1, GLOBAL_I2). Modality is VBM which satisfies DEMENTIA_ALL_I1.","[""GLOBAL_I1"", ""GLOBAL_I2"", ""DEMENTIA_ALL_I1""]",[],True,,"Analysis reports decreases in gray matter for bvFTD relative to controls (bvFTD<Control) using VBM, satisfying GLOBAL_I1, GLOBAL_I2, DEMENTIA_DECREASING_ACTIVITY_I1 and DEMENTIA_DECREASING_ACTIVITY_I2.","[""GLOBAL_I1"", ""GLOBAL_I2"", ""DEMENTIA_DECREASING_ACTIVITY_I1"", ""DEMENTIA_DECREASING_ACTIVITY_I2""]",[],True,,"This is a voxel-based morphometry (VBM) whole-brain comparison of bvFTD vs controls, meeting GLOBAL_I1, GLOBAL_I2 and STRUCTURAL_I1.","[""GLOBAL_I1"", ""GLOBAL_I2"", ""STRUCTURAL_I1""]",[],False,,Modality is VBM (structural); does not meet functional modality requirement FUNCTIONAL_I1 (fMRI or FDG-PET).,"[""GLOBAL_I1"", ""GLOBAL_I2""]",[]
26944874,4,26944874_analysis_4,Regression of Task Accuracy with Grey Matter Atrophy,,32,7,MNI,"[[-8.0, 56.0, 2.0], [-30.0, 48.0, -12.0], [-20.0, 40.0, 40.0], [-4.0, 12.0, -16.0], [26.0, 58.0, 14.0], [12.0, 2.0, 18.0], [28.0, 54.0, -14.0]]",0,False,,Global inclusion criterion GLOBAL_I2 not met: this is a within-bvFTD regression relating task accuracy to gray matter atrophy (not a direct bvFTD vs control contrast).,[],[],False,,"Global inclusion criterion GLOBAL_I2 not met: analysis is a within-bvFTD regression, not a Control>bvFTD or bvFTD<Control group contrast as required by DEMENTIA_DECREASING_ACTIVITY_I1/GLOBAL_I2.",[],[],False,,"Global inclusion criterion GLOBAL_I2 not met: although modality is VBM (STRUCTURAL_I1), this analysis is a within-bvFTD regression rather than a bvFTD vs control whole-brain comparison.",[],[],False,,Global inclusion criterion GLOBAL_I2 not met and modality is VBM (structural) not fMRI/FDG-PET; missing GLOBAL_I2 and FUNCTIONAL_I1.,[],[]
26944874,5,26944874_analysis_5,Regression of the Concreteness Effect with Grey Matter Atrophy,,32,2,MNI,"[[-30.0, 46.0, -14.0], [40.0, 10.0, -8.0]]",0,False,,"Global inclusion criterion GLOBAL_I2 not met: this regression links the concreteness effect to gray matter atrophy within bvFTD patients (within-group), not a bvFTD vs control comparison.",[],[],False,,Global inclusion criterion GLOBAL_I2 not met: analysis is a within-bvFTD regression (not a group contrast showing decreased GM in bvFTD vs controls required by DEMENTIA_DECREASING_ACTIVITY_I1).,[],[],False,,"Global inclusion criterion GLOBAL_I2 not met: while modality is VBM (STRUCTURAL_I1), the analysis is a within-group regression rather than a bvFTD vs control whole-brain comparison.",[],[],False,,Global inclusion criterion GLOBAL_I2 not met and modality is VBM not fMRI/FDG-PET; missing GLOBAL_I2 and FUNCTIONAL_I1.,[],[]
27252632,0,27252632_analysis_0,AD vs. Controls,,T3,9,MNI,"[[-28.0, 4.0, -48.0], [-40.0, 14.0, 22.0], [46.0, -86.0, 6.0], [14.0, 48.0, -4.0], [-14.0, 56.0, -10.0], [34.0, 6.0, -42.0], [-46.0, -56.0, -36.0], [-4.0, 4.0, 72.0], [26.0, -12.0, -16.0]]",0,False,,"Global inclusion criterion GLOBAL_I2 not met: this analysis compares AD to Controls, not a bvFTD vs Controls comparison required by GLOBAL_I2.",[],[],False,,Global inclusion criterion GLOBAL_I2 not met: analysis is AD vs Controls rather than bvFTD vs Controls.,[],[],False,,"Global inclusion criterion GLOBAL_I2 not met: although this is a VBM (structural) analysis, the required comparison to bvFTD vs Controls is absent (analysis is AD vs Controls).",[],[],False,,"Missing required inclusion criterion FUNCTIONAL_I1 (analysis uses VBM structural modality, not fMRI or FDG-PET) and GLOBAL_I2 (analysis is AD vs Controls, not bvFTD vs Controls).",[],[]
27252632,1,27252632_analysis_1,bvFTD vs. Controls,,T3,8,MNI,"[[-32.0, -76.0, -58.0], [50.0, -58.0, -50.0], [48.0, -54.0, 20.0], [44.0, -2.0, 38.0], [-48.0, -44.0, 10.0], [6.0, -46.0, -22.0], [46.0, 14.0, 52.0], [-18.0, -28.0, 42.0]]",0,True,,Meets global whole-brain voxelwise criterion and directly compares bvFTD to Controls; modality is VBM which satisfies the dementia_all local inclusion.,"[""GLOBAL_I1"", ""GLOBAL_I2"", ""DEMENTIA_ALL_I1""]",[],True,,"Whole-brain VBM analysis reporting gray matter intensity decreases for bvFTD relative to Controls, satisfying local decreasing-activity and modality criteria.","[""GLOBAL_I1"", ""GLOBAL_I2"", ""DEMENTIA_DECREASING_ACTIVITY_I1"", ""DEMENTIA_DECREASING_ACTIVITY_I2""]",[],True,,"This is a whole-brain VBM analysis (structural modality), meeting the structural local inclusion criterion.","[""GLOBAL_I1"", ""GLOBAL_I2"", ""STRUCTURAL_I1""]",[],False,,"Does not meet FUNCTIONAL_I1: modality is VBM (structural), not fMRI or FDG-PET.",[],[]
27252632,2,27252632_analysis_2,Episodic future thinking,,T4,7,MNI,"[[30.0, -14.0, -10.0], [36.0, -32.0, -6.0], [-32.0, -36.0, 4.0], [-6.0, -84.0, -20.0], [-20.0, -58.0, -50.0], [-42.0, -28.0, -2.0], [-28.0, -72.0, -8.0]]",0,False,,Global inclusion criterion GLOBAL_I2 not met: this analysis investigates VBM correlations in a combined AD + bvFTD patient group rather than a bvFTD vs Controls whole-brain comparison.,[],[],False,,"Global inclusion criterion GLOBAL_I2 not met: the analysis reports covariation with future-thinking performance across combined patient groups, not decreases for bvFTD vs Controls.",[],[],False,,"Although modality is VBM, GLOBAL_I2 is not satisfied because this is a combined patient covariate analysis (AD + bvFTD) rather than a bvFTD vs Controls comparison.",[],[],False,,"Missing FUNCTIONAL_I1 (modality is VBM, not fMRI/FDG-PET) and GLOBAL_I2 (not a bvFTD vs Controls comparison).",[],[]
27252632,3,27252632_analysis_3,Semantic future thinking,,T4,13,MNI,"[[46.0, -86.0, 6.0], [16.0, -90.0, 18.0], [-14.0, 14.0, 46.0], [-54.0, -72.0, -4.0], [-20.0, -94.0, 28.0], [28.0, -38.0, 70.0], [-34.0, -30.0, -26.0], [50.0, -28.0, -18.0], [30.0, -16.0, -46.0], [-42.0, 4.0, 6.0], [-24.0, -6.0, -32.0], [52.0, -6.0, -36.0], [20.0, 60.0, -18.0]]",0,False,,Global inclusion criterion GLOBAL_I2 not met: this semantic future-thinking VBM covariate analysis is run in a combined AD + bvFTD patient sample rather than a bvFTD vs Controls whole-brain comparison.,[],[],False,,"GLOBAL_I2 not met: the analysis reports brain–behavior correlations in combined patient groups, not decreases in bvFTD relative to Controls.",[],[],False,,"Although this uses VBM, GLOBAL_I2 is not satisfied because the contrast is not a bvFTD vs Controls comparison.",[],[],False,,"Does not meet FUNCTIONAL_I1 (modality is structural VBM, not fMRI/FDG-PET) and GLOBAL_I2 (not bvFTD vs Controls).",[],[]
27258418,0,27258418_analysis_0,AD versus Controls,,44,4,MNI,"[[-46.0, -56.0, 14.0], [-14.0, 48.0, 4.0], [24.0, -80.0, -56.0], [34.0, -36.0, 54.0]]",0,False,,Global inclusion criterion GLOBAL_I2 not met: this analysis compares AD to Controls and does not compare the bvFTD group to healthy controls.,[],[],False,,Global inclusion criterion GLOBAL_I2 not met: analysis does not involve a bvFTD vs healthy control comparison.,[],[],False,,"Global inclusion criterion GLOBAL_I2 not met: although this is a VBM (structural) whole-brain analysis, it does not compare bvFTD to healthy controls.",[],[],False,,"Missing required local inclusion criterion FUNCTIONAL_I1: this analysis uses VBM (structural MRI), not fMRI or FDG-PET. Additionally GLOBAL_I2 is not met (no bvFTD vs Controls comparison).",[],[]
27258418,1,27258418_analysis_1,bvFTD versus Controls,,44,1,MNI,"[[34.0, -8.0, -52.0]]",0,True,,"Meets global whole-brain requirement and directly compares bvFTD to healthy controls; modality is VBM, satisfying dementia_all local inclusion.","[""GLOBAL_I1"", ""GLOBAL_I2"", ""DEMENTIA_ALL_I1""]",[],True,,"This whole-brain VBM analysis reports grey matter decreases in bvFTD relative to Controls (Control > bvFTD / bvFTD < Control), satisfying local criteria.","[""GLOBAL_I1"", ""GLOBAL_I2"", ""DEMENTIA_DECREASING_ACTIVITY_I1"", ""DEMENTIA_DECREASING_ACTIVITY_I2""]",[],True,,"This is a whole-brain VBM analysis comparing bvFTD to Controls, meeting the structural local inclusion criterion.","[""GLOBAL_I1"", ""GLOBAL_I2"", ""STRUCTURAL_I1""]",[],False,,"Missing local inclusion criterion FUNCTIONAL_I1: the modality is VBM (structural MRI), not fMRI or FDG-PET.","[""GLOBAL_I1"", ""GLOBAL_I2""]",[]
27258418,2,27258418_analysis_2,bvFTD versus AD,,44,4,MNI,"[[50.0, 8.0, -40.0], [-12.0, 18.0, -18.0], [12.0, 14.0, 2.0], [-32.0, 14.0, -30.0]]",0,False,,Global inclusion criterion GLOBAL_I2 not met: this analysis compares bvFTD to AD rather than bvFTD to healthy controls.,[],[],False,,"Global inclusion criterion GLOBAL_I2 not met: contrast is bvFTD versus AD, not bvFTD versus healthy controls.",[],[],False,,"Global inclusion criterion GLOBAL_I2 not met: although VBM is used, the comparison is bvFTD vs AD rather than bvFTD vs Controls.",[],[],False,,Missing local inclusion FUNCTIONAL_I1 and global inclusion GLOBAL_I2: modality is VBM (structural) and the analysis does not compare bvFTD to healthy controls.,[],[]
27258418,3,27258418_analysis_3,AD versus bvFTD,,44,0,,[],0,False,,Global inclusion criterion GLOBAL_I2 not met: this analysis compares AD to bvFTD rather than bvFTD to healthy controls.,[],[],False,,"Global inclusion criterion GLOBAL_I2 not met: the contrast is AD versus bvFTD, not a bvFTD versus healthy control comparison.",[],[],False,,Global inclusion criterion GLOBAL_I2 not met: VBM modality is present but the required bvFTD vs healthy control comparison is not.,[],[],False,,Missing local inclusion FUNCTIONAL_I1 and global inclusion GLOBAL_I2: modality is structural VBM and the analysis does not compare bvFTD to healthy controls.,[],[]
27258418,4,27258418_analysis_4,AD,Perspective Taking,45,5,MNI,"[[-56.0, -22.0, -18.0], [-50.0, -54.0, -4.0], [-28.0, -16.0, -38.0], [54.0, -20.0, -14.0], [-32.0, -60.0, -34.0]]",0,False,,Global inclusion criterion GLOBAL_I2 not met: this analysis examines Perspective Taking in the AD group (AD +/- Controls) rather than a bvFTD versus healthy control comparison.,[],[],False,,"Global inclusion criterion GLOBAL_I2 not met: analysis pertains to AD (not bvFTD) brain-behavior relationships, so it does not meet the bvFTD vs Controls requirement.",[],[],False,,"Global inclusion criterion GLOBAL_I2 not met: although this is a VBM covariate analysis, it targets AD-related effects rather than bvFTD vs healthy controls.",[],[],False,,"Missing local inclusion FUNCTIONAL_I1 and global inclusion GLOBAL_I2: modality is VBM (structural) focused on AD, not fMRI/FDG-PET or bvFTD vs Controls.",[],[]
27258418,5,27258418_analysis_5,bvFTD,Perspective Taking,45,17,MNI,"[[44.0, -4.0, -48.0], [6.0, 30.0, -30.0], [-42.0, -8.0, -48.0], [-44.0, -14.0, -4.0], [-24.0, 58.0, -4.0], [24.0, -32.0, -10.0], [-28.0, -72.0, -36.0], [-50.0, -54.0, -4.0], [10.0, -82.0, -34.0], [-20.0, -72.0, 16.0], [-26.0, -88.0, -4.0], [-58.0, -14.0, -22.0], [20.0, -86.0, 26.0], [-58.0, -22.0, 36.0], [-24.0, -38.0, 0.0], [24.0, -90.0, -12.0], [-10.0, 32.0, -28.0]]",0,True,,Whole-brain VBM covariate analysis involving the bvFTD group (combined with Controls) meets the global whole-brain requirement and the local VBM modality requirement for dementia_all.,"[""GLOBAL_I1"", ""GLOBAL_I2"", ""DEMENTIA_ALL_I1""]",[],True,,"This VBM whole-brain analysis reports associations between reduced grey matter intensity and poorer Perspective Taking in the bvFTD group (i.e., decreases in grey matter for bvFTD-related impairments), satisfying local criteria.","[""GLOBAL_I1"", ""GLOBAL_I2"", ""DEMENTIA_DECREASING_ACTIVITY_I1"", ""DEMENTIA_DECREASING_ACTIVITY_I2""]",[],True,,"Analysis uses whole-brain VBM to map structural correlates of Perspective Taking in bvFTD (with Controls), satisfying the structural inclusion criterion.","[""GLOBAL_I1"", ""GLOBAL_I2"", ""STRUCTURAL_I1""]",[],False,,"Missing local inclusion FUNCTIONAL_I1: modality is VBM (structural MRI), not fMRI or FDG-PET.","[""GLOBAL_I1"", ""GLOBAL_I2""]",[]
27258418,6,27258418_analysis_6,AD,Empathic Concern,46,0,,[],0,False,,Global inclusion criterion GLOBAL_I2 not met: this analysis addresses Empathic Concern in AD (no bvFTD vs healthy control comparison).,[],[],False,,Global inclusion criterion GLOBAL_I2 not met: analysis pertains to AD rather than bvFTD versus healthy controls.,[],[],False,,"Global inclusion criterion GLOBAL_I2 not met: although VBM was used, the analysis targets AD-related empathic concern and does not compare bvFTD to Controls.",[],[],False,,Missing local inclusion FUNCTIONAL_I1 and global inclusion GLOBAL_I2: modality is structural VBM focused on AD and does not meet functional modality or bvFTD vs Controls requirements.,[],[]
27258418,7,27258418_analysis_7,bvFTD,Empathic Concern,46,7,MNI,"[[-38.0, 24.0, -12.0], [-28.0, -26.0, 50.0], [-12.0, -26.0, 36.0], [-28.0, -70.0, 28.0], [-10.0, -6.0, 8.0], [-42.0, -50.0, 16.0], [12.0, -18.0, 38.0]]",0,True,,This is a whole-brain VBM covariate analysis involving the bvFTD group (combined with Controls) and thus meets global and local VBM modality criteria for dementia_all.,"[""GLOBAL_I1"", ""GLOBAL_I2"", ""DEMENTIA_ALL_I1""]",[],True,,"The VBM analysis reports reduced grey matter intensity associated with lower Empathic Concern in bvFTD (i.e., decreases in grey matter for bvFTD-related deficits), satisfying local criteria.","[""GLOBAL_I1"", ""GLOBAL_I2"", ""DEMENTIA_DECREASING_ACTIVITY_I1"", ""DEMENTIA_DECREASING_ACTIVITY_I2""]",[],True,,"Analysis uses whole-brain VBM to identify structural correlates of Empathic Concern in bvFTD, meeting the structural inclusion criterion.","[""GLOBAL_I1"", ""GLOBAL_I2"", ""STRUCTURAL_I1""]",[],False,,"Missing local inclusion FUNCTIONAL_I1: modality is VBM (structural MRI), not fMRI or FDG-PET.","[""GLOBAL_I1"", ""GLOBAL_I2""]",[]
27301638,0,27301638_analysis_0,Quantifiers,,t0010,17,MNI,"[[-12.0, 12.0, 7.0], [10.0, 14.0, 7.0], [-8.0, -42.0, -30.0], [-8.0, 25.0, -13.0], [4.0, -19.0, 6.0], [-55.0, 7.0, 18.0], [28.0, 48.0, 23.0], [10.0, -32.0, -24.0], [-22.0, 16.0, 42.0], [40.0, -27.0, 49.0], [8.0, -44.0, 19.0], [-38.0, -36.0, 17.0], [-24.0, 9.0, 59.0], [26.0, 14.0, 47.0], [-4.0, 15.0, 38.0], [-40.0, 21.0, 27.0], [42.0, 25.0, 2.0]]",0,False,,"Fails GLOBAL_I2: this is a whole-brain regression across the entire patient cohort (behavior vs GMP), not a direct bvFTD vs healthy control voxelwise comparison.",[],[],False,,"Fails GLOBAL_I2: analysis is a behavioral regression across all patients, not a bvFTD < Control contrast as required.",[],[],False,,"Fails GLOBAL_I2: although this uses voxelwise GM data, it is a cohort-wide regression rather than a bvFTD vs control VBM contrast.",[],[],False,,Fails GLOBAL_I2 and FUNCTIONAL_I1: analysis is a structural GM regression (no fMRI or FDG-PET) and not a bvFTD vs control functional contrast.,[],[]
27301638,1,27301638_analysis_1,Object Nouns,,t0010,11,MNI,"[[-44.0, -46.0, -18.0], [-55.0, -3.0, -13.0], [-46.0, 12.0, -31.0], [-34.0, -2.0, -40.0], [-6.0, -12.0, 26.0], [-63.0, -36.0, -15.0], [-6.0, 17.0, 19.0], [-63.0, -13.0, -21.0], [-34.0, -24.0, -19.0], [10.0, -41.0, -40.0], [28.0, -39.0, -5.0]]",0,False,,"Fails GLOBAL_I2: this is a whole-brain regression relating object-noun use across the entire patient cohort to GMP, not a bvFTD vs healthy control voxelwise comparison.",[],[],False,,"Fails GLOBAL_I2: analysis is a cohort-wide behavioral regression, not a bvFTD < Control contrast.",[],[],False,,"Fails GLOBAL_I2: although voxelwise GM data are used, this is not a bvFTD vs control VBM contrast but a regression across all patients.",[],[],False,,Fails GLOBAL_I2 and FUNCTIONAL_I1: this is a structural GM regression (no fMRI or FDG-PET) and not a bvFTD vs control functional analysis.,[],[]
27301638,2,27301638_analysis_2,CBS < Eld,,t0015,7,MNI,"[[-26.0, 4.0, -44.0], [64.0, -4.0, -24.0], [26.0, -8.0, -14.0], [32.0, 18.0, 54.0], [-4.0, -66.0, 44.0], [-12.0, -24.0, 44.0], [44.0, -2.0, 48.0]]",0,False,,"Fails GLOBAL_I2: this is a CBS < Eld voxelwise VBM contrast (CBS vs controls), not a bvFTD vs healthy control comparison required by GLOBAL_I2.",[],[],False,,"Fails GLOBAL_I2: contrast reports decreases for CBS relative to elders, but GLOBAL_I2 requires a bvFTD vs control comparison.",[],[],False,,"Fails GLOBAL_I2: modality matches VBM but the group compared is CBS, not bvFTD vs controls as required.",[],[],False,,Fails GLOBAL_I2 and FUNCTIONAL_I1: this is a structural VBM contrast (no fMRI or FDG-PET) and not a bvFTD vs control functional analysis.,[],[]
27301638,3,27301638_analysis_3,bvFTD < Eld,,t0015,2,MNI,"[[42.0, -2.0, -48.0], [-18.0, -34.0, -6.0]]",0,True,,Whole-brain voxelwise GM atrophy analysis comparing bvFTD to healthy elders using voxel-based morphometry-type processing; meets global and local criteria.,"[""GLOBAL_I1"", ""GLOBAL_I2"", ""DEMENTIA_ALL_I1""]",[],True,,Analysis reports decreases for bvFTD relative to controls (bvFTD < Eld) using voxelwise GM measures (VBM-like); meets global and local criteria for decreased activity/volume.,"[""GLOBAL_I1"", ""GLOBAL_I2"", ""DEMENTIA_DECREASING_ACTIVITY_I1"", ""DEMENTIA_DECREASING_ACTIVITY_I2""]",[],True,,"This is a voxel-based morphometry-style whole-brain comparison of bvFTD vs elders (GM atrophy), satisfying the structural VBM criterion.","[""GLOBAL_I1"", ""GLOBAL_I2"", ""STRUCTURAL_I1""]",[],False,,"Fails FUNCTIONAL_I1: the analysis is structural (GM volume/VBM), not fMRI or FDG-PET, so it does not meet the functional imaging modality requirement.","[""GLOBAL_I1"", ""GLOBAL_I2""]",[]
27301638,4,27301638_analysis_4,svPPA < Eld,,t0015,3,MNI,"[[-24.0, -4.0, -50.0], [36.0, -8.0, -48.0], [14.0, 6.0, -12.0]]",0,False,,"Fails GLOBAL_I2: this is an svPPA < Eld voxelwise VBM contrast (svPPA vs controls), not a bvFTD vs healthy control comparison.",[],[],False,,"Fails GLOBAL_I2: contrast reports decreases for svPPA relative to elders, but GLOBAL_I2 requires bvFTD vs control.",[],[],False,,Fails GLOBAL_I2: modality is VBM but group is svPPA not bvFTD vs controls as required.,[],[],False,,Fails GLOBAL_I2 and FUNCTIONAL_I1: this is a structural VBM contrast (no fMRI or FDG-PET) and not a bvFTD vs control functional analysis.,[],[]
27301638,5,27301638_analysis_5,CBS < Eld,,t0020,1,MNI,"[[9.0, -12.0, -14.0]]",0,False,,"Fails GLOBAL_I2: this is a CBS < Eld WM/FA comparison (not bvFTD vs controls); additionally the modality is diffusion/DTI, not VBM/fMRI/FDG-PET required by DEMENTIA_ALL_I1.",[],[],False,,Fails GLOBAL_I2 and DEMENTIA_DECREASING_ACTIVITY_I2: this is a WM integrity (DTI/FA) contrast for CBS vs elders rather than a bvFTD < Control VBM/fMRI/FDG-PET analysis.,[],[],False,,"Fails GLOBAL_I2 and STRUCTURAL_I1: modality is diffusion/DTI (WM FA), not voxel-based morphometry (VBM) required for the 'structural' annotation.",[],[],False,,"Fails GLOBAL_I2 and FUNCTIONAL_I1: this is a diffusion/DTI WM analysis, not fMRI or FDG-PET, and not a bvFTD vs control functional contrast.",[],[]
27301638,6,27301638_analysis_6,(quantifier connections),,t0020,5,MNI,"[[-2.0, -8.0, 27.0], [-44.0, -46.0, 1.0], [-9.0, 43.0, -15.0], [10.0, 34.0, -16.0], [20.0, -10.0, 46.0]]",0,False,,Fails GLOBAL_I2: this is a tract/quantifier-connection WM analysis (connections) not a bvFTD vs control voxelwise VBM contrast; modality is DTI not VBM/fMRI/FDG-PET.,[],[],False,,Fails GLOBAL_I2 and DEMENTIA_DECREASING_ACTIVITY_I2: connections/WM FA analysis does not match required bvFTD < Control VBM/fMRI/FDG-PET format.,[],[],False,,"Fails GLOBAL_I2 and STRUCTURAL_I1: this is a WM/DTI tract analysis, not voxel-based morphometry (VBM) for bvFTD vs controls.",[],[],False,,Fails GLOBAL_I2 and FUNCTIONAL_I1: tractography/DTI is not fMRI or FDG-PET and analysis is not a bvFTD vs control functional map.,[],[]
27301638,7,27301638_analysis_7,bvFTD < Eld,,t0020,1,MNI,"[[-13.0, 38.0, -17.0]]",0,False,,"Although this is labelled bvFTD < Eld (WM connections), it uses diffusion/DTI WM measures rather than VBM/fMRI/FDG-PET required by DEMENTIA_ALL_I1, so DEMENTIA_ALL_I1 is not met.","[""GLOBAL_I1"", ""GLOBAL_I2""]",[],False,,"GLOBAL criteria pass (bvFTD < Eld voxelwise WM FA), but fails DEMENTIA_DECREASING_ACTIVITY_I2 because modality is DTI/FA rather than VBM, fMRI, or FDG-PET.","[""GLOBAL_I1"", ""GLOBAL_I2""]",[],False,,"Fails STRUCTURAL_I1: this is a DTI/WM streamline FA analysis, not voxel-based morphometry (VBM). Global comparisons (bvFTD vs controls) are present but modality mismatches.","[""GLOBAL_I1"", ""GLOBAL_I2""]",[],False,,"Fails FUNCTIONAL_I1: modality is diffusion/DTI (WM FA), not fMRI or FDG-PET, so functional criterion is not met despite being a bvFTD vs control contrast.","[""GLOBAL_I1"", ""GLOBAL_I2""]",[]
27301638,8,27301638_analysis_8,(quantifier connections),,t0020,5,MNI,"[[4.0, -37.0, -18.0], [-38.0, -34.0, -7.0], [3.0, -37.0, 20.0], [37.0, -11.0, -18.0], [2.0, 0.0, 3.0]]",0,False,,"Fails GLOBAL_I2: this appears to be a bvFTD < Eld entry (quantifier connections) for WM/tracts or is another group's connections; regardless, it is a tract/WM analysis (DTI), not a bvFTD vs control VBM/fMRI/FDG-PET analysis as required.",[],[],False,,Fails GLOBAL_I2 and DEMENTIA_DECREASING_ACTIVITY_I2: tract/WM analysis using DTI FA rather than VBM/fMRI/FDG-PET and not a bvFTD VBM/fMRI/FDG-PET decrease map.,[],[],False,,"Fails GLOBAL_I2 and STRUCTURAL_I1: this is a WM/DTI connection analysis, not voxel-based morphometry (VBM) for bvFTD vs controls.",[],[],False,,"Fails GLOBAL_I2 and FUNCTIONAL_I1: modality is diffusion/DTI, not fMRI or FDG-PET, and analysis is not a bvFTD vs control functional map.",[],[]
27301638,9,27301638_analysis_9,CBS < Eld,,t0020,1,MNI,"[[-46.0, -44.0, -2.0]]",0,False,,"Fails GLOBAL_I2: this is a CBS < Eld WM/FA contrast (CBS vs elders) or connection analysis, not a bvFTD vs healthy control VBM/fMRI/FDG-PET comparison.",[],[],False,,"Fails GLOBAL_I2: reports decreases for CBS relative to elders, but GLOBAL_I2 requires bvFTD vs controls. Additionally modality is DTI/WM rather than VBM/fMRI/FDG-PET.",[],[],False,,"Fails GLOBAL_I2 and STRUCTURAL_I1: this is a DTI-based WM analysis, not a VBM (gray-matter) bvFTD vs control structural map.",[],[],False,,Fails GLOBAL_I2 and FUNCTIONAL_I1: diffusion/WM analysis rather than fMRI or FDG-PET and not a bvFTD vs control functional contrast.,[],[]
27301638,10,27301638_analysis_10,(noun connections),,t0020,1,MNI,"[[-44.0, -39.0, 29.0]]",0,False,,Fails GLOBAL_I2: noun-connections tract analysis is a WM/DTI analysis for CBS (or group-specific) and not a bvFTD vs control VBM/fMRI/FDG-PET comparison required by GLOBAL_I2 and DEMENTIA_ALL_I1.,[],[],False,,Fails GLOBAL_I2 and DEMENTIA_DECREASING_ACTIVITY_I2: this is a WM connectivity/FA analysis (DTI) rather than a bvFTD < Control VBM/fMRI/FDG-PET decrease map.,[],[],False,,"Fails GLOBAL_I2 and STRUCTURAL_I1: analysis modality is diffusion/DTI (WM), not voxel-based morphometry (VBM) required for structural annotation of bvFTD vs controls.",[],[],False,,"Fails GLOBAL_I2 and FUNCTIONAL_I1: this is a diffusion/DTI tract analysis, not fMRI or FDG-PET, and not a bvFTD vs control functional map.",[],[]
27301638,11,27301638_analysis_11,bvFTD < Eld,,t0020,1,MNI,"[[-48.0, -26.0, -21.0]]",0,False,,"Although this is labelled bvFTD < Eld (noun connections), the modality is diffusion/DTI WM tract FA rather than VBM/fMRI/FDG-PET required by DEMENTIA_ALL_I1, so it does not meet the local imaging criterion despite being a bvFTD vs control contrast.","[""GLOBAL_I1"", ""GLOBAL_I2""]",[],False,,"GLOBAL criteria pass (bvFTD < Eld in WM), but fails DEMENTIA_DECREASING_ACTIVITY_I2 because modality is DTI/FA rather than VBM, fMRI, or FDG-PET.","[""GLOBAL_I1"", ""GLOBAL_I2""]",[],False,,"Fails STRUCTURAL_I1: this is a WM/DTI streamline FA analysis connected to noun-related GM regions, not voxel-based morphometry (VBM).","[""GLOBAL_I1"", ""GLOBAL_I2""]",[],False,,"Fails FUNCTIONAL_I1: modality is diffusion/DTI (WM FA), not fMRI or FDG-PET, so functional inclusion is not met despite being a bvFTD vs control contrast.","[""GLOBAL_I1"", ""GLOBAL_I2""]",[]
27301638,12,27301638_analysis_12,(noun connections),,t0020,1,MNI,"[[-15.0, 28.0, -14.0]]",0,False,,Fails GLOBAL_I2: noun-connections entry appears to be a WM/DTI analysis (bvFTD or other group) rather than a bvFTD vs healthy control VBM/fMRI/FDG-PET contrast required by GLOBAL_I2 and DEMENTIA_ALL_I1.,[],[],False,,"Fails GLOBAL_I2 and DEMENTIA_DECREASING_ACTIVITY_I2: this is a WM tract/FA analysis (DTI), not a bvFTD < Control VBM/fMRI/FDG-PET decreasing map.",[],[],False,,Fails GLOBAL_I2 and STRUCTURAL_I1: diffusion/WM analysis rather than voxel-based morphometry (VBM) for a bvFTD vs control structural map.,[],[],False,,"Fails GLOBAL_I2 and FUNCTIONAL_I1: modality is diffusion/DTI, not fMRI or FDG-PET, and analysis is not a bvFTD vs control functional contrast.",[],[]
27301638,13,27301638_analysis_13,svPPA < Eld (noun connections),,t0020,1,MNI,"[[-34.0, 1.0, -37.0]]",0,False,,"Fails GLOBAL_I2: this is an svPPA < Eld (noun connections) WM analysis, not a bvFTD vs healthy control VBM/fMRI/FDG-PET contrast required by GLOBAL_I2 and DEMENTIA_ALL_I1.",[],[],False,,"Fails GLOBAL_I2: reports decreases for svPPA relative to elders in WM connections, but GLOBAL_I2 requires a bvFTD vs control comparison and DEMENTIA_DECREASING_ACTIVITY_I2 modality match.",[],[],False,,"Fails GLOBAL_I2 and STRUCTURAL_I1: this is a DTI/WM connection analysis for svPPA, not a VBM (gray matter) bvFTD vs control structural contrast.",[],[],False,,"Fails GLOBAL_I2 and FUNCTIONAL_I1: this is a diffusion/DTI tract analysis for svPPA, not fMRI or FDG-PET, and not a bvFTD vs control functional map.",[],[]
27567867,0,27567867_analysis_0,VBM differences between DbvFTD >AbvFTD groups in selected ROIs,,35,9,None,"[[52.5, 9.9, 24.3], [49.4, 12.9, 17.6], [62.5, 19.9, 14.3], [39.6, 61.2, 0.8], [29.6, 69.3, 0.9], [-1.8, 30.6, 24.3], [-8.1, 12.6, -1.5], [-34.2, 9.9, -24.3], [-37.8, 10.8, -24.2]]",0,False,,Excluded: analysis is a ROI-based VBM table comparing DbvFTD vs AbvFTD (not a whole-brain voxelwise map) and does not compare a bvFTD group to healthy controls. Fails GLOBAL_I1 and GLOBAL_I2; triggers GLOBAL_E1 (ROI analysis).,[],"[""GLOBAL_E1""]",False,,Excluded: analysis is ROI-based (GLOBAL_E1) and does not meet required global inclusions (missing GLOBAL_I1: whole-brain voxelwise map; missing GLOBAL_I2: comparison to healthy controls).,[],"[""GLOBAL_E1""]",False,,"Excluded: although modality is VBM, this entry is an ROI analysis (GLOBAL_E1) and does not satisfy GLOBAL_I1 (whole-brain voxelwise map) nor GLOBAL_I2 (bvFTD vs healthy controls).",[],"[""GLOBAL_E1""]",False,,Excluded: analysis is ROI-based VBM (structural) and not an fMRI/FDG-PET functional whole-brain map; additionally fails GLOBAL_I1 and GLOBAL_I2. Triggers GLOBAL_E1.,[],"[""GLOBAL_E1""]"
28119587,0,28119587_analysis_0,AD,Statistics of significant differences in gray matter anatomical volume.,T2,1,MNI,"[[30.0, 25.0, 12.0]]",0,False,,Analysis is for AD (not bvFTD); global inclusion criterion GLOBAL_I2 (bvFTD vs controls) is not met.,[],[],False,,Analysis is AD (not bvFTD) so GLOBAL_I2 (bvFTD vs controls) is not met; local criterion DEMENTIA_DECREASING_ACTIVITY_I1 (decreases in bvFTD) therefore not applicable.,[],[],False,,"Although this is a VBM analysis, GLOBAL_I2 (requires bvFTD vs controls) is not met for this AD analysis (missing GLOBAL_I2).",[],[],False,,"Missing required global inclusion GLOBAL_I2 (analysis does not compare bvFTD to controls) and local FUNCTIONAL_I1 (this is a VBM structural analysis, not fMRI/FDG-PET).",[],[]
28119587,1,28119587_analysis_1,bvFTD,Statistics of significant differences in gray matter anatomical volume.,T2,1,MNI,"[[31.0, 16.0, 30.0]]",0,True,,"Whole-brain VBM map comparing bvFTD to controls; meets global voxelwise requirement and bvFTD-vs-control requirement, and uses VBM as allowed modality.","[""GLOBAL_I1"", ""GLOBAL_I2"", ""DEMENTIA_ALL_I1""]",[],True,,This VBM analysis reports decreased gray matter volume in bvFTD versus controls (bvFTD < Control) and meets the global whole-brain and bvFTD-vs-control requirements.,"[""GLOBAL_I1"", ""GLOBAL_I2"", ""DEMENTIA_DECREASING_ACTIVITY_I1"", ""DEMENTIA_DECREASING_ACTIVITY_I2""]",[],True,,"This analysis uses voxel-based morphometry (VBM) comparing bvFTD to controls (whole-brain), satisfying structural experiment criteria.","[""GLOBAL_I1"", ""GLOBAL_I2"", ""STRUCTURAL_I1""]",[],False,,Local inclusion FUNCTIONAL_I1 (requires fMRI or FDG-PET) is not met because this analysis is VBM (structural).,[],[]
28119587,2,28119587_analysis_2,"AD, DMN, wbICA non-CV",,T3,1,MNI,"[[23.0, 21.0, 22.0]]",0,False,,"Analysis is resting-state fMRI (wbICA) and is therefore excluded by global exclusion GLOBAL_E2 (resting-state analyses). Also does not meet GLOBAL_I2 (this analysis is AD vs controls, not bvFTD).",[],"[""GLOBAL_E2""]",False,,This is an AD (not bvFTD) resting-state fMRI analysis and thus fails GLOBAL_I2 (bvFTD vs controls) and is excluded by GLOBAL_E2 (resting-state analyses).,[],"[""GLOBAL_E2""]",False,,This is a resting-state fMRI whole-brain analysis (not VBM); excluded by GLOBAL_E2 (resting-state analyses) and missing STRUCTURAL_I1 (VBM).,[],"[""GLOBAL_E2""]",False,,"Although this uses fMRI, it is a resting-state ICA analysis excluded by GLOBAL_E2 (resting-state analyses) and additionally does not meet GLOBAL_I2 (analysis concerns AD not bvFTD).",[],"[""GLOBAL_E2""]"
28119587,3,28119587_analysis_3,"AD, DMN, wbICA CV",,T3,1,MNI,"[[23.0, 21.0, 22.0]]",0,False,,AD wbICA with CV (resting-state fMRI); excluded by GLOBAL_E2 (resting-state analyses) and does not meet GLOBAL_I2 (not bvFTD).,[],"[""GLOBAL_E2""]",False,,Analysis concerns AD (not bvFTD) and is a resting-state fMRI analysis excluded by GLOBAL_E2; thus it does not meet the bvFTD-specific inclusion DEMENTIA_DECREASING_ACTIVITY_I1.,[],"[""GLOBAL_E2""]",False,,"This is a resting-state fMRI (wbICA) analysis, not VBM; excluded by GLOBAL_E2 (resting-state analyses) and missing STRUCTURAL_I1.",[],"[""GLOBAL_E2""]",False,,"Functional local criterion is met (fMRI) but global exclusion GLOBAL_E2 (resting-state analyses) applies and GLOBAL_I2 is not met (AD, not bvFTD).",[],"[""GLOBAL_E2""]"
28119587,4,28119587_analysis_4,"AD, DMN, gmICA non-CV",,T3,0,,[],0,False,,AD gmICA (resting-state fMRI restricted to gray matter); excluded by GLOBAL_E2 (resting-state analyses) and does not meet GLOBAL_I2 (not bvFTD).,[],"[""GLOBAL_E2""]",False,,This gmICA analysis is for AD (not bvFTD) and is a resting-state fMRI analysis excluded by GLOBAL_E2; it therefore does not meet the bvFTD-specific decrease criterion.,[],"[""GLOBAL_E2""]",False,,This is a resting-state fMRI gmICA analysis (not VBM); excluded by GLOBAL_E2 (resting-state analyses) and missing STRUCTURAL_I1.,[],"[""GLOBAL_E2""]",False,,"Although this uses fMRI, it is a resting-state ICA analysis and is excluded by GLOBAL_E2; additionally GLOBAL_I2 (bvFTD vs controls) is not met (AD analysis).",[],"[""GLOBAL_E2""]"
28119587,5,28119587_analysis_5,"AD, DMN, gmICA CV",,T3,1,MNI,"[[23.0, 20.0, 23.0]]",0,False,,AD gmICA with CV (resting-state fMRI); excluded by GLOBAL_E2 (resting-state analyses) and does not satisfy GLOBAL_I2 (bvFTD vs controls).,[],"[""GLOBAL_E2""]",False,,This analysis concerns AD (not bvFTD) and is a resting-state fMRI analysis excluded by GLOBAL_E2; thus it does not meet bvFTD-specific decrease criterion.,[],"[""GLOBAL_E2""]",False,,"This is a gmICA resting-state fMRI analysis, not VBM; excluded by GLOBAL_E2 and missing STRUCTURAL_I1.",[],"[""GLOBAL_E2""]",False,,Functional local criterion (fMRI) is met but global exclusion GLOBAL_E2 (resting-state analyses) applies and GLOBAL_I2 (bvFTD vs controls) is not met (AD group).,[],"[""GLOBAL_E2""]"
28119587,6,28119587_analysis_6,"bvFTD, SLN, wbICA non-CV",,T3,1,MNI,"[[35.0, 32.0, 16.0]]",0,False,,"This is a bvFTD wbICA resting-state fMRI analysis: although it meets GLOBAL_I1 and GLOBAL_I2 (whole-brain, bvFTD vs controls), it is excluded by GLOBAL_E2 (resting-state analyses).",[],"[""GLOBAL_E2""]",False,,The analysis reports decreased connectivity in bvFTD (Control > bvFTD) but is a resting-state fMRI ICA analysis and is excluded by GLOBAL_E2 despite meeting bvFTD-specific local criteria.,[],"[""GLOBAL_E2""]",False,,This is a resting-state wbICA analysis (not VBM); excluded by GLOBAL_E2 (resting-state analyses) and missing STRUCTURAL_I1.,[],"[""GLOBAL_E2""]",False,,"Meets local FUNCTIONAL_I1 (fMRI) and global inclusions for bvFTD, but excluded by GLOBAL_E2 (resting-state analyses).",[],"[""GLOBAL_E2""]"
28119587,7,28119587_analysis_7,"bvFTD, SLN, wbICA CV",,T3,2,MNI,"[[22.0, 7.0, 19.0], [35.0, 32.0, 16.0]]",0,False,,"bvFTD wbICA with CV is a resting-state fMRI analysis; although whole-brain and bvFTD-vs-control criteria are met, GLOBAL_E2 (resting-state analyses) excludes it.",[],"[""GLOBAL_E2""]",False,,"This analysis reports decreased SLN connectivity in bvFTD, but as a resting-state ICA analysis it is excluded by GLOBAL_E2 (resting-state analyses).",[],"[""GLOBAL_E2""]",False,,Resting-state wbICA (with CV) is not VBM; excluded by GLOBAL_E2 and missing STRUCTURAL_I1.,[],"[""GLOBAL_E2""]",False,,"Although this is fMRI and bvFTD vs controls, GLOBAL_E2 (resting-state analyses) excludes resting-state studies from inclusion.",[],"[""GLOBAL_E2""]"
28119587,8,28119587_analysis_8,"bvFTD, SLN, gmICA non-CV",,T3,0,,[],0,False,,bvFTD gmICA (resting-state fMRI restricted to gray matter) is excluded by GLOBAL_E2 (resting-state analyses) despite meeting whole-brain and bvFTD-vs-control inclusion.,[],"[""GLOBAL_E2""]",False,,"This gmICA reports decreased SLN connectivity in bvFTD, but as a resting-state ICA it falls under GLOBAL_E2 exclusion (resting-state analyses).",[],"[""GLOBAL_E2""]",False,,This is a resting-state gmICA analysis (not VBM); excluded by GLOBAL_E2 and missing STRUCTURAL_I1.,[],"[""GLOBAL_E2""]",False,,"Local FUNCTIONAL_I1 (fMRI) is met, and GLOBAL_I1/GLOBAL_I2 are met (whole-brain bvFTD vs controls), but GLOBAL_E2 excludes resting-state analyses.",[],"[""GLOBAL_E2""]"
28119587,9,28119587_analysis_9,"bvFTD, SLN, gmICA CV",,T3,1,MNI,"[[8.0, 31.0, 16.0]]",0,False,,bvFTD gmICA with CV is a resting-state fMRI analysis excluded by GLOBAL_E2 (resting-state analyses) despite meeting global inclusions for bvFTD.,[],"[""GLOBAL_E2""]",False,,This analysis shows decreased SLN connectivity in bvFTD but is a resting-state ICA and therefore excluded by GLOBAL_E2 (resting-state analyses).,[],"[""GLOBAL_E2""]",False,,This gmICA analysis is not VBM and is excluded by GLOBAL_E2 (resting-state analyses); STRUCTURAL_I1 not met.,[],"[""GLOBAL_E2""]",False,,"Although this is fMRI and meets bvFTD-vs-control whole-brain criteria, GLOBAL_E2 excludes resting-state analyses from inclusion.",[],"[""GLOBAL_E2""]"
28219620,0,28219620_analysis_0,analysis_0,Regions (based on AAL) of significant atrophy (local maxima) in bvFTD patients compared with healthy controls.,t0015,19,None,"[[37.7, -19.5, -30.0], [24.0, -6.0, -16.5], [-13.5, -36.0, 3.0], [-24.0, 9.0, -19.5], [48.0, 10.5, -19.5], [66.0, -45.0, 10.5], [46.5, -79.5, 7.5], [-4.5, -1.5, 57.0], [6.0, 0.0, 43.5], [-4.5, -34.5, 49.5], [-42.0, -4.5, 54.0], [48.0, 33.0, 9.0], [-24.0, -78.0, 43.5], [-24.0, -84.0, 30.0], [60.0, -9.0, 4.5], [-13.5, -72.0, 12.0], [13.5, -57.0, 28.5], [15.0, -60.0, 19.5], [1.5, 37.5, -12.0]]",0,True,,Whole-brain VBM analysis comparing bvFTD patients with healthy controls; meets GLOBAL_I1 and GLOBAL_I2 and uses VBM (DEMENTIA_ALL_I1).,"[""GLOBAL_I1"", ""GLOBAL_I2"", ""DEMENTIA_ALL_I1""]",[],True,,Whole-brain VBM shows gray-matter decreases in bvFTD relative to controls (Control > bvFTD); meets GLOBAL_I1 and GLOBAL_I2 and uses VBM (DEMENTIA_DECREASING_ACTIVITY_I1 and DEMENTIA_DECREASING_ACTIVITY_I2).,"[""GLOBAL_I1"", ""GLOBAL_I2"", ""DEMENTIA_DECREASING_ACTIVITY_I1"", ""DEMENTIA_DECREASING_ACTIVITY_I2""]",[],True,,"This is a VBM (voxel-based morphometry) whole-brain comparison of bvFTD versus controls, meeting GLOBAL_I1, GLOBAL_I2 and STRUCTURAL_I1.","[""GLOBAL_I1"", ""GLOBAL_I2"", ""STRUCTURAL_I1""]",[],False,,Excluded because the analysis is structural VBM and does not use fMRI or FDG-PET; FUNCTIONAL_I1 not met.,[],[]
28219620,1,28219620_analysis_1,Regions (based on AAL) of significant atrophy (local maxima) in BD patients compared with healthy controls.,,t0020,4,None,"[[27.0, -9.0, 63.0], [-28.5, 3.0, 7.5], [-42.0, -10.5, 0.0], [-10.5, -72.0, 15.0]]",0,False,,"Excluded because GLOBAL_I2 is not met: this analysis compares BD patients to healthy controls, not the bvFTD group to healthy controls.",[],[],False,,"Excluded because GLOBAL_I2 is not met: this analysis compares BD patients to healthy controls, not the bvFTD group to healthy controls.",[],[],False,,"Excluded because GLOBAL_I2 is not met: this analysis compares BD patients to healthy controls, not the bvFTD group to healthy controls.",[],[],False,,"Excluded because GLOBAL_I2 is not met: this analysis compares BD patients to healthy controls, not the bvFTD group to healthy controls.",[],[]
28219620,2,28219620_analysis_2,Regions (based on AAL) of significant atrophy (local maxima) in bvFTD patients compared with BD patients.,,t0025,13,None,"[[36.0, -28.5, -30.0], [57.0, -42.0, -9.0], [-40.5, -28.5, -28.5], [-4.5, -19.5, 10.5], [7.5, -39.0, 33.0], [7.5, -1.5, 45.0], [-25.5, 54.0, 3.0], [-10.5, 49.5, 31.5], [-21.0, -54.0, 64.5], [-45.0, 27.0, 22.5], [-15.0, -70.5, 37.5], [-19.5, -78.0, 42.0], [46.5, -57.0, 37.5]]",0,False,,"Excluded because GLOBAL_I2 is not met: this analysis compares bvFTD patients to BD patients, not bvFTD to healthy controls.",[],[],False,,Excluded because GLOBAL_I2 is not met: this analysis compares bvFTD to BD patients rather than bvFTD to healthy controls.,[],[],False,,Excluded because GLOBAL_I2 is not met: this analysis compares bvFTD to BD rather than bvFTD to healthy controls.,[],[],False,,Excluded because GLOBAL_I2 is not met: this analysis compares bvFTD to BD rather than bvFTD to healthy controls.,[],[]
28662418,0,28662418_analysis_0,TASIT Part 1,,tbl2,12,MNI,"[[28.0, 6.0, -20.0], [24.0, 64.0, -6.0], [-40.0, -16.0, -42.0], [50.0, -8.0, -20.0], [18.0, -54.0, 10.0], [26.0, -20.0, -10.0], [-22.0, -86.0, -48.0], [52.0, -50.0, 4.0], [-14.0, 20.0, -8.0], [-40.0, -16.0, 32.0], [-40.0, -32.0, 20.0], [52.0, 10.0, -8.0]]",0,False,,Analysis is a whole-brain VBM correlation across all participants (patients + controls) but does not specifically compare the bvFTD group to healthy controls as a bvFTD vs control contrast (GLOBAL_I2 not met).,[],[],False,,Excluded because the analysis does not perform a bvFTD versus control decrease contrast (GLOBAL_I2 not met); no direct Control > bvFTD decreases are reported in this specific analysis.,[],[],False,,"Excluded because GLOBAL_I2 (analysis comparing bvFTD group to healthy controls) is not met for this analysis, even though the modality is VBM.",[],[],False,,Excluded because GLOBAL_I2 is not met (analysis is not a bvFTD vs control comparison) and because the modality is structural VBM rather than fMRI/FDG-PET (missing FUNCTIONAL_I1).,[],[]
28662418,1,28662418_analysis_1,TASIT Part 2,,tbl2,0,,[],0,False,,Analysis is a whole-brain VBM correlation across all participants (not a bvFTD vs control contrast); GLOBAL_I2 (must compare bvFTD to controls) is not satisfied.,[],[],False,,Excluded because the analysis does not report explicit decreases for bvFTD versus controls (GLOBAL_I2 not met for this specific analysis).,[],[],False,,"Excluded because GLOBAL_I2 is not met (analysis is not a bvFTD vs control comparison), despite using VBM.",[],[],False,,Excluded because GLOBAL_I2 is not met and the modality is structural VBM rather than fMRI/FDG-PET (missing FUNCTIONAL_I1).,[],[]
28662418,2,28662418_analysis_2,Average Sincere & Sarcasm,,tbl2,2,MNI,"[[-16.0, -70.0, 18.0], [26.0, 2.0, -20.0]]",0,False,,This is a whole-brain VBM covariate analysis across combined groups and does not specifically compare the bvFTD group to healthy controls (GLOBAL_I2 not met).,[],[],False,,Excluded because it does not present a Control > bvFTD decrease contrast for bvFTD (GLOBAL_I2 not met for this analysis).,[],[],False,,"Although the modality is VBM, GLOBAL_I2 (bvFTD vs controls comparison) is not satisfied for this analysis, so annotation is excluded.",[],[],False,,Excluded because GLOBAL_I2 is not met and the analysis uses structural VBM rather than fMRI/FDG-PET (missing FUNCTIONAL_I1).,[],[]
28662418,3,28662418_analysis_3,Sarcasm covarying for Sincere,,tbl2,2,MNI,"[[-42.0, 10.0, -38.0], [34.0, 20.0, -30.0]]",0,False,,This is a voxelwise covariate analysis across combined participants and does not specifically compare bvFTD to healthy controls (GLOBAL_I2 not met).,[],[],False,,Excluded because the analysis does not present Control > bvFTD decreases for the bvFTD group (GLOBAL_I2 not met).,[],[],False,,"Excluded because GLOBAL_I2 is not satisfied for this analysis, even though VBM was used.",[],[],False,,Excluded because GLOBAL_I2 is not met and the modality is VBM rather than fMRI/FDG-PET (missing FUNCTIONAL_I1).,[],[]
28662418,4,28662418_analysis_4,bvFTD & controls,,tbl3,12,MNI,"[[54.0, 16.0, -26.0], [-38.0, -4.0, -50.0], [16.0, 58.0, -12.0], [-16.0, -86.0, -48.0], [-14.0, 56.0, -14.0], [-50.0, -50.0, -6.0], [-46.0, -8.0, 26.0], [-28.0, -26.0, 50.0], [-48.0, -28.0, 6.0], [22.0, -68.0, -34.0], [-20.0, -34.0, -6.0], [10.0, 30.0, -26.0]]",0,True,,Whole-brain voxelwise VBM comparison between bvFTD and controls is reported (meets GLOBAL_I1 and GLOBAL_I2) and uses VBM (meets DEMENTIA_ALL_I1).,"[""GLOBAL_I1"", ""GLOBAL_I2"", ""DEMENTIA_ALL_I1""]",[],True,,"The group comparison reports reduced grey matter (atrophy) in bvFTD relative to controls (Control > bvFTD decreases) using whole-brain VBM, satisfying both global and local inclusion criteria.","[""GLOBAL_I1"", ""GLOBAL_I2"", ""DEMENTIA_DECREASING_ACTIVITY_I1"", ""DEMENTIA_DECREASING_ACTIVITY_I2""]",[],True,,"This analysis uses whole-brain VBM comparing bvFTD to controls (meets GLOBAL_I1, GLOBAL_I2 and STRUCTURAL_I1).","[""GLOBAL_I1"", ""GLOBAL_I2"", ""STRUCTURAL_I1""]",[],False,,"Excluded because the analysis modality is structural VBM, not fMRI or FDG-PET (missing FUNCTIONAL_I1).",[],[]
28662418,5,28662418_analysis_5,AD & controls,,tbl3,14,MNI,"[[60.0, -34.0, -28.0], [48.0, -52.0, 0.0], [-40.0, -14.0, -44.0], [22.0, 64.0, -8.0], [-20.0, -35.0, -6.0], [-36.0, -2.0, 6.0], [42.0, 14.0, 14.0], [-30.0, -34.0, 60.0], [-46.0, -56.0, 14.0], [34.0, -38.0, 48.0], [-44.0, -28.0, 16.0], [-14.0, 18.0, -6.0], [-38.0, -16.0, 34.0], [-48.0, 10.0, -22.0]]",0,False,,"Analysis compares AD to controls, not the bvFTD group; GLOBAL_I2 requires the analysis to compare the bvFTD group to healthy controls (GLOBAL_I2 not met).",[],[],False,,"Although this is a whole-brain VBM comparison, it is AD vs controls rather than bvFTD vs controls, so GLOBAL_I2 is not satisfied for the bvFTD-specific decreasing-activity annotation.",[],[],False,,"The modality is VBM but the comparison is AD vs controls, not bvFTD vs controls; GLOBAL_I2 is not met.",[],[],False,,Excluded because GLOBAL_I2 is not met (analysis is AD vs controls) and the modality is VBM rather than fMRI/FDG-PET (missing FUNCTIONAL_I1).,[],[]
28662418,6,28662418_analysis_6,bvFTD & controls: Average Sincere & Sarcasm,,tbl4,2,MNI,"[[-36.0, -2.0, -42.0], [28.0, 4.0, -24.0]]",0,True,,"This is a whole-brain voxelwise VBM analysis conducted in the bvFTD + control group (bvFTD not pooled with other patient groups), meeting GLOBAL_I1 and GLOBAL_I2, and it uses VBM (DEMENTIA_ALL_I1).","[""GLOBAL_I1"", ""GLOBAL_I2"", ""DEMENTIA_ALL_I1""]",[],False,,"Excluded because this analysis reports voxelwise correlations of task performance with grey matter within the bvFTD+control sample, not an explicit Control > bvFTD decrease contrast (missing DEMENTIA_DECREASING_ACTIVITY_I1).",[],[],True,,"Analysis uses whole-brain VBM in a bvFTD+control sample, satisfying GLOBAL_I1, GLOBAL_I2 and STRUCTURAL_I1.","[""GLOBAL_I1"", ""GLOBAL_I2"", ""STRUCTURAL_I1""]",[],False,,Excluded because the imaging modality is structural VBM rather than fMRI/FDG-PET (missing FUNCTIONAL_I1).,[],[]
28662418,7,28662418_analysis_7,bvFTD & controls: Sarcasm covarying for Sincere,,tbl4,2,MNI,"[[-38.0, -4.0, -44.0], [24.0, -10.0, -16.0]]",0,True,,"Whole-brain VBM covariate analysis was run in the bvFTD+control sample (bvFTD not pooled with other patient groups), meeting GLOBAL_I1 and GLOBAL_I2 and using VBM (DEMENTIA_ALL_I1).","[""GLOBAL_I1"", ""GLOBAL_I2"", ""DEMENTIA_ALL_I1""]",[],False,,"This analysis reports task–grey matter correlations rather than an explicit control > bvFTD decrease contrast, so DEMENTIA_DECREASING_ACTIVITY_I1 is not met.",[],[],True,,"VBM was used for this whole-brain analysis in the bvFTD+control sample, satisfying GLOBAL_I1, GLOBAL_I2 and STRUCTURAL_I1.","[""GLOBAL_I1"", ""GLOBAL_I2"", ""STRUCTURAL_I1""]",[],False,,"Excluded because the modality is structural VBM, not fMRI/FDG-PET (missing FUNCTIONAL_I1).",[],[]
28662418,8,28662418_analysis_8,AD & controls: Average Sincere & Sarcasm,,tbl4,0,,[],0,False,,"This analysis is an AD + control VBM analysis; GLOBAL_I2 requires the analysis to compare the bvFTD group to healthy controls (bvFTD not involved), so GLOBAL_I2 is not met.",[],[],False,,"Although whole-brain VBM is used, the comparison is AD vs controls rather than bvFTD vs controls, so the bvFTD-specific decreasing-activity criterion (GLOBAL_I2) is not satisfied.",[],[],False,,The modality is VBM but the analysis compares AD to controls rather than bvFTD to controls; GLOBAL_I2 not met for bvFTD-specific annotation.,[],[],False,,Excluded because GLOBAL_I2 is not met (analysis is AD vs controls) and modality is VBM rather than fMRI/FDG-PET (missing FUNCTIONAL_I1).,[],[]
28662418,9,28662418_analysis_9,AD & controls: Sarcasm covarying for Sincere,,tbl4,0,,[],0,False,,This is an AD+control VBM covariate analysis; GLOBAL_I2 requires a bvFTD vs control comparison and is not satisfied here.,[],[],False,,Excluded because the analysis is AD vs controls rather than bvFTD vs controls (GLOBAL_I2 not met); it does not report decreases specific to bvFTD.,[],[],False,,"Although VBM is the modality, GLOBAL_I2 is not met because this analysis concerns AD vs controls rather than bvFTD vs controls.",[],[],False,,Excluded because GLOBAL_I2 is not met (analysis is AD-related) and modality is VBM rather than fMRI/FDG-PET (missing FUNCTIONAL_I1).,[],[]
29704671,0,29704671_analysis_0,Affective apathy,,tbl3,8,MNI,"[[-32.0, 12.0, -28.0], [46.0, 28.0, -6.0], [-58.0, -14.0, -38.0], [44.0, 8.0, -44.0], [22.0, 62.0, 20.0], [0.0, 52.0, -22.0], [-34.0, -20.0, 8.0], [32.0, 18.0, -26.0]]",0,False,,Global inclusion criterion GLOBAL_I2 not met: this analysis reports VBM correlations of affective apathy across mixed patient groups (irrespective of diagnosis) rather than a whole‑brain bvFTD vs healthy control comparison.,[],[],False,,"Global inclusion criterion GLOBAL_I2 not met: analysis is a whole‑brain VBM correlation across pooled patient groups (irrespective of bvFTD vs control contrast), not a bvFTD vs healthy control comparison.",[],[],False,,"Although STRUCTURAL_I1 (VBM) is satisfied, global inclusion criterion GLOBAL_I2 is not met: the analysis is an across‑diagnosis correlation rather than a bvFTD vs control whole‑brain comparison required by GLOBAL_I2.",[],[],False,,Global inclusion criterion GLOBAL_I2 not met. This analysis is structural VBM correlations (not fMRI/FDG) and does not perform the required bvFTD vs control whole‑brain comparison.,[],[]
29704671,1,29704671_analysis_1,Behavioural apathy,,tbl3,10,MNI,"[[6.0, 56.0, -24.0], [-8.0, 18.0, -4.0], [50.0, 2.0, 16.0], [-22.0, 62.0, -14.0], [44.0, 24.0, 34.0], [38.0, 16.0, 6.0], [-28.0, 44.0, -12.0], [14.0, -76.0, -32.0], [-16.0, 34.0, -18.0], [14.0, -76.0, -32.0]]",0,False,,Global inclusion criterion GLOBAL_I2 not met: behavioural apathy analysis uses VBM correlations across pooled patient groups (irrespective of diagnosis) rather than a bvFTD vs healthy control whole‑brain contrast.,[],[],False,,"GLOBAL_I2 is not satisfied: the reported results are correlations of behavioural apathy across patients, not a bvFTD < Control whole‑brain comparison required by GLOBAL_I2.",[],[],False,,"STRUCTURAL_I1 (VBM) is met, but global inclusion GLOBAL_I2 is not: analysis is an across‑diagnosis VBM correlation rather than a bvFTD vs control whole‑brain comparison.",[],[],False,,"Global inclusion criterion GLOBAL_I2 not met; additionally, this is a structural VBM analysis rather than fMRI/FDG required for FUNCTIONAL_I1.",[],[]
29704671,2,29704671_analysis_2,Cognitive apathy,,tbl3,4,MNI,"[[-44.0, 14.0, -34.0], [-56.0, -10.0, -36.0], [10.0, -22.0, 38.0], [16.0, 10.0, 6.0]]",0,False,,Global inclusion criterion GLOBAL_I2 not met: cognitive apathy analysis reports VBM correlations pooled across diagnoses rather than a bvFTD vs healthy control whole‑brain comparison.,[],[],False,,"GLOBAL_I2 is not satisfied: the analysis identifies regions where greater cognitive apathy correlates with lower grey matter across patients, not a direct bvFTD < Control contrast.",[],[],False,,"STRUCTURAL_I1 (VBM) applies, but GLOBAL_I2 fails because the analysis is an across‑diagnosis correlation rather than the required bvFTD vs control whole‑brain comparison.",[],[],False,,GLOBAL_I2 not met and the modality is structural VBM (so FUNCTIONAL_I1 is not applicable).,[],[]
29704671,3,29704671_analysis_3,ABC overlap,,tbl3,3,MNI,"[[-14.0, 14.0, -10.0], [38.0, 18.0, 4.0], [-18.0, 60.0, 10.0]]",0,False,,Global inclusion criterion GLOBAL_I2 not met: the ABC overlap analysis reports inclusive/exclusive masks of VBM correlations across patient groups rather than a bvFTD vs healthy control whole‑brain comparison.,[],[],False,,"GLOBAL_I2 not satisfied: overlap analysis identifies common regions across apathy dimensions via VBM correlations pooled across diagnoses, not a bvFTD < Control whole‑brain contrast.",[],[],False,,"Although STRUCTURAL_I1 (VBM) is true for this analysis, GLOBAL_I2 is not met because the analysis examines overlap of correlations across pooled patients rather than a bvFTD vs control whole‑brain comparison.",[],[],False,,"GLOBAL_I2 not met; the analysis is structural VBM overlap, not fMRI/FDG as required by FUNCTIONAL_I1.",[],[]
30014499,0,30014499_analysis_0,bvFTD<controls,,85,1,MNI,"[[38.0, -68.0, -60.0]]",0,True,,"Analysis is a whole-brain voxelwise VBM contrast comparing bvFTD to controls (bvFTD<controls), meeting global whole-brain and bvFTD-vs-controls requirements and the local VBM requirement for this annotation.","[""GLOBAL_I1"", ""GLOBAL_I2"", ""DEMENTIA_ALL_I1""]",[],True,,"This is a VBM whole-brain contrast showing decreases for bvFTD versus controls (Control > bvFTD / bvFTD < Control), satisfying global criteria and the local decrease + modality requirements.","[""GLOBAL_I1"", ""GLOBAL_I2"", ""DEMENTIA_DECREASING_ACTIVITY_I1"", ""DEMENTIA_DECREASING_ACTIVITY_I2""]",[],True,,Whole-brain VBM analysis comparing bvFTD to controls; meets global criteria and the VBM structural inclusion criterion.,"[""GLOBAL_I1"", ""GLOBAL_I2"", ""STRUCTURAL_I1""]",[],False,,"Missing required local inclusion criterion FUNCTIONAL_I1 (analysis uses VBM structural MRI, not fMRI or FDG-PET).",[],[]
30014499,1,30014499_analysis_1,SD<controls,,85,2,MNI,"[[20.0, -76.0, -40.0], [-14.0, -76.0, -38.0]]",0,False,,"Fails global inclusion GLOBAL_I2: this analysis compares SD to controls, not a bvFTD vs healthy controls comparison required by GLOBAL_I2.","[""GLOBAL_I1""]",[],False,,"Fails global inclusion GLOBAL_I2 (analysis is SD<controls, not a bvFTD vs controls comparison required by GLOBAL_I2); although modality (VBM) would be acceptable, GLOBAL_I2 is not met.","[""GLOBAL_I1""]",[],False,,"Fails global inclusion GLOBAL_I2: this is a VBM contrast for SD, not the required bvFTD vs controls comparison (GLOBAL_I2).","[""GLOBAL_I1"", ""STRUCTURAL_I1""]",[],False,,"Missing FUNCTIONAL_I1 (modality is VBM, not fMRI/FDG-PET) and also fails GLOBAL_I2 (requires bvFTD vs controls).","[""GLOBAL_I1""]",[]
30014499,2,30014499_analysis_2,PNFA<controls,,85,2,MNI,"[[36.0, -66.0, -46.0], [-20.0, -74.0, -38.0]]",0,False,,"Fails GLOBAL_I2: analysis contrasts PNFA with controls (PNFA<controls), not the required bvFTD vs healthy controls comparison.","[""GLOBAL_I1""]",[],False,,Fails GLOBAL_I2: this is PNFA<controls rather than a bvFTD vs controls contrast; modality (VBM) would match but the required bvFTD comparison is missing.,"[""GLOBAL_I1""]",[],False,,Fails GLOBAL_I2: VBM analysis but not the required bvFTD vs controls comparison (this is PNFA vs controls).,"[""GLOBAL_I1"", ""STRUCTURAL_I1""]",[],False,,"Missing FUNCTIONAL_I1 (modality is VBM, not fMRI/FDG-PET) and fails GLOBAL_I2 (requires bvFTD vs controls).","[""GLOBAL_I1""]",[]
30014499,3,30014499_analysis_3,bvFTD<SD,,85,1,MNI,"[[46.0, -52.0, -60.0]]",0,False,,Fails GLOBAL_I2: this direct contrast bvFTD<SD does not compare bvFTD to healthy controls as required.,"[""GLOBAL_I1""]",[],False,,Fails GLOBAL_I2: contrast is bvFTD<SD (bvFTD vs SD) rather than bvFTD vs controls required by GLOBAL_I2.,"[""GLOBAL_I1""]",[],False,,Fails GLOBAL_I2: VBM contrast between patient groups (bvFTD vs SD) rather than comparing bvFTD to healthy controls.,"[""GLOBAL_I1"", ""STRUCTURAL_I1""]",[],False,,Missing FUNCTIONAL_I1 (modality is VBM) and fails GLOBAL_I2 (not a bvFTD vs controls comparison).,"[""GLOBAL_I1""]",[]
30014499,4,30014499_analysis_4,bvFTD>SD,,85,0,,[],0,False,,Fails GLOBAL_I2: bvFTD>SD contrast is between patient groups and does not compare bvFTD to healthy controls as required.,"[""GLOBAL_I1""]",[],False,,"Fails GLOBAL_I2: this is a bvFTD>SD contrast (patient vs patient), not a control>bvFTD or bvFTD vs controls comparison required by GLOBAL_I2.","[""GLOBAL_I1""]",[],False,,Fails GLOBAL_I2: VBM but not a bvFTD vs healthy controls comparison (this is bvFTD vs SD).,"[""GLOBAL_I1"", ""STRUCTURAL_I1""]",[],False,,Missing FUNCTIONAL_I1 (VBM modality) and fails GLOBAL_I2 (not bvFTD vs controls).,"[""GLOBAL_I1""]",[]
30014499,5,30014499_analysis_5,bvFTD<PNFA,,85,1,MNI,"[[26.0, -46.0, -32.0]]",0,False,,"Fails GLOBAL_I2: bvFTD<PNFA contrast compares bvFTD to PNFA (patient group), not bvFTD to healthy controls as required.","[""GLOBAL_I1""]",[],False,,"Fails GLOBAL_I2: this is bvFTD<PNFA (patient vs patient), not a control>bvFTD or bvFTD vs controls comparison required by GLOBAL_I2.","[""GLOBAL_I1""]",[],False,,Fails GLOBAL_I2: VBM modality but not comparing bvFTD to healthy controls (contrast is between patient groups).,"[""GLOBAL_I1"", ""STRUCTURAL_I1""]",[],False,,Missing FUNCTIONAL_I1 (VBM structural modality) and fails GLOBAL_I2 (not bvFTD vs controls).,"[""GLOBAL_I1""]",[]
30014499,6,30014499_analysis_6,bvFTD>PNFA,,85,0,,[],0,False,,Fails GLOBAL_I2: bvFTD>PNFA contrast is patient vs patient rather than bvFTD vs healthy controls required by GLOBAL_I2.,"[""GLOBAL_I1""]",[],False,,Fails GLOBAL_I2: this contrast (bvFTD>PNFA) does not represent decreases in bvFTD vs controls required by the local criterion and GLOBAL_I2 is not met.,"[""GLOBAL_I1""]",[],False,,Fails GLOBAL_I2: VBM analysis but not a bvFTD vs healthy controls comparison (this is bvFTD vs PNFA).,"[""GLOBAL_I1"", ""STRUCTURAL_I1""]",[],False,,Missing FUNCTIONAL_I1 (analysis uses VBM) and fails GLOBAL_I2 (not bvFTD vs controls).,"[""GLOBAL_I1""]",[]
30014499,7,30014499_analysis_7,SD<PNFA,,85,0,,[],0,False,,"Fails GLOBAL_I2: SD<PNFA is a patient vs patient contrast, not the required bvFTD vs healthy controls comparison.","[""GLOBAL_I1""]",[],False,,"Fails GLOBAL_I2: contrast involves SD and PNFA, not bvFTD vs controls as required by GLOBAL_I2.","[""GLOBAL_I1""]",[],False,,"Fails GLOBAL_I2: although modality is VBM, this analysis compares other patient groups (SD vs PNFA) rather than bvFTD vs controls.","[""GLOBAL_I1"", ""STRUCTURAL_I1""]",[],False,,Missing FUNCTIONAL_I1 (VBM modality) and fails GLOBAL_I2 (not bvFTD vs controls).,"[""GLOBAL_I1""]",[]
30014499,8,30014499_analysis_8,SD>PNFA,,85,0,,[],0,False,,"Fails GLOBAL_I2: SD>PNFA is a patient-group contrast, not a bvFTD vs healthy controls comparison required by GLOBAL_I2.","[""GLOBAL_I1""]",[],False,,Fails GLOBAL_I2: contrast SD>PNFA does not report decreases in bvFTD vs controls and does not meet the required bvFTD comparison.,"[""GLOBAL_I1""]",[],False,,Fails GLOBAL_I2: VBM modality present but analysis compares SD and PNFA rather than bvFTD to controls.,"[""GLOBAL_I1"", ""STRUCTURAL_I1""]",[],False,,Missing FUNCTIONAL_I1 (analysis is VBM) and fails GLOBAL_I2 (not bvFTD vs controls).,"[""GLOBAL_I1""]",[]
30014499,9,30014499_analysis_9,F test,,86,3,MNI,"[[42.0, -56.0, -60.0], [-14.0, -78.0, -38.0], [-46.0, -66.0, -54.0]]",0,False,,Fails GLOBAL_I2: F test assesses group differences across multiple groups (all patients and controls) rather than a direct bvFTD vs healthy controls comparison required by GLOBAL_I2.,"[""GLOBAL_I1""]",[],False,,Fails GLOBAL_I2 and does not specifically report decreases in bvFTD versus controls (F test across groups).,"[""GLOBAL_I1""]",[],False,,"Fails GLOBAL_I2: although the F test is derived from whole-brain VBM data, it is not a bvFTD vs healthy controls comparison as required.","[""GLOBAL_I1"", ""STRUCTURAL_I1""]",[],False,,Missing FUNCTIONAL_I1 (modality is VBM) and fails GLOBAL_I2 (not a bvFTD vs controls comparison).,"[""GLOBAL_I1""]",[]
30014499,10,30014499_analysis_10,All participants,,87,1,MNI,"[[16.0, -72.0, -30.0]]",0,False,,Fails GLOBAL_I2: 'All participants' analysis pools all patients together and does not provide a specific bvFTD vs healthy controls comparison required by GLOBAL_I2.,"[""GLOBAL_I1""]",[],False,,"Fails GLOBAL_I2: while the analysis may show decreases in patients vs controls, it pools patients (all participants) and does not meet the requirement of a bvFTD vs controls comparison.","[""GLOBAL_I1""]",[],False,,Fails GLOBAL_I2: modality is VBM but analysis pools multiple patient groups rather than comparing bvFTD specifically to healthy controls.,"[""GLOBAL_I1"", ""STRUCTURAL_I1""]",[],False,,Missing FUNCTIONAL_I1 (VBM structural data) and fails GLOBAL_I2 (not a bvFTD vs controls comparison).,"[""GLOBAL_I1""]",[]
30014499,11,30014499_analysis_11,bvFTD & controls,,87,2,MNI,"[[48.0, -52.0, -34.0], [12.0, -72.0, -28.0]]",0,False,,Fails GLOBAL_I2: this analysis pools bvFTD and controls for covariate analyses rather than performing a direct bvFTD vs healthy controls group comparison required by GLOBAL_I2.,"[""GLOBAL_I1""]",[],False,,Fails GLOBAL_I2: analysis examines correlations in bvFTD & controls rather than reporting a decrease contrast (Control > bvFTD) between bvFTD and controls required by GLOBAL_I2/DEMENTIA_DECREASING_ACTIVITY_I1.,"[""GLOBAL_I1""]",[],False,,"Fails GLOBAL_I2: although modality is VBM and GLOBAL_I1 is met, the analysis pools bvFTD with controls for covariate analysis rather than a direct bvFTD vs control group comparison required by GLOBAL_I2.","[""GLOBAL_I1"", ""STRUCTURAL_I1""]",[],False,,"Missing FUNCTIONAL_I1 (modality is VBM, not fMRI/FDG-PET) and GLOBAL_I2 is not satisfied (analysis pools bvFTD with controls rather than a direct bvFTD vs controls comparison).","[""GLOBAL_I1""]",[]
30014499,12,30014499_analysis_12,SD & controls,,87,1,MNI,"[[50.0, -58.0, -34.0]]",0,False,,"Fails GLOBAL_I2: 'bvFTD & controls' indicates bvFTD combined with controls for correlation analyses (this entry is actually 12=SD & controls per table mapping) — regardless, this analysis is SD & controls, not a bvFTD vs healthy controls comparison required by GLOBAL_I2.","[""GLOBAL_I1""]",[],False,,Fails GLOBAL_I2: this analysis (SD & controls) does not report decreases in bvFTD vs controls and thus does not meet the required bvFTD comparison.,"[""GLOBAL_I1""]",[],False,,Fails GLOBAL_I2: VBM modality present but analysis is SD & controls (not bvFTD vs healthy controls).,"[""GLOBAL_I1"", ""STRUCTURAL_I1""]",[],False,,Missing FUNCTIONAL_I1 (VBM used) and fails GLOBAL_I2 (not a bvFTD vs controls comparison).,"[""GLOBAL_I1""]",[]
30014499,13,30014499_analysis_13,PNFA & controls,,87,1,MNI,"[[46.0, -48.0, -38.0]]",0,False,,Fails GLOBAL_I2: 'PNFA & controls' correlation analysis (or per table mapping PNFA & controls) does not perform a direct bvFTD vs healthy controls group comparison required by GLOBAL_I2.,"[""GLOBAL_I1""]",[],False,,Fails GLOBAL_I2: analysis involves PNFA & controls correlations rather than reporting Control > bvFTD decreases required by DEMENTIA_DECREASING_ACTIVITY_I1 and GLOBAL_I2.,"[""GLOBAL_I1""]",[],False,,"Fails GLOBAL_I2: while this is a VBM-based analysis (GLOBAL_I1, STRUCTURAL_I1), it does not compare bvFTD specifically to healthy controls as required.","[""GLOBAL_I1"", ""STRUCTURAL_I1""]",[],False,,Missing FUNCTIONAL_I1 (VBM structural modality) and fails GLOBAL_I2 (not a bvFTD vs controls comparison).,"[""GLOBAL_I1""]",[]
30488224,0,30488224_analysis_0,Positive Films (Zygomaticus - Corrugator),,96,1,MNI,"[[36.0, -10.0, 4.0]]",0,False,,"GLOBAL criteria not met: although this is a whole-brain VBM analysis (GLOBAL_I1 satisfied), the analysis reports voxelwise correlations across all participants rather than a direct bvFTD vs. healthy control comparison, so GLOBAL_I2 (comparison of bvFTD group to controls, bvFTD not pooled) is not satisfied.",[],[],False,,"GLOBAL criteria not met: the analysis is a VBM correlation across all participants (not a bvFTD vs. control whole-brain contrast), so GLOBAL_I2 is not satisfied. Therefore it cannot be classified as reporting decreases for the bvFTD group specifically.",[],[],False,,"GLOBAL criteria not met: while this is a VBM (structural) whole-brain analysis (STRUCTURAL_I1 and GLOBAL_I1 are satisfied), GLOBAL_I2 is not met because the analysis is reported across all participants rather than as a bvFTD vs. control comparison.",[],[],False,,"Excluded because this annotation refers to functional modalities (fMRI/FDG-PET). The provided analysis is structural VBM and, critically, GLOBAL_I2 (must compare bvFTD to controls) is not satisfied. Thus it does not meet the functional annotation inclusion requirements.",[],[]
30488224,1,30488224_analysis_1,Neutral Films (Zygomaticus - Corrugator),,96,3,MNI,"[[-22.0, -32.0, -32.0], [-70.0, -12.0, 14.0], [-54.0, 2.0, -24.0]]",0,False,,"GLOBAL criteria not met: analysis is a whole-brain VBM correlation across all participants rather than a bvFTD vs. control comparison, so GLOBAL_I2 is not satisfied.",[],[],False,,"GLOBAL criteria not met: does not report bvFTD < control whole-brain contrasts (analysis aggregates participants), so GLOBAL_I2 is not satisfied.",[],[],False,,GLOBAL criteria not met: analysis uses VBM (STRUCTURAL_I1 met) but fails GLOBAL_I2 because it is a correlation across all participants rather than bvFTD vs. controls.,[],[],False,,"Excluded: modality is structural VBM, and GLOBAL_I2 (bvFTD vs control comparison) is not satisfied, so functional annotation does not apply.",[],[]
30488224,2,30488224_analysis_2,Negative Films (Corrugator - Zygomaticus),,96,3,MNI,"[[-38.0, 32.0, 42.0], [-28.0, -14.0, -48.0], [-12.0, 12.0, -18.0]]",0,False,,GLOBAL criteria not met: VBM correlation reported across combined participants rather than a bvFTD vs. control whole-brain comparison (GLOBAL_I2 not satisfied).,[],[],False,,"GLOBAL criteria not met: analysis does not present a bvFTD < control whole-brain contrast; it reports correlations across all participants, so GLOBAL_I2 is not satisfied.",[],[],False,,"GLOBAL criteria not met: although this is VBM (STRUCTURAL_I1 met), GLOBAL_I2 (bvFTD vs controls whole-brain comparison) is not met because the analysis pools participants for correlational VBM.",[],[],False,,"Excluded: modality is structural VBM and GLOBAL_I2 is not satisfied, so this does not meet the functional annotation criteria.",[],[]
30488224,3,30488224_analysis_3,Positive Films (SCL Positive - SCL Neutral),,97,1,MNI,"[[-52.0, 14.0, -24.0]]",0,False,,GLOBAL criteria not met: analysis is whole-brain VBM correlations of SCL across all participants rather than a bvFTD vs. control comparison (GLOBAL_I2 not satisfied).,[],[],False,,"GLOBAL criteria not met: does not report bvFTD < controls contrasts; it is a correlation across participants, so GLOBAL_I2 is not satisfied.",[],[],False,,GLOBAL criteria not met: uses VBM (STRUCTURAL_I1 met) but fails GLOBAL_I2 because the analysis is not a bvFTD vs control comparison.,[],[],False,,Excluded: modality is structural VBM and GLOBAL_I2 (bvFTD vs control comparison) is not satisfied; thus functional annotation does not apply.,[],[]
30488224,4,30488224_analysis_4,Negative Films (SCL Negative - SCL Neutral),,97,3,MNI,"[[-20.0, -12.0, 22.0], [-18.0, 0.0, -12.0], [24.0, 26.0, 48.0]]",0,False,,GLOBAL criteria not met: VBM correlation across combined participants rather than bvFTD vs control whole-brain comparison (GLOBAL_I2 not satisfied).,[],[],False,,GLOBAL criteria not met: analysis does not present decreases specific to bvFTD versus controls (GLOBAL_I2 not satisfied); it is a pooled correlational VBM analysis.,[],[],False,,"GLOBAL criteria not met: although modality is VBM (STRUCTURAL_I1 met), GLOBAL_I2 requirement of a bvFTD vs control whole-brain comparison is not met.",[],[],False,,Excluded: this is a structural VBM analysis and does not meet GLOBAL_I2 (bvFTD vs control whole-brain comparison); therefore functional annotation is not applicable.,[],[]
30545239,0,30545239_analysis_0,elderly BD patients<healthy controls,,93,2,None,"[[32.0, 29.0, 7.0], [-9.0, 13.0, -11.0]]",0,False,,"Analysis compares elderly BD to healthy controls, not bvFTD to healthy controls; missing GLOBAL_I2 (must compare bvFTD group to HC). GLOBAL_I1 (whole-brain voxelwise) is met.",[],[],False,,"Analysis compares elderly BD to healthy controls, not bvFTD to healthy controls; missing GLOBAL_I2. GLOBAL_I1 is met.",[],[],False,,"Analysis compares elderly BD to healthy controls, not bvFTD to healthy controls; missing GLOBAL_I2. Although this is a whole-brain VBM analysis (GLOBAL_I1), the global requirement to include bvFTD vs HC is not satisfied.",[],[],False,,"Analysis compares elderly BD to healthy controls, not bvFTD to healthy controls; missing GLOBAL_I2. GLOBAL_I1 is met.",[],[]
30545239,1,30545239_analysis_1,elderly BD patients>healthy controls,,93,5,None,"[[32.0, -36.0, 15.0], [-21.0, -101.0, 15.0], [17.0, -104.0, 4.0], [23.0, -25.0, -1.0], [-30.0, -43.0, 16.0]]",0,False,,"Analysis compares elderly BD to healthy controls, not bvFTD to healthy controls; missing GLOBAL_I2. GLOBAL_I1 is met.",[],[],False,,"Analysis compares elderly BD to healthy controls, not bvFTD to healthy controls; missing GLOBAL_I2. GLOBAL_I1 is met.",[],[],False,,"Analysis compares elderly BD to healthy controls, not bvFTD to healthy controls; missing GLOBAL_I2. Although this is VBM (GLOBAL_I1), the global bvFTD vs HC requirement is not met.",[],[],False,,"Analysis compares elderly BD to healthy controls, not bvFTD to healthy controls; missing GLOBAL_I2. GLOBAL_I1 is met.",[],[]
30545239,2,30545239_analysis_2,bvFTD patients<healthy controls,,93,18,None,"[[-13.0, 40.0, 39.0], [12.0, 15.0, 57.0], [37.0, 49.0, -13.0], [7.0, 38.0, 4.0], [-6.0, -39.0, 31.0], [-53.0, 8.0, -11.0], [39.0, 18.0, -25.0], [56.0, -2.0, -5.0], [-38.0, -48.0, 24.0], [-56.0, -18.0, -19.0], [33.0, -42.0, 31.0], [-7.0, -64.0, 52.0], [16.0, -46.0, 37.0], [-7.0, -74.0, 8.0], [-39.0, -25.0, -14.0], [-3.0, -36.0, -17.0], [36.0, -32.0, -25.0], [-10.0, -16.0, 4.0]]",0,True,,Whole-brain voxelwise VBM analysis comparing bvFTD to healthy controls (satisfies GLOBAL_I1 and GLOBAL_I2) and uses VBM modality (DEMENTIA_ALL_I1).,"[""GLOBAL_I1"", ""GLOBAL_I2"", ""DEMENTIA_ALL_I1""]",[],True,,"Analysis reports decreased gray matter volume in bvFTD relative to healthy controls (bvFTD < HC) on a whole-brain VBM map, satisfying GLOBAL_I1, GLOBAL_I2, DEMENTIA_DECREASING_ACTIVITY_I1 and DEMENTIA_DECREASING_ACTIVITY_I2.","[""GLOBAL_I1"", ""GLOBAL_I2"", ""DEMENTIA_DECREASING_ACTIVITY_I1"", ""DEMENTIA_DECREASING_ACTIVITY_I2""]",[],True,,This is a whole-brain VBM analysis comparing bvFTD to healthy controls (meets GLOBAL_I1 and GLOBAL_I2) and uses VBM (STRUCTURAL_I1).,"[""GLOBAL_I1"", ""GLOBAL_I2"", ""STRUCTURAL_I1""]",[],False,,"Analysis is VBM (structural), not FDG-PET or fMRI; missing FUNCTIONAL_I1.","[""GLOBAL_I1"", ""GLOBAL_I2""]",[]
30545239,3,30545239_analysis_3,bvFTD patients<elderly BD patients,,93,9,None,"[[11.0, 8.0, 68.0], [27.0, 34.0, -21.0], [-59.0, 10.0, -12.0], [-13.0, -62.0, 14.0], [-24.0, -32.0, -3.0], [-40.0, -28.0, -15.0], [42.0, -49.0, -16.0], [15.0, -100.0, 15.0], [2.0, 10.0, 12.0]]",0,False,,Analysis compares bvFTD to elderly BD (not bvFTD to healthy controls); missing GLOBAL_I2. GLOBAL_I1 (whole-brain) is met.,[],[],False,,Analysis compares bvFTD to elderly BD (not bvFTD to healthy controls); missing GLOBAL_I2. GLOBAL_I1 is met.,[],[],False,,"Analysis compares bvFTD to elderly BD rather than bvFTD to healthy controls; missing GLOBAL_I2. Although this is whole-brain VBM (GLOBAL_I1), the required bvFTD vs HC comparison is not present.",[],[],False,,Analysis compares bvFTD to elderly BD (not bvFTD to healthy controls); missing GLOBAL_I2. GLOBAL_I1 is met.,[],[]
30545239,4,30545239_analysis_4,elderly BD patients<bvFTD patients,,93,0,,[],0,False,,Analysis compares elderly BD to bvFTD (not bvFTD to healthy controls); missing GLOBAL_I2. GLOBAL_I1 is met.,[],[],False,,Analysis compares elderly BD to bvFTD (not bvFTD to healthy controls); missing GLOBAL_I2. GLOBAL_I1 is met.,[],[],False,,"Analysis compares elderly BD to bvFTD rather than bvFTD to healthy controls; missing GLOBAL_I2. Even if VBM is used (GLOBAL_I1), the required bvFTD vs HC comparison is absent.",[],[],False,,Analysis compares elderly BD to bvFTD (not bvFTD to healthy controls); missing GLOBAL_I2. GLOBAL_I1 is met.,[],[]
30545239,5,30545239_analysis_5,Elderly BD patients<healthy controls,,94,4,None,"[[44.0, -34.0, 11.0], [-8.0, -10.0, 2.0], [8.0, -21.0, 5.0], [26.0, -39.0, -42.0]]",0,False,,"Analysis compares elderly BD to healthy controls (FDG-PET), not bvFTD to healthy controls; missing GLOBAL_I2 despite meeting GLOBAL_I1 (whole-brain PET).",[],[],False,,"Analysis reports decreased metabolism in elderly BD vs HC, not decreases for bvFTD vs HC; missing GLOBAL_I2. GLOBAL_I1 is met.",[],[],False,,"This is an FDG-PET analysis (functional modality) comparing elderly BD to HC, not a VBM structural bvFTD vs HC analysis; missing GLOBAL_I2 and STRUCTURAL_I1.",[],[],False,,"Although this is a whole-brain FDG-PET analysis (meets GLOBAL_I1 and FUNCTIONAL_I1), it compares elderly BD to HC rather than bvFTD to HC; missing GLOBAL_I2.",[],[]
30545239,6,30545239_analysis_6,bvFTD patients<healthy controls,,94,4,None,"[[-38.0, 13.0, -16.0], [30.0, 11.0, -21.0], [-2.0, 7.0, 27.0], [-14.0, 8.0, 11.0]]",0,True,,Whole-brain FDG-PET analysis comparing bvFTD to healthy controls (satisfies GLOBAL_I1 and GLOBAL_I2) and uses FDG-PET modality (DEMENTIA_ALL_I1).,"[""GLOBAL_I1"", ""GLOBAL_I2"", ""DEMENTIA_ALL_I1""]",[],True,,"Analysis reports decreased metabolism in bvFTD relative to healthy controls on a whole-brain FDG-PET map, satisfying GLOBAL_I1, GLOBAL_I2, DEMENTIA_DECREASING_ACTIVITY_I1 and DEMENTIA_DECREASING_ACTIVITY_I2.","[""GLOBAL_I1"", ""GLOBAL_I2"", ""DEMENTIA_DECREASING_ACTIVITY_I1"", ""DEMENTIA_DECREASING_ACTIVITY_I2""]",[],False,,"Analysis is FDG-PET (functional), not VBM structural; missing STRUCTURAL_I1. GLOBAL_I1 and GLOBAL_I2 are met.","[""GLOBAL_I1"", ""GLOBAL_I2""]",[],True,,This is a whole-brain FDG-PET analysis comparing bvFTD to healthy controls (meets GLOBAL_I1 and GLOBAL_I2) and uses FDG-PET (FUNCTIONAL_I1).,"[""GLOBAL_I1"", ""GLOBAL_I2"", ""FUNCTIONAL_I1""]",[]
30545239,7,30545239_analysis_7,bvFTD patients<elderly BD patients,,94,4,None,"[[-4.0, 42.0, -14.0], [-36.0, 17.0, -16.0], [-4.0, 7.0, 29.0], [-6.0, 19.0, -6.0]]",0,False,,Analysis compares bvFTD to elderly BD (not bvFTD to healthy controls); missing GLOBAL_I2. GLOBAL_I1 (whole-brain) is met.,[],[],False,,Analysis compares bvFTD to elderly BD rather than bvFTD to healthy controls; missing GLOBAL_I2. GLOBAL_I1 is met.,[],[],False,,"Analysis compares bvFTD to elderly BD (not bvFTD to healthy controls); missing GLOBAL_I2. Although whole-brain, STRUCTURAL_I1 cannot be applied without the required bvFTD vs HC contrast.",[],[],False,,Analysis compares bvFTD to elderly BD (not bvFTD to healthy controls); missing GLOBAL_I2. GLOBAL_I1 is met.,[],[]
30545239,8,30545239_analysis_8,Elderly BD patients<bvFTD patients,,94,3,None,"[[51.0, -6.0, 26.0], [-14.0, -56.0, -24.0], [24.0, -44.0, -21.0]]",0,False,,Analysis compares elderly BD to bvFTD (not bvFTD to healthy controls); missing GLOBAL_I2. GLOBAL_I1 is met.,[],[],False,,Analysis compares elderly BD to bvFTD rather than bvFTD to healthy controls; missing GLOBAL_I2. GLOBAL_I1 is met.,[],[],False,,Analysis compares elderly BD to bvFTD and is not a bvFTD vs healthy controls contrast; missing GLOBAL_I2. STRUCTURAL_I1 cannot be applied without the required bvFTD vs HC comparison.,[],[],False,,Analysis compares elderly BD to bvFTD (not bvFTD to healthy controls); missing GLOBAL_I2. GLOBAL_I1 is met.,[],[]
31461580,0,31461580_analysis_0,Regions that covary with BMI increase,,acn350869-tbl-0003,6,MNI,"[[-10.0, 28.0, 48.0], [-44.0, -52.0, 24.0], [-48.0, 10.0, -20.0], [34.0, -36.0, 44.0], [10.0, 26.0, 66.0], [-66.0, -4.0, 20.0]]",0,True,,"Analysis is a whole-brain voxelwise VBM map comparing bvFTD with controls (bvFTD combined with Controls), satisfying both global whole-brain requirement and the local modality requirement (VBM).","[""GLOBAL_I1"", ""GLOBAL_I2"", ""DEMENTIA_ALL_I1""]",[],True,,"Analysis reports decreases in gray matter volume associated with increased BMI in the bvFTD group (Control > bvFTD or bvFTD < Control style contrast) using VBM and includes bvFTD vs controls, meeting global and local criteria.","[""GLOBAL_I1"", ""GLOBAL_I2"", ""DEMENTIA_DECREASING_ACTIVITY_I1"", ""DEMENTIA_DECREASING_ACTIVITY_I2""]",[],True,,"This is a VBM (voxel-based morphometry) structural analysis (whole-brain, bvFTD vs controls), so it meets structural inclusion criteria.","[""GLOBAL_I1"", ""GLOBAL_I2"", ""STRUCTURAL_I1""]",[],False,,Excluded because the analysis uses VBM (structural MRI) rather than fMRI or FDG-PET; missing required inclusion criterion FUNCTIONAL_I1.,[],[]
31461580,1,31461580_analysis_1,Regions that covary with VAT increase,,acn350869-tbl-0003,23,MNI,"[[48.0, 16.0, -34.0], [-28.0, 24.0, -36.0], [10.0, 68.0, -10.0], [46.0, -52.0, -56.0], [-18.0, -84.0, 18.0], [24.0, -72.0, 16.0], [-30.0, -74.0, -60.0], [-2.0, 2.0, 46.0], [-46.0, -58.0, 4.0], [60.0, -12.0, 4.0], [52.0, -42.0, 48.0], [38.0, -2.0, 38.0], [14.0, -24.0, 48.0], [-18.0, -84.0, -2.0], [46.0, -46.0, -32.0], [-40.0, -8.0, 30.0], [-36.0, -10.0, -48.0], [40.0, -54.0, 24.0], [44.0, -60.0, 2.0], [24.0, -50.0, -64.0], [-46.0, 2.0, -44.0], [-14.0, -56.0, 34.0], [32.0, -8.0, -48.0]]",0,True,,"Analysis is a whole-brain voxelwise VBM map comparing bvFTD with controls (bvFTD combined with Controls), satisfying both global whole-brain requirement and the local modality requirement (VBM).","[""GLOBAL_I1"", ""GLOBAL_I2"", ""DEMENTIA_ALL_I1""]",[],True,,"Analysis reports decreases in gray matter volume associated with increased VAT area in the bvFTD group using VBM and includes bvFTD vs controls, meeting global and local criteria.","[""GLOBAL_I1"", ""GLOBAL_I2"", ""DEMENTIA_DECREASING_ACTIVITY_I1"", ""DEMENTIA_DECREASING_ACTIVITY_I2""]",[],True,,"This is a VBM (voxel-based morphometry) structural analysis (whole-brain, bvFTD vs controls), so it meets structural inclusion criteria.","[""GLOBAL_I1"", ""GLOBAL_I2"", ""STRUCTURAL_I1""]",[],False,,Excluded because the analysis uses VBM (structural MRI) rather than fMRI or FDG-PET; missing required inclusion criterion FUNCTIONAL_I1.,[],[]
31461580,2,31461580_analysis_2,Regions that covary with Android: Gynoid Ratio,,acn350869-tbl-0003,24,MNI,"[[10.0, 56.0, 24.0], [48.0, 10.0, -36.0], [-42.0, 12.0, 12.0], [-16.0, -72.0, 24.0], [52.0, -18.0, 12.0], [20.0, 52.0, -10.0], [-38.0, -70.0, -58.0], [18.0, -6.0, 54.0], [22.0, 18.0, 58.0], [-42.0, 12.0, -42.0], [24.0, -30.0, 18.0], [66.0, -46.0, 18.0], [-66.0, -24.0, 18.0], [-14.0, 28.0, -24.0], [-50.0, -50.0, -54.0], [42.0, 12.0, 34.0], [20.0, -72.0, -50.0], [20.0, -60.0, 32.0], [-14.0, -76.0, -30.0], [10.0, 56.0, -24.0], [36.0, -80.0, 44.0], [-62.0, -10.0, -32.0], [18.0, 12.0, -32.0], [-56.0, 30.0, 8.0]]",0,True,,"Analysis is a whole-brain voxelwise VBM map comparing bvFTD with controls (bvFTD combined with Controls), satisfying both global whole-brain requirement and the local modality requirement (VBM).","[""GLOBAL_I1"", ""GLOBAL_I2"", ""DEMENTIA_ALL_I1""]",[],True,,"Analysis reports decreases in gray matter volume associated with increased android:gynoid ratio in the bvFTD group using VBM and includes bvFTD vs controls, meeting global and local criteria.","[""GLOBAL_I1"", ""GLOBAL_I2"", ""DEMENTIA_DECREASING_ACTIVITY_I1"", ""DEMENTIA_DECREASING_ACTIVITY_I2""]",[],True,,"This is a VBM (voxel-based morphometry) structural analysis (whole-brain, bvFTD vs controls), so it meets structural inclusion criteria.","[""GLOBAL_I1"", ""GLOBAL_I2"", ""STRUCTURAL_I1""]",[],False,,Excluded because the analysis uses VBM (structural MRI) rather than fMRI or FDG-PET; missing required inclusion criterion FUNCTIONAL_I1.,[],[]
31873787,0,31873787_analysis_0,"Emotional, executive, initiation (common regions)",,25,3,MNI,"[[-26.0, 16.0, -10.0], [-46.0, 14.0, 18.0], [16.0, 54.0, -14.0]]",0,False,,"Global inclusion criterion GLOBAL_I2 (analysis must compare bvFTD group to healthy controls, with bvFTD not pooled) is not met: the VBM analyses are reported across all participants irrespective of diagnosis rather than a bvFTD vs control contrast.",[],[],False,,"GLOBAL_I2 is not met (no bvFTD vs control contrast; analyses report correlations across all participants). Additionally, the local inclusion DEMENTIA_DECREASING_ACTIVITY_I1 (reports decreases specifically for bvFTD group: Control > bvFTD) is not met.",[],[],False,,"GLOBAL_I2 is not met (no bvFTD vs control contrast). Although STRUCTURAL_I1 (VBM modality) is satisfied, failure to meet the required global comparison prevents inclusion.",[],[],False,,"GLOBAL_I2 is not met (no bvFTD vs control contrast). In addition, FUNCTIONAL_I1 (requires fMRI or FDG-PET modality) is not satisfied because the analysis uses VBM (structural) data.",[],[]
31873787,1,31873787_analysis_1,Emotional (exclusive regions),,25,7,MNI,"[[38.0, -58.0, -60.0], [18.0, -36.0, 46.0], [-44.0, -70.0, -50.0], [42.0, -40.0, 16.0], [-44.0, 14.0, 14.0], [-30.0, -10.0, -18.0], [-50.0, -6.0, 0.0]]",0,False,,GLOBAL_I2 (bvFTD vs healthy controls comparison required) is not met: the reported VBM results are across all participants irrespective of diagnosis.,[],[],False,,GLOBAL_I2 is not met (no specific bvFTD versus control decrease contrast). DEMENTIA_DECREASING_ACTIVITY_I1 (reports decreases specifically for bvFTD group) is therefore not satisfied.,[],[],False,,GLOBAL_I2 is not met (analysis does not perform an unpooled bvFTD vs control comparison). STRUCTURAL_I1 (VBM) is satisfied but global criterion failure prevents inclusion.,[],[],False,,"GLOBAL_I2 is not met (no bvFTD vs control contrast). FUNCTIONAL_I1 is also not met because modality is VBM (structural), not fMRI/FDG-PET.",[],[]
31873787,2,31873787_analysis_2,Executive (exclusive regions),,25,8,MNI,"[[-20.0, 20.0, -26.0], [-48.0, 44.0, -20.0], [46.0, -58.0, 10.0], [46.0, 14.0, -28.0], [-42.0, 42.0, 16.0], [18.0, 38.0, -26.0], [-52.0, -50.0, 24.0], [46.0, 36.0, -20.0]]",0,False,,GLOBAL_I2 (requirement for a bvFTD vs healthy control comparison with bvFTD unpooled) is not satisfied — analyses report VBM associations across all participants rather than that contrast.,[],[],False,,GLOBAL_I2 is not met (no explicit bvFTD < control contrast). The local inclusion DEMENTIA_DECREASING_ACTIVITY_I1 (decreases reported specifically for bvFTD) is therefore not satisfied.,[],[],False,,"GLOBAL_I2 (bvFTD vs control comparison required) is not met. STRUCTURAL_I1 (VBM) is met, but global inclusion failure prevents inclusion.",[],[],False,,GLOBAL_I2 is not met (no bvFTD vs control contrast) and FUNCTIONAL_I1 is not met because the analysis uses VBM (structural) rather than fMRI/FDG-PET.,[],[]
31873787,3,31873787_analysis_3,Initiation (exclusive regions),,25,3,MNI,"[[2.0, 48.0, -22.0], [4.0, 36.0, -26.0], [-50.0, 36.0, -18.0]]",0,False,,GLOBAL_I2 (requires an unpooled bvFTD vs healthy control comparison) is not satisfied — the reported VBM results are across all participants irrespective of diagnosis.,[],[],False,,GLOBAL_I2 is not met (no explicit bvFTD < control contrast). DEMENTIA_DECREASING_ACTIVITY_I1 (decreases reported specifically for bvFTD) is therefore not satisfied.,[],[],False,,"GLOBAL_I2 is not met (analysis does not present an unpooled bvFTD versus control comparison). While STRUCTURAL_I1 (VBM) is applicable, the global inclusion requirement fails.",[],[],False,,"GLOBAL_I2 is not met (no bvFTD vs control contrast) and FUNCTIONAL_I1 is not met because the modality is VBM (structural), not fMRI/FDG-PET.",[],[]
