pmid,type,source,full_text_path,in_included_set
10022492,incomplete,/home/zorro/repos/autonima-results/articles/ace_outputs,"/home/zorro/repos/autonima-results/articles/ace_outputs/html/Cerebral cortex (New York, N.Y. : 1991)/10022492.html",True
10198130,incomplete,/home/zorro/repos/autonima-results/articles/ace_outputs,/home/zorro/repos/autonima-results/articles/ace_outputs/html/Journal of cognitive neuroscience/10198130.html,True
10349294,incomplete,/home/zorro/repos/autonima-results/articles/ace_outputs,/home/zorro/repos/autonima-results/articles/ace_outputs/html/Journal of the International Neuropsychological Society : JINS/10349294.html,True
10353369,incomplete,/home/zorro/repos/autonima-results/articles/ace_outputs,/home/zorro/repos/autonima-results/articles/ace_outputs/html/Neuropsychology/10353369.html,True
10432178,incomplete,/home/zorro/repos/autonima-results/articles/ace_outputs,/home/zorro/repos/autonima-results/articles/ace_outputs/html/Human brain mapping/10432178.html,True
10458945,incomplete,/home/zorro/repos/autonima-results/articles/elsevier_output/,/home/zorro/repos/autonima-results/articles/elsevier_output/10458945/text.txt,True
10495195,incomplete,/home/zorro/repos/autonima-results/articles/ace_outputs,/home/zorro/repos/autonima-results/articles/ace_outputs/html/The International journal of neuroscience/10495195.html,True
10536086,incomplete,/home/zorro/repos/autonima-results/articles/elsevier_output/,/home/zorro/repos/autonima-results/articles/elsevier_output/10536086/text.txt,True
10591898,incomplete,/home/zorro/repos/autonima-results/articles/ace_outputs,/home/zorro/repos/autonima-results/articles/ace_outputs/html/Experimental brain research/10591898.html,True
10601740,incomplete,/home/zorro/repos/autonima-results/articles/ace_outputs,/home/zorro/repos/autonima-results/articles/ace_outputs/html/Journal of cognitive neuroscience/10601740.html,True
10643727,incomplete,/home/zorro/repos/autonima-results/articles/ace_outputs,/home/zorro/repos/autonima-results/articles/ace_outputs/html/Human brain mapping/10643727.html,True
10643729,incomplete,/home/zorro/repos/autonima-results/articles/ace_outputs,/home/zorro/repos/autonima-results/articles/ace_outputs/html/Human brain mapping/10643729.html,True
10671402,incomplete,/home/zorro/repos/autonima-results/articles/ace_outputs,/home/zorro/repos/autonima-results/articles/ace_outputs/html/The American journal of psychiatry/10671402.html,True
10683845,incomplete,/home/zorro/repos/autonima-results/articles/ace_outputs,/home/zorro/repos/autonima-results/articles/ace_outputs/html/Neuroreport/10683845.html,True
10725372,incomplete,/home/zorro/repos/autonima-results/articles/ace_outputs,/home/zorro/repos/autonima-results/articles/ace_outputs/html/Proceedings of the National Academy of Sciences of the United States of America/10725372.html,True
10731771,incomplete,/home/zorro/repos/autonima-results/articles/ace_outputs,/home/zorro/repos/autonima-results/articles/ace_outputs/html/Psychophysiology/10731771.html,True
10769312,incomplete,/home/zorro/repos/autonima-results/articles/ace_outputs,/home/zorro/repos/autonima-results/articles/ace_outputs/html/Journal of cognitive neuroscience/10769312.html,True
10769314,incomplete,/home/zorro/repos/autonima-results/articles/ace_outputs,/home/zorro/repos/autonima-results/articles/ace_outputs/html/Journal of cognitive neuroscience/10769314.html,True
10769315,incomplete,/home/zorro/repos/autonima-results/articles/ace_outputs,/home/zorro/repos/autonima-results/articles/ace_outputs/html/Journal of cognitive neuroscience/10769315.html,True
10806026,incomplete,/home/zorro/repos/autonima-results/articles/elsevier_output/,/home/zorro/repos/autonima-results/articles/elsevier_output/10806026/text.txt,True
10806028,incomplete,/home/zorro/repos/autonima-results/articles/elsevier_output/,/home/zorro/repos/autonima-results/articles/elsevier_output/10806028/text.txt,True
10817581,incomplete,/home/zorro/repos/autonima-results/articles/ace_outputs,/home/zorro/repos/autonima-results/articles/ace_outputs/html/Neuroreport/10817581.html,True
10852226,incomplete,/home/zorro/repos/autonima-results/articles/ace_outputs,/home/zorro/repos/autonima-results/articles/ace_outputs/html/Neuroreport/10852226.html,True
10852235,incomplete,/home/zorro/repos/autonima-results/articles/ace_outputs,/home/zorro/repos/autonima-results/articles/ace_outputs/html/Neuroreport/10852235.html,True
10855761,incomplete,/home/zorro/repos/autonima-results/articles/ace_outputs,/home/zorro/repos/autonima-results/articles/ace_outputs/html/Psychiatry/10855761.html,True
10923671,incomplete,/home/zorro/repos/autonima-results/articles/ace_outputs,/home/zorro/repos/autonima-results/articles/ace_outputs/html/Neuroreport/10923671.html,True
10943726,incomplete,/home/zorro/repos/autonima-results/articles/ace_outputs,/home/zorro/repos/autonima-results/articles/ace_outputs/html/Neuroreport/10943726.html,True
11002353,incomplete,/home/zorro/repos/autonima-results/articles/ace_outputs,/home/zorro/repos/autonima-results/articles/ace_outputs/html/Microscopy research and technique/11002353.html,True
11002354,incomplete,/home/zorro/repos/autonima-results/articles/ace_outputs,/home/zorro/repos/autonima-results/articles/ace_outputs/html/Microscopy research and technique/11002354.html,True
11053229,incomplete,/home/zorro/repos/autonima-results/articles/ace_outputs,"/home/zorro/repos/autonima-results/articles/ace_outputs/html/Cerebral cortex (New York, N.Y. : 1991)/11053229.html",True
11055257,incomplete,/home/zorro/repos/autonima-results/articles/ace_outputs,/home/zorro/repos/autonima-results/articles/ace_outputs/html/Neuropsychology/11055257.html,True
11095535,incomplete,/home/zorro/repos/autonima-results/articles/ace_outputs,/home/zorro/repos/autonima-results/articles/ace_outputs/html/Neuroreport/11095535.html,True
11098794,incomplete,/home/zorro/repos/autonima-results/articles/ace_outputs,/home/zorro/repos/autonima-results/articles/ace_outputs/html/Human brain mapping/11098794.html,True
11169874,incomplete,/home/zorro/repos/autonima-results/articles/ace_outputs,/home/zorro/repos/autonima-results/articles/ace_outputs/html/Human brain mapping/11169874.html,True
11177419,incomplete,/home/zorro/repos/autonima-results/articles/ace_outputs,/home/zorro/repos/autonima-results/articles/ace_outputs/html/Journal of cognitive neuroscience/11177419.html,True
11198706,incomplete,/home/zorro/repos/autonima-results/articles/ace_outputs,"/home/zorro/repos/autonima-results/articles/ace_outputs/html/Alcoholism, clinical and experimental research/11198706.html",True
11241875,incomplete,/home/zorro/repos/autonima-results/articles/ace_outputs,/home/zorro/repos/autonima-results/articles/ace_outputs/html/Human brain mapping/11241875.html,True
11338050,incomplete,/home/zorro/repos/autonima-results/articles/ace_outputs,/home/zorro/repos/autonima-results/articles/ace_outputs/html/Nuclear medicine communications/11338050.html,True
11407441,incomplete,/home/zorro/repos/autonima-results/articles/ace_outputs,/home/zorro/repos/autonima-results/articles/ace_outputs/html/European archives of psychiatry and clinical neuroscience/11407441.html,True
11422722,incomplete,/home/zorro/repos/autonima-results/articles/ace_outputs,/home/zorro/repos/autonima-results/articles/ace_outputs/html/Journal of sleep research/11422722.html,True
11435947,incomplete,/home/zorro/repos/autonima-results/articles/ace_outputs,/home/zorro/repos/autonima-results/articles/ace_outputs/html/Neuroreport/11435947.html,True
11439722,incomplete,/home/zorro/repos/autonima-results/articles/ace_outputs,"/home/zorro/repos/autonima-results/articles/ace_outputs/html/Aviation, space, and environmental medicine/11439722.html",True
11459886,incomplete,/home/zorro/repos/autonima-results/articles/ace_outputs,"/home/zorro/repos/autonima-results/articles/ace_outputs/html/Journal of neurology, neurosurgery, and psychiatry/11459886.html",True
11501735,incomplete,/home/zorro/repos/autonima-results/articles/ace_outputs,/home/zorro/repos/autonima-results/articles/ace_outputs/html/Scandinavian journal of psychology/11501735.html,True
11506643,incomplete,/home/zorro/repos/autonima-results/articles/ace_outputs,/home/zorro/repos/autonima-results/articles/ace_outputs/html/Journal of cognitive neuroscience/11506643.html,True
11506648,incomplete,/home/zorro/repos/autonima-results/articles/ace_outputs,/home/zorro/repos/autonima-results/articles/ace_outputs/html/Journal of cognitive neuroscience/11506648.html,True
11506650,incomplete,/home/zorro/repos/autonima-results/articles/ace_outputs,/home/zorro/repos/autonima-results/articles/ace_outputs/html/Journal of cognitive neuroscience/11506650.html,True
11506651,incomplete,/home/zorro/repos/autonima-results/articles/ace_outputs,/home/zorro/repos/autonima-results/articles/ace_outputs/html/Journal of cognitive neuroscience/11506651.html,True
11506652,incomplete,/home/zorro/repos/autonima-results/articles/ace_outputs,/home/zorro/repos/autonima-results/articles/ace_outputs/html/Journal of cognitive neuroscience/11506652.html,True
11506653,incomplete,/home/zorro/repos/autonima-results/articles/ace_outputs,/home/zorro/repos/autonima-results/articles/ace_outputs/html/Journal of cognitive neuroscience/11506653.html,True
11523277,incomplete,/home/zorro/repos/autonima-results/articles/ace_outputs,/home/zorro/repos/autonima-results/articles/ace_outputs/html/Journal of psycholinguistic research/11523277.html,True
11530838,incomplete,/home/zorro/repos/autonima-results/articles/ace_outputs,/home/zorro/repos/autonima-results/articles/ace_outputs/html/Hippocampus/11530838.html,True
11532605,incomplete,/home/zorro/repos/autonima-results/articles/ace_outputs,/home/zorro/repos/autonima-results/articles/ace_outputs/html/Frontiers in bioscience : a journal and virtual library/11532605.html,True
11564318,incomplete,/home/zorro/repos/autonima-results/articles/ace_outputs,/home/zorro/repos/autonima-results/articles/ace_outputs/html/Journal of cognitive neuroscience/11564318.html,True
11564325,incomplete,/home/zorro/repos/autonima-results/articles/ace_outputs,/home/zorro/repos/autonima-results/articles/ace_outputs/html/Journal of cognitive neuroscience/11564325.html,True
11567063,incomplete,/home/zorro/repos/autonima-results/articles/ace_outputs,/home/zorro/repos/autonima-results/articles/ace_outputs/html/The Journal of neuroscience : the official journal of the Society for Neuroscience/11567063.html,True
11668653,incomplete,/home/zorro/repos/autonima-results/articles/ace_outputs,/home/zorro/repos/autonima-results/articles/ace_outputs/html/Human brain mapping/11668653.html,True
11733723,incomplete,/home/zorro/repos/autonima-results/articles/ace_outputs,/home/zorro/repos/autonima-results/articles/ace_outputs/html/Neuroreport/11733723.html,True
11742236,incomplete,/home/zorro/repos/autonima-results/articles/ace_outputs,/home/zorro/repos/autonima-results/articles/ace_outputs/html/Neuroreport/11742236.html,True
11746723,incomplete,/home/zorro/repos/autonima-results/articles/ace_outputs,"/home/zorro/repos/autonima-results/articles/ace_outputs/html/Synapse (New York, N.Y.)/11746723.html",True
11784444,incomplete,/home/zorro/repos/autonima-results/articles/ace_outputs,/home/zorro/repos/autonima-results/articles/ace_outputs/html/Journal of cognitive neuroscience/11784444.html,True
11880658,incomplete,/home/zorro/repos/autonima-results/articles/ace_outputs,/home/zorro/repos/autonima-results/articles/ace_outputs/html/Proceedings of the National Academy of Sciences of the United States of America/11880658.html,True
11930153,incomplete,/home/zorro/repos/autonima-results/articles/ace_outputs,/home/zorro/repos/autonima-results/articles/ace_outputs/html/Neuroreport/11930153.html,True
11931287,incomplete,/home/zorro/repos/autonima-results/articles/ace_outputs,/home/zorro/repos/autonima-results/articles/ace_outputs/html/Psychology and aging/11931287.html,True
11954061,incomplete,/home/zorro/repos/autonima-results/articles/ace_outputs,/home/zorro/repos/autonima-results/articles/ace_outputs/html/Human brain mapping/11954061.html,True
11960021,incomplete,/home/zorro/repos/autonima-results/articles/ace_outputs,/home/zorro/repos/autonima-results/articles/ace_outputs/html/Proceedings of the National Academy of Sciences of the United States of America/11960021.html,True
11970781,incomplete,/home/zorro/repos/autonima-results/articles/ace_outputs,/home/zorro/repos/autonima-results/articles/ace_outputs/html/Journal of cognitive neuroscience/11970781.html,True
11970783,incomplete,/home/zorro/repos/autonima-results/articles/ace_outputs,/home/zorro/repos/autonima-results/articles/ace_outputs/html/Journal of cognitive neuroscience/11970783.html,True
11970810,incomplete,/home/zorro/repos/autonima-results/articles/ace_outputs,/home/zorro/repos/autonima-results/articles/ace_outputs/html/Journal of cognitive neuroscience/11970810.html,True
12112769,incomplete,/home/zorro/repos/autonima-results/articles/ace_outputs,/home/zorro/repos/autonima-results/articles/ace_outputs/html/Human brain mapping/12112769.html,True
12126504,incomplete,/home/zorro/repos/autonima-results/articles/ace_outputs,/home/zorro/repos/autonima-results/articles/ace_outputs/html/Journal of cognitive neuroscience/12126504.html,True
12126506,incomplete,/home/zorro/repos/autonima-results/articles/ace_outputs,/home/zorro/repos/autonima-results/articles/ace_outputs/html/Journal of cognitive neuroscience/12126506.html,True
12146684,incomplete,/home/zorro/repos/autonima-results/articles/ace_outputs,/home/zorro/repos/autonima-results/articles/ace_outputs/html/Neuropsychology/12146684.html,True
12150424,incomplete,/home/zorro/repos/autonima-results/articles/ace_outputs,/home/zorro/repos/autonima-results/articles/ace_outputs/html/Journal of abnormal psychology/12150424.html,True
12151507,incomplete,/home/zorro/repos/autonima-results/articles/ace_outputs,/home/zorro/repos/autonima-results/articles/ace_outputs/html/The Journal of neuroscience : the official journal of the Society for Neuroscience/12151507.html,True
12167257,incomplete,/home/zorro/repos/autonima-results/articles/ace_outputs,/home/zorro/repos/autonima-results/articles/ace_outputs/html/Journal of cognitive neuroscience/12167257.html,True
12167261,incomplete,/home/zorro/repos/autonima-results/articles/ace_outputs,/home/zorro/repos/autonima-results/articles/ace_outputs/html/Journal of cognitive neuroscience/12167261.html,True
12187466,incomplete,/home/zorro/repos/autonima-results/articles/ace_outputs,/home/zorro/repos/autonima-results/articles/ace_outputs/html/Journal of clinical and experimental neuropsychology/12187466.html,True
12218703,incomplete,/home/zorro/repos/autonima-results/articles/ace_outputs,/home/zorro/repos/autonima-results/articles/ace_outputs/html/Neuroreport/12218703.html,True
12240737,incomplete,/home/zorro/repos/autonima-results/articles/ace_outputs,/home/zorro/repos/autonima-results/articles/ace_outputs/html/Journal of the International Neuropsychological Society : JINS/12240737.html,True
12244209,incomplete,/home/zorro/repos/autonima-results/articles/ace_outputs,/home/zorro/repos/autonima-results/articles/ace_outputs/html/Proceedings of the National Academy of Sciences of the United States of America/12244209.html,True
12353245,incomplete,/home/zorro/repos/autonima-results/articles/ace_outputs,/home/zorro/repos/autonima-results/articles/ace_outputs/html/Human brain mapping/12353245.html,True
12388609,incomplete,/home/zorro/repos/autonima-results/articles/ace_outputs,/home/zorro/repos/autonima-results/articles/ace_outputs/html/The Journal of neuroscience : the official journal of the Society for Neuroscience/12388609.html,True
12419128,incomplete,/home/zorro/repos/autonima-results/articles/ace_outputs,/home/zorro/repos/autonima-results/articles/ace_outputs/html/Journal of cognitive neuroscience/12419128.html,True
12452585,incomplete,/home/zorro/repos/autonima-results/articles/ace_outputs,"/home/zorro/repos/autonima-results/articles/ace_outputs/html/Cognitive, affective & behavioral neuroscience/12452585.html",True
12455680,incomplete,/home/zorro/repos/autonima-results/articles/ace_outputs,"/home/zorro/repos/autonima-results/articles/ace_outputs/html/Cognitive, affective & behavioral neuroscience/12455680.html",True
12467100,incomplete,/home/zorro/repos/autonima-results/articles/ace_outputs,"/home/zorro/repos/autonima-results/articles/ace_outputs/html/Cognitive, affective & behavioral neuroscience/12467100.html",True
12488794,incomplete,/home/zorro/repos/autonima-results/articles/ace_outputs,/home/zorro/repos/autonima-results/articles/ace_outputs/html/Neuroreport/12488794.html,True
12495525,incomplete,/home/zorro/repos/autonima-results/articles/ace_outputs,/home/zorro/repos/autonima-results/articles/ace_outputs/html/Journal of cognitive neuroscience/12495525.html,True
12495527,incomplete,/home/zorro/repos/autonima-results/articles/ace_outputs,/home/zorro/repos/autonima-results/articles/ace_outputs/html/Journal of cognitive neuroscience/12495527.html,True
12563376,incomplete,/home/zorro/repos/autonima-results/articles/ace_outputs,/home/zorro/repos/autonima-results/articles/ace_outputs/html/Arquivos de neuro-psiquiatria/12563376.html,True
12566291,incomplete,/home/zorro/repos/autonima-results/articles/ace_outputs,/home/zorro/repos/autonima-results/articles/ace_outputs/html/Brain : a journal of neurology/12566291.html,True
12631562,incomplete,/home/zorro/repos/autonima-results/articles/ace_outputs,"/home/zorro/repos/autonima-results/articles/ace_outputs/html/Cerebral cortex (New York, N.Y. : 1991)/12631562.html",True
12632466,incomplete,/home/zorro/repos/autonima-results/articles/ace_outputs,/home/zorro/repos/autonima-results/articles/ace_outputs/html/Human brain mapping/12632466.html,True
12731102,incomplete,/home/zorro/repos/autonima-results/articles/ace_outputs,/home/zorro/repos/autonima-results/articles/ace_outputs/html/Human brain mapping/12731102.html,True
12805308,incomplete,/home/zorro/repos/autonima-results/articles/ace_outputs,/home/zorro/repos/autonima-results/articles/ace_outputs/html/The Journal of neuroscience : the official journal of the Society for Neuroscience/12805308.html,True
12821793,incomplete,/home/zorro/repos/autonima-results/articles/ace_outputs,/home/zorro/repos/autonima-results/articles/ace_outputs/html/Neuroreport/12821793.html,True
12880834,incomplete,/home/zorro/repos/autonima-results/articles/ace_outputs,/home/zorro/repos/autonima-results/articles/ace_outputs/html/NeuroImage/12880834.html,True
12943324,incomplete,/home/zorro/repos/autonima-results/articles/ace_outputs,"/home/zorro/repos/autonima-results/articles/ace_outputs/html/Cognitive, affective & behavioral neuroscience/12943324.html",True
12943328,incomplete,/home/zorro/repos/autonima-results/articles/ace_outputs,"/home/zorro/repos/autonima-results/articles/ace_outputs/html/Cognitive, affective & behavioral neuroscience/12943328.html",True
12944506,incomplete,/home/zorro/repos/autonima-results/articles/ace_outputs,/home/zorro/repos/autonima-results/articles/ace_outputs/html/The Journal of neuroscience : the official journal of the Society for Neuroscience/12944506.html,True
12958082,incomplete,/home/zorro/repos/autonima-results/articles/ace_outputs,/home/zorro/repos/autonima-results/articles/ace_outputs/html/Brain : a journal of neurology/12958082.html,True
12958206,incomplete,/home/zorro/repos/autonima-results/articles/ace_outputs,/home/zorro/repos/autonima-results/articles/ace_outputs/html/Proceedings of the National Academy of Sciences of the United States of America/12958206.html,True
12965041,incomplete,/home/zorro/repos/autonima-results/articles/ace_outputs,/home/zorro/repos/autonima-results/articles/ace_outputs/html/Journal of cognitive neuroscience/12965041.html,True
13680443,incomplete,/home/zorro/repos/autonima-results/articles/ace_outputs,/home/zorro/repos/autonima-results/articles/ace_outputs/html/Journal of clinical and experimental neuropsychology/13680443.html,True
1421133,incomplete,/home/zorro/repos/autonima-results/articles/ace_outputs,/home/zorro/repos/autonima-results/articles/ace_outputs/html/Neuroreport/1421133.html,True
14511531,incomplete,/home/zorro/repos/autonima-results/articles/ace_outputs,/home/zorro/repos/autonima-results/articles/ace_outputs/html/Journal of cognitive neuroscience/14511531.html,True
14511532,incomplete,/home/zorro/repos/autonima-results/articles/ace_outputs,/home/zorro/repos/autonima-results/articles/ace_outputs/html/Journal of cognitive neuroscience/14511532.html,True
14561934,incomplete,/home/zorro/repos/autonima-results/articles/ace_outputs,/home/zorro/repos/autonima-results/articles/ace_outputs/html/Neuroreport/14561934.html,True
14586167,incomplete,/home/zorro/repos/autonima-results/articles/ace_outputs,/home/zorro/repos/autonima-results/articles/ace_outputs/html/Neuropsychobiology/14586167.html,True
14600490,incomplete,/home/zorro/repos/autonima-results/articles/ace_outputs,/home/zorro/repos/autonima-results/articles/ace_outputs/html/Neuroreport/14600490.html,True
14674880,incomplete,/home/zorro/repos/autonima-results/articles/ace_outputs,/home/zorro/repos/autonima-results/articles/ace_outputs/html/Journal of abnormal psychology/14674880.html,True
14709231,incomplete,/home/zorro/repos/autonima-results/articles/ace_outputs,/home/zorro/repos/autonima-results/articles/ace_outputs/html/Journal of cognitive neuroscience/14709231.html,True
14736856,incomplete,/home/zorro/repos/autonima-results/articles/ace_outputs,/home/zorro/repos/autonima-results/articles/ace_outputs/html/The Journal of neuroscience : the official journal of the Society for Neuroscience/14736856.html,True
14741667,incomplete,/home/zorro/repos/autonima-results/articles/ace_outputs,/home/zorro/repos/autonima-results/articles/ace_outputs/html/NeuroImage/14741667.html,True
14749289,incomplete,/home/zorro/repos/autonima-results/articles/ace_outputs,/home/zorro/repos/autonima-results/articles/ace_outputs/html/Brain : a journal of neurology/14749289.html,True
14755597,incomplete,/home/zorro/repos/autonima-results/articles/ace_outputs,/home/zorro/repos/autonima-results/articles/ace_outputs/html/Human brain mapping/14755597.html,True
14762131,incomplete,/home/zorro/repos/autonima-results/articles/ace_outputs,/home/zorro/repos/autonima-results/articles/ace_outputs/html/The Journal of neuroscience : the official journal of the Society for Neuroscience/14762131.html,True
14762135,incomplete,/home/zorro/repos/autonima-results/articles/ace_outputs,/home/zorro/repos/autonima-results/articles/ace_outputs/html/The Journal of neuroscience : the official journal of the Society for Neuroscience/14762135.html,True
1499309,incomplete,/home/zorro/repos/autonima-results/articles/elsevier_output/,/home/zorro/repos/autonima-results/articles/elsevier_output/1499309/text.txt,True
15006042,incomplete,/home/zorro/repos/autonima-results/articles/ace_outputs,/home/zorro/repos/autonima-results/articles/ace_outputs/html/Journal of cognitive neuroscience/15006042.html,True
15038006,incomplete,/home/zorro/repos/autonima-results/articles/ace_outputs,/home/zorro/repos/autonima-results/articles/ace_outputs/html/Human brain mapping/15038006.html,True
15038009,incomplete,/home/zorro/repos/autonima-results/articles/ace_outputs,/home/zorro/repos/autonima-results/articles/ace_outputs/html/Human brain mapping/15038009.html,True
15100698,incomplete,/home/zorro/repos/autonima-results/articles/ace_outputs,/home/zorro/repos/autonima-results/articles/ace_outputs/html/Neuropsychopharmacology : official publication of the American College of Neuropsychopharmacology/15100698.html,True
15102907,incomplete,/home/zorro/repos/autonima-results/articles/ace_outputs,/home/zorro/repos/autonima-results/articles/ace_outputs/html/The Journal of neuroscience : the official journal of the Society for Neuroscience/15102907.html,True
15106844,incomplete,/home/zorro/repos/autonima-results/articles/ace_outputs,/home/zorro/repos/autonima-results/articles/ace_outputs/html/Neuroreport/15106844.html,True
15108303,incomplete,/home/zorro/repos/autonima-results/articles/ace_outputs,/home/zorro/repos/autonima-results/articles/ace_outputs/html/Human brain mapping/15108303.html,True
15140927,incomplete,/home/zorro/repos/autonima-results/articles/ace_outputs,/home/zorro/repos/autonima-results/articles/ace_outputs/html/The Journal of neuroscience : the official journal of the Society for Neuroscience/15140927.html,True
15157701,incomplete,/home/zorro/repos/autonima-results/articles/ace_outputs,/home/zorro/repos/autonima-results/articles/ace_outputs/html/Pain/15157701.html,True
15165351,incomplete,/home/zorro/repos/autonima-results/articles/ace_outputs,/home/zorro/repos/autonima-results/articles/ace_outputs/html/Journal of cognitive neuroscience/15165351.html,True
15165352,incomplete,/home/zorro/repos/autonima-results/articles/ace_outputs,/home/zorro/repos/autonima-results/articles/ace_outputs/html/Journal of cognitive neuroscience/15165352.html,True
15200705,incomplete,/home/zorro/repos/autonima-results/articles/ace_outputs,/home/zorro/repos/autonima-results/articles/ace_outputs/html/Journal of cognitive neuroscience/15200705.html,True
15202106,incomplete,/home/zorro/repos/autonima-results/articles/ace_outputs,/home/zorro/repos/autonima-results/articles/ace_outputs/html/Human brain mapping/15202106.html,True
15204056,incomplete,/home/zorro/repos/autonima-results/articles/ace_outputs,/home/zorro/repos/autonima-results/articles/ace_outputs/html/The International journal of neuroscience/15204056.html,True
15298780,incomplete,/home/zorro/repos/autonima-results/articles/ace_outputs,/home/zorro/repos/autonima-results/articles/ace_outputs/html/Journal of cognitive neuroscience/15298780.html,True
15298782,incomplete,/home/zorro/repos/autonima-results/articles/ace_outputs,/home/zorro/repos/autonima-results/articles/ace_outputs/html/Journal of cognitive neuroscience/15298782.html,True
15305123,incomplete,/home/zorro/repos/autonima-results/articles/ace_outputs,/home/zorro/repos/autonima-results/articles/ace_outputs/html/Neuroreport/15305123.html,True
15309395,incomplete,/home/zorro/repos/autonima-results/articles/ace_outputs,/home/zorro/repos/autonima-results/articles/ace_outputs/html/European archives of psychiatry and clinical neuroscience/15309395.html,True
15342430,incomplete,/home/zorro/repos/autonima-results/articles/ace_outputs,"/home/zorro/repos/autonima-results/articles/ace_outputs/html/Cerebral cortex (New York, N.Y. : 1991)/15342430.html",True
15453978,incomplete,/home/zorro/repos/autonima-results/articles/ace_outputs,/home/zorro/repos/autonima-results/articles/ace_outputs/html/Journal of cognitive neuroscience/15453978.html,True
15470151,incomplete,/home/zorro/repos/autonima-results/articles/ace_outputs,/home/zorro/repos/autonima-results/articles/ace_outputs/html/The Journal of neuroscience : the official journal of the Society for Neuroscience/15470151.html,True
15488424,incomplete,/home/zorro/repos/autonima-results/articles/ace_outputs,/home/zorro/repos/autonima-results/articles/ace_outputs/html/NeuroImage/15488424.html,True
15494184,incomplete,/home/zorro/repos/autonima-results/articles/ace_outputs,/home/zorro/repos/autonima-results/articles/ace_outputs/html/Pain/15494184.html,True
15506872,incomplete,/home/zorro/repos/autonima-results/articles/ace_outputs,/home/zorro/repos/autonima-results/articles/ace_outputs/html/Behavioral neuroscience/15506872.html,True
15535173,incomplete,/home/zorro/repos/autonima-results/articles/ace_outputs,"/home/zorro/repos/autonima-results/articles/ace_outputs/html/Cognitive, affective & behavioral neuroscience/15535173.html",True
15538174,incomplete,/home/zorro/repos/autonima-results/articles/ace_outputs,/home/zorro/repos/autonima-results/articles/ace_outputs/html/Neuroreport/15538174.html,True
15543553,incomplete,/home/zorro/repos/autonima-results/articles/ace_outputs,/home/zorro/repos/autonima-results/articles/ace_outputs/html/Human brain mapping/15543553.html,True
15544421,incomplete,/home/zorro/repos/autonima-results/articles/ace_outputs,/home/zorro/repos/autonima-results/articles/ace_outputs/html/Physiological research/15544421.html,True
15564579,incomplete,/home/zorro/repos/autonima-results/articles/ace_outputs,/home/zorro/repos/autonima-results/articles/ace_outputs/html/The Journal of neuroscience : the official journal of the Society for Neuroscience/15564579.html,True
15574744,incomplete,/home/zorro/repos/autonima-results/articles/ace_outputs,/home/zorro/repos/autonima-results/articles/ace_outputs/html/The Journal of neuroscience : the official journal of the Society for Neuroscience/15574744.html,True
15579215,incomplete,/home/zorro/repos/autonima-results/articles/ace_outputs,/home/zorro/repos/autonima-results/articles/ace_outputs/html/The international journal of neuropsychopharmacology/15579215.html,True
15601519,incomplete,/home/zorro/repos/autonima-results/articles/ace_outputs,/home/zorro/repos/autonima-results/articles/ace_outputs/html/Journal of cognitive neuroscience/15601519.html,True
15601523,incomplete,/home/zorro/repos/autonima-results/articles/ace_outputs,/home/zorro/repos/autonima-results/articles/ace_outputs/html/Journal of cognitive neuroscience/15601523.html,True
15621378,incomplete,/home/zorro/repos/autonima-results/articles/ace_outputs,/home/zorro/repos/autonima-results/articles/ace_outputs/html/Pain/15621378.html,True
15640752,incomplete,/home/zorro/repos/autonima-results/articles/ace_outputs,/home/zorro/repos/autonima-results/articles/ace_outputs/html/Neuroreport/15640752.html,True
15651051,incomplete,/home/zorro/repos/autonima-results/articles/ace_outputs,/home/zorro/repos/autonima-results/articles/ace_outputs/html/Human psychopharmacology/15651051.html,True
15668720,incomplete,/home/zorro/repos/autonima-results/articles/ace_outputs,/home/zorro/repos/autonima-results/articles/ace_outputs/html/Molecular psychiatry/15668720.html,True
15700505,incomplete,/home/zorro/repos/autonima-results/articles/ace_outputs,/home/zorro/repos/autonima-results/articles/ace_outputs/html/Journal of studies on alcohol/15700505.html,True
15700721,incomplete,/home/zorro/repos/autonima-results/articles/ace_outputs,/home/zorro/repos/autonima-results/articles/ace_outputs/html/Sleep/15700721.html,True
15709808,incomplete,/home/zorro/repos/autonima-results/articles/ace_outputs,/home/zorro/repos/autonima-results/articles/ace_outputs/html/Journal of abnormal psychology/15709808.html,True
15711850,incomplete,/home/zorro/repos/autonima-results/articles/ace_outputs,"/home/zorro/repos/autonima-results/articles/ace_outputs/html/Magma (New York, N.Y.)/15711850.html",True
15758155,incomplete,/home/zorro/repos/autonima-results/articles/ace_outputs,/home/zorro/repos/autonima-results/articles/ace_outputs/html/The Journal of neuroscience : the official journal of the Society for Neuroscience/15758155.html,True
15769206,incomplete,/home/zorro/repos/autonima-results/articles/ace_outputs,/home/zorro/repos/autonima-results/articles/ace_outputs/html/Neuropsychology/15769206.html,True
15772354,incomplete,/home/zorro/repos/autonima-results/articles/ace_outputs,/home/zorro/repos/autonima-results/articles/ace_outputs/html/The Journal of neuroscience : the official journal of the Society for Neuroscience/15772354.html,True
15804721,incomplete,/home/zorro/repos/autonima-results/articles/ace_outputs,/home/zorro/repos/autonima-results/articles/ace_outputs/html/The International journal of neuroscience/15804721.html,True
15809510,incomplete,/home/zorro/repos/autonima-results/articles/ace_outputs,/home/zorro/repos/autonima-results/articles/ace_outputs/html/Neuroendocrinology/15809510.html,True
15814009,incomplete,/home/zorro/repos/autonima-results/articles/ace_outputs,/home/zorro/repos/autonima-results/articles/ace_outputs/html/Journal of cognitive neuroscience/15814009.html,True
15814441,incomplete,/home/zorro/repos/autonima-results/articles/ace_outputs,/home/zorro/repos/autonima-results/articles/ace_outputs/html/Journal of clinical and experimental neuropsychology/15814441.html,True
15817644,incomplete,/home/zorro/repos/autonima-results/articles/ace_outputs,/home/zorro/repos/autonima-results/articles/ace_outputs/html/Journal of neurophysiology/15817644.html,True
15826972,incomplete,/home/zorro/repos/autonima-results/articles/ace_outputs,/home/zorro/repos/autonima-results/articles/ace_outputs/html/Annals of the New York Academy of Sciences/15826972.html,True
15834861,incomplete,/home/zorro/repos/autonima-results/articles/ace_outputs,/home/zorro/repos/autonima-results/articles/ace_outputs/html/Human brain mapping/15834861.html,True
15841675,incomplete,/home/zorro/repos/autonima-results/articles/ace_outputs,/home/zorro/repos/autonima-results/articles/ace_outputs/html/Psychological medicine/15841675.html,True
15849894,incomplete,/home/zorro/repos/autonima-results/articles/ace_outputs,"/home/zorro/repos/autonima-results/articles/ace_outputs/html/Cognitive, affective & behavioral neuroscience/15849894.html",True
15849896,incomplete,/home/zorro/repos/autonima-results/articles/ace_outputs,"/home/zorro/repos/autonima-results/articles/ace_outputs/html/Cognitive, affective & behavioral neuroscience/15849896.html",True
15849897,incomplete,/home/zorro/repos/autonima-results/articles/ace_outputs,"/home/zorro/repos/autonima-results/articles/ace_outputs/html/Cognitive, affective & behavioral neuroscience/15849897.html",True
15849900,incomplete,/home/zorro/repos/autonima-results/articles/ace_outputs,"/home/zorro/repos/autonima-results/articles/ace_outputs/html/Cognitive, affective & behavioral neuroscience/15849900.html",True
15852388,incomplete,/home/zorro/repos/autonima-results/articles/ace_outputs,/home/zorro/repos/autonima-results/articles/ace_outputs/html/Human brain mapping/15852388.html,True
15852470,incomplete,/home/zorro/repos/autonima-results/articles/ace_outputs,/home/zorro/repos/autonima-results/articles/ace_outputs/html/Human brain mapping/15852470.html,True
15858420,incomplete,/home/zorro/repos/autonima-results/articles/ace_outputs,/home/zorro/repos/autonima-results/articles/ace_outputs/html/Neuroreport/15858420.html,True
15893942,incomplete,/home/zorro/repos/autonima-results/articles/ace_outputs,/home/zorro/repos/autonima-results/articles/ace_outputs/html/NeuroImage/15893942.html,True
15901409,incomplete,/home/zorro/repos/autonima-results/articles/ace_outputs,/home/zorro/repos/autonima-results/articles/ace_outputs/html/Neural computation/15901409.html,True
15904548,incomplete,/home/zorro/repos/autonima-results/articles/ace_outputs,/home/zorro/repos/autonima-results/articles/ace_outputs/html/Journal of cognitive neuroscience/15904548.html,True
15913008,incomplete,/home/zorro/repos/autonima-results/articles/ace_outputs,"/home/zorro/repos/autonima-results/articles/ace_outputs/html/Cognitive, affective & behavioral neuroscience/15913008.html",True
15930376,incomplete,/home/zorro/repos/autonima-results/articles/ace_outputs,/home/zorro/repos/autonima-results/articles/ace_outputs/html/The Journal of neuroscience : the official journal of the Society for Neuroscience/15930376.html,True
15965999,incomplete,/home/zorro/repos/autonima-results/articles/ace_outputs,/home/zorro/repos/autonima-results/articles/ace_outputs/html/Human brain mapping/15965999.html,True
15969909,incomplete,/home/zorro/repos/autonima-results/articles/ace_outputs,/home/zorro/repos/autonima-results/articles/ace_outputs/html/Journal of cognitive neuroscience/15969909.html,True
16000632,incomplete,/home/zorro/repos/autonima-results/articles/ace_outputs,/home/zorro/repos/autonima-results/articles/ace_outputs/html/The Journal of neuroscience : the official journal of the Society for Neuroscience/16000632.html,True
16001441,incomplete,/home/zorro/repos/autonima-results/articles/ace_outputs,/home/zorro/repos/autonima-results/articles/ace_outputs/html/Human brain mapping/16001441.html,True
16033888,incomplete,/home/zorro/repos/autonima-results/articles/ace_outputs,/home/zorro/repos/autonima-results/articles/ace_outputs/html/The Journal of neuroscience : the official journal of the Society for Neuroscience/16033888.html,True
16060826,incomplete,/home/zorro/repos/autonima-results/articles/ace_outputs,/home/zorro/repos/autonima-results/articles/ace_outputs/html/Neuropsychology/16060826.html,True
16091536,incomplete,/home/zorro/repos/autonima-results/articles/ace_outputs,/home/zorro/repos/autonima-results/articles/ace_outputs/html/AJNR. American journal of neuroradiology/16091536.html,True
16102231,incomplete,/home/zorro/repos/autonima-results/articles/ace_outputs,/home/zorro/repos/autonima-results/articles/ace_outputs/html/Journal of cognitive neuroscience/16102231.html,True
16102232,incomplete,/home/zorro/repos/autonima-results/articles/ace_outputs,/home/zorro/repos/autonima-results/articles/ace_outputs/html/Journal of cognitive neuroscience/16102232.html,True
16106488,incomplete,/home/zorro/repos/autonima-results/articles/ace_outputs,/home/zorro/repos/autonima-results/articles/ace_outputs/html/Human psychopharmacology/16106488.html,True
16110274,incomplete,/home/zorro/repos/autonima-results/articles/ace_outputs,/home/zorro/repos/autonima-results/articles/ace_outputs/html/Neuroreport/16110274.html,True
16161161,incomplete,/home/zorro/repos/autonima-results/articles/ace_outputs,/home/zorro/repos/autonima-results/articles/ace_outputs/html/Human brain mapping/16161161.html,True
16167193,incomplete,/home/zorro/repos/autonima-results/articles/ace_outputs,/home/zorro/repos/autonima-results/articles/ace_outputs/html/Applied psychophysiology and biofeedback/16167193.html,True
16171288,incomplete,/home/zorro/repos/autonima-results/articles/ace_outputs,/home/zorro/repos/autonima-results/articles/ace_outputs/html/Sleep/16171288.html,True
16180620,incomplete,/home/zorro/repos/autonima-results/articles/ace_outputs,"/home/zorro/repos/autonima-results/articles/ace_outputs/html/Cognitive, affective & behavioral neuroscience/16180620.html",True
16180624,incomplete,/home/zorro/repos/autonima-results/articles/ace_outputs,"/home/zorro/repos/autonima-results/articles/ace_outputs/html/Cognitive, affective & behavioral neuroscience/16180624.html",True
16180627,incomplete,/home/zorro/repos/autonima-results/articles/ace_outputs,"/home/zorro/repos/autonima-results/articles/ace_outputs/html/Cognitive, affective & behavioral neuroscience/16180627.html",True
16183659,incomplete,/home/zorro/repos/autonima-results/articles/ace_outputs,/home/zorro/repos/autonima-results/articles/ace_outputs/html/Brain : a journal of neurology/16183659.html,True
16197682,incomplete,/home/zorro/repos/autonima-results/articles/ace_outputs,/home/zorro/repos/autonima-results/articles/ace_outputs/html/Journal of cognitive neuroscience/16197682.html,True
16197690,incomplete,/home/zorro/repos/autonima-results/articles/ace_outputs,/home/zorro/repos/autonima-results/articles/ace_outputs/html/Journal of cognitive neuroscience/16197690.html,True
16209427,incomplete,/home/zorro/repos/autonima-results/articles/ace_outputs,/home/zorro/repos/autonima-results/articles/ace_outputs/html/Journal of the International Neuropsychological Society : JINS/16209427.html,True
16268374,incomplete,/home/zorro/repos/autonima-results/articles/ace_outputs,/home/zorro/repos/autonima-results/articles/ace_outputs/html/Sleep/16268374.html,True
16269105,incomplete,/home/zorro/repos/autonima-results/articles/ace_outputs,/home/zorro/repos/autonima-results/articles/ace_outputs/html/Journal of cognitive neuroscience/16269105.html,True
16269113,incomplete,/home/zorro/repos/autonima-results/articles/ace_outputs,/home/zorro/repos/autonima-results/articles/ace_outputs/html/Journal of cognitive neuroscience/16269113.html,True
16281285,incomplete,/home/zorro/repos/autonima-results/articles/ace_outputs,/home/zorro/repos/autonima-results/articles/ace_outputs/html/Human brain mapping/16281285.html,True
16320092,incomplete,/home/zorro/repos/autonima-results/articles/ace_outputs,"/home/zorro/repos/autonima-results/articles/ace_outputs/html/Magma (New York, N.Y.)/16320092.html",True
16330884,incomplete,/home/zorro/repos/autonima-results/articles/ace_outputs,/home/zorro/repos/autonima-results/articles/ace_outputs/html/Neuroendocrinology/16330884.html,True
16342150,incomplete,/home/zorro/repos/autonima-results/articles/ace_outputs,/home/zorro/repos/autonima-results/articles/ace_outputs/html/Human brain mapping/16342150.html,True
16364058,incomplete,/home/zorro/repos/autonima-results/articles/ace_outputs,/home/zorro/repos/autonima-results/articles/ace_outputs/html/Psychophysiology/16364058.html,True
16396094,incomplete,/home/zorro/repos/autonima-results/articles/ace_outputs,"/home/zorro/repos/autonima-results/articles/ace_outputs/html/Cognitive, affective & behavioral neuroscience/16396094.html",True
16404736,incomplete,/home/zorro/repos/autonima-results/articles/ace_outputs,/home/zorro/repos/autonima-results/articles/ace_outputs/html/Human brain mapping/16404736.html,True
16417680,incomplete,/home/zorro/repos/autonima-results/articles/ace_outputs,/home/zorro/repos/autonima-results/articles/ace_outputs/html/Journal of cognitive neuroscience/16417680.html,True
16421302,incomplete,/home/zorro/repos/autonima-results/articles/ace_outputs,/home/zorro/repos/autonima-results/articles/ace_outputs/html/The Journal of neuroscience : the official journal of the Society for Neuroscience/16421302.html,True
16421311,incomplete,/home/zorro/repos/autonima-results/articles/ace_outputs,/home/zorro/repos/autonima-results/articles/ace_outputs/html/The Journal of neuroscience : the official journal of the Society for Neuroscience/16421311.html,True
16421886,incomplete,/home/zorro/repos/autonima-results/articles/ace_outputs,/home/zorro/repos/autonima-results/articles/ace_outputs/html/Human brain mapping/16421886.html,True
16427324,incomplete,/home/zorro/repos/autonima-results/articles/ace_outputs,/home/zorro/repos/autonima-results/articles/ace_outputs/html/NeuroImage/16427324.html,True
16452666,incomplete,/home/zorro/repos/autonima-results/articles/ace_outputs,/home/zorro/repos/autonima-results/articles/ace_outputs/html/The Journal of neuroscience : the official journal of the Society for Neuroscience/16452666.html,True
16481440,incomplete,/home/zorro/repos/autonima-results/articles/ace_outputs,/home/zorro/repos/autonima-results/articles/ace_outputs/html/The Journal of neuroscience : the official journal of the Society for Neuroscience/16481440.html,True
16488627,incomplete,/home/zorro/repos/autonima-results/articles/ace_outputs,/home/zorro/repos/autonima-results/articles/ace_outputs/html/NeuroImage/16488627.html,True
16510720,incomplete,/home/zorro/repos/autonima-results/articles/ace_outputs,/home/zorro/repos/autonima-results/articles/ace_outputs/html/The Journal of neuroscience : the official journal of the Society for Neuroscience/16510720.html,True
16512999,incomplete,/home/zorro/repos/autonima-results/articles/ace_outputs,/home/zorro/repos/autonima-results/articles/ace_outputs/html/Journal of cognitive neuroscience/16512999.html,True
16513004,incomplete,/home/zorro/repos/autonima-results/articles/ace_outputs,/home/zorro/repos/autonima-results/articles/ace_outputs/html/Journal of cognitive neuroscience/16513004.html,True
16513006,incomplete,/home/zorro/repos/autonima-results/articles/ace_outputs,/home/zorro/repos/autonima-results/articles/ace_outputs/html/Journal of cognitive neuroscience/16513006.html,True
16525049,incomplete,/home/zorro/repos/autonima-results/articles/ace_outputs,/home/zorro/repos/autonima-results/articles/ace_outputs/html/The Journal of neuroscience : the official journal of the Society for Neuroscience/16525049.html,True
16641225,incomplete,/home/zorro/repos/autonima-results/articles/ace_outputs,/home/zorro/repos/autonima-results/articles/ace_outputs/html/The Journal of neuroscience : the official journal of the Society for Neuroscience/16641225.html,True
16671081,incomplete,/home/zorro/repos/autonima-results/articles/ace_outputs,/home/zorro/repos/autonima-results/articles/ace_outputs/html/Human brain mapping/16671081.html,True
16672649,incomplete,/home/zorro/repos/autonima-results/articles/ace_outputs,/home/zorro/repos/autonima-results/articles/ace_outputs/html/The Journal of neuroscience : the official journal of the Society for Neuroscience/16672649.html,True
16683265,incomplete,/home/zorro/repos/autonima-results/articles/ace_outputs,/home/zorro/repos/autonima-results/articles/ace_outputs/html/Human brain mapping/16683265.html,True
16718653,incomplete,/home/zorro/repos/autonima-results/articles/ace_outputs,/home/zorro/repos/autonima-results/articles/ace_outputs/html/Human brain mapping/16718653.html,True
16765326,incomplete,/home/zorro/repos/autonima-results/articles/ace_outputs,/home/zorro/repos/autonima-results/articles/ace_outputs/html/Brain research/16765326.html,True
16768362,incomplete,/home/zorro/repos/autonima-results/articles/ace_outputs,/home/zorro/repos/autonima-results/articles/ace_outputs/html/Journal of cognitive neuroscience/16768362.html,True
16768364,incomplete,/home/zorro/repos/autonima-results/articles/ace_outputs,/home/zorro/repos/autonima-results/articles/ace_outputs/html/Journal of cognitive neuroscience/16768364.html,True
16770797,incomplete,/home/zorro/repos/autonima-results/articles/ace_outputs,/home/zorro/repos/autonima-results/articles/ace_outputs/html/Hippocampus/16770797.html,True
16772313,incomplete,/home/zorro/repos/autonima-results/articles/ace_outputs,"/home/zorro/repos/autonima-results/articles/ace_outputs/html/Cerebral cortex (New York, N.Y. : 1991)/16772313.html",True
16775140,incomplete,/home/zorro/repos/autonima-results/articles/ace_outputs,/home/zorro/repos/autonima-results/articles/ace_outputs/html/The Journal of neuroscience : the official journal of the Society for Neuroscience/16775140.html,True
16822972,incomplete,/home/zorro/repos/autonima-results/articles/ace_outputs,/home/zorro/repos/autonima-results/articles/ace_outputs/html/The Journal of neuroscience : the official journal of the Society for Neuroscience/16822972.html,True
16839292,incomplete,/home/zorro/repos/autonima-results/articles/ace_outputs,/home/zorro/repos/autonima-results/articles/ace_outputs/html/Journal of cognitive neuroscience/16839292.html,True
16839301,incomplete,/home/zorro/repos/autonima-results/articles/ace_outputs,/home/zorro/repos/autonima-results/articles/ace_outputs/html/Journal of cognitive neuroscience/16839301.html,True
16899039,incomplete,/home/zorro/repos/autonima-results/articles/ace_outputs,"/home/zorro/repos/autonima-results/articles/ace_outputs/html/Alcoholism, clinical and experimental research/16899039.html",True
16944483,incomplete,/home/zorro/repos/autonima-results/articles/ace_outputs,/home/zorro/repos/autonima-results/articles/ace_outputs/html/Human brain mapping/16944483.html,True
16982202,incomplete,/home/zorro/repos/autonima-results/articles/ace_outputs,/home/zorro/repos/autonima-results/articles/ace_outputs/html/NeuroImage/16982202.html,True
16989546,incomplete,/home/zorro/repos/autonima-results/articles/ace_outputs,/home/zorro/repos/autonima-results/articles/ace_outputs/html/Journal of cognitive neuroscience/16989546.html,True
16989552,incomplete,/home/zorro/repos/autonima-results/articles/ace_outputs,/home/zorro/repos/autonima-results/articles/ace_outputs/html/Journal of cognitive neuroscience/16989552.html,True
17007235,incomplete,/home/zorro/repos/autonima-results/articles/ace_outputs,"/home/zorro/repos/autonima-results/articles/ace_outputs/html/Cognitive, affective & behavioral neuroscience/17007235.html",True
17014375,incomplete,/home/zorro/repos/autonima-results/articles/ace_outputs,/home/zorro/repos/autonima-results/articles/ace_outputs/html/Journal of cognitive neuroscience/17014375.html,True
17014871,incomplete,/home/zorro/repos/autonima-results/articles/ace_outputs,/home/zorro/repos/autonima-results/articles/ace_outputs/html/Neuropsychologia/17014871.html,True
17021168,incomplete,/home/zorro/repos/autonima-results/articles/ace_outputs,/home/zorro/repos/autonima-results/articles/ace_outputs/html/The Journal of neuroscience : the official journal of the Society for Neuroscience/17021168.html,True
17065458,incomplete,/home/zorro/repos/autonima-results/articles/ace_outputs,/home/zorro/repos/autonima-results/articles/ace_outputs/html/The Journal of neuroscience : the official journal of the Society for Neuroscience/17065458.html,True
17065463,incomplete,/home/zorro/repos/autonima-results/articles/ace_outputs,/home/zorro/repos/autonima-results/articles/ace_outputs/html/The Journal of neuroscience : the official journal of the Society for Neuroscience/17065463.html,True
17071109,incomplete,/home/zorro/repos/autonima-results/articles/ace_outputs,/home/zorro/repos/autonima-results/articles/ace_outputs/html/NeuroImage/17071109.html,True
17080437,incomplete,/home/zorro/repos/autonima-results/articles/ace_outputs,/home/zorro/repos/autonima-results/articles/ace_outputs/html/Human brain mapping/17080437.html,True
17080442,incomplete,/home/zorro/repos/autonima-results/articles/ace_outputs,/home/zorro/repos/autonima-results/articles/ace_outputs/html/Human brain mapping/17080442.html,True
17088048,incomplete,/home/zorro/repos/autonima-results/articles/ace_outputs,/home/zorro/repos/autonima-results/articles/ace_outputs/html/Psychiatry research/17088048.html,True
17089374,incomplete,/home/zorro/repos/autonima-results/articles/ace_outputs,/home/zorro/repos/autonima-results/articles/ace_outputs/html/Human brain mapping/17089374.html,True
17118409,incomplete,/home/zorro/repos/autonima-results/articles/ace_outputs,/home/zorro/repos/autonima-results/articles/ace_outputs/html/Neuropsychologia/17118409.html,True
17121746,incomplete,/home/zorro/repos/autonima-results/articles/ace_outputs,/home/zorro/repos/autonima-results/articles/ace_outputs/html/Brain : a journal of neurology/17121746.html,True
17129190,incomplete,/home/zorro/repos/autonima-results/articles/ace_outputs,/home/zorro/repos/autonima-results/articles/ace_outputs/html/Journal of cognitive neuroscience/17129190.html,True
17133392,incomplete,/home/zorro/repos/autonima-results/articles/ace_outputs,/home/zorro/repos/autonima-results/articles/ace_outputs/html/Human brain mapping/17133392.html,True
17133397,incomplete,/home/zorro/repos/autonima-results/articles/ace_outputs,/home/zorro/repos/autonima-results/articles/ace_outputs/html/Human brain mapping/17133397.html,True
17133402,incomplete,/home/zorro/repos/autonima-results/articles/ace_outputs,/home/zorro/repos/autonima-results/articles/ace_outputs/html/Human brain mapping/17133402.html,True
17159818,incomplete,/home/zorro/repos/autonima-results/articles/ace_outputs,/home/zorro/repos/autonima-results/articles/ace_outputs/html/Neuro endocrinology letters/17159818.html,True
17162995,incomplete,/home/zorro/repos/autonima-results/articles/ace_outputs,/home/zorro/repos/autonima-results/articles/ace_outputs/html/Sleep/17162995.html,True
17164821,incomplete,/home/zorro/repos/autonima-results/articles/ace_outputs,/home/zorro/repos/autonima-results/articles/ace_outputs/html/Neuropsychopharmacology : official publication of the American College of Neuropsychopharmacology/17164821.html,True
17169343,incomplete,/home/zorro/repos/autonima-results/articles/ace_outputs,/home/zorro/repos/autonima-results/articles/ace_outputs/html/Brain research/17169343.html,True
17182773,incomplete,/home/zorro/repos/autonima-results/articles/ace_outputs,/home/zorro/repos/autonima-results/articles/ace_outputs/html/The Journal of neuroscience : the official journal of the Society for Neuroscience/17182773.html,True
17192434,incomplete,/home/zorro/repos/autonima-results/articles/ace_outputs,/home/zorro/repos/autonima-results/articles/ace_outputs/html/The Journal of neuroscience : the official journal of the Society for Neuroscience/17192434.html,True
17210145,incomplete,/home/zorro/repos/autonima-results/articles/ace_outputs,/home/zorro/repos/autonima-results/articles/ace_outputs/html/Brain research/17210145.html,True
17214564,incomplete,/home/zorro/repos/autonima-results/articles/ace_outputs,/home/zorro/repos/autonima-results/articles/ace_outputs/html/Journal of cognitive neuroscience/17214564.html,True
17236244,incomplete,/home/zorro/repos/autonima-results/articles/ace_outputs,/home/zorro/repos/autonima-results/articles/ace_outputs/html/International journal of geriatric psychiatry/17236244.html,True
17243354,incomplete,/home/zorro/repos/autonima-results/articles/ace_outputs,"/home/zorro/repos/autonima-results/articles/ace_outputs/html/Cognitive, affective & behavioral neuroscience/17243354.html",True
17274018,incomplete,/home/zorro/repos/autonima-results/articles/ace_outputs,/home/zorro/repos/autonima-results/articles/ace_outputs/html/Human brain mapping/17274018.html,True
17274020,incomplete,/home/zorro/repos/autonima-results/articles/ace_outputs,/home/zorro/repos/autonima-results/articles/ace_outputs/html/Human brain mapping/17274020.html,True
17274022,incomplete,/home/zorro/repos/autonima-results/articles/ace_outputs,/home/zorro/repos/autonima-results/articles/ace_outputs/html/Human brain mapping/17274022.html,True
17280517,incomplete,/home/zorro/repos/autonima-results/articles/ace_outputs,/home/zorro/repos/autonima-results/articles/ace_outputs/html/Journal of cognitive neuroscience/17280517.html,True
17290371,incomplete,/home/zorro/repos/autonima-results/articles/ace_outputs,/home/zorro/repos/autonima-results/articles/ace_outputs/html/Human brain mapping/17290371.html,True
17290373,incomplete,/home/zorro/repos/autonima-results/articles/ace_outputs,/home/zorro/repos/autonima-results/articles/ace_outputs/html/Human brain mapping/17290373.html,True
17292627,incomplete,/home/zorro/repos/autonima-results/articles/ace_outputs,/home/zorro/repos/autonima-results/articles/ace_outputs/html/NeuroImage/17292627.html,True
17292926,incomplete,/home/zorro/repos/autonima-results/articles/ace_outputs,/home/zorro/repos/autonima-results/articles/ace_outputs/html/Neuropsychologia/17292926.html,True
17296315,incomplete,/home/zorro/repos/autonima-results/articles/ace_outputs,/home/zorro/repos/autonima-results/articles/ace_outputs/html/NeuroImage/17296315.html,True
17301186,incomplete,/home/zorro/repos/autonima-results/articles/ace_outputs,/home/zorro/repos/autonima-results/articles/ace_outputs/html/The Journal of neuroscience : the official journal of the Society for Neuroscience/17301186.html,True
17310866,incomplete,/home/zorro/repos/autonima-results/articles/ace_outputs,/home/zorro/repos/autonima-results/articles/ace_outputs/html/Sleep/17310866.html,True
17321151,incomplete,/home/zorro/repos/autonima-results/articles/ace_outputs,/home/zorro/repos/autonima-results/articles/ace_outputs/html/NeuroImage/17321151.html,True
17355910,incomplete,/home/zorro/repos/autonima-results/articles/ace_outputs,/home/zorro/repos/autonima-results/articles/ace_outputs/html/NeuroImage/17355910.html,True
17358019,incomplete,/home/zorro/repos/autonima-results/articles/ace_outputs,/home/zorro/repos/autonima-results/articles/ace_outputs/html/Human brain mapping/17358019.html,True
17372276,incomplete,/home/zorro/repos/autonima-results/articles/ace_outputs,"/home/zorro/repos/autonima-results/articles/ace_outputs/html/Cerebral cortex (New York, N.Y. : 1991)/17372276.html",True
17376980,incomplete,/home/zorro/repos/autonima-results/articles/ace_outputs,/home/zorro/repos/autonima-results/articles/ace_outputs/html/The Journal of neuroscience : the official journal of the Society for Neuroscience/17376980.html,True
17381255,incomplete,/home/zorro/repos/autonima-results/articles/ace_outputs,/home/zorro/repos/autonima-results/articles/ace_outputs/html/Journal of cognitive neuroscience/17381255.html,True
17390315,incomplete,/home/zorro/repos/autonima-results/articles/ace_outputs,/home/zorro/repos/autonima-results/articles/ace_outputs/html/Human brain mapping/17390315.html,True
17392459,incomplete,/home/zorro/repos/autonima-results/articles/ace_outputs,/home/zorro/repos/autonima-results/articles/ace_outputs/html/The Journal of neuroscience : the official journal of the Society for Neuroscience/17392459.html,True
17397882,incomplete,/home/zorro/repos/autonima-results/articles/ace_outputs,/home/zorro/repos/autonima-results/articles/ace_outputs/html/Neuropsychologia/17397882.html,True
17409238,incomplete,/home/zorro/repos/autonima-results/articles/ace_outputs,/home/zorro/repos/autonima-results/articles/ace_outputs/html/The Journal of neuroscience : the official journal of the Society for Neuroscience/17409238.html,True
17433891,incomplete,/home/zorro/repos/autonima-results/articles/ace_outputs,/home/zorro/repos/autonima-results/articles/ace_outputs/html/Brain research/17433891.html,True
17442821,incomplete,/home/zorro/repos/autonima-results/articles/ace_outputs,/home/zorro/repos/autonima-results/articles/ace_outputs/html/The Journal of neuroscience : the official journal of the Society for Neuroscience/17442821.html,True
17459348,incomplete,/home/zorro/repos/autonima-results/articles/ace_outputs,/home/zorro/repos/autonima-results/articles/ace_outputs/html/Brain research/17459348.html,True
17488202,incomplete,/home/zorro/repos/autonima-results/articles/ace_outputs,/home/zorro/repos/autonima-results/articles/ace_outputs/html/Journal of cognitive neuroscience/17488202.html,True
17522324,incomplete,/home/zorro/repos/autonima-results/articles/ace_outputs,/home/zorro/repos/autonima-results/articles/ace_outputs/html/The Journal of neuroscience : the official journal of the Society for Neuroscience/17522324.html,True
17536965,incomplete,/home/zorro/repos/autonima-results/articles/ace_outputs,/home/zorro/repos/autonima-results/articles/ace_outputs/html/Journal of cognitive neuroscience/17536965.html,True
17536966,incomplete,/home/zorro/repos/autonima-results/articles/ace_outputs,/home/zorro/repos/autonima-results/articles/ace_outputs/html/Journal of cognitive neuroscience/17536966.html,True
17538951,incomplete,/home/zorro/repos/autonima-results/articles/ace_outputs,/home/zorro/repos/autonima-results/articles/ace_outputs/html/Human brain mapping/17538951.html,True
17558403,incomplete,/home/zorro/repos/autonima-results/articles/ace_outputs,/home/zorro/repos/autonima-results/articles/ace_outputs/html/Nature neuroscience/17558403.html,True
17563353,incomplete,/home/zorro/repos/autonima-results/articles/ace_outputs,/home/zorro/repos/autonima-results/articles/ace_outputs/html/Proceedings of the National Academy of Sciences of the United States of America/17563353.html,True
17574442,incomplete,/home/zorro/repos/autonima-results/articles/ace_outputs,/home/zorro/repos/autonima-results/articles/ace_outputs/html/NeuroImage/17574442.html,True
17612510,incomplete,/home/zorro/repos/autonima-results/articles/ace_outputs,/home/zorro/repos/autonima-results/articles/ace_outputs/html/Brain research/17612510.html,True
17634374,incomplete,/home/zorro/repos/autonima-results/articles/ace_outputs,/home/zorro/repos/autonima-results/articles/ace_outputs/html/The Journal of neuroscience : the official journal of the Society for Neuroscience/17634374.html,True
17636131,incomplete,/home/zorro/repos/autonima-results/articles/ace_outputs,/home/zorro/repos/autonima-results/articles/ace_outputs/html/Proceedings of the National Academy of Sciences of the United States of America/17636131.html,True
17672384,incomplete,/home/zorro/repos/autonima-results/articles/ace_outputs,"/home/zorro/repos/autonima-results/articles/ace_outputs/html/Cognitive, affective & behavioral neuroscience/17672384.html",True
17675368,incomplete,/home/zorro/repos/autonima-results/articles/ace_outputs,"/home/zorro/repos/autonima-results/articles/ace_outputs/html/Cerebral cortex (New York, N.Y. : 1991)/17675368.html",True
17699624,incomplete,/home/zorro/repos/autonima-results/articles/ace_outputs,/home/zorro/repos/autonima-results/articles/ace_outputs/html/Proceedings of the National Academy of Sciences of the United States of America/17699624.html,True
17715350,incomplete,/home/zorro/repos/autonima-results/articles/ace_outputs,/home/zorro/repos/autonima-results/articles/ace_outputs/html/The Journal of neuroscience : the official journal of the Society for Neuroscience/17715350.html,True
17725995,incomplete,/home/zorro/repos/autonima-results/articles/ace_outputs,"/home/zorro/repos/autonima-results/articles/ace_outputs/html/Cerebral cortex (New York, N.Y. : 1991)/17725995.html",True
17765877,incomplete,/home/zorro/repos/autonima-results/articles/ace_outputs,/home/zorro/repos/autonima-results/articles/ace_outputs/html/Brain research/17765877.html,True
17784808,incomplete,/home/zorro/repos/autonima-results/articles/ace_outputs,/home/zorro/repos/autonima-results/articles/ace_outputs/html/Neuropsychology/17784808.html,True
17804479,incomplete,/home/zorro/repos/autonima-results/articles/ace_outputs,"/home/zorro/repos/autonima-results/articles/ace_outputs/html/Cerebral cortex (New York, N.Y. : 1991)/17804479.html",True
17804811,incomplete,/home/zorro/repos/autonima-results/articles/ace_outputs,/home/zorro/repos/autonima-results/articles/ace_outputs/html/Proceedings of the National Academy of Sciences of the United States of America/17804811.html,True
17828390,incomplete,/home/zorro/repos/autonima-results/articles/ace_outputs,/home/zorro/repos/autonima-results/articles/ace_outputs/html/Experimental brain research/17828390.html,True
17850833,incomplete,/home/zorro/repos/autonima-results/articles/ace_outputs,/home/zorro/repos/autonima-results/articles/ace_outputs/html/Neuropsychologia/17850833.html,True
17855604,incomplete,/home/zorro/repos/autonima-results/articles/ace_outputs,/home/zorro/repos/autonima-results/articles/ace_outputs/html/The Journal of neuroscience : the official journal of the Society for Neuroscience/17855604.html,True
17878731,incomplete,/home/zorro/repos/autonima-results/articles/ace_outputs,/home/zorro/repos/autonima-results/articles/ace_outputs/html/Dementia and geriatric cognitive disorders/17878731.html,True
17884586,incomplete,/home/zorro/repos/autonima-results/articles/ace_outputs,/home/zorro/repos/autonima-results/articles/ace_outputs/html/NeuroImage/17884586.html,True
17888684,incomplete,/home/zorro/repos/autonima-results/articles/ace_outputs,/home/zorro/repos/autonima-results/articles/ace_outputs/html/NeuroImage/17888684.html,True
17889835,incomplete,/home/zorro/repos/autonima-results/articles/ace_outputs,/home/zorro/repos/autonima-results/articles/ace_outputs/html/Brain research/17889835.html,True
17892385,incomplete,/home/zorro/repos/autonima-results/articles/ace_outputs,/home/zorro/repos/autonima-results/articles/ace_outputs/html/Journal of cognitive neuroscience/17892385.html,True
17895916,incomplete,/home/zorro/repos/autonima-results/articles/ace_outputs,/home/zorro/repos/autonima-results/articles/ace_outputs/html/Neuropsychopharmacology : official publication of the American College of Neuropsychopharmacology/17895916.html,True
17900976,incomplete,/home/zorro/repos/autonima-results/articles/ace_outputs,/home/zorro/repos/autonima-results/articles/ace_outputs/html/Clinical neurophysiology : official journal of the International Federation of Clinical Neurophysiology/17900976.html,True
17916334,incomplete,/home/zorro/repos/autonima-results/articles/ace_outputs,/home/zorro/repos/autonima-results/articles/ace_outputs/html/Brain research/17916334.html,True
1791928,incomplete,/home/zorro/repos/autonima-results/articles/ace_outputs,/home/zorro/repos/autonima-results/articles/ace_outputs/html/Neuropsychologia/1791928.html,True
17920934,incomplete,/home/zorro/repos/autonima-results/articles/ace_outputs,/home/zorro/repos/autonima-results/articles/ace_outputs/html/NeuroImage/17920934.html,True
17921456,incomplete,/home/zorro/repos/autonima-results/articles/ace_outputs,"/home/zorro/repos/autonima-results/articles/ace_outputs/html/Cerebral cortex (New York, N.Y. : 1991)/17921456.html",True
17928444,incomplete,/home/zorro/repos/autonima-results/articles/ace_outputs,/home/zorro/repos/autonima-results/articles/ace_outputs/html/The Journal of neuroscience : the official journal of the Society for Neuroscience/17928444.html,True
17950623,incomplete,/home/zorro/repos/autonima-results/articles/ace_outputs,/home/zorro/repos/autonima-results/articles/ace_outputs/html/NeuroImage/17950623.html,True
17979124,incomplete,/home/zorro/repos/autonima-results/articles/ace_outputs,/home/zorro/repos/autonima-results/articles/ace_outputs/html/Human brain mapping/17979124.html,True
17999985,incomplete,/home/zorro/repos/autonima-results/articles/ace_outputs,"/home/zorro/repos/autonima-results/articles/ace_outputs/html/Cerebral cortex (New York, N.Y. : 1991)/17999985.html",True
18030926,incomplete,/home/zorro/repos/autonima-results/articles/ace_outputs,/home/zorro/repos/autonima-results/articles/ace_outputs/html/The American journal of clinical hypnosis/18030926.html,True
18052782,incomplete,/home/zorro/repos/autonima-results/articles/ace_outputs,/home/zorro/repos/autonima-results/articles/ace_outputs/html/Journal of cognitive neuroscience/18052782.html,True
18057197,incomplete,/home/zorro/repos/autonima-results/articles/ace_outputs,/home/zorro/repos/autonima-results/articles/ace_outputs/html/The Journal of neuroscience : the official journal of the Society for Neuroscience/18057197.html,True
18063349,incomplete,/home/zorro/repos/autonima-results/articles/ace_outputs,/home/zorro/repos/autonima-results/articles/ace_outputs/html/Psychiatry research/18063349.html,True
18077373,incomplete,/home/zorro/repos/autonima-results/articles/ace_outputs,/home/zorro/repos/autonima-results/articles/ace_outputs/html/Proceedings of the National Academy of Sciences of the United States of America/18077373.html,True
18077465,incomplete,/home/zorro/repos/autonima-results/articles/ace_outputs,/home/zorro/repos/autonima-results/articles/ace_outputs/html/Brain : a journal of neurology/18077465.html,True
18155254,incomplete,/home/zorro/repos/autonima-results/articles/ace_outputs,/home/zorro/repos/autonima-results/articles/ace_outputs/html/Neuropsychologia/18155254.html,True
1815891,incomplete,/home/zorro/repos/autonima-results/articles/ace_outputs,/home/zorro/repos/autonima-results/articles/ace_outputs/html/Ciba Foundation symposium/1815891.html,True
18172852,incomplete,/home/zorro/repos/autonima-results/articles/ace_outputs,/home/zorro/repos/autonima-results/articles/ace_outputs/html/Human brain mapping/18172852.html,True
18177676,incomplete,/home/zorro/repos/autonima-results/articles/ace_outputs,/home/zorro/repos/autonima-results/articles/ace_outputs/html/Neuropsychologia/18177676.html,True
18189000,incomplete,/home/zorro/repos/autonima-results/articles/ace_outputs,"/home/zorro/repos/autonima-results/articles/ace_outputs/html/Cognitive, affective & behavioral neuroscience/18189000.html",True
18203694,incomplete,/home/zorro/repos/autonima-results/articles/ace_outputs,"/home/zorro/repos/autonima-results/articles/ace_outputs/html/Cerebral cortex (New York, N.Y. : 1991)/18203694.html",True
18211230,incomplete,/home/zorro/repos/autonima-results/articles/ace_outputs,/home/zorro/repos/autonima-results/articles/ace_outputs/html/Journal of cognitive neuroscience/18211230.html,True
18216206,incomplete,/home/zorro/repos/autonima-results/articles/ace_outputs,/home/zorro/repos/autonima-results/articles/ace_outputs/html/The Journal of neuroscience : the official journal of the Society for Neuroscience/18216206.html,True
18234518,incomplete,/home/zorro/repos/autonima-results/articles/ace_outputs,/home/zorro/repos/autonima-results/articles/ace_outputs/html/NeuroImage/18234518.html,True
18257001,incomplete,/home/zorro/repos/autonima-results/articles/ace_outputs,/home/zorro/repos/autonima-results/articles/ace_outputs/html/Human psychopharmacology/18257001.html,True
18266217,incomplete,/home/zorro/repos/autonima-results/articles/ace_outputs,/home/zorro/repos/autonima-results/articles/ace_outputs/html/Human brain mapping/18266217.html,True
18275331,incomplete,/home/zorro/repos/autonima-results/articles/ace_outputs,/home/zorro/repos/autonima-results/articles/ace_outputs/html/Journal of cognitive neuroscience/18275331.html,True
18275335,incomplete,/home/zorro/repos/autonima-results/articles/ace_outputs,/home/zorro/repos/autonima-results/articles/ace_outputs/html/Journal of cognitive neuroscience/18275335.html,True
18281300,incomplete,/home/zorro/repos/autonima-results/articles/ace_outputs,"/home/zorro/repos/autonima-results/articles/ace_outputs/html/Cerebral cortex (New York, N.Y. : 1991)/18281300.html",True
18284346,incomplete,/home/zorro/repos/autonima-results/articles/ace_outputs,/home/zorro/repos/autonima-results/articles/ace_outputs/html/Journal of cognitive neuroscience/18284346.html,True
18303973,incomplete,/home/zorro/repos/autonima-results/articles/ace_outputs,/home/zorro/repos/autonima-results/articles/ace_outputs/html/Journal of cognitive neuroscience/18303973.html,True
18303978,incomplete,/home/zorro/repos/autonima-results/articles/ace_outputs,/home/zorro/repos/autonima-results/articles/ace_outputs/html/Journal of cognitive neuroscience/18303978.html,True
18325582,incomplete,/home/zorro/repos/autonima-results/articles/ace_outputs,/home/zorro/repos/autonima-results/articles/ace_outputs/html/Brain and language/18325582.html,True
18327832,incomplete,/home/zorro/repos/autonima-results/articles/ace_outputs,/home/zorro/repos/autonima-results/articles/ace_outputs/html/Behavioral sciences & the law/18327832.html,True
18330870,incomplete,/home/zorro/repos/autonima-results/articles/ace_outputs,/home/zorro/repos/autonima-results/articles/ace_outputs/html/Human brain mapping/18330870.html,True
18345980,incomplete,/home/zorro/repos/autonima-results/articles/ace_outputs,/home/zorro/repos/autonima-results/articles/ace_outputs/html/Journal of cognitive neuroscience/18345980.html,True
18345985,incomplete,/home/zorro/repos/autonima-results/articles/ace_outputs,/home/zorro/repos/autonima-results/articles/ace_outputs/html/Journal of cognitive neuroscience/18345985.html,True
18358455,incomplete,/home/zorro/repos/autonima-results/articles/ace_outputs,/home/zorro/repos/autonima-results/articles/ace_outputs/html/Brain research/18358455.html,True
18370596,incomplete,/home/zorro/repos/autonima-results/articles/ace_outputs,/home/zorro/repos/autonima-results/articles/ace_outputs/html/Journal of cognitive neuroscience/18370596.html,True
18378552,incomplete,/home/zorro/repos/autonima-results/articles/ace_outputs,/home/zorro/repos/autonima-results/articles/ace_outputs/html/The American journal of geriatric psychiatry : official journal of the American Association for Geriatric Psychiatry/18378552.html,True
18385328,incomplete,/home/zorro/repos/autonima-results/articles/ace_outputs,/home/zorro/repos/autonima-results/articles/ace_outputs/html/The Journal of neuroscience : the official journal of the Society for Neuroscience/18385328.html,True
18385330,incomplete,/home/zorro/repos/autonima-results/articles/ace_outputs,/home/zorro/repos/autonima-results/articles/ace_outputs/html/The Journal of neuroscience : the official journal of the Society for Neuroscience/18385330.html,True
18412112,incomplete,/home/zorro/repos/autonima-results/articles/ace_outputs,/home/zorro/repos/autonima-results/articles/ace_outputs/html/Human brain mapping/18412112.html,True
18412113,incomplete,/home/zorro/repos/autonima-results/articles/ace_outputs,/home/zorro/repos/autonima-results/articles/ace_outputs/html/Human brain mapping/18412113.html,True
18416674,incomplete,/home/zorro/repos/autonima-results/articles/ace_outputs,/home/zorro/repos/autonima-results/articles/ace_outputs/html/Journal of cognitive neuroscience/18416674.html,True
18416677,incomplete,/home/zorro/repos/autonima-results/articles/ace_outputs,/home/zorro/repos/autonima-results/articles/ace_outputs/html/Journal of cognitive neuroscience/18416677.html,True
18423837,incomplete,/home/zorro/repos/autonima-results/articles/ace_outputs,/home/zorro/repos/autonima-results/articles/ace_outputs/html/Biological psychology/18423837.html,True
18434199,incomplete,/home/zorro/repos/autonima-results/articles/ace_outputs,/home/zorro/repos/autonima-results/articles/ace_outputs/html/NeuroImage/18434199.html,True
18448644,incomplete,/home/zorro/repos/autonima-results/articles/ace_outputs,/home/zorro/repos/autonima-results/articles/ace_outputs/html/The Journal of neuroscience : the official journal of the Society for Neuroscience/18448644.html,True
18455373,incomplete,/home/zorro/repos/autonima-results/articles/ace_outputs,/home/zorro/repos/autonima-results/articles/ace_outputs/html/Psychiatry research/18455373.html,True
18457505,incomplete,/home/zorro/repos/autonima-results/articles/ace_outputs,/home/zorro/repos/autonima-results/articles/ace_outputs/html/Journal of cognitive neuroscience/18457505.html,True
18457512,incomplete,/home/zorro/repos/autonima-results/articles/ace_outputs,/home/zorro/repos/autonima-results/articles/ace_outputs/html/Journal of cognitive neuroscience/18457512.html,True
18465389,incomplete,/home/zorro/repos/autonima-results/articles/ace_outputs,/home/zorro/repos/autonima-results/articles/ace_outputs/html/Brain injury/18465389.html,True
18465748,incomplete,/home/zorro/repos/autonima-results/articles/ace_outputs,/home/zorro/repos/autonima-results/articles/ace_outputs/html/Human brain mapping/18465748.html,True
18485743,incomplete,/home/zorro/repos/autonima-results/articles/ace_outputs,/home/zorro/repos/autonima-results/articles/ace_outputs/html/NeuroImage/18485743.html,True
18495298,incomplete,/home/zorro/repos/autonima-results/articles/ace_outputs,/home/zorro/repos/autonima-results/articles/ace_outputs/html/Neurobiology of aging/18495298.html,True
18495886,incomplete,/home/zorro/repos/autonima-results/articles/ace_outputs,/home/zorro/repos/autonima-results/articles/ace_outputs/html/The Journal of neuroscience : the official journal of the Society for Neuroscience/18495886.html,True
18509047,incomplete,/home/zorro/repos/autonima-results/articles/ace_outputs,/home/zorro/repos/autonima-results/articles/ace_outputs/html/The Journal of neuroscience : the official journal of the Society for Neuroscience/18509047.html,True
18510442,incomplete,/home/zorro/repos/autonima-results/articles/ace_outputs,/home/zorro/repos/autonima-results/articles/ace_outputs/html/Journal of cognitive neuroscience/18510442.html,True
18510448,incomplete,/home/zorro/repos/autonima-results/articles/ace_outputs,/home/zorro/repos/autonima-results/articles/ace_outputs/html/Journal of cognitive neuroscience/18510448.html,True
18511955,incomplete,/home/zorro/repos/autonima-results/articles/ace_outputs,/home/zorro/repos/autonima-results/articles/ace_outputs/html/Acta neurobiologiae experimentalis/18511955.html,True
18534868,incomplete,/home/zorro/repos/autonima-results/articles/ace_outputs,/home/zorro/repos/autonima-results/articles/ace_outputs/html/NeuroImage/18534868.html,True
18550595,incomplete,/home/zorro/repos/autonima-results/articles/ace_outputs,"/home/zorro/repos/autonima-results/articles/ace_outputs/html/Cerebral cortex (New York, N.Y. : 1991)/18550595.html",True
18560059,incomplete,/home/zorro/repos/autonima-results/articles/ace_outputs,/home/zorro/repos/autonima-results/articles/ace_outputs/html/Physiological measurement/18560059.html,True
18562599,incomplete,/home/zorro/repos/autonima-results/articles/ace_outputs,/home/zorro/repos/autonima-results/articles/ace_outputs/html/The Journal of neuroscience : the official journal of the Society for Neuroscience/18562599.html,True
18571794,incomplete,/home/zorro/repos/autonima-results/articles/ace_outputs,/home/zorro/repos/autonima-results/articles/ace_outputs/html/Human brain mapping/18571794.html,True
18573836,incomplete,/home/zorro/repos/autonima-results/articles/ace_outputs,"/home/zorro/repos/autonima-results/articles/ace_outputs/html/Multiple sclerosis (Houndmills, Basingstoke, England)/18573836.html",True
18586110,incomplete,/home/zorro/repos/autonima-results/articles/ace_outputs,/home/zorro/repos/autonima-results/articles/ace_outputs/html/NeuroImage/18586110.html,True
18588988,incomplete,/home/zorro/repos/autonima-results/articles/ace_outputs,/home/zorro/repos/autonima-results/articles/ace_outputs/html/NeuroImage/18588988.html,True
18589507,incomplete,/home/zorro/repos/autonima-results/articles/ace_outputs,"/home/zorro/repos/autonima-results/articles/ace_outputs/html/Cognitive, affective & behavioral neuroscience/18589507.html",True
18602375,incomplete,/home/zorro/repos/autonima-results/articles/ace_outputs,/home/zorro/repos/autonima-results/articles/ace_outputs/html/Brain research/18602375.html,True
18605868,incomplete,/home/zorro/repos/autonima-results/articles/ace_outputs,"/home/zorro/repos/autonima-results/articles/ace_outputs/html/Journal of experimental psychology. Learning, memory, and cognition/18605868.html",True
18615011,incomplete,/home/zorro/repos/autonima-results/articles/ace_outputs,/home/zorro/repos/autonima-results/articles/ace_outputs/html/Neuropsychopharmacology : official publication of the American College of Neuropsychopharmacology/18615011.html,True
18621692,incomplete,/home/zorro/repos/autonima-results/articles/ace_outputs,/home/zorro/repos/autonima-results/articles/ace_outputs/html/Proceedings of the National Academy of Sciences of the United States of America/18621692.html,True
18632934,incomplete,/home/zorro/repos/autonima-results/articles/ace_outputs,/home/zorro/repos/autonima-results/articles/ace_outputs/html/The Journal of neuroscience : the official journal of the Society for Neuroscience/18632934.html,True
18634891,incomplete,/home/zorro/repos/autonima-results/articles/ace_outputs,/home/zorro/repos/autonima-results/articles/ace_outputs/html/NeuroImage/18634891.html,True
18654087,incomplete,/home/zorro/repos/autonima-results/articles/ace_outputs,/home/zorro/repos/autonima-results/articles/ace_outputs/html/Neuropsychobiology/18654087.html,True
18656545,incomplete,/home/zorro/repos/autonima-results/articles/ace_outputs,/home/zorro/repos/autonima-results/articles/ace_outputs/html/NeuroImage/18656545.html,True
18660499,incomplete,/home/zorro/repos/autonima-results/articles/ace_outputs,"/home/zorro/repos/autonima-results/articles/ace_outputs/html/Cerebral cortex (New York, N.Y. : 1991)/18660499.html",True
1866529,incomplete,/home/zorro/repos/autonima-results/articles/ace_outputs,/home/zorro/repos/autonima-results/articles/ace_outputs/html/Sleep/1866529.html,True
18674592,incomplete,/home/zorro/repos/autonima-results/articles/ace_outputs,/home/zorro/repos/autonima-results/articles/ace_outputs/html/Neuroscience/18674592.html,True
18674847,incomplete,/home/zorro/repos/autonima-results/articles/ace_outputs,/home/zorro/repos/autonima-results/articles/ace_outputs/html/Neurobiology of aging/18674847.html,True
18678469,incomplete,/home/zorro/repos/autonima-results/articles/ace_outputs,/home/zorro/repos/autonima-results/articles/ace_outputs/html/Schizophrenia research/18678469.html,True
18678764,incomplete,/home/zorro/repos/autonima-results/articles/ace_outputs,"/home/zorro/repos/autonima-results/articles/ace_outputs/html/Cerebral cortex (New York, N.Y. : 1991)/18678764.html",True
18692173,incomplete,/home/zorro/repos/autonima-results/articles/ace_outputs,/home/zorro/repos/autonima-results/articles/ace_outputs/html/Biological psychiatry/18692173.html,True
18711708,incomplete,/home/zorro/repos/autonima-results/articles/ace_outputs,/home/zorro/repos/autonima-results/articles/ace_outputs/html/Human brain mapping/18711708.html,True
18716203,incomplete,/home/zorro/repos/autonima-results/articles/ace_outputs,/home/zorro/repos/autonima-results/articles/ace_outputs/html/The Journal of neuroscience : the official journal of the Society for Neuroscience/18716203.html,True
18723676,incomplete,/home/zorro/repos/autonima-results/articles/ace_outputs,/home/zorro/repos/autonima-results/articles/ace_outputs/html/Proceedings of the National Academy of Sciences of the United States of America/18723676.html,True
18723901,incomplete,/home/zorro/repos/autonima-results/articles/ace_outputs,/home/zorro/repos/autonima-results/articles/ace_outputs/html/Journal of sport & exercise psychology/18723901.html,True
18729079,incomplete,/home/zorro/repos/autonima-results/articles/ace_outputs,/home/zorro/repos/autonima-results/articles/ace_outputs/html/Human brain mapping/18729079.html,True
18757744,incomplete,/home/zorro/repos/autonima-results/articles/ace_outputs,/home/zorro/repos/autonima-results/articles/ace_outputs/html/Proceedings of the National Academy of Sciences of the United States of America/18757744.html,True
18766010,incomplete,/home/zorro/repos/autonima-results/articles/ace_outputs,/home/zorro/repos/autonima-results/articles/ace_outputs/html/Neuroreport/18766010.html,True
18775784,incomplete,/home/zorro/repos/autonima-results/articles/ace_outputs,/home/zorro/repos/autonima-results/articles/ace_outputs/html/NeuroImage/18775784.html,True
18799294,incomplete,/home/zorro/repos/autonima-results/articles/ace_outputs,/home/zorro/repos/autonima-results/articles/ace_outputs/html/Psychiatry research/18799294.html,True
18799681,incomplete,/home/zorro/repos/autonima-results/articles/ace_outputs,/home/zorro/repos/autonima-results/articles/ace_outputs/html/The Journal of neuroscience : the official journal of the Society for Neuroscience/18799681.html,True
18814461,incomplete,/home/zorro/repos/autonima-results/articles/ace_outputs,"/home/zorro/repos/autonima-results/articles/ace_outputs/html/Cognitive, affective & behavioral neuroscience/18814461.html",True
18815263,incomplete,/home/zorro/repos/autonima-results/articles/ace_outputs,/home/zorro/repos/autonima-results/articles/ace_outputs/html/The Journal of neuroscience : the official journal of the Society for Neuroscience/18815263.html,True
18823245,incomplete,/home/zorro/repos/autonima-results/articles/ace_outputs,/home/zorro/repos/autonima-results/articles/ace_outputs/html/Journal of cognitive neuroscience/18823245.html,True
18823880,incomplete,/home/zorro/repos/autonima-results/articles/ace_outputs,/home/zorro/repos/autonima-results/articles/ace_outputs/html/Biological psychiatry/18823880.html,True
18829695,incomplete,/home/zorro/repos/autonima-results/articles/ace_outputs,/home/zorro/repos/autonima-results/articles/ace_outputs/html/Brain : a journal of neurology/18829695.html,True
18832559,incomplete,/home/zorro/repos/autonima-results/articles/ace_outputs,"/home/zorro/repos/autonima-results/articles/ace_outputs/html/Learning & memory (Cold Spring Harbor, N.Y.)/18832559.html",True
18854581,incomplete,/home/zorro/repos/autonima-results/articles/ace_outputs,"/home/zorro/repos/autonima-results/articles/ace_outputs/html/Cerebral cortex (New York, N.Y. : 1991)/18854581.html",True
18855545,incomplete,/home/zorro/repos/autonima-results/articles/ace_outputs,/home/zorro/repos/autonima-results/articles/ace_outputs/html/Journal of cognitive neuroscience/18855545.html,True
18948965,incomplete,/home/zorro/repos/autonima-results/articles/ace_outputs,"/home/zorro/repos/autonima-results/articles/ace_outputs/html/Obesity (Silver Spring, Md.)/18948965.html",True
18954965,incomplete,/home/zorro/repos/autonima-results/articles/ace_outputs,/home/zorro/repos/autonima-results/articles/ace_outputs/html/Psychiatry research/18954965.html,True
18971297,incomplete,/home/zorro/repos/autonima-results/articles/ace_outputs,/home/zorro/repos/autonima-results/articles/ace_outputs/html/Journal of neurophysiology/18971297.html,True
18978666,incomplete,/home/zorro/repos/autonima-results/articles/ace_outputs,/home/zorro/repos/autonima-results/articles/ace_outputs/html/Journal of neurologic physical therapy : JNPT/18978666.html,True
18983833,incomplete,/home/zorro/repos/autonima-results/articles/ace_outputs,/home/zorro/repos/autonima-results/articles/ace_outputs/html/Brain research/18983833.html,True
19005068,incomplete,/home/zorro/repos/autonima-results/articles/ace_outputs,/home/zorro/repos/autonima-results/articles/ace_outputs/html/The Journal of neuroscience : the official journal of the Society for Neuroscience/19005068.html,True
19015088,incomplete,/home/zorro/repos/autonima-results/articles/ace_outputs,/home/zorro/repos/autonima-results/articles/ace_outputs/html/Social cognitive and affective neuroscience/19015088.html,True
19027079,incomplete,/home/zorro/repos/autonima-results/articles/ace_outputs,/home/zorro/repos/autonima-results/articles/ace_outputs/html/NeuroImage/19027079.html,True
19036975,incomplete,/home/zorro/repos/autonima-results/articles/ace_outputs,/home/zorro/repos/autonima-results/articles/ace_outputs/html/The Journal of neuroscience : the official journal of the Society for Neuroscience/19036975.html,True
19038899,incomplete,/home/zorro/repos/autonima-results/articles/ace_outputs,/home/zorro/repos/autonima-results/articles/ace_outputs/html/The American journal of geriatric psychiatry : official journal of the American Association for Geriatric Psychiatry/19038899.html,True
19046396,incomplete,/home/zorro/repos/autonima-results/articles/ace_outputs,/home/zorro/repos/autonima-results/articles/ace_outputs/html/The European journal of neuroscience/19046396.html,True
19065145,incomplete,/home/zorro/repos/autonima-results/articles/ace_outputs,/home/zorro/repos/autonima-results/articles/ace_outputs/html/Molecular psychiatry/19065145.html,True
19065146,incomplete,/home/zorro/repos/autonima-results/articles/ace_outputs,/home/zorro/repos/autonima-results/articles/ace_outputs/html/Molecular psychiatry/19065146.html,True
19074013,incomplete,/home/zorro/repos/autonima-results/articles/ace_outputs,/home/zorro/repos/autonima-results/articles/ace_outputs/html/The Journal of neuroscience : the official journal of the Society for Neuroscience/19074013.html,True
19074015,incomplete,/home/zorro/repos/autonima-results/articles/ace_outputs,/home/zorro/repos/autonima-results/articles/ace_outputs/html/The Journal of neuroscience : the official journal of the Society for Neuroscience/19074015.html,True
19086020,incomplete,/home/zorro/repos/autonima-results/articles/ace_outputs,/home/zorro/repos/autonima-results/articles/ace_outputs/html/Human brain mapping/19086020.html,True
19086021,incomplete,/home/zorro/repos/autonima-results/articles/ace_outputs,/home/zorro/repos/autonima-results/articles/ace_outputs/html/Human brain mapping/19086021.html,True
19091969,incomplete,/home/zorro/repos/autonima-results/articles/ace_outputs,/home/zorro/repos/autonima-results/articles/ace_outputs/html/The Journal of neuroscience : the official journal of the Society for Neuroscience/19091969.html,True
19107748,incomplete,/home/zorro/repos/autonima-results/articles/ace_outputs,/home/zorro/repos/autonima-results/articles/ace_outputs/html/Human brain mapping/19107748.html,True
19111526,incomplete,/home/zorro/repos/autonima-results/articles/ace_outputs,/home/zorro/repos/autonima-results/articles/ace_outputs/html/Brain research/19111526.html,True
19117278,incomplete,/home/zorro/repos/autonima-results/articles/ace_outputs,/home/zorro/repos/autonima-results/articles/ace_outputs/html/Human brain mapping/19117278.html,True
19120444,incomplete,/home/zorro/repos/autonima-results/articles/ace_outputs,/home/zorro/repos/autonima-results/articles/ace_outputs/html/The European journal of neuroscience/19120444.html,True
19124032,incomplete,/home/zorro/repos/autonima-results/articles/ace_outputs,/home/zorro/repos/autonima-results/articles/ace_outputs/html/Neuropsychologia/19124032.html,True
19129391,incomplete,/home/zorro/repos/autonima-results/articles/ace_outputs,/home/zorro/repos/autonima-results/articles/ace_outputs/html/The Journal of neuroscience : the official journal of the Society for Neuroscience/19129391.html,True
19163753,incomplete,/home/zorro/repos/autonima-results/articles/ace_outputs,/home/zorro/repos/autonima-results/articles/ace_outputs/html/Annual International Conference of the IEEE Engineering in Medicine and Biology Society. IEEE Engineering in Medicine and Biology Society. Annual International Conference/19163753.html,True
19164587,incomplete,/home/zorro/repos/autonima-results/articles/ace_outputs,/home/zorro/repos/autonima-results/articles/ace_outputs/html/Proceedings of the National Academy of Sciences of the United States of America/19164587.html,True
19170662,incomplete,/home/zorro/repos/autonima-results/articles/ace_outputs,"/home/zorro/repos/autonima-results/articles/ace_outputs/html/Alcoholism, clinical and experimental research/19170662.html",True
19170936,incomplete,/home/zorro/repos/autonima-results/articles/ace_outputs,/home/zorro/repos/autonima-results/articles/ace_outputs/html/Psychological science/19170936.html,True
19176830,incomplete,/home/zorro/repos/autonima-results/articles/ace_outputs,/home/zorro/repos/autonima-results/articles/ace_outputs/html/The Journal of neuroscience : the official journal of the Society for Neuroscience/19176830.html,True
19180558,incomplete,/home/zorro/repos/autonima-results/articles/ace_outputs,/home/zorro/repos/autonima-results/articles/ace_outputs/html/Human brain mapping/19180558.html,True
19196494,incomplete,/home/zorro/repos/autonima-results/articles/ace_outputs,/home/zorro/repos/autonima-results/articles/ace_outputs/html/Schizophrenia research/19196494.html,True
19199402,incomplete,/home/zorro/repos/autonima-results/articles/ace_outputs,/home/zorro/repos/autonima-results/articles/ace_outputs/html/Journal of cognitive neuroscience/19199402.html,True
19224975,incomplete,/home/zorro/repos/autonima-results/articles/ace_outputs,"/home/zorro/repos/autonima-results/articles/ace_outputs/html/Cerebral cortex (New York, N.Y. : 1991)/19224975.html",True
19235877,incomplete,/home/zorro/repos/autonima-results/articles/ace_outputs,/home/zorro/repos/autonima-results/articles/ace_outputs/html/Human brain mapping/19235877.html,True
19249748,incomplete,/home/zorro/repos/autonima-results/articles/ace_outputs,/home/zorro/repos/autonima-results/articles/ace_outputs/html/Biological psychiatry/19249748.html,True
19264140,incomplete,/home/zorro/repos/autonima-results/articles/ace_outputs,/home/zorro/repos/autonima-results/articles/ace_outputs/html/NeuroImage/19264140.html,True
19304893,incomplete,/home/zorro/repos/autonima-results/articles/ace_outputs,"/home/zorro/repos/autonima-results/articles/ace_outputs/html/Learning & memory (Cold Spring Harbor, N.Y.)/19304893.html",True
19339493,incomplete,/home/zorro/repos/autonima-results/articles/ace_outputs,/home/zorro/repos/autonima-results/articles/ace_outputs/html/Proceedings of the National Academy of Sciences of the United States of America/19339493.html,True
19350561,incomplete,/home/zorro/repos/autonima-results/articles/ace_outputs,/home/zorro/repos/autonima-results/articles/ace_outputs/html/Human brain mapping/19350561.html,True
19357393,incomplete,/home/zorro/repos/autonima-results/articles/ace_outputs,"/home/zorro/repos/autonima-results/articles/ace_outputs/html/Cerebral cortex (New York, N.Y. : 1991)/19357393.html",True
19369539,incomplete,/home/zorro/repos/autonima-results/articles/ace_outputs,/home/zorro/repos/autonima-results/articles/ace_outputs/html/The Journal of neuroscience : the official journal of the Society for Neuroscience/19369539.html,True
19378878,incomplete,/home/zorro/repos/autonima-results/articles/ace_outputs,/home/zorro/repos/autonima-results/articles/ace_outputs/html/Archives italiennes de biologie/19378878.html,True
19387979,incomplete,/home/zorro/repos/autonima-results/articles/ace_outputs,/home/zorro/repos/autonima-results/articles/ace_outputs/html/Human brain mapping/19387979.html,True
19395526,incomplete,/home/zorro/repos/autonima-results/articles/ace_outputs,"/home/zorro/repos/autonima-results/articles/ace_outputs/html/Cerebral cortex (New York, N.Y. : 1991)/19395526.html",True
19397858,incomplete,/home/zorro/repos/autonima-results/articles/ace_outputs,/home/zorro/repos/autonima-results/articles/ace_outputs/html/Neuropsychologia/19397858.html,True
19397862,incomplete,/home/zorro/repos/autonima-results/articles/ace_outputs,/home/zorro/repos/autonima-results/articles/ace_outputs/html/Neuropsychologia/19397862.html,True
19400679,incomplete,/home/zorro/repos/autonima-results/articles/ace_outputs,/home/zorro/repos/autonima-results/articles/ace_outputs/html/Journal of cognitive neuroscience/19400679.html,True
19401178,incomplete,/home/zorro/repos/autonima-results/articles/ace_outputs,/home/zorro/repos/autonima-results/articles/ace_outputs/html/Brain research/19401178.html,True
19416819,incomplete,/home/zorro/repos/autonima-results/articles/ace_outputs,/home/zorro/repos/autonima-results/articles/ace_outputs/html/Proceedings of the National Academy of Sciences of the United States of America/19416819.html,True
19418476,incomplete,/home/zorro/repos/autonima-results/articles/ace_outputs,/home/zorro/repos/autonima-results/articles/ace_outputs/html/International journal of geriatric psychiatry/19418476.html,True
19418510,incomplete,/home/zorro/repos/autonima-results/articles/ace_outputs,"/home/zorro/repos/autonima-results/articles/ace_outputs/html/American journal of medical genetics. Part B, Neuropsychiatric genetics : the official publication of the International Society of Psychiatric Genetics/19418510.html",True
19427089,incomplete,/home/zorro/repos/autonima-results/articles/ace_outputs,/home/zorro/repos/autonima-results/articles/ace_outputs/html/Brain and cognition/19427089.html,True
19429861,incomplete,/home/zorro/repos/autonima-results/articles/ace_outputs,"/home/zorro/repos/autonima-results/articles/ace_outputs/html/Cerebral cortex (New York, N.Y. : 1991)/19429861.html",True
19434601,incomplete,/home/zorro/repos/autonima-results/articles/ace_outputs,/home/zorro/repos/autonima-results/articles/ace_outputs/html/Human brain mapping/19434601.html,True
19449330,incomplete,/home/zorro/repos/autonima-results/articles/ace_outputs,/home/zorro/repos/autonima-results/articles/ace_outputs/html/Human brain mapping/19449330.html,True
19457372,incomplete,/home/zorro/repos/autonima-results/articles/ace_outputs,/home/zorro/repos/autonima-results/articles/ace_outputs/html/NeuroImage/19457372.html,True
19457398,incomplete,/home/zorro/repos/autonima-results/articles/ace_outputs,/home/zorro/repos/autonima-results/articles/ace_outputs/html/NeuroImage/19457398.html,True
19480991,incomplete,/home/zorro/repos/autonima-results/articles/ace_outputs,/home/zorro/repos/autonima-results/articles/ace_outputs/html/Brain research bulletin/19480991.html,True
19482231,incomplete,/home/zorro/repos/autonima-results/articles/ace_outputs,/home/zorro/repos/autonima-results/articles/ace_outputs/html/Biological psychology/19482231.html,True
19490513,incomplete,/home/zorro/repos/autonima-results/articles/ace_outputs,/home/zorro/repos/autonima-results/articles/ace_outputs/html/Psychophysiology/19490513.html,True
19494138,incomplete,/home/zorro/repos/autonima-results/articles/ace_outputs,/home/zorro/repos/autonima-results/articles/ace_outputs/html/The Journal of neuroscience : the official journal of the Society for Neuroscience/19494138.html,True
19540922,incomplete,/home/zorro/repos/autonima-results/articles/ace_outputs,/home/zorro/repos/autonima-results/articles/ace_outputs/html/NeuroImage/19540922.html,True
19553435,incomplete,/home/zorro/repos/autonima-results/articles/ace_outputs,/home/zorro/repos/autonima-results/articles/ace_outputs/html/The Journal of neuroscience : the official journal of the Society for Neuroscience/19553435.html,True
19579091,incomplete,/home/zorro/repos/autonima-results/articles/ace_outputs,/home/zorro/repos/autonima-results/articles/ace_outputs/html/The American journal of drug and alcohol abuse/19579091.html,True
19583473,incomplete,/home/zorro/repos/autonima-results/articles/ace_outputs,/home/zorro/repos/autonima-results/articles/ace_outputs/html/Journal of cognitive neuroscience/19583473.html,True
19585350,incomplete,/home/zorro/repos/autonima-results/articles/ace_outputs,/home/zorro/repos/autonima-results/articles/ace_outputs/html/Neurocase/19585350.html,True
19587274,incomplete,/home/zorro/repos/autonima-results/articles/ace_outputs,/home/zorro/repos/autonima-results/articles/ace_outputs/html/The Journal of neuroscience : the official journal of the Society for Neuroscience/19587274.html,True
19587291,incomplete,/home/zorro/repos/autonima-results/articles/ace_outputs,/home/zorro/repos/autonima-results/articles/ace_outputs/html/The Journal of neuroscience : the official journal of the Society for Neuroscience/19587291.html,True
19603410,incomplete,/home/zorro/repos/autonima-results/articles/ace_outputs,/home/zorro/repos/autonima-results/articles/ace_outputs/html/Human brain mapping/19603410.html,True
19620107,incomplete,/home/zorro/repos/autonima-results/articles/ace_outputs,"/home/zorro/repos/autonima-results/articles/ace_outputs/html/Philosophical transactions of the Royal Society of London. Series B, Biological sciences/19620107.html",True
19628700,incomplete,/home/zorro/repos/autonima-results/articles/ace_outputs,/home/zorro/repos/autonima-results/articles/ace_outputs/html/Social cognitive and affective neuroscience/19628700.html,True
19632335,incomplete,/home/zorro/repos/autonima-results/articles/ace_outputs,/home/zorro/repos/autonima-results/articles/ace_outputs/html/NeuroImage/19632335.html,True
19642048,incomplete,/home/zorro/repos/autonima-results/articles/ace_outputs,/home/zorro/repos/autonima-results/articles/ace_outputs/html/Journal of clinical and experimental neuropsychology/19642048.html,True
19648173,incomplete,/home/zorro/repos/autonima-results/articles/ace_outputs,"/home/zorro/repos/autonima-results/articles/ace_outputs/html/Cerebral cortex (New York, N.Y. : 1991)/19648173.html",True
19650139,incomplete,/home/zorro/repos/autonima-results/articles/ace_outputs,/home/zorro/repos/autonima-results/articles/ace_outputs/html/Human brain mapping/19650139.html,True
19666577,incomplete,/home/zorro/repos/autonima-results/articles/ace_outputs,/home/zorro/repos/autonima-results/articles/ace_outputs/html/Proceedings of the National Academy of Sciences of the United States of America/19666577.html,True
19678593,incomplete,/home/zorro/repos/autonima-results/articles/ace_outputs,/home/zorro/repos/autonima-results/articles/ace_outputs/html/Archives italiennes de biologie/19678593.html,True
19679762,incomplete,/home/zorro/repos/autonima-results/articles/ace_outputs,"/home/zorro/repos/autonima-results/articles/ace_outputs/html/Cognitive, affective & behavioral neuroscience/19679762.html",True
19699019,incomplete,/home/zorro/repos/autonima-results/articles/ace_outputs,/home/zorro/repos/autonima-results/articles/ace_outputs/html/Brain and cognition/19699019.html,True
19713300,incomplete,/home/zorro/repos/autonima-results/articles/ace_outputs,/home/zorro/repos/autonima-results/articles/ace_outputs/html/Schizophrenia bulletin/19713300.html,True
19732840,incomplete,/home/zorro/repos/autonima-results/articles/ace_outputs,/home/zorro/repos/autonima-results/articles/ace_outputs/html/NeuroImage/19732840.html,True
19739909,incomplete,/home/zorro/repos/autonima-results/articles/ace_outputs,/home/zorro/repos/autonima-results/articles/ace_outputs/html/Psychology and aging/19739909.html,True
19747163,incomplete,/home/zorro/repos/autonima-results/articles/ace_outputs,/home/zorro/repos/autonima-results/articles/ace_outputs/html/Current Alzheimer research/19747163.html,True
19750921,incomplete,/home/zorro/repos/autonima-results/articles/ace_outputs,/home/zorro/repos/autonima-results/articles/ace_outputs/html/Sleep/19750921.html,True
19777556,incomplete,/home/zorro/repos/autonima-results/articles/ace_outputs,/home/zorro/repos/autonima-results/articles/ace_outputs/html/Human brain mapping/19777556.html,True
19789183,incomplete,/home/zorro/repos/autonima-results/articles/ace_outputs,"/home/zorro/repos/autonima-results/articles/ace_outputs/html/Cerebral cortex (New York, N.Y. : 1991)/19789183.html",True
19803688,incomplete,/home/zorro/repos/autonima-results/articles/ace_outputs,/home/zorro/repos/autonima-results/articles/ace_outputs/html/Journal of cognitive neuroscience/19803688.html,True
19805050,incomplete,/home/zorro/repos/autonima-results/articles/ace_outputs,/home/zorro/repos/autonima-results/articles/ace_outputs/html/Proceedings of the National Academy of Sciences of the United States of America/19805050.html,True
19811779,incomplete,/home/zorro/repos/autonima-results/articles/ace_outputs,/home/zorro/repos/autonima-results/articles/ace_outputs/html/Cortex; a journal devoted to the study of the nervous system and behavior/19811779.html,True
19812330,incomplete,/home/zorro/repos/autonima-results/articles/ace_outputs,/home/zorro/repos/autonima-results/articles/ace_outputs/html/The Journal of neuroscience : the official journal of the Society for Neuroscience/19812330.html,True
19815079,incomplete,/home/zorro/repos/autonima-results/articles/ace_outputs,/home/zorro/repos/autonima-results/articles/ace_outputs/html/NeuroImage/19815079.html,True
19846721,incomplete,/home/zorro/repos/autonima-results/articles/ace_outputs,/home/zorro/repos/autonima-results/articles/ace_outputs/html/The Journal of neuroscience : the official journal of the Society for Neuroscience/19846721.html,True
1985266,incomplete,/home/zorro/repos/autonima-results/articles/ace_outputs,/home/zorro/repos/autonima-results/articles/ace_outputs/html/Nature/1985266.html,True
19853247,incomplete,/home/zorro/repos/autonima-results/articles/ace_outputs,/home/zorro/repos/autonima-results/articles/ace_outputs/html/Cortex; a journal devoted to the study of the nervous system and behavior/19853247.html,True
19857008,incomplete,/home/zorro/repos/autonima-results/articles/ace_outputs,/home/zorro/repos/autonima-results/articles/ace_outputs/html/Journal of personality and social psychology/19857008.html,True
19864586,incomplete,/home/zorro/repos/autonima-results/articles/ace_outputs,/home/zorro/repos/autonima-results/articles/ace_outputs/html/The Journal of neuroscience : the official journal of the Society for Neuroscience/19864586.html,True
19883772,incomplete,/home/zorro/repos/autonima-results/articles/ace_outputs,/home/zorro/repos/autonima-results/articles/ace_outputs/html/NeuroImage/19883772.html,True
19907418,incomplete,/home/zorro/repos/autonima-results/articles/ace_outputs,/home/zorro/repos/autonima-results/articles/ace_outputs/html/Neuropsychopharmacology : official publication of the American College of Neuropsychopharmacology/19907418.html,True
19913622,incomplete,/home/zorro/repos/autonima-results/articles/ace_outputs,/home/zorro/repos/autonima-results/articles/ace_outputs/html/NeuroImage/19913622.html,True
19914044,incomplete,/home/zorro/repos/autonima-results/articles/ace_outputs,/home/zorro/repos/autonima-results/articles/ace_outputs/html/Psychiatry research/19914044.html,True
19915091,incomplete,/home/zorro/repos/autonima-results/articles/ace_outputs,"/home/zorro/repos/autonima-results/articles/ace_outputs/html/Cerebral cortex (New York, N.Y. : 1991)/19915091.html",True
19924114,incomplete,/home/zorro/repos/autonima-results/articles/ace_outputs,/home/zorro/repos/autonima-results/articles/ace_outputs/html/Neuropsychopharmacology : official publication of the American College of Neuropsychopharmacology/19924114.html,True
19925871,incomplete,/home/zorro/repos/autonima-results/articles/ace_outputs,/home/zorro/repos/autonima-results/articles/ace_outputs/html/NeuroImage/19925871.html,True
19940177,incomplete,/home/zorro/repos/autonima-results/articles/ace_outputs,/home/zorro/repos/autonima-results/articles/ace_outputs/html/The Journal of neuroscience : the official journal of the Society for Neuroscience/19940177.html,True
19944766,incomplete,/home/zorro/repos/autonima-results/articles/ace_outputs,/home/zorro/repos/autonima-results/articles/ace_outputs/html/NeuroImage/19944766.html,True
19955378,incomplete,/home/zorro/repos/autonima-results/articles/ace_outputs,/home/zorro/repos/autonima-results/articles/ace_outputs/html/The Journal of neuroscience : the official journal of the Society for Neuroscience/19955378.html,True
19956088,incomplete,/home/zorro/repos/autonima-results/articles/ace_outputs,/home/zorro/repos/autonima-results/articles/ace_outputs/html/Neuropsychopharmacology : official publication of the American College of Neuropsychopharmacology/19956088.html,True
19961940,incomplete,/home/zorro/repos/autonima-results/articles/ace_outputs,/home/zorro/repos/autonima-results/articles/ace_outputs/html/NeuroImage/19961940.html,True
19962859,incomplete,/home/zorro/repos/autonima-results/articles/ace_outputs,/home/zorro/repos/autonima-results/articles/ace_outputs/html/Psychiatry research/19962859.html,True
19963356,incomplete,/home/zorro/repos/autonima-results/articles/ace_outputs,/home/zorro/repos/autonima-results/articles/ace_outputs/html/Psychiatry research/19963356.html,True
19964851,incomplete,/home/zorro/repos/autonima-results/articles/ace_outputs,/home/zorro/repos/autonima-results/articles/ace_outputs/html/Annual International Conference of the IEEE Engineering in Medicine and Biology Society. IEEE Engineering in Medicine and Biology Society. Annual International Conference/19964851.html,True
20032247,incomplete,/home/zorro/repos/autonima-results/articles/ace_outputs,/home/zorro/repos/autonima-results/articles/ace_outputs/html/Journal of neurophysiology/20032247.html,True
20035016,incomplete,/home/zorro/repos/autonima-results/articles/ace_outputs,/home/zorro/repos/autonima-results/articles/ace_outputs/html/Social cognitive and affective neuroscience/20035016.html,True
20035885,incomplete,/home/zorro/repos/autonima-results/articles/ace_outputs,/home/zorro/repos/autonima-results/articles/ace_outputs/html/NeuroImage/20035885.html,True
20045067,incomplete,/home/zorro/repos/autonima-results/articles/ace_outputs,/home/zorro/repos/autonima-results/articles/ace_outputs/html/NeuroImage/20045067.html,True
20060961,incomplete,/home/zorro/repos/autonima-results/articles/ace_outputs,/home/zorro/repos/autonima-results/articles/ace_outputs/html/Biological psychiatry/20060961.html,True
20063302,incomplete,/home/zorro/repos/autonima-results/articles/ace_outputs,/home/zorro/repos/autonima-results/articles/ace_outputs/html/Human brain mapping/20063302.html,True
20071459,incomplete,/home/zorro/repos/autonima-results/articles/ace_outputs,"/home/zorro/repos/autonima-results/articles/ace_outputs/html/Cerebral cortex (New York, N.Y. : 1991)/20071459.html",True
20080981,incomplete,/home/zorro/repos/autonima-results/articles/ace_outputs,/home/zorro/repos/autonima-results/articles/ace_outputs/html/The American journal of psychiatry/20080981.html,True
20090673,incomplete,/home/zorro/repos/autonima-results/articles/ace_outputs,/home/zorro/repos/autonima-results/articles/ace_outputs/html/Neuropsychopharmacology : official publication of the American College of Neuropsychopharmacology/20090673.html,True
20097332,incomplete,/home/zorro/repos/autonima-results/articles/ace_outputs,/home/zorro/repos/autonima-results/articles/ace_outputs/html/Cortex; a journal devoted to the study of the nervous system and behavior/20097332.html,True
20107051,incomplete,/home/zorro/repos/autonima-results/articles/ace_outputs,/home/zorro/repos/autonima-results/articles/ace_outputs/html/The Journal of neuroscience : the official journal of the Society for Neuroscience/20107051.html,True
20107076,incomplete,/home/zorro/repos/autonima-results/articles/ace_outputs,/home/zorro/repos/autonima-results/articles/ace_outputs/html/The Journal of neuroscience : the official journal of the Society for Neuroscience/20107076.html,True
20114081,incomplete,/home/zorro/repos/autonima-results/articles/ace_outputs,/home/zorro/repos/autonima-results/articles/ace_outputs/html/NeuroImage/20114081.html,True
20116416,incomplete,/home/zorro/repos/autonima-results/articles/ace_outputs,/home/zorro/repos/autonima-results/articles/ace_outputs/html/Neuroscience/20116416.html,True
20121315,incomplete,/home/zorro/repos/autonima-results/articles/ace_outputs,/home/zorro/repos/autonima-results/articles/ace_outputs/html/Journal of experimental psychology. General/20121315.html,True
20123030,incomplete,/home/zorro/repos/autonima-results/articles/ace_outputs,/home/zorro/repos/autonima-results/articles/ace_outputs/html/NeuroImage/20123030.html,True
20127868,incomplete,/home/zorro/repos/autonima-results/articles/ace_outputs,/home/zorro/repos/autonima-results/articles/ace_outputs/html/Human brain mapping/20127868.html,True
20147457,incomplete,/home/zorro/repos/autonima-results/articles/ace_outputs,/home/zorro/repos/autonima-results/articles/ace_outputs/html/Social cognitive and affective neuroscience/20147457.html,True
20162605,incomplete,/home/zorro/repos/autonima-results/articles/ace_outputs,/home/zorro/repos/autonima-results/articles/ace_outputs/html/Human brain mapping/20162605.html,True
20164352,incomplete,/home/zorro/repos/autonima-results/articles/ace_outputs,/home/zorro/repos/autonima-results/articles/ace_outputs/html/The Journal of neuroscience : the official journal of the Society for Neuroscience/20164352.html,True
20176860,incomplete,/home/zorro/repos/autonima-results/articles/ace_outputs,/home/zorro/repos/autonima-results/articles/ace_outputs/html/Schizophrenia bulletin/20176860.html,True
20184806,incomplete,/home/zorro/repos/autonima-results/articles/ace_outputs,/home/zorro/repos/autonima-results/articles/ace_outputs/html/Journal of psychiatry & neuroscience : JPN/20184806.html,True
20203176,incomplete,/home/zorro/repos/autonima-results/articles/ace_outputs,/home/zorro/repos/autonima-results/articles/ace_outputs/html/The Journal of neuroscience : the official journal of the Society for Neuroscience/20203176.html,True
20220020,incomplete,/home/zorro/repos/autonima-results/articles/ace_outputs,/home/zorro/repos/autonima-results/articles/ace_outputs/html/The Journal of neuroscience : the official journal of the Society for Neuroscience/20220020.html,True
20227857,incomplete,/home/zorro/repos/autonima-results/articles/ace_outputs,/home/zorro/repos/autonima-results/articles/ace_outputs/html/Psychiatry research/20227857.html,True
20237284,incomplete,/home/zorro/repos/autonima-results/articles/ace_outputs,/home/zorro/repos/autonima-results/articles/ace_outputs/html/The Journal of neuroscience : the official journal of the Society for Neuroscience/20237284.html,True
20300040,incomplete,/home/zorro/repos/autonima-results/articles/ace_outputs,"/home/zorro/repos/autonima-results/articles/ace_outputs/html/Menopause (New York, N.Y.)/20300040.html",True
20304477,incomplete,/home/zorro/repos/autonima-results/articles/ace_outputs,/home/zorro/repos/autonima-results/articles/ace_outputs/html/Brain and language/20304477.html,True
20350182,incomplete,/home/zorro/repos/autonima-results/articles/ace_outputs,/home/zorro/repos/autonima-results/articles/ace_outputs/html/Journal of cognitive neuroscience/20350182.html,True
20373347,incomplete,/home/zorro/repos/autonima-results/articles/ace_outputs,/home/zorro/repos/autonima-results/articles/ace_outputs/html/Annals of neurology/20373347.html,True
20388694,incomplete,/home/zorro/repos/autonima-results/articles/ace_outputs,/home/zorro/repos/autonima-results/articles/ace_outputs/html/Social cognitive and affective neuroscience/20388694.html,True
20394829,incomplete,/home/zorro/repos/autonima-results/articles/ace_outputs,/home/zorro/repos/autonima-results/articles/ace_outputs/html/NeuroImage/20394829.html,True
20395556,incomplete,/home/zorro/repos/autonima-results/articles/ace_outputs,/home/zorro/repos/autonima-results/articles/ace_outputs/html/American journal of respiratory and critical care medicine/20395556.html,True
20412836,incomplete,/home/zorro/repos/autonima-results/articles/ace_outputs,/home/zorro/repos/autonima-results/articles/ace_outputs/html/Neuroscience/20412836.html,True
20427665,incomplete,/home/zorro/repos/autonima-results/articles/ace_outputs,/home/zorro/repos/autonima-results/articles/ace_outputs/html/The Journal of neuroscience : the official journal of the Society for Neuroscience/20427665.html,True
20429858,incomplete,/home/zorro/repos/autonima-results/articles/ace_outputs,/home/zorro/repos/autonima-results/articles/ace_outputs/html/Journal of cognitive neuroscience/20429858.html,True
20434133,incomplete,/home/zorro/repos/autonima-results/articles/ace_outputs,/home/zorro/repos/autonima-results/articles/ace_outputs/html/Biological psychiatry/20434133.html,True
20434565,incomplete,/home/zorro/repos/autonima-results/articles/ace_outputs,/home/zorro/repos/autonima-results/articles/ace_outputs/html/NeuroImage/20434565.html,True
20451631,incomplete,/home/zorro/repos/autonima-results/articles/ace_outputs,/home/zorro/repos/autonima-results/articles/ace_outputs/html/NeuroImage/20451631.html,True
20452445,incomplete,/home/zorro/repos/autonima-results/articles/ace_outputs,/home/zorro/repos/autonima-results/articles/ace_outputs/html/NeuroImage/20452445.html,True
20455867,incomplete,/home/zorro/repos/autonima-results/articles/ace_outputs,/home/zorro/repos/autonima-results/articles/ace_outputs/html/Current Alzheimer research/20455867.html,True
20463658,incomplete,/home/zorro/repos/autonima-results/articles/ace_outputs,/home/zorro/repos/autonima-results/articles/ace_outputs/html/Neuropsychopharmacology : official publication of the American College of Neuropsychopharmacology/20463658.html,True
20477775,incomplete,/home/zorro/repos/autonima-results/articles/ace_outputs,"/home/zorro/repos/autonima-results/articles/ace_outputs/html/Alcoholism, clinical and experimental research/20477775.html",True
20477978,incomplete,/home/zorro/repos/autonima-results/articles/ace_outputs,/home/zorro/repos/autonima-results/articles/ace_outputs/html/Psychophysiology/20477978.html,True
20493622,incomplete,/home/zorro/repos/autonima-results/articles/ace_outputs,/home/zorro/repos/autonima-results/articles/ace_outputs/html/Brain and cognition/20493622.html,True
20496060,incomplete,/home/zorro/repos/autonima-results/articles/ace_outputs,/home/zorro/repos/autonima-results/articles/ace_outputs/html/Experimental brain research/20496060.html,True
20498341,incomplete,/home/zorro/repos/autonima-results/articles/ace_outputs,"/home/zorro/repos/autonima-results/articles/ace_outputs/html/Cognitive, affective & behavioral neuroscience/20498341.html",True
20498351,incomplete,/home/zorro/repos/autonima-results/articles/ace_outputs,"/home/zorro/repos/autonima-results/articles/ace_outputs/html/Cognitive, affective & behavioral neuroscience/20498351.html",True
20501484,incomplete,/home/zorro/repos/autonima-results/articles/ace_outputs,/home/zorro/repos/autonima-results/articles/ace_outputs/html/Social cognitive and affective neuroscience/20501484.html,True
20505085,incomplete,/home/zorro/repos/autonima-results/articles/ace_outputs,/home/zorro/repos/autonima-results/articles/ace_outputs/html/The Journal of neuroscience : the official journal of the Society for Neuroscience/20505085.html,True
20519541,incomplete,/home/zorro/repos/autonima-results/articles/ace_outputs,/home/zorro/repos/autonima-results/articles/ace_outputs/html/The Journal of neuroscience : the official journal of the Society for Neuroscience/20519541.html,True
20537351,incomplete,/home/zorro/repos/autonima-results/articles/ace_outputs,/home/zorro/repos/autonima-results/articles/ace_outputs/html/Journal of psychiatric research/20537351.html,True
20554160,incomplete,/home/zorro/repos/autonima-results/articles/ace_outputs,/home/zorro/repos/autonima-results/articles/ace_outputs/html/Schizophrenia research/20554160.html,True
20555311,incomplete,/home/zorro/repos/autonima-results/articles/ace_outputs,/home/zorro/repos/autonima-results/articles/ace_outputs/html/Neuropsychopharmacology : official publication of the American College of Neuropsychopharmacology/20555311.html,True
20573895,incomplete,/home/zorro/repos/autonima-results/articles/ace_outputs,/home/zorro/repos/autonima-results/articles/ace_outputs/html/The Journal of neuroscience : the official journal of the Society for Neuroscience/20573895.html,True
20573898,incomplete,/home/zorro/repos/autonima-results/articles/ace_outputs,/home/zorro/repos/autonima-results/articles/ace_outputs/html/The Journal of neuroscience : the official journal of the Society for Neuroscience/20573898.html,True
20578173,incomplete,/home/zorro/repos/autonima-results/articles/ace_outputs,/home/zorro/repos/autonima-results/articles/ace_outputs/html/Human brain mapping/20578173.html,True
20578174,incomplete,/home/zorro/repos/autonima-results/articles/ace_outputs,/home/zorro/repos/autonima-results/articles/ace_outputs/html/Human brain mapping/20578174.html,True
20600962,incomplete,/home/zorro/repos/autonima-results/articles/ace_outputs,/home/zorro/repos/autonima-results/articles/ace_outputs/html/NeuroImage/20600962.html,True
20600998,incomplete,/home/zorro/repos/autonima-results/articles/ace_outputs,/home/zorro/repos/autonima-results/articles/ace_outputs/html/NeuroImage/20600998.html,True
20617889,incomplete,/home/zorro/repos/autonima-results/articles/ace_outputs,/home/zorro/repos/autonima-results/articles/ace_outputs/html/Journal of cognitive neuroscience/20617889.html,True
20656038,incomplete,/home/zorro/repos/autonima-results/articles/ace_outputs,/home/zorro/repos/autonima-results/articles/ace_outputs/html/NeuroImage/20656038.html,True
20659822,incomplete,/home/zorro/repos/autonima-results/articles/ace_outputs,/home/zorro/repos/autonima-results/articles/ace_outputs/html/IEEE transactions on bio-medical engineering/20659822.html,True
20660273,incomplete,/home/zorro/repos/autonima-results/articles/ace_outputs,/home/zorro/repos/autonima-results/articles/ace_outputs/html/The Journal of neuroscience : the official journal of the Society for Neuroscience/20660273.html,True
20685987,incomplete,/home/zorro/repos/autonima-results/articles/ace_outputs,/home/zorro/repos/autonima-results/articles/ace_outputs/html/The Journal of neuroscience : the official journal of the Society for Neuroscience/20685987.html,True
20714061,incomplete,/home/zorro/repos/autonima-results/articles/ace_outputs,/home/zorro/repos/autonima-results/articles/ace_outputs/html/Behavioural neurology/20714061.html,True
20714062,incomplete,/home/zorro/repos/autonima-results/articles/ace_outputs,/home/zorro/repos/autonima-results/articles/ace_outputs/html/Behavioural neurology/20714062.html,True
20715084,incomplete,/home/zorro/repos/autonima-results/articles/ace_outputs,/home/zorro/repos/autonima-results/articles/ace_outputs/html/Human brain mapping/20715084.html,True
20728547,incomplete,/home/zorro/repos/autonima-results/articles/ace_outputs,/home/zorro/repos/autonima-results/articles/ace_outputs/html/NeuroImage/20728547.html,True
20728552,incomplete,/home/zorro/repos/autonima-results/articles/ace_outputs,/home/zorro/repos/autonima-results/articles/ace_outputs/html/NeuroImage/20728552.html,True
20731964,incomplete,/home/zorro/repos/autonima-results/articles/ace_outputs,/home/zorro/repos/autonima-results/articles/ace_outputs/html/Journal of psychiatry & neuroscience : JPN/20731964.html,True
20799057,incomplete,/home/zorro/repos/autonima-results/articles/ace_outputs,/home/zorro/repos/autonima-results/articles/ace_outputs/html/Journal of computational neuroscience/20799057.html,True
20805537,incomplete,/home/zorro/repos/autonima-results/articles/ace_outputs,"/home/zorro/repos/autonima-results/articles/ace_outputs/html/Cognitive, affective & behavioral neuroscience/20805537.html",True
20809855,incomplete,/home/zorro/repos/autonima-results/articles/ace_outputs,/home/zorro/repos/autonima-results/articles/ace_outputs/html/Journal of cognitive neuroscience/20809855.html,True
20810892,incomplete,/home/zorro/repos/autonima-results/articles/ace_outputs,/home/zorro/repos/autonima-results/articles/ace_outputs/html/The Journal of neuroscience : the official journal of the Society for Neuroscience/20810892.html,True
20849856,incomplete,/home/zorro/repos/autonima-results/articles/ace_outputs,/home/zorro/repos/autonima-results/articles/ace_outputs/html/Hormones and behavior/20849856.html,True
20851194,incomplete,/home/zorro/repos/autonima-results/articles/ace_outputs,/home/zorro/repos/autonima-results/articles/ace_outputs/html/NeuroImage/20851194.html,True
20857849,incomplete,/home/zorro/repos/autonima-results/articles/ace_outputs,/home/zorro/repos/autonima-results/articles/ace_outputs/html/Acta bio-medica : Atenei Parmensis/20857849.html,True
20861380,incomplete,/home/zorro/repos/autonima-results/articles/ace_outputs,/home/zorro/repos/autonima-results/articles/ace_outputs/html/The Journal of neuroscience : the official journal of the Society for Neuroscience/20861380.html,True
20862456,incomplete,/home/zorro/repos/autonima-results/articles/ace_outputs,/home/zorro/repos/autonima-results/articles/ace_outputs/html/Psychopharmacology/20862456.html,True
20863843,incomplete,/home/zorro/repos/autonima-results/articles/ace_outputs,/home/zorro/repos/autonima-results/articles/ace_outputs/html/Neuropsychologia/20863843.html,True
20869846,incomplete,/home/zorro/repos/autonima-results/articles/ace_outputs,/home/zorro/repos/autonima-results/articles/ace_outputs/html/Schizophrenia research/20869846.html,True
20883800,incomplete,/home/zorro/repos/autonima-results/articles/ace_outputs,/home/zorro/repos/autonima-results/articles/ace_outputs/html/NeuroImage/20883800.html,True
20884523,incomplete,/home/zorro/repos/autonima-results/articles/ace_outputs,/home/zorro/repos/autonima-results/articles/ace_outputs/html/Journal of vision/20884523.html,True
20921115,incomplete,/home/zorro/repos/autonima-results/articles/ace_outputs,/home/zorro/repos/autonima-results/articles/ace_outputs/html/Archives of general psychiatry/20921115.html,True
20932915,incomplete,/home/zorro/repos/autonima-results/articles/ace_outputs,/home/zorro/repos/autonima-results/articles/ace_outputs/html/NeuroImage/20932915.html,True
20958334,incomplete,/home/zorro/repos/autonima-results/articles/ace_outputs,"/home/zorro/repos/autonima-results/articles/ace_outputs/html/Alcoholism, clinical and experimental research/20958334.html",True
20971474,incomplete,/home/zorro/repos/autonima-results/articles/ace_outputs,/home/zorro/repos/autonima-results/articles/ace_outputs/html/Journal of experimental child psychology/20971474.html,True
20980588,incomplete,/home/zorro/repos/autonima-results/articles/ace_outputs,/home/zorro/repos/autonima-results/articles/ace_outputs/html/The Journal of neuroscience : the official journal of the Society for Neuroscience/20980588.html,True
20980597,incomplete,/home/zorro/repos/autonima-results/articles/ace_outputs,/home/zorro/repos/autonima-results/articles/ace_outputs/html/The Journal of neuroscience : the official journal of the Society for Neuroscience/20980597.html,True
21029780,incomplete,/home/zorro/repos/autonima-results/articles/ace_outputs,/home/zorro/repos/autonima-results/articles/ace_outputs/html/NeuroImage/21029780.html,True
21040240,incomplete,/home/zorro/repos/autonima-results/articles/ace_outputs,/home/zorro/repos/autonima-results/articles/ace_outputs/html/Addiction biology/21040240.html,True
21073548,incomplete,/home/zorro/repos/autonima-results/articles/ace_outputs,/home/zorro/repos/autonima-results/articles/ace_outputs/html/The European journal of neuroscience/21073548.html,True
21077136,incomplete,/home/zorro/repos/autonima-results/articles/ace_outputs,/home/zorro/repos/autonima-results/articles/ace_outputs/html/Human brain mapping/21077136.html,True
21084608,incomplete,/home/zorro/repos/autonima-results/articles/ace_outputs,/home/zorro/repos/autonima-results/articles/ace_outputs/html/The Journal of neuroscience : the official journal of the Society for Neuroscience/21084608.html,True
21084610,incomplete,/home/zorro/repos/autonima-results/articles/ace_outputs,/home/zorro/repos/autonima-results/articles/ace_outputs/html/The Journal of neuroscience : the official journal of the Society for Neuroscience/21084610.html,True
21094259,incomplete,/home/zorro/repos/autonima-results/articles/ace_outputs,/home/zorro/repos/autonima-results/articles/ace_outputs/html/NeuroImage/21094259.html,True
21098213,incomplete,/home/zorro/repos/autonima-results/articles/ace_outputs,/home/zorro/repos/autonima-results/articles/ace_outputs/html/Psychological science/21098213.html,True
21098806,incomplete,/home/zorro/repos/autonima-results/articles/ace_outputs,"/home/zorro/repos/autonima-results/articles/ace_outputs/html/Cognitive, affective & behavioral neuroscience/21098806.html",True
21129936,incomplete,/home/zorro/repos/autonima-results/articles/ace_outputs,/home/zorro/repos/autonima-results/articles/ace_outputs/html/Psychiatry research/21129936.html,True
21147996,incomplete,/home/zorro/repos/autonima-results/articles/ace_outputs,/home/zorro/repos/autonima-results/articles/ace_outputs/html/The Journal of neuroscience : the official journal of the Society for Neuroscience/21147996.html,True
21148612,incomplete,/home/zorro/repos/autonima-results/articles/ace_outputs,"/home/zorro/repos/autonima-results/articles/ace_outputs/html/Cerebral cortex (New York, N.Y. : 1991)/21148612.html",True
21150912,incomplete,/home/zorro/repos/autonima-results/articles/ace_outputs,/home/zorro/repos/autonima-results/articles/ace_outputs/html/Neuropsychopharmacology : official publication of the American College of Neuropsychopharmacology/21150912.html,True
21167644,incomplete,/home/zorro/repos/autonima-results/articles/ace_outputs,/home/zorro/repos/autonima-results/articles/ace_outputs/html/Pain/21167644.html,True
21183618,incomplete,/home/zorro/repos/autonima-results/articles/ace_outputs,/home/zorro/repos/autonima-results/articles/ace_outputs/html/AJNR. American journal of neuroradiology/21183618.html,True
21193174,incomplete,/home/zorro/repos/autonima-results/articles/ace_outputs,/home/zorro/repos/autonima-results/articles/ace_outputs/html/Biological psychiatry/21193174.html,True
21312288,incomplete,/home/zorro/repos/autonima-results/articles/ace_outputs,/home/zorro/repos/autonima-results/articles/ace_outputs/html/Human psychopharmacology/21312288.html,True
2296583,incomplete,/home/zorro/repos/autonima-results/articles/ace_outputs,/home/zorro/repos/autonima-results/articles/ace_outputs/html/Proceedings of the National Academy of Sciences of the United States of America/2296583.html,True
7477346,incomplete,/home/zorro/repos/autonima-results/articles/ace_outputs,/home/zorro/repos/autonima-results/articles/ace_outputs/html/Nature/7477346.html,True
8061298,incomplete,/home/zorro/repos/autonima-results/articles/ace_outputs,/home/zorro/repos/autonima-results/articles/ace_outputs/html/Neuroreport/8061298.html,True
8078943,incomplete,/home/zorro/repos/autonima-results/articles/ace_outputs,/home/zorro/repos/autonima-results/articles/ace_outputs/html/Proceedings of the National Academy of Sciences of the United States of America/8078943.html,True
8347806,incomplete,/home/zorro/repos/autonima-results/articles/ace_outputs,/home/zorro/repos/autonima-results/articles/ace_outputs/html/Neuroreport/8347806.html,True
8430100,incomplete,/home/zorro/repos/autonima-results/articles/ace_outputs,/home/zorro/repos/autonima-results/articles/ace_outputs/html/Proceedings of the National Academy of Sciences of the United States of America/8430100.html,True
8510752,incomplete,/home/zorro/repos/autonima-results/articles/ace_outputs,/home/zorro/repos/autonima-results/articles/ace_outputs/html/Nature/8510752.html,True
8551361,incomplete,/home/zorro/repos/autonima-results/articles/ace_outputs,/home/zorro/repos/autonima-results/articles/ace_outputs/html/The Journal of neuroscience : the official journal of the Society for Neuroscience/8551361.html,True
8670634,incomplete,/home/zorro/repos/autonima-results/articles/ace_outputs,"/home/zorro/repos/autonima-results/articles/ace_outputs/html/Cerebral cortex (New York, N.Y. : 1991)/8670634.html",True
8670636,incomplete,/home/zorro/repos/autonima-results/articles/ace_outputs,"/home/zorro/repos/autonima-results/articles/ace_outputs/html/Cerebral cortex (New York, N.Y. : 1991)/8670636.html",True
8670637,incomplete,/home/zorro/repos/autonima-results/articles/ace_outputs,"/home/zorro/repos/autonima-results/articles/ace_outputs/html/Cerebral cortex (New York, N.Y. : 1991)/8670637.html",True
8670685,incomplete,/home/zorro/repos/autonima-results/articles/ace_outputs,"/home/zorro/repos/autonima-results/articles/ace_outputs/html/Cerebral cortex (New York, N.Y. : 1991)/8670685.html",True
8691239,incomplete,/home/zorro/repos/autonima-results/articles/ace_outputs,"/home/zorro/repos/autonima-results/articles/ace_outputs/html/Journal of nuclear medicine : official publication, Society of Nuclear Medicine/8691239.html",True
8714706,incomplete,/home/zorro/repos/autonima-results/articles/ace_outputs,/home/zorro/repos/autonima-results/articles/ace_outputs/html/The European journal of neuroscience/8714706.html,True
8742429,incomplete,/home/zorro/repos/autonima-results/articles/ace_outputs,/home/zorro/repos/autonima-results/articles/ace_outputs/html/Neuroreport/8742429.html,True
8797239,incomplete,/home/zorro/repos/autonima-results/articles/ace_outputs,/home/zorro/repos/autonima-results/articles/ace_outputs/html/Psychiatry research/8797239.html,True
8797896,incomplete,/home/zorro/repos/autonima-results/articles/ace_outputs,/home/zorro/repos/autonima-results/articles/ace_outputs/html/Journal of computer assisted tomography/8797896.html,True
8822570,incomplete,/home/zorro/repos/autonima-results/articles/ace_outputs,/home/zorro/repos/autonima-results/articles/ace_outputs/html/Journal of neurophysiology/8822570.html,True
8931584,incomplete,/home/zorro/repos/autonima-results/articles/ace_outputs,/home/zorro/repos/autonima-results/articles/ace_outputs/html/Brain : a journal of neurology/8931584.html,True
8931588,incomplete,/home/zorro/repos/autonima-results/articles/ace_outputs,/home/zorro/repos/autonima-results/articles/ace_outputs/html/Brain : a journal of neurology/8931588.html,True
8946428,incomplete,/home/zorro/repos/autonima-results/articles/ace_outputs,/home/zorro/repos/autonima-results/articles/ace_outputs/html/Neuropsychopharmacology : official publication of the American College of Neuropsychopharmacology/8946428.html,True
9080445,incomplete,/home/zorro/repos/autonima-results/articles/ace_outputs,/home/zorro/repos/autonima-results/articles/ace_outputs/html/Neuroreport/9080445.html,True
9110329,incomplete,/home/zorro/repos/autonima-results/articles/ace_outputs,/home/zorro/repos/autonima-results/articles/ace_outputs/html/Neuropsychology/9110329.html,True
9121583,incomplete,/home/zorro/repos/autonima-results/articles/ace_outputs,/home/zorro/repos/autonima-results/articles/ace_outputs/html/Nature/9121583.html,True
9121584,incomplete,/home/zorro/repos/autonima-results/articles/ace_outputs,/home/zorro/repos/autonima-results/articles/ace_outputs/html/Nature/9121584.html,True
9141052,incomplete,/home/zorro/repos/autonima-results/articles/ace_outputs,/home/zorro/repos/autonima-results/articles/ace_outputs/html/Neuroreport/9141052.html,True
9177249,incomplete,/home/zorro/repos/autonima-results/articles/ace_outputs,/home/zorro/repos/autonima-results/articles/ace_outputs/html/Proceedings of the National Academy of Sciences of the United States of America/9177249.html,True
9212721,incomplete,/home/zorro/repos/autonima-results/articles/elsevier_output/,/home/zorro/repos/autonima-results/articles/elsevier_output/9212721/text.txt,True
9223090,incomplete,/home/zorro/repos/autonima-results/articles/ace_outputs,/home/zorro/repos/autonima-results/articles/ace_outputs/html/Neuroreport/9223090.html,True
9237433,incomplete,/home/zorro/repos/autonima-results/articles/ace_outputs,/home/zorro/repos/autonima-results/articles/ace_outputs/html/Journal of neuroimaging : official journal of the American Society of Neuroimaging/9237433.html,True
9238495,incomplete,/home/zorro/repos/autonima-results/articles/ace_outputs,/home/zorro/repos/autonima-results/articles/ace_outputs/html/Advances in experimental medicine and biology/9238495.html,True
9339453,incomplete,/home/zorro/repos/autonima-results/articles/ace_outputs,/home/zorro/repos/autonima-results/articles/ace_outputs/html/Magnetic resonance in medicine/9339453.html,True
9365369,incomplete,/home/zorro/repos/autonima-results/articles/ace_outputs,/home/zorro/repos/autonima-results/articles/ace_outputs/html/Brain : a journal of neurology/9365369.html,True
9382475,incomplete,/home/zorro/repos/autonima-results/articles/ace_outputs,/home/zorro/repos/autonima-results/articles/ace_outputs/html/Annals of neurology/9382475.html,True
9391022,incomplete,/home/zorro/repos/autonima-results/articles/ace_outputs,/home/zorro/repos/autonima-results/articles/ace_outputs/html/The Journal of neuroscience : the official journal of the Society for Neuroscience/9391022.html,True
9437772,incomplete,/home/zorro/repos/autonima-results/articles/ace_outputs,/home/zorro/repos/autonima-results/articles/ace_outputs/html/Psychiatry research/9437772.html,True
9448244,incomplete,/home/zorro/repos/autonima-results/articles/ace_outputs,/home/zorro/repos/autonima-results/articles/ace_outputs/html/Proceedings of the National Academy of Sciences of the United States of America/9448244.html,True
9471116,incomplete,/home/zorro/repos/autonima-results/articles/ace_outputs,/home/zorro/repos/autonima-results/articles/ace_outputs/html/Neuropsychopharmacology : official publication of the American College of Neuropsychopharmacology/9471116.html,True
9476949,incomplete,/home/zorro/repos/autonima-results/articles/ace_outputs,"/home/zorro/repos/autonima-results/articles/ace_outputs/html/Journal of nuclear medicine : official publication, Society of Nuclear Medicine/9476949.html",True
9547077,incomplete,/home/zorro/repos/autonima-results/articles/ace_outputs,/home/zorro/repos/autonima-results/articles/ace_outputs/html/Experimental brain research/9547077.html,True
9579669,incomplete,/home/zorro/repos/autonima-results/articles/ace_outputs,/home/zorro/repos/autonima-results/articles/ace_outputs/html/Neuroreport/9579669.html,True
9601664,incomplete,/home/zorro/repos/autonima-results/articles/ace_outputs,/home/zorro/repos/autonima-results/articles/ace_outputs/html/Neuroreport/9601664.html,True
9619196,incomplete,/home/zorro/repos/autonima-results/articles/ace_outputs,/home/zorro/repos/autonima-results/articles/ace_outputs/html/Brain : a journal of neurology/9619196.html,True
9628425,incomplete,/home/zorro/repos/autonima-results/articles/ace_outputs,/home/zorro/repos/autonima-results/articles/ace_outputs/html/Experimental brain research/9628425.html,True
9634568,incomplete,/home/zorro/repos/autonima-results/articles/ace_outputs,/home/zorro/repos/autonima-results/articles/ace_outputs/html/The Journal of neuroscience : the official journal of the Society for Neuroscience/9634568.html,True
9636217,incomplete,/home/zorro/repos/autonima-results/articles/ace_outputs,/home/zorro/repos/autonima-results/articles/ace_outputs/html/Proceedings of the National Academy of Sciences of the United States of America/9636217.html,True
9673660,incomplete,/home/zorro/repos/autonima-results/articles/ace_outputs,/home/zorro/repos/autonima-results/articles/ace_outputs/html/Human brain mapping/9673660.html,True
9673671,incomplete,/home/zorro/repos/autonima-results/articles/ace_outputs,/home/zorro/repos/autonima-results/articles/ace_outputs/html/Human brain mapping/9673671.html,True
9679781,incomplete,/home/zorro/repos/autonima-results/articles/ace_outputs,/home/zorro/repos/autonima-results/articles/ace_outputs/html/Brain : a journal of neurology/9679781.html,True
9679785,incomplete,/home/zorro/repos/autonima-results/articles/ace_outputs,/home/zorro/repos/autonima-results/articles/ace_outputs/html/Brain : a journal of neurology/9679785.html,True
9704265,incomplete,/home/zorro/repos/autonima-results/articles/ace_outputs,/home/zorro/repos/autonima-results/articles/ace_outputs/html/Human brain mapping/9704265.html,True
9758741,incomplete,/home/zorro/repos/autonima-results/articles/elsevier_output/,/home/zorro/repos/autonima-results/articles/elsevier_output/9758741/text.txt,True
9801381,incomplete,/home/zorro/repos/autonima-results/articles/ace_outputs,/home/zorro/repos/autonima-results/articles/ace_outputs/html/The Journal of neuroscience : the official journal of the Society for Neuroscience/9801381.html,True
9805320,incomplete,/home/zorro/repos/autonima-results/articles/ace_outputs,/home/zorro/repos/autonima-results/articles/ace_outputs/html/Neuropsychology/9805320.html,True
9810479,incomplete,/home/zorro/repos/autonima-results/articles/ace_outputs,/home/zorro/repos/autonima-results/articles/ace_outputs/html/European archives of psychiatry and clinical neuroscience/9810479.html,True
9856538,incomplete,/home/zorro/repos/autonima-results/articles/ace_outputs,"/home/zorro/repos/autonima-results/articles/ace_outputs/html/Aviation, space, and environmental medicine/9856538.html",True
9863701,incomplete,/home/zorro/repos/autonima-results/articles/ace_outputs,"/home/zorro/repos/autonima-results/articles/ace_outputs/html/Cerebral cortex (New York, N.Y. : 1991)/9863701.html",True
9929651,incomplete,/home/zorro/repos/autonima-results/articles/ace_outputs,/home/zorro/repos/autonima-results/articles/ace_outputs/html/Annals of the New York Academy of Sciences/9929651.html,True
9950711,incomplete,/home/zorro/repos/autonima-results/articles/ace_outputs,/home/zorro/repos/autonima-results/articles/ace_outputs/html/Journal of cognitive neuroscience/9950711.html,True
10024961,unavailable,pubget,,False
10025703,unavailable,pubget,,False
10027489,unavailable,pubget,,False
10050944,unavailable,pubget,,False
10050993,unavailable,pubget,,False
10071093,unavailable,pubget,,False
10077795,unavailable,pubget,,False
10078712,unavailable,pubget,,False
10080561,unavailable,pubget,,False
10093454,unavailable,pubget,,False
10093456,unavailable,pubget,,False
10094145,unavailable,pubget,,False
10098445,unavailable,pubget,,False
10101553,unavailable,pubget,,False
10101641,unavailable,pubget,,False
10160462,unavailable,pubget,,False
10193699,unavailable,pubget,,False
10200226,unavailable,pubget,,False
10201421,unavailable,pubget,,False
10207485,unavailable,pubget,,False
10207651,unavailable,pubget,,False
10208676,unavailable,pubget,,False
10210906,unavailable,pubget,,False
10212312,unavailable,pubget,,False
10213164,unavailable,pubget,,False
10215474,unavailable,pubget,,False
10216270,unavailable,pubget,,True
10217614,unavailable,pubget,,False
10218906,unavailable,pubget,,False
10219794,unavailable,pubget,,False
10227627,unavailable,pubget,,False
10230524,unavailable,pubget,,False
10232542,unavailable,pubget,,False
10235013,unavailable,pubget,,False
10326635,unavailable,pubget,,False
10331104,unavailable,pubget,,True
10337980,unavailable,pubget,,False
10340316,unavailable,pubget,,True
10342176,unavailable,pubget,,False
10348289,unavailable,pubget,,False
10357184,unavailable,pubget,,False
10360128,unavailable,pubget,,False
10366198,unavailable,pubget,,True
10367875,unavailable,pubget,,False
10368421,unavailable,pubget,,False
10369230,unavailable,pubget,,False
10371078,unavailable,pubget,,False
10375444,unavailable,pubget,,False
10376114,unavailable,pubget,,False
10376121,unavailable,pubget,,False
10378601,unavailable,pubget,,False
10380825,unavailable,pubget,,False
10381605,unavailable,pubget,,False
10386530,unavailable,pubget,,False
10386651,unavailable,pubget,,False
10389671,unavailable,pubget,,False
10390168,unavailable,pubget,,False
10392824,unavailable,pubget,,False
10394393,unavailable,pubget,,False
10398947,unavailable,pubget,,False
10398962,unavailable,pubget,,False
10399869,unavailable,pubget,,False
10401985,unavailable,pubget,,True
10408543,unavailable,pubget,,False
10408647,unavailable,pubget,,False
10419357,unavailable,pubget,,False
10420997,unavailable,pubget,,False
10426404,unavailable,pubget,,False
10428587,unavailable,pubget,,False
10433312,unavailable,pubget,,False
10436110,unavailable,pubget,,False
10444587,unavailable,pubget,,False
10449076,unavailable,pubget,,False
10449111,unavailable,pubget,,False
10449119,unavailable,pubget,,False
10450690,unavailable,pubget,,False
10456764,unavailable,pubget,,False
10458224,unavailable,pubget,,False
10458942,unavailable,pubget,,True
10460377,unavailable,pubget,,False
10463646,unavailable,pubget,,False
10465150,unavailable,pubget,,False
10466140,unavailable,pubget,,False
10472432,unavailable,pubget,,False
10473358,unavailable,pubget,,False
10475108,unavailable,pubget,,False
10480611,unavailable,pubget,,False
10482394,unavailable,pubget,,False
10484104,unavailable,pubget,,False
10487168,unavailable,pubget,,False
10493630,unavailable,pubget,,False
10501054,unavailable,pubget,,False
10502311,unavailable,pubget,,False
10506724,unavailable,pubget,,False
10507385,unavailable,pubget,,False
10509375,unavailable,pubget,,False
10509698,unavailable,pubget,,False
10511333,unavailable,pubget,,False
10511638,unavailable,pubget,,False
10524436,unavailable,pubget,,False
10528937,unavailable,pubget,,False
10529371,unavailable,pubget,,False
10534189,unavailable,pubget,,False
10534598,unavailable,pubget,,False
10541237,unavailable,pubget,,False
10541600,unavailable,pubget,,False
10559569,unavailable,pubget,,False
10566379,unavailable,pubget,,False
10571190,unavailable,pubget,,False
10574358,unavailable,pubget,,False
10574376,unavailable,pubget,,False
10581379,unavailable,pubget,,False
10586335,unavailable,pubget,,False
10588411,unavailable,pubget,,False
10588471,unavailable,pubget,,False
10593688,unavailable,pubget,,False
10598710,unavailable,pubget,,False
10599766,unavailable,pubget,,False
10599778,unavailable,pubget,,False
10599856,unavailable,pubget,,False
10600414,unavailable,pubget,,False
10600415,unavailable,pubget,,True
10617267,unavailable,pubget,,True
10626942,unavailable,pubget,,False
10626943,unavailable,pubget,,False
10626957,unavailable,pubget,,False
10636136,unavailable,pubget,,False
10636139,unavailable,pubget,,False
10640900,unavailable,pubget,,False
10643714,unavailable,pubget,,False
10645733,unavailable,pubget,,False
10645748,unavailable,pubget,,False
10646758,unavailable,pubget,,False
10649575,unavailable,pubget,,False
10649682,unavailable,pubget,,False
10654655,unavailable,pubget,,True
10656394,unavailable,pubget,,False
10658452,unavailable,pubget,,False
10666562,unavailable,pubget,,True
10667670,unavailable,pubget,,False
10675787,unavailable,pubget,,True
10679186,unavailable,pubget,,True
10680764,unavailable,pubget,,False
10680767,unavailable,pubget,,False
10686112,unavailable,pubget,,False
10686115,unavailable,pubget,,True
10688716,unavailable,pubget,,False
10690720,unavailable,pubget,,False
10690839,unavailable,pubget,,False
10695850,unavailable,pubget,,False
10696916,unavailable,pubget,,False
10698045,unavailable,pubget,,False
10698362,unavailable,pubget,,False
10699101,unavailable,pubget,,False
10704256,unavailable,pubget,,False
10705229,unavailable,pubget,,False
10718324,unavailable,pubget,,False
10718556,unavailable,pubget,,False
10721187,unavailable,pubget,,False
10725959,unavailable,pubget,,False
10728192,unavailable,pubget,,False
10733115,unavailable,pubget,,False
10750010,unavailable,pubget,,False
10751110,unavailable,pubget,,False
10761350,unavailable,pubget,,False
10761367,unavailable,pubget,,False
10761650,unavailable,pubget,,False
10763734,unavailable,pubget,,False
10764263,unavailable,pubget,,False
10767090,unavailable,pubget,,False
10773558,unavailable,pubget,,False
10780634,unavailable,pubget,,False
10781101,unavailable,pubget,,False
10781506,unavailable,pubget,,False
10789271,unavailable,pubget,,False
10791680,unavailable,pubget,,False
10794559,unavailable,pubget,,False
10794568,unavailable,pubget,,False
10797171,unavailable,pubget,,False
10802365,unavailable,pubget,,False
10802381,unavailable,pubget,,False
10802790,unavailable,pubget,,False
10803920,unavailable,pubget,,False
10805117,unavailable,pubget,,False
10806029,unavailable,pubget,,True
10808139,unavailable,pubget,,True
10809196,unavailable,pubget,,False
10809210,unavailable,pubget,,False
10812362,unavailable,pubget,,False
10818983,unavailable,pubget,,False
10823306,unavailable,pubget,,False
10832019,unavailable,pubget,,False
10832522,unavailable,pubget,,False
10834847,unavailable,pubget,,True
10835119,unavailable,pubget,,False
10835124,unavailable,pubget,,False
10837937,unavailable,pubget,,False
10848918,unavailable,pubget,,False
10852783,unavailable,pubget,,False
10853069,unavailable,pubget,,False
10853096,unavailable,pubget,,False
10853744,unavailable,pubget,,False
10853815,unavailable,pubget,,False
10857486,unavailable,pubget,,False
10859011,unavailable,pubget,,False
10860787,unavailable,pubget,,False
10860792,unavailable,pubget,,True
10865105,unavailable,pubget,,True
10869746,unavailable,pubget,,False
10870142,unavailable,pubget,,False
10871124,unavailable,pubget,,False
10875905,unavailable,pubget,,True
10879664,unavailable,pubget,,False
10881935,unavailable,pubget,,False
10891642,unavailable,pubget,,False
10892695,unavailable,pubget,,False
10893595,unavailable,pubget,,False
10898302,unavailable,pubget,,False
10899358,unavailable,pubget,,True
10900426,unavailable,pubget,,False
10901930,unavailable,pubget,,False
10902627,unavailable,pubget,,False
10903406,unavailable,pubget,,False
10905440,unavailable,pubget,,False
10906375,unavailable,pubget,,True
10912407,unavailable,pubget,,False
10913323,unavailable,pubget,,True
10914903,unavailable,pubget,,False
10914918,unavailable,pubget,,False
10924970,unavailable,pubget,,False
10931764,unavailable,pubget,,False
10933454,unavailable,pubget,,False
10936919,unavailable,pubget,,False
10943694,unavailable,pubget,,False
10944012,unavailable,pubget,,False
10944409,unavailable,pubget,,True
10947259,unavailable,pubget,,False
10960609,unavailable,pubget,,False
10962260,unavailable,pubget,,False
10963181,unavailable,pubget,,False
10964875,unavailable,pubget,,False
10966179,unavailable,pubget,,False
10968226,unavailable,pubget,,False
10969450,unavailable,pubget,,False
10969938,unavailable,pubget,,False
10974464,unavailable,pubget,,False
10976426,unavailable,pubget,,False
10978687,unavailable,pubget,,True
10978701,unavailable,pubget,,False
10978709,unavailable,pubget,,True
10981742,unavailable,pubget,,False
10981759,unavailable,pubget,,False
10985690,unavailable,pubget,,False
10986988,unavailable,pubget,,False
10987903,unavailable,pubget,,False
10990503,unavailable,pubget,,False
10992802,unavailable,pubget,,False
11002312,unavailable,pubget,,False
11007378,unavailable,pubget,,False
11007807,unavailable,pubget,,False
11008968,unavailable,pubget,,False
11011024,unavailable,pubget,,False
11019789,unavailable,pubget,,False
11034857,unavailable,pubget,,True
11034863,unavailable,pubget,,True
11035346,unavailable,pubget,,False
11037170,unavailable,pubget,,False
11038089,unavailable,pubget,,False
11039618,unavailable,pubget,,False
11042907,unavailable,pubget,,False
11043105,unavailable,pubget,,False
11054528,unavailable,pubget,,False
11058793,unavailable,pubget,,True
11061920,unavailable,pubget,,False
11063100,unavailable,pubget,,False
11063224,unavailable,pubget,,False
11071615,unavailable,pubget,,False
11072429,unavailable,pubget,,False
11074977,unavailable,pubget,,False
11075720,unavailable,pubget,,False
11079499,unavailable,pubget,,False
11086829,unavailable,pubget,,False
11090011,unavailable,pubget,,False
11095140,unavailable,pubget,,False
11098793,unavailable,pubget,,False
11099159,unavailable,pubget,,False
11099714,unavailable,pubget,,False
11102639,unavailable,pubget,,False
11104625,unavailable,pubget,,False
11105714,unavailable,pubget,,False
11105830,unavailable,pubget,,False
11109855,unavailable,pubget,,False
11112400,unavailable,pubget,,True
11112403,unavailable,pubget,,True
11114477,unavailable,pubget,,True
11114494,unavailable,pubget,,False
11115282,unavailable,pubget,,False
11118825,unavailable,pubget,,False
11121466,unavailable,pubget,,False
11121995,unavailable,pubget,,False
11124320,unavailable,pubget,,False
11125241,unavailable,pubget,,False
11125751,unavailable,pubget,,False
11129420,unavailable,pubget,,False
11133304,unavailable,pubget,,True
11133306,unavailable,pubget,,True
11143241,unavailable,pubget,,False
11143250,unavailable,pubget,,False
11143256,unavailable,pubget,,False
11144770,unavailable,pubget,,False
11145004,unavailable,pubget,,False
11147923,unavailable,pubget,,False
11152913,unavailable,pubget,,False
11156196,unavailable,pubget,,True
11156204,unavailable,pubget,,True
11160520,unavailable,pubget,,False
11162266,unavailable,pubget,,True
11167061,unavailable,pubget,,True
11169880,unavailable,pubget,,False
11170218,unavailable,pubget,,False
11171617,unavailable,pubget,,False
11171913,unavailable,pubget,,False
11173161,unavailable,pubget,,False
11176944,unavailable,pubget,,False
11189942,unavailable,pubget,,False
11192718,unavailable,pubget,,False
11198532,unavailable,pubget,,False
11201640,unavailable,pubget,,False
11206608,unavailable,pubget,,False
11207397,unavailable,pubget,,False
11208841,unavailable,pubget,,False
11216533,unavailable,pubget,,False
11216685,unavailable,pubget,,False
11216706,unavailable,pubget,,False
11220735,unavailable,pubget,,False
11222074,unavailable,pubget,,False
11222456,unavailable,pubget,,False
11222790,unavailable,pubget,,False
11224889,unavailable,pubget,,False
11231835,unavailable,pubget,,False
11233615,unavailable,pubget,,False
11234906,unavailable,pubget,,False
11236838,unavailable,pubget,,False
11238542,unavailable,pubget,,False
11239713,unavailable,pubget,,True
11239902,unavailable,pubget,,False
11240107,unavailable,pubget,,True
11240261,unavailable,pubget,,False
11243980,unavailable,pubget,,False
11245345,unavailable,pubget,,False
11247643,unavailable,pubget,,True
11257931,unavailable,pubget,,False
11258399,unavailable,pubget,,False
11270560,unavailable,pubget,,False
11270562,unavailable,pubget,,False
11274888,unavailable,pubget,,False
11276368,unavailable,pubget,,False
11282457,unavailable,pubget,,False
11282793,unavailable,pubget,,False
11285529,unavailable,pubget,,False
11286842,unavailable,pubget,,False
11286853,unavailable,pubget,,False
11287133,unavailable,pubget,,True
11292592,unavailable,pubget,,False
11295854,unavailable,pubget,,False
11296017,unavailable,pubget,,False
11302622,unavailable,pubget,,False
11304076,unavailable,pubget,,True
11305889,unavailable,pubget,,True
11305902,unavailable,pubget,,True
11306374,unavailable,pubget,,False
11306644,unavailable,pubget,,False
11307225,unavailable,pubget,,False
11314722,unavailable,pubget,,False
11322440,unavailable,pubget,,False
11324954,unavailable,pubget,,False
11329206,unavailable,pubget,,False
11332460,unavailable,pubget,,False
11333370,unavailable,pubget,,False
11340225,unavailable,pubget,,False
11351294,unavailable,pubget,,False
11352614,unavailable,pubget,,True
11354416,unavailable,pubget,,False
11360774,unavailable,pubget,,False
11372553,unavailable,pubget,,False
11373136,unavailable,pubget,,False
11373141,unavailable,pubget,,True
11374091,unavailable,pubget,,False
11376462,unavailable,pubget,,False
11382961,unavailable,pubget,,False
11385009,unavailable,pubget,,False
11387350,unavailable,pubget,,False
11388521,unavailable,pubget,,False
11390552,unavailable,pubget,,False
11395252,unavailable,pubget,,False
11399375,unavailable,pubget,,False
11400918,unavailable,pubget,,False
11403780,unavailable,pubget,,False
11408502,unavailable,pubget,,False
11409524,unavailable,pubget,,False
11410304,unavailable,pubget,,False
11416826,unavailable,pubget,,False
11417671,unavailable,pubget,,False
11418298,unavailable,pubget,,False
11420008,unavailable,pubget,,False
11421576,unavailable,pubget,,False
11431225,unavailable,pubget,,False
11431326,unavailable,pubget,,False
11440464,unavailable,pubget,,False
11465761,unavailable,pubget,,False
11467901,unavailable,pubget,,True
11467916,unavailable,pubget,,False
11467923,unavailable,pubget,,True
11468519,unavailable,pubget,,False
11475437,unavailable,pubget,,False
11476387,unavailable,pubget,,False
11483931,unavailable,pubget,,False
11487182,unavailable,pubget,,False
11488573,unavailable,pubget,,False
11488898,unavailable,pubget,,False
11500993,unavailable,pubget,,False
11502357,unavailable,pubget,,True
11505204,unavailable,pubget,,False
11509643,unavailable,pubget,,False
11510900,unavailable,pubget,,False
11512001,unavailable,pubget,,False
11515879,unavailable,pubget,,False
11516875,unavailable,pubget,,False
11518109,unavailable,pubget,,False
11520143,unavailable,pubget,,False
11522263,unavailable,pubget,,True
11525336,unavailable,pubget,,True
11525339,unavailable,pubget,,True
11525340,unavailable,pubget,,True
11529246,unavailable,pubget,,False
11532726,unavailable,pubget,,False
11533537,unavailable,pubget,,False
11549498,unavailable,pubget,,False
11550162,unavailable,pubget,,False
11552019,unavailable,pubget,,False
11554884,unavailable,pubget,,False
11558800,unavailable,pubget,,False
11561035,unavailable,pubget,,False
11564242,unavailable,pubget,,False
11568549,unavailable,pubget,,False
11568606,unavailable,pubget,,False
11571324,unavailable,pubget,,False
11573796,unavailable,pubget,,False
11578728,unavailable,pubget,,False
11580771,unavailable,pubget,,False
11581007,unavailable,pubget,,False
11585300,unavailable,pubget,,False
11587517,unavailable,pubget,,False
11588582,unavailable,pubget,,False
11594858,unavailable,pubget,,False
11595368,unavailable,pubget,,False
11595391,unavailable,pubget,,True
11599844,unavailable,pubget,,False
11685498,unavailable,pubget,,False
11685625,unavailable,pubget,,False
11687701,unavailable,pubget,,False
11689307,unavailable,pubget,,True
11690592,unavailable,pubget,,False
11690620,unavailable,pubget,,True
11692039,unavailable,pubget,,False
11696470,unavailable,pubget,,False
11697932,unavailable,pubget,,True
11697946,unavailable,pubget,,True
11700026,unavailable,pubget,,False
11702114,unavailable,pubget,,False
11702561,unavailable,pubget,,True
11704073,unavailable,pubget,,False
11704622,unavailable,pubget,,False
11705489,unavailable,pubget,,False
11707086,unavailable,pubget,,True
11707089,unavailable,pubget,,True
11707097,unavailable,pubget,,True
11711732,unavailable,pubget,,False
11716044,unavailable,pubget,,False
11723198,unavailable,pubget,,False
11725861,unavailable,pubget,,False
11728837,unavailable,pubget,,True
11728838,unavailable,pubget,,False
11731425,unavailable,pubget,,False
11731860,unavailable,pubget,,False
11734910,unavailable,pubget,,False
11735820,unavailable,pubget,,False
11738547,unavailable,pubget,,False
11740487,unavailable,pubget,,False
11746940,unavailable,pubget,,False
11748317,unavailable,pubget,,False
11750184,unavailable,pubget,,False
11750889,unavailable,pubget,,False
11752038,unavailable,pubget,,False
11752999,unavailable,pubget,,False
11755819,unavailable,pubget,,False
11756016,unavailable,pubget,,False
11760101,unavailable,pubget,,False
11761045,unavailable,pubget,,False
11761477,unavailable,pubget,,False
11771974,unavailable,pubget,,False
11771985,unavailable,pubget,,False
11774391,unavailable,pubget,,False
11784775,unavailable,pubget,,False
11798267,unavailable,pubget,,True
11798278,unavailable,pubget,,True
11798382,unavailable,pubget,,False
11804281,unavailable,pubget,,False
11804691,unavailable,pubget,,False
11807595,unavailable,pubget,,False
11810147,unavailable,pubget,,False
11814745,unavailable,pubget,,False
11823264,unavailable,pubget,,False
11823267,unavailable,pubget,,False
11830312,unavailable,pubget,,False
11830785,unavailable,pubget,,False
11831069,unavailable,pubget,,False
11832712,unavailable,pubget,,False
11835371,unavailable,pubget,,False
11838382,unavailable,pubget,,False
11839364,unavailable,pubget,,True
11839367,unavailable,pubget,,False
11846909,unavailable,pubget,,False
11846939,unavailable,pubget,,False
11848695,unavailable,pubget,,True
11848709,unavailable,pubget,,False
11848715,unavailable,pubget,,True
11848716,unavailable,pubget,,True
11849166,unavailable,pubget,,False
11853990,unavailable,pubget,,False
11857990,unavailable,pubget,,False
11859197,unavailable,pubget,,True
11861128,unavailable,pubget,,False
11862440,unavailable,pubget,,False
11862442,unavailable,pubget,,False
11864670,unavailable,pubget,,False
11869426,unavailable,pubget,,False
11870469,unavailable,pubget,,False
11872279,unavailable,pubget,,False
11872615,unavailable,pubget,,False
11873541,unavailable,pubget,,False
11879362,unavailable,pubget,,False
11884358,unavailable,pubget,,False
11886054,unavailable,pubget,,False
11887869,unavailable,pubget,,False
11888834,unavailable,pubget,,False
11891835,unavailable,pubget,,False
11896643,unavailable,pubget,,False
11897248,unavailable,pubget,,False
11902904,unavailable,pubget,,False
11904032,unavailable,pubget,,False
11906222,unavailable,pubget,,True
11906228,unavailable,pubget,,True
11906233,unavailable,pubget,,True
11906238,unavailable,pubget,,False
11906506,unavailable,pubget,,False
11907690,unavailable,pubget,,False
11912090,unavailable,pubget,,False
11912121,unavailable,pubget,,False
11914400,unavailable,pubget,,False
11919006,unavailable,pubget,,True
11926385,unavailable,pubget,,False
11929020,unavailable,pubget,,False
11929808,unavailable,pubget,,False
11933895,unavailable,pubget,,False
11933997,unavailable,pubget,,False
11950399,unavailable,pubget,,False
11950516,unavailable,pubget,,True
11951196,unavailable,pubget,,False
11953633,unavailable,pubget,,False
11954059,unavailable,pubget,,False
11954768,unavailable,pubget,,False
11956940,unavailable,pubget,,False
11958882,unavailable,pubget,,False
11958908,unavailable,pubget,,False
11958963,unavailable,pubget,,True
11958972,unavailable,pubget,,True
11960807,unavailable,pubget,,False
11969318,unavailable,pubget,,True
11970801,unavailable,pubget,,False
11976012,unavailable,pubget,,False
11987068,unavailable,pubget,,False
11988343,unavailable,pubget,,False
11990201,unavailable,pubget,,False
12022250,unavailable,pubget,,False
12025949,unavailable,pubget,,False
12030819,unavailable,pubget,,True
12030821,unavailable,pubget,,True
12030830,unavailable,pubget,,True
12036507,unavailable,pubget,,False
12042625,unavailable,pubget,,False
12047693,unavailable,pubget,,False
12048627,unavailable,pubget,,False
12057859,unavailable,pubget,,False
12064159,unavailable,pubget,,False
12065105,unavailable,pubget,,False
12065107,unavailable,pubget,,False
12070718,unavailable,pubget,,False
12090812,unavailable,pubget,,False
12095559,unavailable,pubget,,False
12095574,unavailable,pubget,,False
12099909,unavailable,pubget,,False
12102139,unavailable,pubget,,False
12111129,unavailable,pubget,,False
12112176,unavailable,pubget,,False
12112408,unavailable,pubget,,False
12115353,unavailable,pubget,,False
12118541,unavailable,pubget,,False
12123852,unavailable,pubget,,False
12128138,unavailable,pubget,,False
12128141,unavailable,pubget,,False
12132089,unavailable,pubget,,False
12134916,unavailable,pubget,,False
12135969,unavailable,pubget,,False
12136383,unavailable,pubget,,False
12139955,unavailable,pubget,,True
12142063,unavailable,pubget,,False
12142573,unavailable,pubget,,False
12146659,unavailable,pubget,,True
12148854,unavailable,pubget,,False
12150464,unavailable,pubget,,False
12150744,unavailable,pubget,,False
12151286,unavailable,pubget,,False
12151921,unavailable,pubget,,False
12163547,unavailable,pubget,,False
12166632,unavailable,pubget,,False
12175833,unavailable,pubget,,False
12176182,unavailable,pubget,,False
12183345,unavailable,pubget,,False
12185227,unavailable,pubget,,False
12186464,unavailable,pubget,,False
12186991,unavailable,pubget,,False
12189457,unavailable,pubget,,False
12191457,unavailable,pubget,,False
12192563,unavailable,pubget,,False
12196244,unavailable,pubget,,False
12202080,unavailable,pubget,,True
12202095,unavailable,pubget,,True
12202658,unavailable,pubget,,False
12203685,unavailable,pubget,,False
12204303,unavailable,pubget,,True
12208544,unavailable,pubget,,False
12209790,unavailable,pubget,,False
12209961,unavailable,pubget,,False
12215561,unavailable,pubget,,False
12218952,unavailable,pubget,,False
12219847,unavailable,pubget,,False
12220382,unavailable,pubget,,False
12230944,unavailable,pubget,,False
12231461,unavailable,pubget,,False
12232551,unavailable,pubget,,False
12234594,unavailable,pubget,,False
12238616,unavailable,pubget,,False
12242539,unavailable,pubget,,False
12243506,unavailable,pubget,,False
12244083,unavailable,pubget,,False
12296640,unavailable,pubget,,False
12297562,unavailable,pubget,,False
12325075,unavailable,pubget,,False
12356446,unavailable,pubget,,False
12359308,unavailable,pubget,,False
12359857,unavailable,pubget,,False
12360456,unavailable,pubget,,False
12364845,unavailable,pubget,,True
12373359,unavailable,pubget,,False
12373559,unavailable,pubget,,False
12375036,unavailable,pubget,,False
12376770,unavailable,pubget,,False
12377135,unavailable,pubget,,True
12377143,unavailable,pubget,,True
12377154,unavailable,pubget,,True
12377172,unavailable,pubget,,True
12377179,unavailable,pubget,,False
12378095,unavailable,pubget,,False
12378101,unavailable,pubget,,False
12381687,unavailable,pubget,,False
12381881,unavailable,pubget,,False
12382122,unavailable,pubget,,False
12382123,unavailable,pubget,,False
12383406,unavailable,pubget,,False
12383907,unavailable,pubget,,False
12386765,unavailable,pubget,,False
12386829,unavailable,pubget,,False
12392814,unavailable,pubget,,False
12395114,unavailable,pubget,,False
12408309,unavailable,pubget,,False
12411543,unavailable,pubget,,False
12412730,unavailable,pubget,,False
12414261,unavailable,pubget,,True
12414272,unavailable,pubget,,False
12414293,unavailable,pubget,,True
12414298,unavailable,pubget,,True
12416572,unavailable,pubget,,False
12419441,unavailable,pubget,,False
12423395,unavailable,pubget,,False
12427881,unavailable,pubget,,False
12429401,unavailable,pubget,,False
12431763,unavailable,pubget,,False
12438467,unavailable,pubget,,False
12439328,unavailable,pubget,,False
12445347,unavailable,pubget,,False
12445882,unavailable,pubget,,False
12445974,unavailable,pubget,,False
12451150,unavailable,pubget,,False
12451469,unavailable,pubget,,False
12452537,unavailable,pubget,,True
12452913,unavailable,pubget,,False
12457755,unavailable,pubget,,True
12457756,unavailable,pubget,,True
12457759,unavailable,pubget,,True
12457760,unavailable,pubget,,True
12457762,unavailable,pubget,,True
12457763,unavailable,pubget,,True
12460253,unavailable,pubget,,False
12460257,unavailable,pubget,,False
12477598,unavailable,pubget,,False
12478345,unavailable,pubget,,False
12478402,unavailable,pubget,,False
12482070,unavailable,pubget,,True
12482094,unavailable,pubget,,True
12482101,unavailable,pubget,,False
12483412,unavailable,pubget,,False
12493600,unavailable,pubget,,True
12498743,unavailable,pubget,,False
12498753,unavailable,pubget,,True
12498755,unavailable,pubget,,True
12499108,unavailable,pubget,,True
12500925,unavailable,pubget,,False
12504033,unavailable,pubget,,False
12504209,unavailable,pubget,,False
12504288,unavailable,pubget,,False
12505107,unavailable,pubget,,False
12507077,unavailable,pubget,,False
12507442,unavailable,pubget,,True
12507693,unavailable,pubget,,True
12510234,unavailable,pubget,,False
12513941,unavailable,pubget,,True
12513942,unavailable,pubget,,True
12515871,unavailable,pubget,,False
12515884,unavailable,pubget,,False
12517623,unavailable,pubget,,False
12521071,unavailable,pubget,,False
12522626,unavailable,pubget,,False
12522764,unavailable,pubget,,False
12527009,unavailable,pubget,,True
12527098,unavailable,pubget,,True
12527099,unavailable,pubget,,False
12530616,unavailable,pubget,,False
12535005,unavailable,pubget,,False
12536085,unavailable,pubget,,False
12547465,unavailable,pubget,,False
12561092,unavailable,pubget,,False
12562581,unavailable,pubget,,False
12571208,unavailable,pubget,,False
12577293,unavailable,pubget,,False
12578921,unavailable,pubget,,False
12587905,unavailable,pubget,,False
12588894,unavailable,pubget,,False
12588917,unavailable,pubget,,False
12589881,unavailable,pubget,,True
12595179,unavailable,pubget,,True
12595195,unavailable,pubget,,False
12595201,unavailable,pubget,,True
12599273,unavailable,pubget,,False
12601546,unavailable,pubget,,False
12602548,unavailable,pubget,,False
12605277,unavailable,pubget,,False
12607657,unavailable,pubget,,False
12614990,unavailable,pubget,,False
12622510,unavailable,pubget,,False
12625772,unavailable,pubget,,False
12627821,unavailable,pubget,,False
12629232,unavailable,pubget,,False
12636236,unavailable,pubget,,False
12640066,unavailable,pubget,,False
12640459,unavailable,pubget,,False
12642277,unavailable,pubget,,False
12645681,unavailable,pubget,,False
12646754,unavailable,pubget,,False
12647096,unavailable,pubget,,False
12648793,unavailable,pubget,,False
12648794,unavailable,pubget,,False
12654432,unavailable,pubget,,False
12655577,unavailable,pubget,,False
12657667,unavailable,pubget,,False
12663093,unavailable,pubget,,True
12664110,unavailable,pubget,,False
12665306,unavailable,pubget,,False
12667840,unavailable,pubget,,True
12667855,unavailable,pubget,,True
12668223,unavailable,pubget,,True
12673162,unavailable,pubget,,False
12679395,unavailable,pubget,,False
12684960,unavailable,pubget,,False
12690052,unavailable,pubget,,False
12692685,unavailable,pubget,,False
12695813,unavailable,pubget,,False
12696247,unavailable,pubget,,False
12699571,unavailable,pubget,,False
12700698,unavailable,pubget,,False
12703009,unavailable,pubget,,False
12706227,unavailable,pubget,,True
12707715,unavailable,pubget,,False
12714174,unavailable,pubget,,False
12714230,unavailable,pubget,,False
12715032,unavailable,pubget,,False
12715194,unavailable,pubget,,False
12722742,unavailable,pubget,,False
12725758,unavailable,pubget,,True
12727182,unavailable,pubget,,True
12727696,unavailable,pubget,,False
12729494,unavailable,pubget,,False
12729869,unavailable,pubget,,True
12730538,unavailable,pubget,,False
12734319,unavailable,pubget,,False
12735939,unavailable,pubget,,True
12738340,unavailable,pubget,,True
12742674,unavailable,pubget,,False
12748833,unavailable,pubget,,False
12749713,unavailable,pubget,,False
12750414,unavailable,pubget,,False
12750951,unavailable,pubget,,False
12753959,unavailable,pubget,,True
12753963,unavailable,pubget,,True
12757897,unavailable,pubget,,False
12764053,unavailable,pubget,,False
12768159,unavailable,pubget,,False
12768493,unavailable,pubget,,False
12771278,unavailable,pubget,,False
12774302,unavailable,pubget,,False
12781430,unavailable,pubget,,False
12781730,unavailable,pubget,,True
12790335,unavailable,pubget,,False
12792328,unavailable,pubget,,False
12796222,unavailable,pubget,,False
12796523,unavailable,pubget,,False
12796734,unavailable,pubget,,False
12798721,unavailable,pubget,,False
12802182,unavailable,pubget,,False
12805122,unavailable,pubget,,False
12807408,unavailable,pubget,,False
12809980,unavailable,pubget,,True
12814236,unavailable,pubget,,False
12814379,unavailable,pubget,,False
12814380,unavailable,pubget,,False
12814572,unavailable,pubget,,True
12814861,unavailable,pubget,,False
12817421,unavailable,pubget,,False
12820042,unavailable,pubget,,False
12820045,unavailable,pubget,,False
12821731,unavailable,pubget,,False
12824777,unavailable,pubget,,False
12828859,unavailable,pubget,,False
12830347,unavailable,pubget,,False
12832254,unavailable,pubget,,False
12843232,unavailable,pubget,,False
12845209,unavailable,pubget,,False
12852552,unavailable,pubget,,False
12858037,unavailable,pubget,,False
12861151,unavailable,pubget,,False
12862428,unavailable,pubget,,False
12867520,unavailable,pubget,,False
12869596,unavailable,pubget,,False
12873691,unavailable,pubget,,False
12873997,unavailable,pubget,,False
12878256,unavailable,pubget,,False
12879462,unavailable,pubget,,False
12880804,unavailable,pubget,,True
12880808,unavailable,pubget,,True
12880828,unavailable,pubget,,True
12880831,unavailable,pubget,,True
12880836,unavailable,pubget,,True
12880892,unavailable,pubget,,True
12880912,unavailable,pubget,,True
12882003,unavailable,pubget,,False
12885454,unavailable,pubget,,False
12887991,unavailable,pubget,,True
12888030,unavailable,pubget,,False
12898319,unavailable,pubget,,False
12902311,unavailable,pubget,,False
12902389,unavailable,pubget,,False
12902408,unavailable,pubget,,False
12902425,unavailable,pubget,,False
12907550,unavailable,pubget,,False
12910403,unavailable,pubget,,False
12920486,unavailable,pubget,,False
12924706,unavailable,pubget,,False
12925933,unavailable,pubget,,False
12928105,unavailable,pubget,,False
12937950,unavailable,pubget,,False
12944513,unavailable,pubget,,False
12946085,unavailable,pubget,,False
12948707,unavailable,pubget,,True
12948713,unavailable,pubget,,True
12948715,unavailable,pubget,,False
12948723,unavailable,pubget,,False
12949791,unavailable,pubget,,False
12959504,unavailable,pubget,,False
12959515,unavailable,pubget,,False
12960594,unavailable,pubget,,False
12960756,unavailable,pubget,,False
12961047,unavailable,pubget,,False
12966477,unavailable,pubget,,False
12972310,unavailable,pubget,,False
12972386,unavailable,pubget,,False
1312459,unavailable,pubget,,False
13129655,unavailable,pubget,,False
1314112,unavailable,pubget,,False
1343218,unavailable,pubget,,False
1361765,unavailable,pubget,,False
1362615,unavailable,pubget,,False
1390403,unavailable,pubget,,False
1393416,unavailable,pubget,,False
1396783,unavailable,pubget,,False
1407471,unavailable,pubget,,False
1407978,unavailable,pubget,,False
1410315,unavailable,pubget,,False
1418906,unavailable,pubget,,False
1429103,unavailable,pubget,,False
1429105,unavailable,pubget,,False
1430434,unavailable,pubget,,False
1431960,unavailable,pubget,,False
1432037,unavailable,pubget,,False
1432159,unavailable,pubget,,False
1432165,unavailable,pubget,,False
1436456,unavailable,pubget,,False
1438669,unavailable,pubget,,False
1438713,unavailable,pubget,,False
14504327,unavailable,pubget,,False
14506172,unavailable,pubget,,False
14512209,unavailable,pubget,,False
14514445,unavailable,pubget,,False
14519233,unavailable,pubget,,False
14520521,unavailable,pubget,,False
14522231,unavailable,pubget,,False
14523776,unavailable,pubget,,False
1452747,unavailable,pubget,,False
14527574,unavailable,pubget,,True
14527579,unavailable,pubget,,True
14527594,unavailable,pubget,,False
14527595,unavailable,pubget,,True
14527617,unavailable,pubget,,True
14529793,unavailable,pubget,,False
14529795,unavailable,pubget,,False
14550679,unavailable,pubget,,False
14551597,unavailable,pubget,,False
14564266,unavailable,pubget,,False
14568448,unavailable,pubget,,True
14568470,unavailable,pubget,,True
14568473,unavailable,pubget,,True
14568484,unavailable,pubget,,True
14568498,unavailable,pubget,,True
14568500,unavailable,pubget,,False
14568502,unavailable,pubget,,True
14568507,unavailable,pubget,,True
14570838,unavailable,pubget,,False
14572519,unavailable,pubget,,True
14572523,unavailable,pubget,,True
14572526,unavailable,pubget,,False
14572528,unavailable,pubget,,True
14574492,unavailable,pubget,,False
14580617,unavailable,pubget,,False
14583423,unavailable,pubget,,False
14584558,unavailable,pubget,,True
14584560,unavailable,pubget,,True
14597304,unavailable,pubget,,False
14600456,unavailable,pubget,,False
14602358,unavailable,pubget,,True
14602859,unavailable,pubget,,False
14603060,unavailable,pubget,,False
14607321,unavailable,pubget,,False
14617430,unavailable,pubget,,False
14621031,unavailable,pubget,,False
14625033,unavailable,pubget,,False
14625450,unavailable,pubget,,False
14625454,unavailable,pubget,,False
14625664,unavailable,pubget,,False
14628241,unavailable,pubget,,False
14630256,unavailable,pubget,,False
14633298,unavailable,pubget,,False
14638592,unavailable,pubget,,False
14641506,unavailable,pubget,,False
14642461,unavailable,pubget,,True
14642464,unavailable,pubget,,True
14642465,unavailable,pubget,,True
14642477,unavailable,pubget,,True
14643071,unavailable,pubget,,False
14643096,unavailable,pubget,,False
14643956,unavailable,pubget,,False
14644143,unavailable,pubget,,False
14644482,unavailable,pubget,,False
14647960,unavailable,pubget,,False
14652104,unavailable,pubget,,False
14652482,unavailable,pubget,,False
14654860,unavailable,pubget,,False
14657749,unavailable,pubget,,False
14658015,unavailable,pubget,,False
14659494,unavailable,pubget,,True
14659496,unavailable,pubget,,False
14659499,unavailable,pubget,,True
14660038,unavailable,pubget,,False
14662467,unavailable,pubget,,False
14663442,unavailable,pubget,,False
14664479,unavailable,pubget,,False
14673049,unavailable,pubget,,False
14674838,unavailable,pubget,,False
14676060,unavailable,pubget,,False
14678611,unavailable,pubget,,False
14683704,unavailable,pubget,,True
14683724,unavailable,pubget,,False
14683727,unavailable,pubget,,False
14684352,unavailable,pubget,,False
14684393,unavailable,pubget,,False
14689371,unavailable,pubget,,False
14689508,unavailable,pubget,,False
14691060,unavailable,pubget,,False
1469470,unavailable,pubget,,False
14697004,unavailable,pubget,,False
14699292,unavailable,pubget,,False
14699431,unavailable,pubget,,False
14700259,unavailable,pubget,,False
14700729,unavailable,pubget,,True
14702228,unavailable,pubget,,False
14706943,unavailable,pubget,,False
14709234,unavailable,pubget,,False
14709990,unavailable,pubget,,False
14715954,unavailable,pubget,,False
1471870,unavailable,pubget,,False
14725794,unavailable,pubget,,False
14729635,unavailable,pubget,,False
1473034,unavailable,pubget,,False
14730405,unavailable,pubget,,False
14732598,unavailable,pubget,,False
14732628,unavailable,pubget,,False
14734662,unavailable,pubget,,False
14736573,unavailable,pubget,,True
14738419,unavailable,pubget,,False
14738944,unavailable,pubget,,False
14738953,unavailable,pubget,,False
14741637,unavailable,pubget,,True
14741645,unavailable,pubget,,False
14741652,unavailable,pubget,,True
14741656,unavailable,pubget,,True
14741659,unavailable,pubget,,True
14741671,unavailable,pubget,,True
14741672,unavailable,pubget,,True
14745059,unavailable,pubget,,False
14745221,unavailable,pubget,,False
14746838,unavailable,pubget,,False
14748209,unavailable,pubget,,False
14754778,unavailable,pubget,,False
14754781,unavailable,pubget,,False
14755834,unavailable,pubget,,False
14757334,unavailable,pubget,,False
14758386,unavailable,pubget,,False
14760097,unavailable,pubget,,False
14766295,unavailable,pubget,,False
14766689,unavailable,pubget,,False
1486115,unavailable,pubget,,False
1492654,unavailable,pubget,,False
14966162,unavailable,pubget,,False
14968395,unavailable,pubget,,False
14971633,unavailable,pubget,,False
14972367,unavailable,pubget,,False
14977823,unavailable,pubget,,False
14980558,unavailable,pubget,,False
14980565,unavailable,pubget,,True
14990646,unavailable,pubget,,False
14998701,unavailable,pubget,,False
14999056,unavailable,pubget,,False
14999488,unavailable,pubget,,False
15000192,unavailable,pubget,,False
15006651,unavailable,pubget,,True
15006652,unavailable,pubget,,True
15006667,unavailable,pubget,,True
15006672,unavailable,pubget,,True
15007565,unavailable,pubget,,False
15012644,unavailable,pubget,,False
1501770,unavailable,pubget,,False
15023390,unavailable,pubget,,False
15023577,unavailable,pubget,,True
15023583,unavailable,pubget,,False
15029261,unavailable,pubget,,False
15030940,unavailable,pubget,,False
15033182,unavailable,pubget,,True
15035275,unavailable,pubget,,False
15036431,unavailable,pubget,,False
15039063,unavailable,pubget,,False
15039173,unavailable,pubget,,False
15041511,unavailable,pubget,,False
15046657,unavailable,pubget,,False
15048631,unavailable,pubget,,False
15050571,unavailable,pubget,,False
15050782,unavailable,pubget,,True
15050867,unavailable,pubget,,False
15054073,unavailable,pubget,,False
15060746,unavailable,pubget,,False
15062860,unavailable,pubget,,False
15063613,unavailable,pubget,,False
15064886,unavailable,pubget,,False
1506885,unavailable,pubget,,False
15068915,unavailable,pubget,,False
15072681,unavailable,pubget,,False
15073248,unavailable,pubget,,False
15073511,unavailable,pubget,,False
15083441,unavailable,pubget,,False
15083527,unavailable,pubget,,False
15084129,unavailable,pubget,,False
15088109,unavailable,pubget,,False
15093144,unavailable,pubget,,False
15093902,unavailable,pubget,,False
15093927,unavailable,pubget,,False
15095561,unavailable,pubget,,False
15099146,unavailable,pubget,,False
15099413,unavailable,pubget,,False
15099600,unavailable,pubget,,True
15099603,unavailable,pubget,,True
15100618,unavailable,pubget,,False
15100699,unavailable,pubget,,False
15109998,unavailable,pubget,,True
15110011,unavailable,pubget,,True
15110735,unavailable,pubget,,False
1511219,unavailable,pubget,,False
15118031,unavailable,pubget,,False
15118186,unavailable,pubget,,False
15122718,unavailable,pubget,,False
15124990,unavailable,pubget,,False
15126732,unavailable,pubget,,False
15130587,unavailable,pubget,,True
15133471,unavailable,pubget,,False
15133815,unavailable,pubget,,False
15135158,unavailable,pubget,,False
15135477,unavailable,pubget,,False
15138725,unavailable,pubget,,False
15147320,unavailable,pubget,,False
15147492,unavailable,pubget,,True
15152926,unavailable,pubget,,False
15154699,unavailable,pubget,,False
15154709,unavailable,pubget,,False
15163167,unavailable,pubget,,False
15164782,unavailable,pubget,,False
15165356,unavailable,pubget,,False
15174923,unavailable,pubget,,False
15183386,unavailable,pubget,,True
15183389,unavailable,pubget,,True
15183391,unavailable,pubget,,True
15183394,unavailable,pubget,,True
15184035,unavailable,pubget,,False
15184612,unavailable,pubget,,False
15186828,unavailable,pubget,,False
15191296,unavailable,pubget,,False
15192465,unavailable,pubget,,False
15193581,unavailable,pubget,,True
15193584,unavailable,pubget,,True
15193606,unavailable,pubget,,False
15193611,unavailable,pubget,,True
15195016,unavailable,pubget,,False
15195290,unavailable,pubget,,False
15197809,unavailable,pubget,,False
15202829,unavailable,pubget,,False
15203175,unavailable,pubget,,True
15204341,unavailable,pubget,,False
15205490,unavailable,pubget,,False
15205869,unavailable,pubget,,False
15208500,unavailable,pubget,,False
15214979,unavailable,pubget,,False
15219581,unavailable,pubget,,True
15219587,unavailable,pubget,,True
15221201,unavailable,pubget,,False
1522271,unavailable,pubget,,False
15226085,unavailable,pubget,,False
15232390,unavailable,pubget,,False
15232708,unavailable,pubget,,False
15234056,unavailable,pubget,,False
15235060,unavailable,pubget,,False
15236402,unavailable,pubget,,False
15242941,unavailable,pubget,,False
15243405,unavailable,pubget,,False
15247614,unavailable,pubget,,False
15249621,unavailable,pubget,,False
15251914,unavailable,pubget,,False
15251915,unavailable,pubget,,False
15259648,unavailable,pubget,,False
1525975,unavailable,pubget,,False
15262760,unavailable,pubget,,False
15266174,unavailable,pubget,,False
15268921,unavailable,pubget,,True
15270589,unavailable,pubget,,False
15275727,unavailable,pubget,,False
15275742,unavailable,pubget,,False
15275905,unavailable,pubget,,False
15275914,unavailable,pubget,,True
15275928,unavailable,pubget,,False
15275933,unavailable,pubget,,False
15278306,unavailable,pubget,,False
15278380,unavailable,pubget,,False
15283738,unavailable,pubget,,False
15289277,unavailable,pubget,,False
15291289,unavailable,pubget,,False
15299051,unavailable,pubget,,False
15299066,unavailable,pubget,,False
15301834,unavailable,pubget,,False
15302055,unavailable,pubget,,False
15305128,unavailable,pubget,,False
15308164,unavailable,pubget,,False
15309921,unavailable,pubget,,False
15310768,unavailable,pubget,,False
15311837,unavailable,pubget,,False
15313521,unavailable,pubget,,True
15316581,unavailable,pubget,,False
15318960,unavailable,pubget,,False
15325198,unavailable,pubget,,False
15325353,unavailable,pubget,,False
15325411,unavailable,pubget,,True
15326083,unavailable,pubget,,False
15327720,unavailable,pubget,,False
15336517,unavailable,pubget,,False
1533719,unavailable,pubget,,False
15337656,unavailable,pubget,,False
15339824,unavailable,pubget,,False
15340932,unavailable,pubget,,False
15343334,unavailable,pubget,,False
15346325,unavailable,pubget,,False
15351569,unavailable,pubget,,False
15351627,unavailable,pubget,,True
15353503,unavailable,pubget,,False
15354391,unavailable,pubget,,False
15356184,unavailable,pubget,,False
15357191,unavailable,pubget,,False
15358979,unavailable,pubget,,False
15359002,unavailable,pubget,,False
15365136,unavailable,pubget,,False
15377696,unavailable,pubget,,False
15377698,unavailable,pubget,,False
15380228,unavailable,pubget,,False
15380601,unavailable,pubget,,False
15381021,unavailable,pubget,,True
15381748,unavailable,pubget,,False
15382253,unavailable,pubget,,False
15387862,unavailable,pubget,,False
15388899,unavailable,pubget,,False
1545020,unavailable,pubget,,False
15454705,unavailable,pubget,,False
15456443,unavailable,pubget,,False
15459079,unavailable,pubget,,False
15459819,unavailable,pubget,,False
15464351,unavailable,pubget,,True
15464388,unavailable,pubget,,False
15465976,unavailable,pubget,,False
15465977,unavailable,pubget,,False
15466784,unavailable,pubget,,False
15466824,unavailable,pubget,,False
15468996,unavailable,pubget,,False
15470926,unavailable,pubget,,False
15471372,unavailable,pubget,,False
15471827,unavailable,pubget,,False
15474896,unavailable,pubget,,False
15476690,unavailable,pubget,,False
15477398,unavailable,pubget,,False
15477508,unavailable,pubget,,False
15479679,unavailable,pubget,,False
15487740,unavailable,pubget,,False
15488247,unavailable,pubget,,False
15488398,unavailable,pubget,,True
15488400,unavailable,pubget,,True
15488401,unavailable,pubget,,True
15488402,unavailable,pubget,,True
15488417,unavailable,pubget,,True
15488909,unavailable,pubget,,True
15489381,unavailable,pubget,,False
15499292,unavailable,pubget,,False
15502603,unavailable,pubget,,False
15511653,unavailable,pubget,,True
15514403,unavailable,pubget,,False
15514410,unavailable,pubget,,False
15518931,unavailable,pubget,,True
15518940,unavailable,pubget,,True
15519659,unavailable,pubget,,False
15520071,unavailable,pubget,,False
15525809,unavailable,pubget,,False
15528064,unavailable,pubget,,False
15528065,unavailable,pubget,,False
15528081,unavailable,pubget,,False
15528085,unavailable,pubget,,False
15528091,unavailable,pubget,,True
15528101,unavailable,pubget,,True
15528113,unavailable,pubget,,True
15528114,unavailable,pubget,,True
15529952,unavailable,pubget,,False
15534051,unavailable,pubget,,False
15534052,unavailable,pubget,,False
15534088,unavailable,pubget,,False
15535057,unavailable,pubget,,False
15535168,unavailable,pubget,,False
15537185,unavailable,pubget,,False
15537193,unavailable,pubget,,False
15538143,unavailable,pubget,,False
15540907,unavailable,pubget,,False
15541070,unavailable,pubget,,False
15541071,unavailable,pubget,,False
15543554,unavailable,pubget,,False
15543863,unavailable,pubget,,False
15546593,unavailable,pubget,,False
15546813,unavailable,pubget,,False
15547747,unavailable,pubget,,False
15549509,unavailable,pubget,,False
15560704,unavailable,pubget,,False
15560714,unavailable,pubget,,False
15561504,unavailable,pubget,,True
15562068,unavailable,pubget,,False
15563725,unavailable,pubget,,False
15570232,unavailable,pubget,,False
15582037,unavailable,pubget,,True
15582114,unavailable,pubget,,True
15585395,unavailable,pubget,,False
15585480,unavailable,pubget,,False
15585490,unavailable,pubget,,False
15587662,unavailable,pubget,,False
15588608,unavailable,pubget,,False
15588609,unavailable,pubget,,True
15588614,unavailable,pubget,,True
15588870,unavailable,pubget,,False
15588871,unavailable,pubget,,False
15589102,unavailable,pubget,,True
15589103,unavailable,pubget,,True
15589109,unavailable,pubget,,False
15589113,unavailable,pubget,,False
15589559,unavailable,pubget,,True
15590173,unavailable,pubget,,False
15590183,unavailable,pubget,,False
15590193,unavailable,pubget,,False
15597092,unavailable,pubget,,False
15598546,unavailable,pubget,,True
15599314,unavailable,pubget,,False
15605946,unavailable,pubget,,False
15607094,unavailable,pubget,,False
15607294,unavailable,pubget,,False
15608481,unavailable,pubget,,False
15608543,unavailable,pubget,,False
15610613,unavailable,pubget,,False
15616172,unavailable,pubget,,False
15620227,unavailable,pubget,,True
15622017,unavailable,pubget,,False
15622592,unavailable,pubget,,False
15627188,unavailable,pubget,,False
15627576,unavailable,pubget,,True
15627580,unavailable,pubget,,True
15627588,unavailable,pubget,,True
15627591,unavailable,pubget,,True
15627595,unavailable,pubget,,True
15627596,unavailable,pubget,,True
15627602,unavailable,pubget,,True
15629603,unavailable,pubget,,False
15630363,unavailable,pubget,,False
15632041,unavailable,pubget,,False
1563435,unavailable,pubget,,False
15635514,unavailable,pubget,,False
15638298,unavailable,pubget,,False
15645226,unavailable,pubget,,False
15649088,unavailable,pubget,,False
15652307,unavailable,pubget,,False
15652316,unavailable,pubget,,True
1565311,unavailable,pubget,,False
15654860,unavailable,pubget,,False
15658131,unavailable,pubget,,False
15660647,unavailable,pubget,,False
15662772,unavailable,pubget,,False
15665685,unavailable,pubget,,False
15666327,unavailable,pubget,,False
15667413,unavailable,pubget,,False
15668210,unavailable,pubget,,False
15669671,unavailable,pubget,,False
15670229,unavailable,pubget,,False
15670685,unavailable,pubget,,False
15672931,unavailable,pubget,,False
15673663,unavailable,pubget,,False
15674757,unavailable,pubget,,False
15677609,unavailable,pubget,,False
15680204,unavailable,pubget,,True
15680811,unavailable,pubget,,False
15689365,unavailable,pubget,,False
15689742,unavailable,pubget,,False
15690621,unavailable,pubget,,False
15690653,unavailable,pubget,,False
15691521,unavailable,pubget,,True
15691523,unavailable,pubget,,False
15691571,unavailable,pubget,,False
15692221,unavailable,pubget,,False
1569477,unavailable,pubget,,False
15695786,unavailable,pubget,,False
15700228,unavailable,pubget,,False
15701242,unavailable,pubget,,False
15701837,unavailable,pubget,,False
15703387,unavailable,pubget,,False
15707021,unavailable,pubget,,False
15707612,unavailable,pubget,,True
15708242,unavailable,pubget,,False
15708296,unavailable,pubget,,False
15708297,unavailable,pubget,,False
15708643,unavailable,pubget,,False
15711028,unavailable,pubget,,False
15714127,unavailable,pubget,,False
15716164,unavailable,pubget,,True
15716518,unavailable,pubget,,False
15716527,unavailable,pubget,,False
15716537,unavailable,pubget,,False
15718048,unavailable,pubget,,False
15718764,unavailable,pubget,,False
15719074,unavailable,pubget,,False
15720173,unavailable,pubget,,False
15721593,unavailable,pubget,,True
15721998,unavailable,pubget,,True
15722127,unavailable,pubget,,False
15726251,unavailable,pubget,,False
15727616,unavailable,pubget,,False
15728437,unavailable,pubget,,False
15729733,unavailable,pubget,,False
15730595,unavailable,pubget,,False
15734344,unavailable,pubget,,True
15734345,unavailable,pubget,,False
15734361,unavailable,pubget,,True
15737657,unavailable,pubget,,False
15737811,unavailable,pubget,,False
15741464,unavailable,pubget,,False
15742440,unavailable,pubget,,False
15743028,unavailable,pubget,,False
15746224,unavailable,pubget,,False
15746230,unavailable,pubget,,False
15750930,unavailable,pubget,,False
15752693,unavailable,pubget,,False
15752892,unavailable,pubget,,False
15752906,unavailable,pubget,,False
15752909,unavailable,pubget,,False
15752969,unavailable,pubget,,False
15753238,unavailable,pubget,,False
15753243,unavailable,pubget,,False
15753796,unavailable,pubget,,False
15759954,unavailable,pubget,,False
15761276,unavailable,pubget,,False
15762360,unavailable,pubget,,False
15769497,unavailable,pubget,,False
15771403,unavailable,pubget,,False
15772862,unavailable,pubget,,False
15772951,unavailable,pubget,,False
15772953,unavailable,pubget,,False
15774439,unavailable,pubget,,False
15778836,unavailable,pubget,,False
15784436,unavailable,pubget,,False
15784437,unavailable,pubget,,True
15784438,unavailable,pubget,,True
15784439,unavailable,pubget,,True
15784710,unavailable,pubget,,False
15788269,unavailable,pubget,,False
15788281,unavailable,pubget,,False
15788658,unavailable,pubget,,False
15791743,unavailable,pubget,,False
15795138,unavailable,pubget,,True
15798307,unavailable,pubget,,False
15804920,unavailable,pubget,,False
15805001,unavailable,pubget,,False
15808978,unavailable,pubget,,True
15808989,unavailable,pubget,,True
15809405,unavailable,pubget,,False
15811239,unavailable,pubget,,False
15815583,unavailable,pubget,,False
15817341,unavailable,pubget,,False
15817360,unavailable,pubget,,False
15820625,unavailable,pubget,,True
15820629,unavailable,pubget,,True
15823984,unavailable,pubget,,False
15826258,unavailable,pubget,,False
15826967,unavailable,pubget,,False
15826978,unavailable,pubget,,False
15835103,unavailable,pubget,,False
15835285,unavailable,pubget,,False
15837995,unavailable,pubget,,False
15838426,unavailable,pubget,,False
15838577,unavailable,pubget,,False
15841677,unavailable,pubget,,False
15843422,unavailable,pubget,,False
15843789,unavailable,pubget,,False
15850725,unavailable,pubget,,False
15850734,unavailable,pubget,,True
15850740,unavailable,pubget,,True
15850902,unavailable,pubget,,False
15850904,unavailable,pubget,,False
15852386,unavailable,pubget,,False
15854764,unavailable,pubget,,False
15860401,unavailable,pubget,,False
15862217,unavailable,pubget,,True
15862220,unavailable,pubget,,True
15862227,unavailable,pubget,,True
15862228,unavailable,pubget,,True
15863990,unavailable,pubget,,False
15864303,unavailable,pubget,,False
15864563,unavailable,pubget,,False
15867359,unavailable,pubget,,False
15868382,unavailable,pubget,,False
15868717,unavailable,pubget,,False
15869317,unavailable,pubget,,False
1587392,unavailable,pubget,,False
15876503,unavailable,pubget,,False
15876522,unavailable,pubget,,False
15876662,unavailable,pubget,,False
15878501,unavailable,pubget,,False
15879018,unavailable,pubget,,False
15881525,unavailable,pubget,,False
15881528,unavailable,pubget,,False
15882784,unavailable,pubget,,True
15883267,unavailable,pubget,,False
15884631,unavailable,pubget,,False
15890571,unavailable,pubget,,False
15890605,unavailable,pubget,,False
15891492,unavailable,pubget,,False
15891500,unavailable,pubget,,False
15893940,unavailable,pubget,,False
15897417,unavailable,pubget,,False
15907303,unavailable,pubget,,False
15907308,unavailable,pubget,,True
15907318,unavailable,pubget,,True
15911167,unavailable,pubget,,False
15913867,unavailable,pubget,,True
15921932,unavailable,pubget,,True
15922623,unavailable,pubget,,False
15925033,unavailable,pubget,,False
15925092,unavailable,pubget,,True
15926717,unavailable,pubget,,False
15927455,unavailable,pubget,,False
15929098,unavailable,pubget,,False
15930054,unavailable,pubget,,False
15931056,unavailable,pubget,,False
15932793,unavailable,pubget,,False
15936575,unavailable,pubget,,False
15936576,unavailable,pubget,,False
15938707,unavailable,pubget,,False
15942956,unavailable,pubget,,False
15947061,unavailable,pubget,,False
15949236,unavailable,pubget,,False
15949499,unavailable,pubget,,False
15949507,unavailable,pubget,,True
15949513,unavailable,pubget,,False
15949653,unavailable,pubget,,True
15953488,unavailable,pubget,,False
15955475,unavailable,pubget,,True
15955482,unavailable,pubget,,True
15955496,unavailable,pubget,,True
15955506,unavailable,pubget,,True
15956168,unavailable,pubget,,False
15961045,unavailable,pubget,,False
15961760,unavailable,pubget,,False
15961982,unavailable,pubget,,False
15964208,unavailable,pubget,,True
15964209,unavailable,pubget,,False
15964211,unavailable,pubget,,True
15965425,unavailable,pubget,,False
15970434,unavailable,pubget,,True
15977297,unavailable,pubget,,False
15978017,unavailable,pubget,,False
15978840,unavailable,pubget,,True
15979109,unavailable,pubget,,True
15979345,unavailable,pubget,,True
15979817,unavailable,pubget,,False
15980631,unavailable,pubget,,False
15981002,unavailable,pubget,,False
15981721,unavailable,pubget,,False
15986731,unavailable,pubget,,False
15987275,unavailable,pubget,,False
15987579,unavailable,pubget,,False
15987709,unavailable,pubget,,False
15988623,unavailable,pubget,,False
15989401,unavailable,pubget,,False
15990714,unavailable,pubget,,False
15990981,unavailable,pubget,,False
15993762,unavailable,pubget,,True
15993771,unavailable,pubget,,True
15993856,unavailable,pubget,,False
15994572,unavailable,pubget,,False
15996878,unavailable,pubget,,True
15996898,unavailable,pubget,,False
15997600,unavailable,pubget,,False
15999213,unavailable,pubget,,False
16000253,unavailable,pubget,,False
16000282,unavailable,pubget,,False
16002029,unavailable,pubget,,False
16004619,unavailable,pubget,,False
16005998,unavailable,pubget,,False
16006705,unavailable,pubget,,False
16009242,unavailable,pubget,,True
16009645,unavailable,pubget,,False
16012272,unavailable,pubget,,False
16015442,unavailable,pubget,,False
1601649,unavailable,pubget,,False
16018914,unavailable,pubget,,False
16019093,unavailable,pubget,,False
16019232,unavailable,pubget,,True
16019236,unavailable,pubget,,False
16019380,unavailable,pubget,,False
16021798,unavailable,pubget,,False
16022981,unavailable,pubget,,False
16023040,unavailable,pubget,,True
16023234,unavailable,pubget,,False
16023374,unavailable,pubget,,False
16024258,unavailable,pubget,,True
16028002,unavailable,pubget,,False
1603316,unavailable,pubget,,False
16034443,unavailable,pubget,,False
16034570,unavailable,pubget,,False
16036465,unavailable,pubget,,False
16037161,unavailable,pubget,,False
16038685,unavailable,pubget,,False
16042034,unavailable,pubget,,True
16043895,unavailable,pubget,,False
16045067,unavailable,pubget,,False
16045068,unavailable,pubget,,False
16047521,unavailable,pubget,,False
1605084,unavailable,pubget,,False
16054343,unavailable,pubget,,True
16054371,unavailable,pubget,,False
16061770,unavailable,pubget,,False
16061863,unavailable,pubget,,False
16078183,unavailable,pubget,,False
16078851,unavailable,pubget,,False
16080007,unavailable,pubget,,False
16081302,unavailable,pubget,,False
16084069,unavailable,pubget,,False
16084116,unavailable,pubget,,False
16085591,unavailable,pubget,,False
16085592,unavailable,pubget,,False
16086545,unavailable,pubget,,False
16087447,unavailable,pubget,,False
16094263,unavailable,pubget,,False
16095568,unavailable,pubget,,False
16095920,unavailable,pubget,,True
1609867,unavailable,pubget,,False
16099178,unavailable,pubget,,True
16101166,unavailable,pubget,,False
16101198,unavailable,pubget,,False
16102895,unavailable,pubget,,False
16107352,unavailable,pubget,,False
16107356,unavailable,pubget,,False
16107368,unavailable,pubget,,False
16111573,unavailable,pubget,,False
16111898,unavailable,pubget,,True
16113622,unavailable,pubget,,False
16115922,unavailable,pubget,,False
16120878,unavailable,pubget,,False
16122946,unavailable,pubget,,False
16124082,unavailable,pubget,,False
16125870,unavailable,pubget,,False
16126415,unavailable,pubget,,True
16128812,unavailable,pubget,,False
16133395,unavailable,pubget,,False
16133720,unavailable,pubget,,False
1613412,unavailable,pubget,,False
16134735,unavailable,pubget,,False
16135618,unavailable,pubget,,False
16135630,unavailable,pubget,,False
16136863,unavailable,pubget,,False
16139733,unavailable,pubget,,False
16139997,unavailable,pubget,,True
16140278,unavailable,pubget,,False
16142482,unavailable,pubget,,False
16144936,unavailable,pubget,,False
16145126,unavailable,pubget,,False
16147579,unavailable,pubget,,False
16153836,unavailable,pubget,,False
16154363,unavailable,pubget,,False
16154448,unavailable,pubget,,True
16154713,unavailable,pubget,,False
16157491,unavailable,pubget,,True
16157522,unavailable,pubget,,False
16157528,unavailable,pubget,,False
16157531,unavailable,pubget,,False
16157532,unavailable,pubget,,False
16163365,unavailable,pubget,,False
16164937,unavailable,pubget,,False
16165103,unavailable,pubget,,True
16166318,unavailable,pubget,,False
16168473,unavailable,pubget,,True
16168829,unavailable,pubget,,False
16168840,unavailable,pubget,,False
16168843,unavailable,pubget,,False
16169136,unavailable,pubget,,True
16171034,unavailable,pubget,,False
16171641,unavailable,pubget,,False
16172572,unavailable,pubget,,False
16174176,unavailable,pubget,,False
16174965,unavailable,pubget,,False
16175016,unavailable,pubget,,False
16175856,unavailable,pubget,,False
16177540,unavailable,pubget,,False
16178033,unavailable,pubget,,False
16179172,unavailable,pubget,,False
16180210,unavailable,pubget,,False
16181792,unavailable,pubget,,False
16183552,unavailable,pubget,,False
16183616,unavailable,pubget,,False
16187874,unavailable,pubget,,False
16189467,unavailable,pubget,,False
16198127,unavailable,pubget,,False
16198509,unavailable,pubget,,False
16198934,unavailable,pubget,,False
16199012,unavailable,pubget,,False
16199829,unavailable,pubget,,False
16199831,unavailable,pubget,,False
16202396,unavailable,pubget,,True
16202566,unavailable,pubget,,False
16207932,unavailable,pubget,,False
16211287,unavailable,pubget,,False
16211531,unavailable,pubget,,False
16211615,unavailable,pubget,,False
16212691,unavailable,pubget,,False
16213083,unavailable,pubget,,True
16213162,unavailable,pubget,,False
16221598,unavailable,pubget,,False
16224919,unavailable,pubget,,False
16225562,unavailable,pubget,,False
16226041,unavailable,pubget,,True
16226396,unavailable,pubget,,False
16226773,unavailable,pubget,,False
16226895,unavailable,pubget,,True
16227548,unavailable,pubget,,False
16228237,unavailable,pubget,,False
16228812,unavailable,pubget,,False
16229823,unavailable,pubget,,False
16234679,unavailable,pubget,,False
16242251,unavailable,pubget,,False
16242348,unavailable,pubget,,False
16242922,unavailable,pubget,,True
16243250,unavailable,pubget,,False
16246587,unavailable,pubget,,False
16246592,unavailable,pubget,,True
16246734,unavailable,pubget,,True
16247604,unavailable,pubget,,False
16252078,unavailable,pubget,,False
16254883,unavailable,pubget,,False
16255007,unavailable,pubget,,False
16256377,unavailable,pubget,,True
16257515,unavailable,pubget,,True
16260156,unavailable,pubget,,True
16263155,unavailable,pubget,,False
16267601,unavailable,pubget,,False
16269172,unavailable,pubget,,False
16269396,unavailable,pubget,,False
16270214,unavailable,pubget,,False
16280353,unavailable,pubget,,False
16283098,unavailable,pubget,,False
16284969,unavailable,pubget,,False
16289928,unavailable,pubget,,True
16290108,unavailable,pubget,,False
16296442,unavailable,pubget,,False
16298236,unavailable,pubget,,False
16298243,unavailable,pubget,,False
16300970,unavailable,pubget,,True
16304389,unavailable,pubget,,False
16304996,unavailable,pubget,,False
16307484,unavailable,pubget,,False
16310456,unavailable,pubget,,False
16310510,unavailable,pubget,,False
16311844,unavailable,pubget,,False
1631214,unavailable,pubget,,False
16314143,unavailable,pubget,,False
16322123,unavailable,pubget,,False
16322907,unavailable,pubget,,False
16323251,unavailable,pubget,,False
16324793,unavailable,pubget,,True
16325341,unavailable,pubget,,True
16325347,unavailable,pubget,,False
1632744,unavailable,pubget,,False
16330567,unavailable,pubget,,False
16330597,unavailable,pubget,,False
16330601,unavailable,pubget,,False
16333167,unavailable,pubget,,False
16335290,unavailable,pubget,,False
16337439,unavailable,pubget,,False
16339793,unavailable,pubget,,False
16340599,unavailable,pubget,,False
1634154,unavailable,pubget,,False
16341578,unavailable,pubget,,False
16342284,unavailable,pubget,,False
16343769,unavailable,pubget,,False
16343805,unavailable,pubget,,False
16343951,unavailable,pubget,,False
16352689,unavailable,pubget,,False
16353365,unavailable,pubget,,False
16359147,unavailable,pubget,,False
16361588,unavailable,pubget,,False
16361608,unavailable,pubget,,False
16362149,unavailable,pubget,,False
16364498,unavailable,pubget,,False
16364549,unavailable,pubget,,False
16368214,unavailable,pubget,,False
16372482,unavailable,pubget,,False
16376444,unavailable,pubget,,False
16376861,unavailable,pubget,,True
16381186,unavailable,pubget,,False
16386952,unavailable,pubget,,False
16391297,unavailable,pubget,,False
16395308,unavailable,pubget,,False
16397053,unavailable,pubget,,False
16401737,unavailable,pubget,,False
16403183,unavailable,pubget,,False
16403821,unavailable,pubget,,False
16404035,unavailable,pubget,,False
16404081,unavailable,pubget,,False
16410035,unavailable,pubget,,True
16411978,unavailable,pubget,,False
16413795,unavailable,pubget,,True
16413797,unavailable,pubget,,True
16414280,unavailable,pubget,,True
16415423,unavailable,pubget,,False
16416436,unavailable,pubget,,False
16417974,unavailable,pubget,,True
16423207,unavailable,pubget,,False
16427688,unavailable,pubget,,False
16429377,unavailable,pubget,,False
16432778,unavailable,pubget,,False
16433941,unavailable,pubget,,False
16434417,unavailable,pubget,,False
16437218,unavailable,pubget,,False
16437396,unavailable,pubget,,False
16438235,unavailable,pubget,,False
16443591,unavailable,pubget,,False
16445000,unavailable,pubget,,False
16446332,unavailable,pubget,,False
16453044,unavailable,pubget,,False
16453317,unavailable,pubget,,False
16456657,unavailable,pubget,,False
16458263,unavailable,pubget,,False
16458267,unavailable,pubget,,True
16458442,unavailable,pubget,,True
16460694,unavailable,pubget,,False
16462486,unavailable,pubget,,False
16462620,unavailable,pubget,,False
16463648,unavailable,pubget,,False
16466933,unavailable,pubget,,True
16468502,unavailable,pubget,,False
16468947,unavailable,pubget,,False
16469419,unavailable,pubget,,False
16472939,unavailable,pubget,,False
16473022,unavailable,pubget,,False
16473495,unavailable,pubget,,True
16480694,unavailable,pubget,,True
16480742,unavailable,pubget,,True
16480897,unavailable,pubget,,True
16481807,unavailable,pubget,,False
16484809,unavailable,pubget,,False
16488259,unavailable,pubget,,False
16488553,unavailable,pubget,,False
16488710,unavailable,pubget,,False
16490365,unavailable,pubget,,True
16494683,unavailable,pubget,,False
16495939,unavailable,pubget,,True
16497462,unavailable,pubget,,False
16498187,unavailable,pubget,,False
16499982,unavailable,pubget,,False
16503328,unavailable,pubget,,False
16505440,unavailable,pubget,,False
16506272,unavailable,pubget,,False
16508489,unavailable,pubget,,False
16508621,unavailable,pubget,,False
16508899,unavailable,pubget,,False
16509498,unavailable,pubget,,False
16513507,unavailable,pubget,,False
16513625,unavailable,pubget,,False
16514369,unavailable,pubget,,False
16516233,unavailable,pubget,,False
16516499,unavailable,pubget,,False
16517171,unavailable,pubget,,False
16525701,unavailable,pubget,,False
16527259,unavailable,pubget,,False
16527398,unavailable,pubget,,False
16528194,unavailable,pubget,,False
16529627,unavailable,pubget,,False
16531919,unavailable,pubget,,False
16532952,unavailable,pubget,,False
16533501,unavailable,pubget,,True
16533969,unavailable,pubget,,False
16540347,unavailable,pubget,,True
16540348,unavailable,pubget,,True
16541364,unavailable,pubget,,False
16542513,unavailable,pubget,,False
16544729,unavailable,pubget,,False
16545554,unavailable,pubget,,False
16545581,unavailable,pubget,,False
16545881,unavailable,pubget,,False
16546860,unavailable,pubget,,False
16549368,unavailable,pubget,,True
16549694,unavailable,pubget,,False
16550384,unavailable,pubget,,False
16551451,unavailable,pubget,,False
16552626,unavailable,pubget,,False
16552833,unavailable,pubget,,False
16553630,unavailable,pubget,,True
16564588,unavailable,pubget,,False
16567535,unavailable,pubget,,False
16571188,unavailable,pubget,,False
16571373,unavailable,pubget,,True
16571767,unavailable,pubget,,False
1657336,unavailable,pubget,,False
16574079,unavailable,pubget,,True
16580701,unavailable,pubget,,False
16585841,unavailable,pubget,,False
16600628,unavailable,pubget,,False
16603033,unavailable,pubget,,False
16603714,unavailable,pubget,,False
16603919,unavailable,pubget,,False
16609811,unavailable,pubget,,False
16615426,unavailable,pubget,,False
16616048,unavailable,pubget,,True
16616725,unavailable,pubget,,False
16616832,unavailable,pubget,,True
16617388,unavailable,pubget,,False
16618577,unavailable,pubget,,False
16618584,unavailable,pubget,,False
16622330,unavailable,pubget,,False
16624580,unavailable,pubget,,True
16624583,unavailable,pubget,,True
16626888,unavailable,pubget,,False
16627160,unavailable,pubget,,False
16627173,unavailable,pubget,,False
16627859,unavailable,pubget,,False
16627901,unavailable,pubget,,False
16630920,unavailable,pubget,,False
16631080,unavailable,pubget,,False
16631086,unavailable,pubget,,False
16631130,unavailable,pubget,,False
16631334,unavailable,pubget,,False
16632333,unavailable,pubget,,True
16634468,unavailable,pubget,,False
16636237,unavailable,pubget,,False
16636788,unavailable,pubget,,False
16636795,unavailable,pubget,,False
16636939,unavailable,pubget,,False
16644236,unavailable,pubget,,True
16644239,unavailable,pubget,,False
16644276,unavailable,pubget,,False
16644445,unavailable,pubget,,False
16644745,unavailable,pubget,,False
16644749,unavailable,pubget,,False
16650775,unavailable,pubget,,True
16650836,unavailable,pubget,,True
16673147,unavailable,pubget,,False
16674611,unavailable,pubget,,False
16674764,unavailable,pubget,,False
16675134,unavailable,pubget,,True
16683080,unavailable,pubget,,False
16683506,unavailable,pubget,,True
16685984,unavailable,pubget,,False
16690444,unavailable,pubget,,False
16696831,unavailable,pubget,,False
16698125,unavailable,pubget,,False
16701123,unavailable,pubget,,False
16705038,unavailable,pubget,,False
16707911,unavailable,pubget,,False
16709401,unavailable,pubget,,True
16710101,unavailable,pubget,,False
16712583,unavailable,pubget,,False
16712804,unavailable,pubget,,True
16713363,unavailable,pubget,,False
16714839,unavailable,pubget,,False
16715671,unavailable,pubget,,False
16721242,unavailable,pubget,,False
16721735,unavailable,pubget,,False
16723232,unavailable,pubget,,False
16723540,unavailable,pubget,,False
16724819,unavailable,pubget,,False
16730131,unavailable,pubget,,False
16730195,unavailable,pubget,,False
16730459,unavailable,pubget,,True
16731723,unavailable,pubget,,True
16732830,unavailable,pubget,,False
16736484,unavailable,pubget,,False
16738914,unavailable,pubget,,False
16740583,unavailable,pubget,,False
16740778,unavailable,pubget,,False
16741206,unavailable,pubget,,False
16749751,unavailable,pubget,,False
16750818,unavailable,pubget,,True
16752105,unavailable,pubget,,False
16754352,unavailable,pubget,,False
16754598,unavailable,pubget,,False
16757978,unavailable,pubget,,False
16762567,unavailable,pubget,,False
16765533,unavailable,pubget,,False
16765832,unavailable,pubget,,False
16766210,unavailable,pubget,,True
16770656,unavailable,pubget,,False
16773216,unavailable,pubget,,False
16775126,unavailable,pubget,,False
16775146,unavailable,pubget,,False
16775278,unavailable,pubget,,False
16775670,unavailable,pubget,,False
16776377,unavailable,pubget,,False
16777342,unavailable,pubget,,True
16777435,unavailable,pubget,,False
16779969,unavailable,pubget,,False
16782717,unavailable,pubget,,False
16786351,unavailable,pubget,,False
16788401,unavailable,pubget,,False
16793320,unavailable,pubget,,False
16797190,unavailable,pubget,,False
16799783,unavailable,pubget,,False
16800842,unavailable,pubget,,False
16801462,unavailable,pubget,,False
16806311,unavailable,pubget,,True
16806976,unavailable,pubget,,True
16816232,unavailable,pubget,,False
16816233,unavailable,pubget,,False
16816890,unavailable,pubget,,False
16818061,unavailable,pubget,,False
16818691,unavailable,pubget,,False
16818940,unavailable,pubget,,False
16818951,unavailable,pubget,,False
16822246,unavailable,pubget,,False
16826354,unavailable,pubget,,False
16828565,unavailable,pubget,,True
16831987,unavailable,pubget,,False
16834705,unavailable,pubget,,False
16837058,unavailable,pubget,,False
16839701,unavailable,pubget,,False
16839702,unavailable,pubget,,False
16842821,unavailable,pubget,,True
16842976,unavailable,pubget,,True
16843445,unavailable,pubget,,True
16846694,unavailable,pubget,,False
16850132,unavailable,pubget,,False
16850967,unavailable,pubget,,False
1685226,unavailable,pubget,,False
16854205,unavailable,pubget,,False
16854440,unavailable,pubget,,True
16854945,unavailable,pubget,,False
16857390,unavailable,pubget,,True
16857770,unavailable,pubget,,False
16857855,unavailable,pubget,,False
16861005,unavailable,pubget,,False
16866681,unavailable,pubget,,False
16872066,unavailable,pubget,,False
16872091,unavailable,pubget,,False
16874891,unavailable,pubget,,False
16875781,unavailable,pubget,,False
16875845,unavailable,pubget,,False
16875846,unavailable,pubget,,False
16876130,unavailable,pubget,,False
16876272,unavailable,pubget,,False
16877661,unavailable,pubget,,False
16878708,unavailable,pubget,,False
16879844,unavailable,pubget,,True
16881266,unavailable,pubget,,False
16882026,unavailable,pubget,,False
16884927,unavailable,pubget,,True
16885362,unavailable,pubget,,False
16885610,unavailable,pubget,,False
16895961,unavailable,pubget,,False
16896664,unavailable,pubget,,False
16897318,unavailable,pubget,,False
16899778,unavailable,pubget,,False
16899978,unavailable,pubget,,False
16900757,unavailable,pubget,,False
16900815,unavailable,pubget,,False
16901722,unavailable,pubget,,False
16904601,unavailable,pubget,,False
16908200,unavailable,pubget,,True
16912374,unavailable,pubget,,False
16912388,unavailable,pubget,,False
16912908,unavailable,pubget,,False
16916700,unavailable,pubget,,False
16919528,unavailable,pubget,,False
16919850,unavailable,pubget,,False
16920211,unavailable,pubget,,False
16920883,unavailable,pubget,,False
16921276,unavailable,pubget,,False
16921451,unavailable,pubget,,False
16923324,unavailable,pubget,,False
16928798,unavailable,pubget,,False
16928815,unavailable,pubget,,False
16929014,unavailable,pubget,,False
16934773,unavailable,pubget,,False
16935513,unavailable,pubget,,False
16937152,unavailable,pubget,,False
16938439,unavailable,pubget,,True
16938993,unavailable,pubget,,False
16944115,unavailable,pubget,,False
16945345,unavailable,pubget,,True
16945915,unavailable,pubget,,False
16949303,unavailable,pubget,,True
16949839,unavailable,pubget,,True
1695079,unavailable,pubget,,False
16951408,unavailable,pubget,,False
16951784,unavailable,pubget,,False
16952445,unavailable,pubget,,True
16952446,unavailable,pubget,,False
16952916,unavailable,pubget,,False
16953002,unavailable,pubget,,False
16956772,unavailable,pubget,,False
16957073,unavailable,pubget,,False
16957495,unavailable,pubget,,False
16962783,unavailable,pubget,,False
16964340,unavailable,pubget,,False
16966586,unavailable,pubget,,False
16966587,unavailable,pubget,,False
16966684,unavailable,pubget,,False
16970233,unavailable,pubget,,False
16971677,unavailable,pubget,,False
16972080,unavailable,pubget,,False
16974107,unavailable,pubget,,False
16979268,unavailable,pubget,,False
16982542,unavailable,pubget,,False
16982549,unavailable,pubget,,False
16982554,unavailable,pubget,,False
16983683,unavailable,pubget,,False
16984689,unavailable,pubget,,False
16985278,unavailable,pubget,,False
16989555,unavailable,pubget,,False
16996488,unavailable,pubget,,False
16996687,unavailable,pubget,,False
16997094,unavailable,pubget,,False
16997580,unavailable,pubget,,True
17001022,unavailable,pubget,,False
17005420,unavailable,pubget,,True
17008041,unavailable,pubget,,False
17010573,unavailable,pubget,,True
17011115,unavailable,pubget,,False
17011453,unavailable,pubget,,False
17012070,unavailable,pubget,,False
17012685,unavailable,pubget,,False
17016213,unavailable,pubget,,False
17018171,unavailable,pubget,,False
17019083,unavailable,pubget,,False
17020482,unavailable,pubget,,False
17022954,unavailable,pubget,,True
17023008,unavailable,pubget,,False
17023697,unavailable,pubget,,False
17027134,unavailable,pubget,,True
17027761,unavailable,pubget,,True
17028118,unavailable,pubget,,False
17029749,unavailable,pubget,,True
17029808,unavailable,pubget,,False
17035604,unavailable,pubget,,False
17041827,unavailable,pubget,,False
17049971,unavailable,pubget,,False
17052898,unavailable,pubget,,True
17053386,unavailable,pubget,,False
17053937,unavailable,pubget,,False
17055297,unavailable,pubget,,False
17058078,unavailable,pubget,,False
17060134,unavailable,pubget,,False
17060407,unavailable,pubget,,False
17063984,unavailable,pubget,,False
17064939,unavailable,pubget,,False
17065887,unavailable,pubget,,False
17068012,unavailable,pubget,,False
17070073,unavailable,pubget,,False
17070685,unavailable,pubget,,False
17070707,unavailable,pubget,,False
17070786,unavailable,pubget,,True
17070875,unavailable,pubget,,False
17071240,unavailable,pubget,,True
17071339,unavailable,pubget,,False
17074949,unavailable,pubget,,False
17079042,unavailable,pubget,,False
17079814,unavailable,pubget,,False
17080438,unavailable,pubget,,False
17081804,unavailable,pubget,,False
17084065,unavailable,pubget,,False
17084546,unavailable,pubget,,False
17085018,unavailable,pubget,,True
17093907,unavailable,pubget,,False
17094483,unavailable,pubget,,False
17098356,unavailable,pubget,,False
17100517,unavailable,pubget,,False
17100789,unavailable,pubget,,True
17101826,unavailable,pubget,,False
17101904,unavailable,pubget,,False
17103129,unavailable,pubget,,False
17105480,unavailable,pubget,,False
17105986,unavailable,pubget,,False
17108639,unavailable,pubget,,False
17112773,unavailable,pubget,,False
17113213,unavailable,pubget,,False
17113310,unavailable,pubget,,False
17113951,unavailable,pubget,,False
17117085,unavailable,pubget,,False
17119311,unavailable,pubget,,False
17119543,unavailable,pubget,,False
17122577,unavailable,pubget,,False
17133383,unavailable,pubget,,False
17133399,unavailable,pubget,,False
17134914,unavailable,pubget,,True
17135464,unavailable,pubget,,False
17137558,unavailable,pubget,,False
17137794,unavailable,pubget,,False
17139127,unavailable,pubget,,False
17145403,unavailable,pubget,,False
17146618,unavailable,pubget,,False
17146654,unavailable,pubget,,False
17148724,unavailable,pubget,,False
17149496,unavailable,pubget,,False
17151173,unavailable,pubget,,False
17151834,unavailable,pubget,,False
17153406,unavailable,pubget,,False
17156699,unavailable,pubget,,False
17160803,unavailable,pubget,,False
17161182,unavailable,pubget,,False
17163269,unavailable,pubget,,False
17172552,unavailable,pubget,,False
17173869,unavailable,pubget,,True
17174573,unavailable,pubget,,True
17174807,unavailable,pubget,,False
17174876,unavailable,pubget,,False
17175065,unavailable,pubget,,False
17175176,unavailable,pubget,,False
17182580,unavailable,pubget,,False
17185198,unavailable,pubget,,False
17185803,unavailable,pubget,,False
17188464,unavailable,pubget,,True
17189066,unavailable,pubget,,False
17189070,unavailable,pubget,,False
17189619,unavailable,pubget,,False
17190987,unavailable,pubget,,False
1719135,unavailable,pubget,,False
17191414,unavailable,pubget,,False
17195074,unavailable,pubget,,False
17196712,unavailable,pubget,,False
17198987,unavailable,pubget,,False
17200533,unavailable,pubget,,False
17201996,unavailable,pubget,,False
17202544,unavailable,pubget,,False
17208284,unavailable,pubget,,False
17208452,unavailable,pubget,,False
17210313,unavailable,pubget,,False
17210462,unavailable,pubget,,False
17215478,unavailable,pubget,,False
17215532,unavailable,pubget,,False
17216756,unavailable,pubget,,False
17222717,unavailable,pubget,,False
17223188,unavailable,pubget,,False
1722339,unavailable,pubget,,False
17225916,unavailable,pubget,,False
17229539,unavailable,pubget,,False
17229550,unavailable,pubget,,False
17230060,unavailable,pubget,,False
17236493,unavailable,pubget,,False
17236961,unavailable,pubget,,False
17239105,unavailable,pubget,,False
17239618,unavailable,pubget,,True
17241097,unavailable,pubget,,False
17244179,unavailable,pubget,,False
17253974,unavailable,pubget,,False
17253997,unavailable,pubget,,False
17254445,unavailable,pubget,,False
17255283,unavailable,pubget,,False
17258892,unavailable,pubget,,True
17259753,unavailable,pubget,,False
17260863,unavailable,pubget,,False
17263004,unavailable,pubget,,False
17277681,unavailable,pubget,,False
17279430,unavailable,pubget,,False
17280522,unavailable,pubget,,False
17283283,unavailable,pubget,,False
17284349,unavailable,pubget,,False
17287499,unavailable,pubget,,False
17289290,unavailable,pubget,,False
17290178,unavailable,pubget,,False
17290435,unavailable,pubget,,False
17291724,unavailable,pubget,,False
17292590,unavailable,pubget,,True
17293230,unavailable,pubget,,False
17295631,unavailable,pubget,,False
17296844,unavailable,pubget,,False
17302626,unavailable,pubget,,False
17303390,unavailable,pubget,,True
17306437,unavailable,pubget,,False
17308976,unavailable,pubget,,False
17309188,unavailable,pubget,,False
1730950,unavailable,pubget,,False
17310387,unavailable,pubget,,False
17317977,unavailable,pubget,,False
17318709,unavailable,pubget,,False
17320049,unavailable,pubget,,True
17320835,unavailable,pubget,,True
17321066,unavailable,pubget,,False
17321071,unavailable,pubget,,False
17324530,unavailable,pubget,,False
17324590,unavailable,pubget,,True
17325514,unavailable,pubget,,False
17327771,unavailable,pubget,,False
17328946,unavailable,pubget,,False
17329469,unavailable,pubget,,False
17329473,unavailable,pubget,,False
17332613,unavailable,pubget,,False
17332904,unavailable,pubget,,False
17332974,unavailable,pubget,,False
17334204,unavailable,pubget,,True
17334205,unavailable,pubget,,True
17334209,unavailable,pubget,,False
17334210,unavailable,pubget,,False
17334214,unavailable,pubget,,True
17334317,unavailable,pubget,,False
1733490,unavailable,pubget,,False
17335325,unavailable,pubget,,False
17335394,unavailable,pubget,,False
17336502,unavailable,pubget,,False
17337165,unavailable,pubget,,True
17337340,unavailable,pubget,,False
1733962,unavailable,pubget,,False
1734304,unavailable,pubget,,False
17343940,unavailable,pubget,,False
17346989,unavailable,pubget,,True
17349097,unavailable,pubget,,False
17349939,unavailable,pubget,,False
17350054,unavailable,pubget,,False
17350289,unavailable,pubget,,False
17350756,unavailable,pubget,,False
1735210,unavailable,pubget,,False
17353392,unavailable,pubget,,False
17354149,unavailable,pubget,,False
17354796,unavailable,pubget,,False
17356889,unavailable,pubget,,False
17361370,unavailable,pubget,,False
17363277,unavailable,pubget,,True
17364351,unavailable,pubget,,False
17367826,unavailable,pubget,,False
17368212,unavailable,pubget,,False
17368377,unavailable,pubget,,False
17370340,unavailable,pubget,,False
17371413,unavailable,pubget,,False
17371902,unavailable,pubget,,False
17375352,unavailable,pubget,,False
17375973,unavailable,pubget,,False
17379262,unavailable,pubget,,True
17379359,unavailable,pubget,,False
17380097,unavailable,pubget,,False
17383580,unavailable,pubget,,False
17385079,unavailable,pubget,,False
17388190,unavailable,pubget,,False
17389461,unavailable,pubget,,False
17391904,unavailable,pubget,,False
17393040,unavailable,pubget,,False
17394952,unavailable,pubget,,False
17395435,unavailable,pubget,,False
17395759,unavailable,pubget,,False
17395980,unavailable,pubget,,False
17398033,unavailable,pubget,,False
17398361,unavailable,pubget,,False
17400326,unavailable,pubget,,False
17401015,unavailable,pubget,,False
17401091,unavailable,pubget,,False
17403529,unavailable,pubget,,True
17407505,unavailable,pubget,,False
17408973,unavailable,pubget,,True
17412509,unavailable,pubget,,True
17414886,unavailable,pubget,,False
17415163,unavailable,pubget,,False
17415176,unavailable,pubget,,False
17419833,unavailable,pubget,,False
1742584,unavailable,pubget,,False
17426980,unavailable,pubget,,False
17427209,unavailable,pubget,,False
17428266,unavailable,pubget,,False
17432704,unavailable,pubget,,False
17433608,unavailable,pubget,,False
17433880,unavailable,pubget,,True
17434043,unavailable,pubget,,False
17434070,unavailable,pubget,,False
17437282,unavailable,pubget,,False
17442518,unavailable,pubget,,False
17443493,unavailable,pubget,,False
17445248,unavailable,pubget,,False
17445286,unavailable,pubget,,False
17448450,unavailable,pubget,,True
17448452,unavailable,pubget,,False
17448605,unavailable,pubget,,True
17449179,unavailable,pubget,,False
17449375,unavailable,pubget,,False
17452860,unavailable,pubget,,False
17454685,unavailable,pubget,,False
17455878,unavailable,pubget,,False
17462413,unavailable,pubget,,False
17462914,unavailable,pubget,,True
17464690,unavailable,pubget,,False
17467169,unavailable,pubget,,False
17467392,unavailable,pubget,,False
17467956,unavailable,pubget,,False
17470314,unavailable,pubget,,False
17471290,unavailable,pubget,,False
17473355,unavailable,pubget,,False
17473851,unavailable,pubget,,False
17473924,unavailable,pubget,,False
17475791,unavailable,pubget,,False
17475960,unavailable,pubget,,False
17475962,unavailable,pubget,,False
17476364,unavailable,pubget,,False
17478280,unavailable,pubget,,False
17481919,unavailable,pubget,,True
17483532,unavailable,pubget,,False
17485167,unavailable,pubget,,False
17485785,unavailable,pubget,,False
17487133,unavailable,pubget,,False
17487229,unavailable,pubget,,False
17487804,unavailable,pubget,,False
17487806,unavailable,pubget,,False
17491350,unavailable,pubget,,False
17493835,unavailable,pubget,,True
17493836,unavailable,pubget,,False
17494829,unavailable,pubget,,False
17496739,unavailable,pubget,,False
17497130,unavailable,pubget,,False
17497646,unavailable,pubget,,False
17498571,unavailable,pubget,,False
17498883,unavailable,pubget,,False
17498973,unavailable,pubget,,True
17499158,unavailable,pubget,,False
17499456,unavailable,pubget,,False
1749996,unavailable,pubget,,False
17500448,unavailable,pubget,,False
17505817,unavailable,pubget,,False
17507804,unavailable,pubget,,False
17509671,unavailable,pubget,,False
17509899,unavailable,pubget,,True
17510590,unavailable,pubget,,False
17511854,unavailable,pubget,,False
17511967,unavailable,pubget,,False
17513061,unavailable,pubget,,False
17517176,unavailable,pubget,,False
17517680,unavailable,pubget,,False
17520437,unavailable,pubget,,False
17520616,unavailable,pubget,,False
17524668,unavailable,pubget,,True
17525987,unavailable,pubget,,False
17526022,unavailable,pubget,,False
17532012,unavailable,pubget,,False
17533093,unavailable,pubget,,False
17535025,unavailable,pubget,,False
17536962,unavailable,pubget,,False
17537526,unavailable,pubget,,False
17537974,unavailable,pubget,,False
17539622,unavailable,pubget,,False
17541057,unavailable,pubget,,False
17541799,unavailable,pubget,,False
17543209,unavailable,pubget,,False
17544003,unavailable,pubget,,False
17544015,unavailable,pubget,,True
17546438,unavailable,pubget,,False
17548505,unavailable,pubget,,False
17548547,unavailable,pubget,,False
17549335,unavailable,pubget,,False
1754956,unavailable,pubget,,False
17553704,unavailable,pubget,,True
17554002,unavailable,pubget,,False
17555989,unavailable,pubget,,True
17558122,unavailable,pubget,,False
17558256,unavailable,pubget,,False
17558500,unavailable,pubget,,False
17559542,unavailable,pubget,,False
17559877,unavailable,pubget,,True
17560768,unavailable,pubget,,False
17560794,unavailable,pubget,,True
17561190,unavailable,pubget,,False
17561953,unavailable,pubget,,False
17562346,unavailable,pubget,,False
17562930,unavailable,pubget,,False
17563906,unavailable,pubget,,False
17564172,unavailable,pubget,,False
17566410,unavailable,pubget,,False
17572109,unavailable,pubget,,False
17573622,unavailable,pubget,,False
17574215,unavailable,pubget,,False
17574445,unavailable,pubget,,True
17574821,unavailable,pubget,,False
17574975,unavailable,pubget,,False
17574977,unavailable,pubget,,False
17576903,unavailable,pubget,,False
17579609,unavailable,pubget,,False
17584167,unavailable,pubget,,False
17585887,unavailable,pubget,,False
17585888,unavailable,pubget,,False
17586305,unavailable,pubget,,False
17586780,unavailable,pubget,,False
17587600,unavailable,pubget,,True
17588725,unavailable,pubget,,True
17588776,unavailable,pubget,,True
1759033,unavailable,pubget,,False
17597168,unavailable,pubget,,True
17598145,unavailable,pubget,,False
17600520,unavailable,pubget,,False
17601497,unavailable,pubget,,False
17603401,unavailable,pubget,,False
17606661,unavailable,pubget,,False
17606813,unavailable,pubget,,False
17607152,unavailable,pubget,,False
17607567,unavailable,pubget,,False
17608298,unavailable,pubget,,False
17608555,unavailable,pubget,,False
17608908,unavailable,pubget,,False
17610054,unavailable,pubget,,False
17618089,unavailable,pubget,,False
17618656,unavailable,pubget,,False
17620494,unavailable,pubget,,False
17622486,unavailable,pubget,,False
17623263,unavailable,pubget,,False
17628222,unavailable,pubget,,False
17631549,unavailable,pubget,,False
17631558,unavailable,pubget,,False
17632751,unavailable,pubget,,False
17635480,unavailable,pubget,,False
17635590,unavailable,pubget,,False
17638304,unavailable,pubget,,False
17640430,unavailable,pubget,,False
17645453,unavailable,pubget,,False
17646512,unavailable,pubget,,False
17646666,unavailable,pubget,,False
17652801,unavailable,pubget,,False
17655831,unavailable,pubget,,True
17655834,unavailable,pubget,,False
17656073,unavailable,pubget,,True
17656372,unavailable,pubget,,False
17658273,unavailable,pubget,,False
17660388,unavailable,pubget,,False
17661837,unavailable,pubget,,False
17661924,unavailable,pubget,,False
17662928,unavailable,pubget,,False
17664549,unavailable,pubget,,False
17664555,unavailable,pubget,,False
17665284,unavailable,pubget,,False
17666083,unavailable,pubget,,False
17668943,unavailable,pubget,,False
17668956,unavailable,pubget,,False
17669863,unavailable,pubget,,False
17674276,unavailable,pubget,,False
17674983,unavailable,pubget,,False
17677503,unavailable,pubget,,False
17679639,unavailable,pubget,,False
17680242,unavailable,pubget,,False
17683918,unavailable,pubget,,True
17684588,unavailable,pubget,,False
17686466,unavailable,pubget,,False
17688633,unavailable,pubget,,False
17689571,unavailable,pubget,,True
17689985,unavailable,pubget,,True
17690056,unavailable,pubget,,False
17692981,unavailable,pubget,,False
17694258,unavailable,pubget,,False
17705060,unavailable,pubget,,False
17707201,unavailable,pubget,,False
17707268,unavailable,pubget,,False
17707283,unavailable,pubget,,False
17707869,unavailable,pubget,,True
17709301,unavailable,pubget,,False
17710103,unavailable,pubget,,False
17714373,unavailable,pubget,,False
17714375,unavailable,pubget,,False
17717602,unavailable,pubget,,False
17719110,unavailable,pubget,,False
17719567,unavailable,pubget,,False
17727249,unavailable,pubget,,False
17728454,unavailable,pubget,,False
17729011,unavailable,pubget,,False
1773777,unavailable,pubget,,False
17761972,unavailable,pubget,,False
17763497,unavailable,pubget,,False
17765933,unavailable,pubget,,True
17767511,unavailable,pubget,,False
17804259,unavailable,pubget,,True
1781494,unavailable,pubget,,False
17822681,unavailable,pubget,,True
17825123,unavailable,pubget,,False
17826307,unavailable,pubget,,False
17826793,unavailable,pubget,,True
17848817,unavailable,pubget,,False
17855057,unavailable,pubget,,False
17855376,unavailable,pubget,,False
17868055,unavailable,pubget,,False
17868279,unavailable,pubget,,False
17869020,unavailable,pubget,,False
17869450,unavailable,pubget,,False
17869667,unavailable,pubget,,False
17869672,unavailable,pubget,,False
17869676,unavailable,pubget,,False
17873103,unavailable,pubget,,False
17873494,unavailable,pubget,,False
17873682,unavailable,pubget,,False
17877297,unavailable,pubget,,False
17881141,unavailable,pubget,,False
17881886,unavailable,pubget,,False
17884517,unavailable,pubget,,False
17885067,unavailable,pubget,,False
17885256,unavailable,pubget,,False
17885578,unavailable,pubget,,False
17885606,unavailable,pubget,,False
17886002,unavailable,pubget,,False
17886545,unavailable,pubget,,False
17888409,unavailable,pubget,,False
17888605,unavailable,pubget,,False
17889447,unavailable,pubget,,False
17892384,unavailable,pubget,,False
17894613,unavailable,pubget,,False
17894934,unavailable,pubget,,True
17896146,unavailable,pubget,,False
17896158,unavailable,pubget,,False
17896791,unavailable,pubget,,False
1789694,unavailable,pubget,,False
17897687,unavailable,pubget,,False
17900820,unavailable,pubget,,False
1790371,unavailable,pubget,,False
17904303,unavailable,pubget,,False
17904390,unavailable,pubget,,False
17904784,unavailable,pubget,,False
17906338,unavailable,pubget,,False
17908169,unavailable,pubget,,False
17909002,unavailable,pubget,,False
17909042,unavailable,pubget,,False
17909776,unavailable,pubget,,False
17913282,unavailable,pubget,,False
17914326,unavailable,pubget,,False
17915253,unavailable,pubget,,False
17915262,unavailable,pubget,,True
17915264,unavailable,pubget,,True
17919869,unavailable,pubget,,False
17919916,unavailable,pubget,,False
17919925,unavailable,pubget,,False
17919927,unavailable,pubget,,True
17919934,unavailable,pubget,,False
17919936,unavailable,pubget,,False
17923638,unavailable,pubget,,False
17924543,unavailable,pubget,,False
17925319,unavailable,pubget,,False
17933000,unavailable,pubget,,False
17934273,unavailable,pubget,,False
17934894,unavailable,pubget,,False
17936016,unavailable,pubget,,False
17936601,unavailable,pubget,,False
17936643,unavailable,pubget,,True
17937214,unavailable,pubget,,False
17937223,unavailable,pubget,,False
17937229,unavailable,pubget,,False
17938570,unavailable,pubget,,False
17938576,unavailable,pubget,,False
17938635,unavailable,pubget,,False
17943336,unavailable,pubget,,False
17945337,unavailable,pubget,,False
17946137,unavailable,pubget,,False
17948184,unavailable,pubget,,False
17949689,unavailable,pubget,,False
17949920,unavailable,pubget,,False
17950420,unavailable,pubget,,False
17950764,unavailable,pubget,,False
17955290,unavailable,pubget,,False
17955491,unavailable,pubget,,False
17956082,unavailable,pubget,,False
17957704,unavailable,pubget,,False
17958946,unavailable,pubget,,False
17960393,unavailable,pubget,,False
17966240,unavailable,pubget,,False
17966721,unavailable,pubget,,False
17971791,unavailable,pubget,,False
17972074,unavailable,pubget,,False
17973781,unavailable,pubget,,False
17973920,unavailable,pubget,,False
17974940,unavailable,pubget,,False
17975157,unavailable,pubget,,False
17977025,unavailable,pubget,,True
17977738,unavailable,pubget,,False
17978028,unavailable,pubget,,False
17980353,unavailable,pubget,,True
17980830,unavailable,pubget,,False
17982980,unavailable,pubget,,False
17984345,unavailable,pubget,,False
17984392,unavailable,pubget,,False
17984853,unavailable,pubget,,False
17986552,unavailable,pubget,,False
17988896,unavailable,pubget,,True
17989279,unavailable,pubget,,False
17990299,unavailable,pubget,,False
17991813,unavailable,pubget,,False
17992686,unavailable,pubget,,False
17993072,unavailable,pubget,,False
17996602,unavailable,pubget,,False
17998442,unavailable,pubget,,False
18000804,unavailable,pubget,,False
18002399,unavailable,pubget,,False
18003752,unavailable,pubget,,False
18004945,unavailable,pubget,,False
18006617,unavailable,pubget,,False
18006761,unavailable,pubget,,False
18006778,unavailable,pubget,,False
18022606,unavailable,pubget,,True
18022652,unavailable,pubget,,True
18024046,unavailable,pubget,,False
18024158,unavailable,pubget,,True
18024161,unavailable,pubget,,False
18024950,unavailable,pubget,,False
18026724,unavailable,pubget,,False
18029199,unavailable,pubget,,False
18029844,unavailable,pubget,,False
18030051,unavailable,pubget,,False
18031826,unavailable,pubget,,False
18037455,unavailable,pubget,,True
18037520,unavailable,pubget,,False
18040614,unavailable,pubget,,False
18040898,unavailable,pubget,,False
18041716,unavailable,pubget,,False
18041739,unavailable,pubget,,False
18043775,unavailable,pubget,,False
18044586,unavailable,pubget,,False
18048826,unavailable,pubget,,False
18050246,unavailable,pubget,,False
18055860,unavailable,pubget,,False
18056159,unavailable,pubget,,False
18056238,unavailable,pubget,,False
18056239,unavailable,pubget,,False
18056335,unavailable,pubget,,False
18056505,unavailable,pubget,,False
18057117,unavailable,pubget,,False
18060695,unavailable,pubget,,False
18061294,unavailable,pubget,,False
18061310,unavailable,pubget,,True
18063564,unavailable,pubget,,False
18064463,unavailable,pubget,,False
18067174,unavailable,pubget,,False
18068690,unavailable,pubget,,False
18068960,unavailable,pubget,,False
18070217,unavailable,pubget,,False
18071635,unavailable,pubget,,False
18072487,unavailable,pubget,,False
18072511,unavailable,pubget,,False
18072515,unavailable,pubget,,False
18072830,unavailable,pubget,,False
18077523,unavailable,pubget,,False
18077531,unavailable,pubget,,False
18077536,unavailable,pubget,,False
18077538,unavailable,pubget,,False
18078535,unavailable,pubget,,False
18079133,unavailable,pubget,,False
18083602,unavailable,pubget,,True
18085554,unavailable,pubget,,False
18086334,unavailable,pubget,,False
18089297,unavailable,pubget,,False
18091270,unavailable,pubget,,False
18092568,unavailable,pubget,,False
18093623,unavailable,pubget,,False
18093809,unavailable,pubget,,False
18155074,unavailable,pubget,,True
18155446,unavailable,pubget,,True
18155915,unavailable,pubget,,False
18160225,unavailable,pubget,,True
18161499,unavailable,pubget,,False
18162699,unavailable,pubget,,False
18162857,unavailable,pubget,,False
18164831,unavailable,pubget,,False
18166822,unavailable,pubget,,False
18167506,unavailable,pubget,,False
18171363,unavailable,pubget,,False
18172573,unavailable,pubget,,False
18173425,unavailable,pubget,,False
18174505,unavailable,pubget,,False
18174826,unavailable,pubget,,False
18174827,unavailable,pubget,,True
18175114,unavailable,pubget,,False
18175122,unavailable,pubget,,False
18177454,unavailable,pubget,,False
18178107,unavailable,pubget,,True
18178228,unavailable,pubget,,False
18178288,unavailable,pubget,,False
18178777,unavailable,pubget,,False
18180432,unavailable,pubget,,False
18181269,unavailable,pubget,,False
18182204,unavailable,pubget,,False
18182694,unavailable,pubget,,False
18182774,unavailable,pubget,,False
18184777,unavailable,pubget,,False
18184933,unavailable,pubget,,False
18191138,unavailable,pubget,,False
18191335,unavailable,pubget,,False
18196567,unavailable,pubget,,False
18196801,unavailable,pubget,,False
18199612,unavailable,pubget,,False
18199623,unavailable,pubget,,False
18200623,unavailable,pubget,,False
18201907,unavailable,pubget,,False
18204342,unavailable,pubget,,False
18206241,unavailable,pubget,,False
18207269,unavailable,pubget,,False
18208887,unavailable,pubget,,True
18208900,unavailable,pubget,,True
18210767,unavailable,pubget,,False
18211155,unavailable,pubget,,False
18212229,unavailable,pubget,,False
18215449,unavailable,pubget,,False
18215740,unavailable,pubget,,False
18217211,unavailable,pubget,,False
18218165,unavailable,pubget,,False
18219225,unavailable,pubget,,False
1822136,unavailable,pubget,,False
18222069,unavailable,pubget,,False
18222708,unavailable,pubget,,True
18234415,unavailable,pubget,,True
18234515,unavailable,pubget,,False
18236036,unavailable,pubget,,False
18239028,unavailable,pubget,,False
18242208,unavailable,pubget,,False
18242723,unavailable,pubget,,True
18243447,unavailable,pubget,,False
18245980,unavailable,pubget,,False
18249027,unavailable,pubget,,False
18258378,unavailable,pubget,,False
18258379,unavailable,pubget,,False
18259702,unavailable,pubget,,False
18261931,unavailable,pubget,,True
18262086,unavailable,pubget,,False
18262122,unavailable,pubget,,False
18262623,unavailable,pubget,,False
18262797,unavailable,pubget,,True
18266874,unavailable,pubget,,False
18279011,unavailable,pubget,,False
18280843,unavailable,pubget,,False
18281155,unavailable,pubget,,True
18281408,unavailable,pubget,,False
18282558,unavailable,pubget,,True
18283394,unavailable,pubget,,False
18284428,unavailable,pubget,,False
18287263,unavailable,pubget,,False
18294618,unavailable,pubget,,True
18294683,unavailable,pubget,,False
18294868,unavailable,pubget,,True
18295523,unavailable,pubget,,False
18296071,unavailable,pubget,,True
18296913,unavailable,pubget,,False
18302644,unavailable,pubget,,False
18302723,unavailable,pubget,,False
18303579,unavailable,pubget,,False
18305285,unavailable,pubget,,False
18308380,unavailable,pubget,,False
18308812,unavailable,pubget,,False
18316676,unavailable,pubget,,False
18323864,unavailable,pubget,,False
18329904,unavailable,pubget,,False
18331740,unavailable,pubget,,False
18331812,unavailable,pubget,,False
18334583,unavailable,pubget,,False
18337401,unavailable,pubget,,False
18339478,unavailable,pubget,,False
18342423,unavailable,pubget,,False
18342967,unavailable,pubget,,False
18343687,unavailable,pubget,,True
18344808,unavailable,pubget,,False
18347186,unavailable,pubget,,False
18347794,unavailable,pubget,,False
18349534,unavailable,pubget,,False
18352787,unavailable,pubget,,False
18352808,unavailable,pubget,,False
18353286,unavailable,pubget,,False
18353329,unavailable,pubget,,True
18355682,unavailable,pubget,,False
18356027,unavailable,pubget,,False
18358558,unavailable,pubget,,False
18359576,unavailable,pubget,,True
18359777,unavailable,pubget,,False
18363509,unavailable,pubget,,True
18365828,unavailable,pubget,,False
18368415,unavailable,pubget,,False
18372048,unavailable,pubget,,False
1837317,unavailable,pubget,,False
18373810,unavailable,pubget,,False
18374225,unavailable,pubget,,False
18374228,unavailable,pubget,,False
18374513,unavailable,pubget,,False
18374902,unavailable,pubget,,False
18375064,unavailable,pubget,,True
18377983,unavailable,pubget,,False
18380760,unavailable,pubget,,False
18381939,unavailable,pubget,,False
18382271,unavailable,pubget,,False
18386160,unavailable,pubget,,False
18387586,unavailable,pubget,,True
18387823,unavailable,pubget,,False
18388350,unavailable,pubget,,False
18390349,unavailable,pubget,,False
18394814,unavailable,pubget,,False
18400397,unavailable,pubget,,False
18401019,unavailable,pubget,,False
18401649,unavailable,pubget,,False
18403120,unavailable,pubget,,True
18406434,unavailable,pubget,,True
18406913,unavailable,pubget,,False
18407430,unavailable,pubget,,False
18410442,unavailable,pubget,,False
18413388,unavailable,pubget,,False
18413706,unavailable,pubget,,False
18413890,unavailable,pubget,,False
18417365,unavailable,pubget,,True
18417895,unavailable,pubget,,False
18417992,unavailable,pubget,,False
18418222,unavailable,pubget,,False
18418593,unavailable,pubget,,False
18419841,unavailable,pubget,,False
18420427,unavailable,pubget,,False
18420428,unavailable,pubget,,True
18421457,unavailable,pubget,,False
18422547,unavailable,pubget,,False
18422840,unavailable,pubget,,False
18423426,unavailable,pubget,,False
18423780,unavailable,pubget,,False
18424156,unavailable,pubget,,False
18424949,unavailable,pubget,,False
18425507,unavailable,pubget,,False
18425832,unavailable,pubget,,False
18434203,unavailable,pubget,,False
18436392,unavailable,pubget,,False
18440729,unavailable,pubget,,False
18442810,unavailable,pubget,,True
18447688,unavailable,pubget,,False
18447716,unavailable,pubget,,False
18448267,unavailable,pubget,,False
18448649,unavailable,pubget,,False
18448745,unavailable,pubget,,False
18450659,unavailable,pubget,,False
18453023,unavailable,pubget,,False
18455372,unavailable,pubget,,True
18456166,unavailable,pubget,,False
18456379,unavailable,pubget,,True
18457890,unavailable,pubget,,True
18458208,unavailable,pubget,,False
18459546,unavailable,pubget,,False
18459902,unavailable,pubget,,False
18460045,unavailable,pubget,,False
18466684,unavailable,pubget,,False
18468959,unavailable,pubget,,False
18469565,unavailable,pubget,,False
18472240,unavailable,pubget,,False
18472358,unavailable,pubget,,False
18474433,unavailable,pubget,,False
18474742,unavailable,pubget,,False
18477120,unavailable,pubget,,False
18477182,unavailable,pubget,,False
18478188,unavailable,pubget,,False
18483084,unavailable,pubget,,False
18483085,unavailable,pubget,,False
18483267,unavailable,pubget,,False
18485592,unavailable,pubget,,True
18486490,unavailable,pubget,,False
18489958,unavailable,pubget,,False
18490068,unavailable,pubget,,False
18491512,unavailable,pubget,,False
18491965,unavailable,pubget,,False
18494829,unavailable,pubget,,False
18495373,unavailable,pubget,,False
18495495,unavailable,pubget,,False
18495546,unavailable,pubget,,False
18495880,unavailable,pubget,,False
18498029,unavailable,pubget,,False
18499238,unavailable,pubget,,False
18499266,unavailable,pubget,,True
18501584,unavailable,pubget,,False
18501895,unavailable,pubget,,False
18503323,unavailable,pubget,,False
18503333,unavailable,pubget,,False
18503355,unavailable,pubget,,False
18504119,unavailable,pubget,,False
18504679,unavailable,pubget,,False
18507885,unavailable,pubget,,False
18509641,unavailable,pubget,,False
18514339,unavailable,pubget,,False
18514545,unavailable,pubget,,False
18515150,unavailable,pubget,,False
18515278,unavailable,pubget,,False
18519527,unavailable,pubget,,False
18519772,unavailable,pubget,,False
18524386,unavailable,pubget,,False
18535808,unavailable,pubget,,False
18537112,unavailable,pubget,,False
18537113,unavailable,pubget,,False
18538498,unavailable,pubget,,False
18539249,unavailable,pubget,,False
18540899,unavailable,pubget,,False
18540914,unavailable,pubget,,False
18541740,unavailable,pubget,,False
18542956,unavailable,pubget,,False
1854678,unavailable,pubget,,False
18547769,unavailable,pubget,,False
18552146,unavailable,pubget,,False
18554874,unavailable,pubget,,True
18555547,unavailable,pubget,,False
18555548,unavailable,pubget,,False
18556120,unavailable,pubget,,False
18556437,unavailable,pubget,,False
18559524,unavailable,pubget,,False
18559614,unavailable,pubget,,False
18560047,unavailable,pubget,,False
18561954,unavailable,pubget,,False
18562102,unavailable,pubget,,True
18568349,unavailable,pubget,,False
18568559,unavailable,pubget,,False
18568899,unavailable,pubget,,False
18571453,unavailable,pubget,,False
18571627,unavailable,pubget,,True
18571798,unavailable,pubget,,False
18573510,unavailable,pubget,,True
18573827,unavailable,pubget,,False
18574617,unavailable,pubget,,False
18575459,unavailable,pubget,,False
18576918,unavailable,pubget,,False
18577283,unavailable,pubget,,False
18577292,unavailable,pubget,,False
18580237,unavailable,pubget,,False
18580777,unavailable,pubget,,False
18581250,unavailable,pubget,,False
18582581,unavailable,pubget,,False
18586275,unavailable,pubget,,True
18588876,unavailable,pubget,,True
18588986,unavailable,pubget,,True
18588989,unavailable,pubget,,True
18589404,unavailable,pubget,,True
18590353,unavailable,pubget,,False
18591915,unavailable,pubget,,False
18592040,unavailable,pubget,,False
18592043,unavailable,pubget,,False
18597795,unavailable,pubget,,True
18597797,unavailable,pubget,,True
18597977,unavailable,pubget,,False
18598772,unavailable,pubget,,False
18598773,unavailable,pubget,,True
18598841,unavailable,pubget,,False
18600319,unavailable,pubget,,False
18603301,unavailable,pubget,,False
18606232,unavailable,pubget,,True
18608677,unavailable,pubget,,False
18612009,unavailable,pubget,,False
18614210,unavailable,pubget,,False
18614290,unavailable,pubget,,False
18618193,unavailable,pubget,,False
18620069,unavailable,pubget,,True
18620789,unavailable,pubget,,False
18620875,unavailable,pubget,,False
18621548,unavailable,pubget,,False
18622403,unavailable,pubget,,False
18632120,unavailable,pubget,,True
18632217,unavailable,pubget,,False
18632543,unavailable,pubget,,False
18632890,unavailable,pubget,,False
18633624,unavailable,pubget,,False
18633772,unavailable,pubget,,False
18635157,unavailable,pubget,,False
18635705,unavailable,pubget,,False
18636549,unavailable,pubget,,False
18636995,unavailable,pubget,,False
18638181,unavailable,pubget,,False
18641980,unavailable,pubget,,False
18648902,unavailable,pubget,,False
18650169,unavailable,pubget,,False
18650327,unavailable,pubget,,False
18650530,unavailable,pubget,,False
18651173,unavailable,pubget,,False
18655212,unavailable,pubget,,False
18656372,unavailable,pubget,,False
18657595,unavailable,pubget,,False
18658073,unavailable,pubget,,False
18661420,unavailable,pubget,,False
18665755,unavailable,pubget,,False
18667229,unavailable,pubget,,False
18667293,unavailable,pubget,,True
18667399,unavailable,pubget,,False
18669604,unavailable,pubget,,False
18669771,unavailable,pubget,,False
18671900,unavailable,pubget,,False
18672074,unavailable,pubget,,False
18672276,unavailable,pubget,,False
18673026,unavailable,pubget,,False
18676089,unavailable,pubget,,False
18676187,unavailable,pubget,,False
18678442,unavailable,pubget,,False
18678796,unavailable,pubget,,False
18679099,unavailable,pubget,,False
18682259,unavailable,pubget,,False
18682940,unavailable,pubget,,False
18685833,unavailable,pubget,,False
18686056,unavailable,pubget,,False
18687644,unavailable,pubget,,False
18688028,unavailable,pubget,,False
18691235,unavailable,pubget,,False
18692209,unavailable,pubget,,True
18695154,unavailable,pubget,,False
18695585,unavailable,pubget,,False
18696057,unavailable,pubget,,False
18697557,unavailable,pubget,,False
1869973,unavailable,pubget,,False
18701154,unavailable,pubget,,False
18702717,unavailable,pubget,,False
18706701,unavailable,pubget,,False
18708148,unavailable,pubget,,False
18718326,unavailable,pubget,,False
18718456,unavailable,pubget,,False
18718640,unavailable,pubget,,False
18722271,unavailable,pubget,,False
18722517,unavailable,pubget,,True
18722963,unavailable,pubget,,False
18724253,unavailable,pubget,,False
18727673,unavailable,pubget,,False
18751410,unavailable,pubget,,False
18755558,unavailable,pubget,,False
18755578,unavailable,pubget,,False
18756092,unavailable,pubget,,False
18756360,unavailable,pubget,,False
18757332,unavailable,pubget,,False
18758379,unavailable,pubget,,False
18759150,unavailable,pubget,,False
18759938,unavailable,pubget,,False
18761094,unavailable,pubget,,True
18761138,unavailable,pubget,,True
18762391,unavailable,pubget,,False
18764970,unavailable,pubget,,False
18768646,unavailable,pubget,,False
18769288,unavailable,pubget,,False
18774224,unavailable,pubget,,False
18776895,unavailable,pubget,,False
18777044,unavailable,pubget,,False
18778779,unavailable,pubget,,True
18779509,unavailable,pubget,,False
18779933,unavailable,pubget,,False
18781582,unavailable,pubget,,False
18782695,unavailable,pubget,,False
18783283,unavailable,pubget,,False
18784964,unavailable,pubget,,False
18786781,unavailable,pubget,,False
18787658,unavailable,pubget,,False
18790789,unavailable,pubget,,False
18791267,unavailable,pubget,,False
18795493,unavailable,pubget,,False
18796186,unavailable,pubget,,False
18796430,unavailable,pubget,,False
18797308,unavailable,pubget,,False
18797315,unavailable,pubget,,False
18799601,unavailable,pubget,,False
18801033,unavailable,pubget,,False
18801648,unavailable,pubget,,True
18803512,unavailable,pubget,,False
18804916,unavailable,pubget,,False
1880531,unavailable,pubget,,False
18806920,unavailable,pubget,,False
18810556,unavailable,pubget,,False
18812681,unavailable,pubget,,False
18812687,unavailable,pubget,,False
18812952,unavailable,pubget,,False
18812957,unavailable,pubget,,False
18815821,unavailable,pubget,,False
18817882,unavailable,pubget,,False
18818054,unavailable,pubget,,False
18819025,unavailable,pubget,,False
18819162,unavailable,pubget,,False
18819184,unavailable,pubget,,False
18821346,unavailable,pubget,,False
18822455,unavailable,pubget,,False
18827725,unavailable,pubget,,False
18828940,unavailable,pubget,,False
18829595,unavailable,pubget,,False
18829871,unavailable,pubget,,False
18831642,unavailable,pubget,,False
18834671,unavailable,pubget,,False
18834673,unavailable,pubget,,False
18835758,unavailable,pubget,,False
18836283,unavailable,pubget,,False
18836864,unavailable,pubget,,False
18837902,unavailable,pubget,,False
18838100,unavailable,pubget,,True
18838633,unavailable,pubget,,False
18840533,unavailable,pubget,,True
18843096,unavailable,pubget,,False
18845009,unavailable,pubget,,False
18845225,unavailable,pubget,,False
18847337,unavailable,pubget,,False
18848443,unavailable,pubget,,False
18848743,unavailable,pubget,,True
18848999,unavailable,pubget,,True
18852926,unavailable,pubget,,False
18855295,unavailable,pubget,,False
1888800,unavailable,pubget,,False
1890126,unavailable,pubget,,False
18927345,unavailable,pubget,,False
18928356,unavailable,pubget,,False
18929692,unavailable,pubget,,False
18930380,unavailable,pubget,,False
18930695,unavailable,pubget,,False
18931387,unavailable,pubget,,False
18938677,unavailable,pubget,,False
18945378,unavailable,pubget,,False
18945494,unavailable,pubget,,False
18947356,unavailable,pubget,,True
18949656,unavailable,pubget,,False
18950267,unavailable,pubget,,False
18950717,unavailable,pubget,,False
18950882,unavailable,pubget,,False
18951984,unavailable,pubget,,False
18954717,unavailable,pubget,,False
18955019,unavailable,pubget,,False
18955175,unavailable,pubget,,False
18955178,unavailable,pubget,,False
18956147,unavailable,pubget,,False
18956406,unavailable,pubget,,False
18956789,unavailable,pubget,,False
1896219,unavailable,pubget,,False
18971725,unavailable,pubget,,False
18976348,unavailable,pubget,,False
18976717,unavailable,pubget,,False
18976807,unavailable,pubget,,False
18977169,unavailable,pubget,,False
18979378,unavailable,pubget,,False
18981325,unavailable,pubget,,False
18981640,unavailable,pubget,,False
18981883,unavailable,pubget,,False
18987974,unavailable,pubget,,False
18989014,unavailable,pubget,,False
18990511,unavailable,pubget,,False
18990710,unavailable,pubget,,False
18997039,unavailable,pubget,,False
19004569,unavailable,pubget,,False
19010858,unavailable,pubget,,False
19010859,unavailable,pubget,,False
19013723,unavailable,pubget,,False
19015036,unavailable,pubget,,True
19015038,unavailable,pubget,,False
19015086,unavailable,pubget,,False
19016044,unavailable,pubget,,False
19018949,unavailable,pubget,,False
19019564,unavailable,pubget,,False
19019893,unavailable,pubget,,False
19020205,unavailable,pubget,,False
19022337,unavailable,pubget,,True
19025950,unavailable,pubget,,False
19026407,unavailable,pubget,,True
19026946,unavailable,pubget,,False
19028285,unavailable,pubget,,False
19030774,unavailable,pubget,,False
19034055,unavailable,pubget,,False
19034772,unavailable,pubget,,False
19036532,unavailable,pubget,,False
19038505,unavailable,pubget,,False
19041869,unavailable,pubget,,False
19042093,unavailable,pubget,,False
19042912,unavailable,pubget,,False
19044213,unavailable,pubget,,True
19047468,unavailable,pubget,,False
19049718,unavailable,pubget,,False
19050875,unavailable,pubget,,False
19050900,unavailable,pubget,,False
19054502,unavailable,pubget,,True
19056305,unavailable,pubget,,False
19058953,unavailable,pubget,,False
19059824,unavailable,pubget,,False
1906004,unavailable,pubget,,False
19061377,unavailable,pubget,,False
19064064,unavailable,pubget,,False
19064767,unavailable,pubget,,False
19068486,unavailable,pubget,,False
19070231,unavailable,pubget,,False
19070412,unavailable,pubget,,False
19072998,unavailable,pubget,,False
19074979,unavailable,pubget,,False
19081580,unavailable,pubget,,True
19081857,unavailable,pubget,,False
19082309,unavailable,pubget,,False
19084350,unavailable,pubget,,False
19086022,unavailable,pubget,,False
19086197,unavailable,pubget,,False
19088490,unavailable,pubget,,False
19088741,unavailable,pubget,,True
19090413,unavailable,pubget,,False
19091328,unavailable,pubget,,False
19091444,unavailable,pubget,,False
19092609,unavailable,pubget,,False
19095067,unavailable,pubget,,False
19095369,unavailable,pubget,,False
19095373,unavailable,pubget,,False
19097115,unavailable,pubget,,False
19097718,unavailable,pubget,,False
19101097,unavailable,pubget,,False
19101639,unavailable,pubget,,False
19103294,unavailable,pubget,,False
19104459,unavailable,pubget,,False
19104800,unavailable,pubget,,False
19105218,unavailable,pubget,,False
19109984,unavailable,pubget,,True
19110062,unavailable,pubget,,False
19110142,unavailable,pubget,,False
19111624,unavailable,pubget,,True
19117276,unavailable,pubget,,False
19118170,unavailable,pubget,,False
19118321,unavailable,pubget,,False
19118396,unavailable,pubget,,False
19120445,unavailable,pubget,,False
19121401,unavailable,pubget,,False
19123483,unavailable,pubget,,False
19126263,unavailable,pubget,,False
19129751,unavailable,pubget,,False
19135154,unavailable,pubget,,False
19135767,unavailable,pubget,,True
19136097,unavailable,pubget,,False
19141146,unavailable,pubget,,False
19142115,unavailable,pubget,,False
19144446,unavailable,pubget,,False
19150520,unavailable,pubget,,True
1915903,unavailable,pubget,,False
19162202,unavailable,pubget,,True
19165075,unavailable,pubget,,False
19166942,unavailable,pubget,,True
19167010,unavailable,pubget,,False
19167505,unavailable,pubget,,True
19167508,unavailable,pubget,,True
19168836,unavailable,pubget,,False
19170660,unavailable,pubget,,False
19175815,unavailable,pubget,,False
19179545,unavailable,pubget,,False
19179913,unavailable,pubget,,False
19181253,unavailable,pubget,,False
19181695,unavailable,pubget,,False
19182033,unavailable,pubget,,False
19182173,unavailable,pubget,,False
19183226,unavailable,pubget,,False
19188005,unavailable,pubget,,True
19188539,unavailable,pubget,,False
19188874,unavailable,pubget,,False
19189136,unavailable,pubget,,False
19190727,unavailable,pubget,,False
19194391,unavailable,pubget,,False
19195730,unavailable,pubget,,False
19197223,unavailable,pubget,,False
19199448,unavailable,pubget,,False
19201364,unavailable,pubget,,False
19203812,unavailable,pubget,,False
19207269,unavailable,pubget,,False
19211888,unavailable,pubget,,False
19214489,unavailable,pubget,,False
19218799,unavailable,pubget,,False
19218875,unavailable,pubget,,False
19220544,unavailable,pubget,,False
19222814,unavailable,pubget,,False
19225928,unavailable,pubget,,False
19236528,unavailable,pubget,,False
19239982,unavailable,pubget,,True
19240609,unavailable,pubget,,False
19244009,unavailable,pubget,,False
19246171,unavailable,pubget,,False
19246211,unavailable,pubget,,False
19247994,unavailable,pubget,,False
19250174,unavailable,pubget,,False
19250662,unavailable,pubget,,True
19250767,unavailable,pubget,,False
19252496,unavailable,pubget,,False
19252788,unavailable,pubget,,False
19255815,unavailable,pubget,,False
19259728,unavailable,pubget,,False
19261334,unavailable,pubget,,False
19261423,unavailable,pubget,,True
19263420,unavailable,pubget,,False
19264189,unavailable,pubget,,False
19266701,unavailable,pubget,,False
19268555,unavailable,pubget,,False
19268862,unavailable,pubget,,False
19275656,unavailable,pubget,,False
19281419,unavailable,pubget,,False
19281801,unavailable,pubget,,False
19282740,unavailable,pubget,,False
19285546,unavailable,pubget,,True
1928598,unavailable,pubget,,False
19289419,unavailable,pubget,,False
19291781,unavailable,pubget,,False
19291984,unavailable,pubget,,False
19294957,unavailable,pubget,,False
19296726,unavailable,pubget,,False
19302344,unavailable,pubget,,False
19302944,unavailable,pubget,,False
1930424,unavailable,pubget,,False
19304859,unavailable,pubget,,True
19306363,unavailable,pubget,,False
19307251,unavailable,pubget,,False
19308417,unavailable,pubget,,False
19308999,unavailable,pubget,,False
19317377,unavailable,pubget,,False
19318569,unavailable,pubget,,False
19318596,unavailable,pubget,,False
19319470,unavailable,pubget,,False
19319547,unavailable,pubget,,False
19320638,unavailable,pubget,,False
19321315,unavailable,pubget,,False
19321655,unavailable,pubget,,False
19322132,unavailable,pubget,,False
19324113,unavailable,pubget,,False
19324237,unavailable,pubget,,False
19324270,unavailable,pubget,,False
19324275,unavailable,pubget,,False
19324279,unavailable,pubget,,False
19330177,unavailable,pubget,,False
19332205,unavailable,pubget,,False
19332513,unavailable,pubget,,False
19333211,unavailable,pubget,,False
19333862,unavailable,pubget,,False
19334796,unavailable,pubget,,False
19336984,unavailable,pubget,,False
19339906,unavailable,pubget,,False
19339907,unavailable,pubget,,False
19344919,unavailable,pubget,,False
19345270,unavailable,pubget,,False
19346962,unavailable,pubget,,False
19349231,unavailable,pubget,,True
19349810,unavailable,pubget,,False
19351556,unavailable,pubget,,False
19352236,unavailable,pubget,,False
19352653,unavailable,pubget,,False
19355814,unavailable,pubget,,False
19355844,unavailable,pubget,,False
19356836,unavailable,pubget,,False
19361264,unavailable,pubget,,False
19362153,unavailable,pubget,,False
19362250,unavailable,pubget,,False
19362251,unavailable,pubget,,False
19363702,unavailable,pubget,,False
19364933,unavailable,pubget,,False
19365126,unavailable,pubget,,False
19366284,unavailable,pubget,,False
19370429,unavailable,pubget,,False
19370430,unavailable,pubget,,False
19370440,unavailable,pubget,,False
19372696,unavailable,pubget,,False
19375510,unavailable,pubget,,False
19375930,unavailable,pubget,,False
19376157,unavailable,pubget,,False
19376243,unavailable,pubget,,True
19376723,unavailable,pubget,,False
19376939,unavailable,pubget,,False
19380082,unavailable,pubget,,False
19380450,unavailable,pubget,,False
19381442,unavailable,pubget,,False
19382299,unavailable,pubget,,False
19383055,unavailable,pubget,,False
19385020,unavailable,pubget,,False
1938575,unavailable,pubget,,False
19386424,unavailable,pubget,,False
19387202,unavailable,pubget,,False
19387981,unavailable,pubget,,False
19394179,unavailable,pubget,,False
19394712,unavailable,pubget,,False
19394780,unavailable,pubget,,False
19394959,unavailable,pubget,,False
19398018,unavailable,pubget,,True
19398301,unavailable,pubget,,False
19398308,unavailable,pubget,,True
19398536,unavailable,pubget,,False
19398537,unavailable,pubget,,False
19399539,unavailable,pubget,,False
19399879,unavailable,pubget,,False
19401143,unavailable,pubget,,False
19401596,unavailable,pubget,,False
19403118,unavailable,pubget,,True
19403218,unavailable,pubget,,True
19403878,unavailable,pubget,,False
19404105,unavailable,pubget,,False
19404117,unavailable,pubget,,False
19404998,unavailable,pubget,,False
19409224,unavailable,pubget,,False
19410366,unavailable,pubget,,False
19410471,unavailable,pubget,,False
19410583,unavailable,pubget,,False
19410589,unavailable,pubget,,False
19412724,unavailable,pubget,,False
19414714,unavailable,pubget,,False
19415035,unavailable,pubget,,False
19415042,unavailable,pubget,,False
19415541,unavailable,pubget,,False
19416574,unavailable,pubget,,False
19416820,unavailable,pubget,,False
19419776,unavailable,pubget,,False
19420418,unavailable,pubget,,False
19422921,unavailable,pubget,,False
19423072,unavailable,pubget,,False
19423307,unavailable,pubget,,False
19427551,unavailable,pubget,,False
19427562,unavailable,pubget,,False
19427564,unavailable,pubget,,False
19428614,unavailable,pubget,,True
19429003,unavailable,pubget,,True
19429078,unavailable,pubget,,True
19429124,unavailable,pubget,,True
19429929,unavailable,pubget,,False
19440708,unavailable,pubget,,False
19442494,unavailable,pubget,,True
19442745,unavailable,pubget,,True
19442751,unavailable,pubget,,False
19442752,unavailable,pubget,,True
19442867,unavailable,pubget,,True
19443076,unavailable,pubget,,False
19443622,unavailable,pubget,,False
19444590,unavailable,pubget,,False
19445513,unavailable,pubget,,False
19445603,unavailable,pubget,,False
1944848,unavailable,pubget,,False
19449332,unavailable,pubget,,False
19450695,unavailable,pubget,,True
19457383,unavailable,pubget,,True
19464630,unavailable,pubget,,False
19464816,unavailable,pubget,,False
19465009,unavailable,pubget,,False
19468675,unavailable,pubget,,False
19473780,unavailable,pubget,,False
19473781,unavailable,pubget,,False
19477714,unavailable,pubget,,False
19479905,unavailable,pubget,,False
19480235,unavailable,pubget,,False
19481317,unavailable,pubget,,False
19483110,unavailable,pubget,,False
19485652,unavailable,pubget,,False
19486137,unavailable,pubget,,False
19487152,unavailable,pubget,,False
19490045,unavailable,pubget,,False
19494142,unavailable,pubget,,False
19498089,unavailable,pubget,,False
19500088,unavailable,pubget,,False
19500275,unavailable,pubget,,False
19500606,unavailable,pubget,,False
19501172,unavailable,pubget,,False
19501476,unavailable,pubget,,False
19501523,unavailable,pubget,,False
19505444,unavailable,pubget,,True
19515512,unavailable,pubget,,False
19515673,unavailable,pubget,,False
19520371,unavailable,pubget,,False
19524048,unavailable,pubget,,True
19524093,unavailable,pubget,,True
19525447,unavailable,pubget,,False
19525456,unavailable,pubget,,False
19525472,unavailable,pubget,,False
1952667,unavailable,pubget,,False
19530219,unavailable,pubget,,False
19530588,unavailable,pubget,,False
19538333,unavailable,pubget,,False
19539768,unavailable,pubget,,True
19540069,unavailable,pubget,,False
19540214,unavailable,pubget,,True
19540923,unavailable,pubget,,True
19541487,unavailable,pubget,,False
19541675,unavailable,pubget,,False
19545855,unavailable,pubget,,False
19546154,unavailable,pubget,,False
19547804,unavailable,pubget,,False
19550401,unavailable,pubget,,False
19552978,unavailable,pubget,,False
19554558,unavailable,pubget,,False
19555933,unavailable,pubget,,False
19558540,unavailable,pubget,,False
19559574,unavailable,pubget,,False
19560890,unavailable,pubget,,False
19561442,unavailable,pubget,,False
19562266,unavailable,pubget,,False
19562761,unavailable,pubget,,False
19566517,unavailable,pubget,,False
1956737,unavailable,pubget,,False
19568152,unavailable,pubget,,False
19568808,unavailable,pubget,,False
19570637,unavailable,pubget,,False
19571491,unavailable,pubget,,False
19572308,unavailable,pubget,,False
19574440,unavailable,pubget,,False
19574778,unavailable,pubget,,False
19575412,unavailable,pubget,,False
19576957,unavailable,pubget,,True
19577866,unavailable,pubget,,False
19580877,unavailable,pubget,,True
19584889,unavailable,pubget,,False
19586773,unavailable,pubget,,False
19594508,unavailable,pubget,,False
19594667,unavailable,pubget,,False
19594859,unavailable,pubget,,False
19596123,unavailable,pubget,,False
19603233,unavailable,pubget,,False
19605530,unavailable,pubget,,False
19605649,unavailable,pubget,,False
19608356,unavailable,pubget,,False
19617323,unavailable,pubget,,False
19617341,unavailable,pubget,,False
19619662,unavailable,pubget,,True
19619956,unavailable,pubget,,False
19621301,unavailable,pubget,,False
19622583,unavailable,pubget,,False
19624392,unavailable,pubget,,False
19625339,unavailable,pubget,,False
19626319,unavailable,pubget,,False
19626564,unavailable,pubget,,False
19628276,unavailable,pubget,,False
19629770,unavailable,pubget,,False
19629977,unavailable,pubget,,False
19631255,unavailable,pubget,,True
19631624,unavailable,pubget,,False
19631757,unavailable,pubget,,False
19632337,unavailable,pubget,,True
19634037,unavailable,pubget,,False
19634060,unavailable,pubget,,False
19636020,unavailable,pubget,,False
19636577,unavailable,pubget,,False
19638736,unavailable,pubget,,False
19639250,unavailable,pubget,,False
19639521,unavailable,pubget,,False
19643184,unavailable,pubget,,False
19643461,unavailable,pubget,,False
19643585,unavailable,pubget,,True
19645517,unavailable,pubget,,False
19645622,unavailable,pubget,,False
19646533,unavailable,pubget,,False
19646536,unavailable,pubget,,False
19646537,unavailable,pubget,,True
19647799,unavailable,pubget,,False
19651111,unavailable,pubget,,True
19651151,unavailable,pubget,,True
19651401,unavailable,pubget,,False
19652218,unavailable,pubget,,False
19656642,unavailable,pubget,,False
19657027,unavailable,pubget,,False
19660559,unavailable,pubget,,False
19660739,unavailable,pubget,,False
19661570,unavailable,pubget,,False
1966282,unavailable,pubget,,False
19665324,unavailable,pubget,,False
19665452,unavailable,pubget,,False
19665856,unavailable,pubget,,False
19666074,unavailable,pubget,,True
19666832,unavailable,pubget,,False
19669694,unavailable,pubget,,False
19671763,unavailable,pubget,,False
19671851,unavailable,pubget,,False
19673738,unavailable,pubget,,False
19676101,unavailable,pubget,,False
19679112,unavailable,pubget,,False
19679408,unavailable,pubget,,False
19681684,unavailable,pubget,,False
19682051,unavailable,pubget,,False
19682163,unavailable,pubget,,False
19682583,unavailable,pubget,,True
19683258,unavailable,pubget,,True
19683403,unavailable,pubget,,False
19683896,unavailable,pubget,,False
19687561,unavailable,pubget,,False
19687736,unavailable,pubget,,False
19688982,unavailable,pubget,,False
19690035,unavailable,pubget,,False
19690093,unavailable,pubget,,False
19692211,unavailable,pubget,,False
19692514,unavailable,pubget,,False
19692600,unavailable,pubget,,False
19692672,unavailable,pubget,,False
19697040,unavailable,pubget,,False
19699020,unavailable,pubget,,True
19699795,unavailable,pubget,,False
19700743,unavailable,pubget,,False
19701842,unavailable,pubget,,False
19703568,unavailable,pubget,,False
19703572,unavailable,pubget,,False
19706808,unavailable,pubget,,False
19710383,unavailable,pubget,,False
19711773,unavailable,pubget,,False
19712703,unavailable,pubget,,True
19712819,unavailable,pubget,,False
19713601,unavailable,pubget,,False
19715709,unavailable,pubget,,False
19715764,unavailable,pubget,,True
19717064,unavailable,pubget,,False
19717138,unavailable,pubget,,False
19717197,unavailable,pubget,,False
19720290,unavailable,pubget,,False
19722170,unavailable,pubget,,False
19722171,unavailable,pubget,,False
19728194,unavailable,pubget,,False
19733347,unavailable,pubget,,False
19735058,unavailable,pubget,,False
19735259,unavailable,pubget,,False
19735884,unavailable,pubget,,False
19737946,unavailable,pubget,,False
19740135,unavailable,pubget,,False
19744565,unavailable,pubget,,False
19748078,unavailable,pubget,,False
19748726,unavailable,pubget,,False
19748810,unavailable,pubget,,False
19750859,unavailable,pubget,,False
19755575,unavailable,pubget,,False
19756422,unavailable,pubget,,False
19756819,unavailable,pubget,,False
19758835,unavailable,pubget,,False
19760457,unavailable,pubget,,False
19761849,unavailable,pubget,,True
19762452,unavailable,pubget,,False
19763565,unavailable,pubget,,False
19765205,unavailable,pubget,,False
19765554,unavailable,pubget,,True
19765847,unavailable,pubget,,False
19766336,unavailable,pubget,,False
19769994,unavailable,pubget,,False
19770045,unavailable,pubget,,False
19770047,unavailable,pubget,,False
19770054,unavailable,pubget,,False
19770056,unavailable,pubget,,False
19770220,unavailable,pubget,,False
19773038,unavailable,pubget,,False
19777552,unavailable,pubget,,False
19780031,unavailable,pubget,,False
19782094,unavailable,pubget,,False
19782417,unavailable,pubget,,False
19782695,unavailable,pubget,,False
19783378,unavailable,pubget,,False
19783409,unavailable,pubget,,False
19788568,unavailable,pubget,,False
19789392,unavailable,pubget,,False
19790053,unavailable,pubget,,False
19793676,unavailable,pubget,,False
19800455,unavailable,pubget,,False
19804445,unavailable,pubget,,False
19806038,unavailable,pubget,,False
19810487,unavailable,pubget,,False
19816637,unavailable,pubget,,False
19818906,unavailable,pubget,,True
19820512,unavailable,pubget,,False
19821136,unavailable,pubget,,False
19823073,unavailable,pubget,,False
19828323,unavailable,pubget,,False
19833214,unavailable,pubget,,False
19833962,unavailable,pubget,,False
19836163,unavailable,pubget,,False
19836165,unavailable,pubget,,False
19837173,unavailable,pubget,,True
19837416,unavailable,pubget,,False
19837566,unavailable,pubget,,False
19837760,unavailable,pubget,,False
19837761,unavailable,pubget,,False
19837762,unavailable,pubget,,False
19837771,unavailable,pubget,,False
19841601,unavailable,pubget,,False
19846281,unavailable,pubget,,False
19846776,unavailable,pubget,,False
19849880,unavailable,pubget,,False
19850450,unavailable,pubget,,False
19852545,unavailable,pubget,,False
19853290,unavailable,pubget,,False
19853661,unavailable,pubget,,False
19854615,unavailable,pubget,,False
19856050,unavailable,pubget,,False
19856060,unavailable,pubget,,False
19857864,unavailable,pubget,,False
19861447,unavailable,pubget,,False
19861458,unavailable,pubget,,False
19863259,unavailable,pubget,,False
19864879,unavailable,pubget,,False
19874854,unavailable,pubget,,True
19877782,unavailable,pubget,,False
19878725,unavailable,pubget,,False
19879154,unavailable,pubget,,False
19879262,unavailable,pubget,,False
19879613,unavailable,pubget,,False
19879700,unavailable,pubget,,False
19880207,unavailable,pubget,,False
1988624,unavailable,pubget,,False
19889717,unavailable,pubget,,False
19890256,unavailable,pubget,,False
19890267,unavailable,pubget,,False
19890631,unavailable,pubget,,False
19890807,unavailable,pubget,,False
19891821,unavailable,pubget,,False
19896144,unavailable,pubget,,False
19897676,unavailable,pubget,,False
19902141,unavailable,pubget,,False
19902327,unavailable,pubget,,False
19903855,unavailable,pubget,,False
19906516,unavailable,pubget,,True
19906971,unavailable,pubget,,False
19908826,unavailable,pubget,,False
19910137,unavailable,pubget,,False
19910143,unavailable,pubget,,False
19910420,unavailable,pubget,,False
19910425,unavailable,pubget,,False
19910428,unavailable,pubget,,False
19910433,unavailable,pubget,,False
19910448,unavailable,pubget,,False
19912175,unavailable,pubget,,False
19913102,unavailable,pubget,,False
19913379,unavailable,pubget,,False
19913944,unavailable,pubget,,False
19914605,unavailable,pubget,,False
19917848,unavailable,pubget,,False
19917865,unavailable,pubget,,False
19919662,unavailable,pubget,,False
19921376,unavailable,pubget,,False
19924789,unavailable,pubget,,False
19925200,unavailable,pubget,,False
19925856,unavailable,pubget,,True
19926457,unavailable,pubget,,False
19926910,unavailable,pubget,,False
19928065,unavailable,pubget,,False
19928110,unavailable,pubget,,False
19929215,unavailable,pubget,,False
19932154,unavailable,pubget,,True
19932789,unavailable,pubget,,False
19934276,unavailable,pubget,,False
19934550,unavailable,pubget,,False
19934999,unavailable,pubget,,False
19935010,unavailable,pubget,,False
19935404,unavailable,pubget,,False
19938103,unavailable,pubget,,False
19942313,unavailable,pubget,,False
19942595,unavailable,pubget,,False
19944446,unavailable,pubget,,False
19944585,unavailable,pubget,,False
19944767,unavailable,pubget,,False
19944994,unavailable,pubget,,False
19945044,unavailable,pubget,,False
19945172,unavailable,pubget,,False
19945190,unavailable,pubget,,False
19945535,unavailable,pubget,,True
19949389,unavailable,pubget,,False
19950195,unavailable,pubget,,False
19951293,unavailable,pubget,,False
19953224,unavailable,pubget,,False
19956085,unavailable,pubget,,False
19959009,unavailable,pubget,,False
19959019,unavailable,pubget,,False
19962789,unavailable,pubget,,True
19963000,unavailable,pubget,,False
19965779,unavailable,pubget,,False
19965922,unavailable,pubget,,False
19967372,unavailable,pubget,,False
19969136,unavailable,pubget,,False
19994497,unavailable,pubget,,False
19995846,unavailable,pubget,,False
19996076,unavailable,pubget,,False
19996582,unavailable,pubget,,False
19997117,unavailable,pubget,,False
19998366,unavailable,pubget,,False
20002904,unavailable,pubget,,False
20003075,unavailable,pubget,,False
20004250,unavailable,pubget,,True
20005962,unavailable,pubget,,False
20008651,unavailable,pubget,,False
20008664,unavailable,pubget,,False
20009194,unavailable,pubget,,False
20009441,unavailable,pubget,,False
20013089,unavailable,pubget,,False
20015797,unavailable,pubget,,False
20023549,unavailable,pubget,,False
20023593,unavailable,pubget,,False
20025620,unavailable,pubget,,False
20025979,unavailable,pubget,,False
20026086,unavailable,pubget,,False
20026185,unavailable,pubget,,False
20026227,unavailable,pubget,,False
20026317,unavailable,pubget,,True
20026781,unavailable,pubget,,False
20032914,unavailable,pubget,,False
20034578,unavailable,pubget,,False
20035366,unavailable,pubget,,False
20035509,unavailable,pubget,,False
20035830,unavailable,pubget,,True
20036116,unavailable,pubget,,False
20036266,unavailable,pubget,,True
20041475,unavailable,pubget,,False
20043764,unavailable,pubget,,False
20044069,unavailable,pubget,,False
20045399,unavailable,pubget,,False
20047709,unavailable,pubget,,False
20048131,unavailable,pubget,,False
20048182,unavailable,pubget,,False
2004967,unavailable,pubget,,False
20050296,unavailable,pubget,,False
20053379,unavailable,pubget,,False
20053536,unavailable,pubget,,True
20056343,unavailable,pubget,,False
20058187,unavailable,pubget,,False
20059252,unavailable,pubget,,False
20060111,unavailable,pubget,,True
20060129,unavailable,pubget,,True
20060480,unavailable,pubget,,True
20061274,unavailable,pubget,,False
20065123,unavailable,pubget,,False
20066465,unavailable,pubget,,False
20066616,unavailable,pubget,,False
20068097,unavailable,pubget,,False
20068283,unavailable,pubget,,False
20069466,unavailable,pubget,,False
20069587,unavailable,pubget,,False
20070426,unavailable,pubget,,False
20071761,unavailable,pubget,,False
20072072,unavailable,pubget,,False
20074912,unavailable,pubget,,False
20075000,unavailable,pubget,,False
20079155,unavailable,pubget,,False
20079443,unavailable,pubget,,False
20080191,unavailable,pubget,,True
20080395,unavailable,pubget,,False
20080877,unavailable,pubget,,False
20083592,unavailable,pubget,,False
20087132,unavailable,pubget,,False
20089952,unavailable,pubget,,False
20095368,unavailable,pubget,,False
20096539,unavailable,pubget,,False
20096947,unavailable,pubget,,False
20097663,unavailable,pubget,,False
20097935,unavailable,pubget,,False
20099747,unavailable,pubget,,False
20099976,unavailable,pubget,,False
20100143,unavailable,pubget,,False
20100583,unavailable,pubget,,True
20102667,unavailable,pubget,,False
20102678,unavailable,pubget,,False
20102786,unavailable,pubget,,True
20103299,unavailable,pubget,,False
20104058,unavailable,pubget,,False
20110699,unavailable,pubget,,False
20111977,unavailable,pubget,,False
20112426,unavailable,pubget,,False
20113320,unavailable,pubget,,False
20113879,unavailable,pubget,,False
20116934,unavailable,pubget,,False
20116979,unavailable,pubget,,False
20117145,unavailable,pubget,,False
20118461,unavailable,pubget,,False
20118834,unavailable,pubget,,False
20118980,unavailable,pubget,,False
20119707,unavailable,pubget,,False
20123028,unavailable,pubget,,True
20123031,unavailable,pubget,,False
20123468,unavailable,pubget,,False
20124048,unavailable,pubget,,False
2012517,unavailable,pubget,,False
20128672,unavailable,pubget,,False
20128780,unavailable,pubget,,False
20130502,unavailable,pubget,,False
20133071,unavailable,pubget,,False
20133250,unavailable,pubget,,False
20135251,unavailable,pubget,,False
20138255,unavailable,pubget,,True
20139817,unavailable,pubget,,False
20143266,unavailable,pubget,,False
20146125,unavailable,pubget,,False
20146203,unavailable,pubget,,False
20147871,unavailable,pubget,,False
20149050,unavailable,pubget,,False
20149759,unavailable,pubget,,False
20150263,unavailable,pubget,,False
20150268,unavailable,pubget,,False
20150316,unavailable,pubget,,False
20151255,unavailable,pubget,,False
20153142,unavailable,pubget,,False
20153952,unavailable,pubget,,False
20155558,unavailable,pubget,,False
20156657,unavailable,pubget,,True
20157170,unavailable,pubget,,False
20158356,unavailable,pubget,,False
20159882,unavailable,pubget,,False
20166792,unavailable,pubget,,False
20175674,unavailable,pubget,,False
20178033,unavailable,pubget,,False
20178704,unavailable,pubget,,False
20188181,unavailable,pubget,,False
20188516,unavailable,pubget,,True
20189314,unavailable,pubget,,False
20189356,unavailable,pubget,,False
20194514,unavailable,pubget,,False
20194828,unavailable,pubget,,False
20195575,unavailable,pubget,,False
20197270,unavailable,pubget,,False
20197397,unavailable,pubget,,False
20197467,unavailable,pubget,,False
20200102,unavailable,pubget,,False
20200103,unavailable,pubget,,False
20201927,unavailable,pubget,,False
20205245,unavailable,pubget,,False
20205248,unavailable,pubget,,False
20205479,unavailable,pubget,,False
20207347,unavailable,pubget,,False
20210247,unavailable,pubget,,False
20210254,unavailable,pubget,,False
20211264,unavailable,pubget,,False
20211475,unavailable,pubget,,False
20212014,unavailable,pubget,,False
20213798,unavailable,pubget,,False
20214840,unavailable,pubget,,False
20215979,unavailable,pubget,,False
20217259,unavailable,pubget,,False
20217449,unavailable,pubget,,False
2021792,unavailable,pubget,,False
20220321,unavailable,pubget,,False
20220594,unavailable,pubget,,False
20221947,unavailable,pubget,,True
20223847,unavailable,pubget,,False
20226773,unavailable,pubget,,False
20226811,unavailable,pubget,,False
20228138,unavailable,pubget,,False
20228471,unavailable,pubget,,False
20229078,unavailable,pubget,,False
20229860,unavailable,pubget,,False
20231676,unavailable,pubget,,False
20231930,unavailable,pubget,,False
20233962,unavailable,pubget,,False
20238167,unavailable,pubget,,False
20298792,unavailable,pubget,,False
20302912,unavailable,pubget,,False
20303715,unavailable,pubget,,False
20303998,unavailable,pubget,,False
20305410,unavailable,pubget,,False
20306032,unavailable,pubget,,False
20307512,unavailable,pubget,,False
20309683,unavailable,pubget,,False
20332639,unavailable,pubget,,False
20336065,unavailable,pubget,,False
20336454,unavailable,pubget,,False
20336653,unavailable,pubget,,False
20336684,unavailable,pubget,,False
20338015,unavailable,pubget,,False
20338016,unavailable,pubget,,True
20338245,unavailable,pubget,,False
20338249,unavailable,pubget,,True
20339264,unavailable,pubget,,False
20339283,unavailable,pubget,,False
20345959,unavailable,pubget,,False
20346979,unavailable,pubget,,True
20350181,unavailable,pubget,,False
20350185,unavailable,pubget,,False
20350798,unavailable,pubget,,False
20351651,unavailable,pubget,,False
20356915,unavailable,pubget,,False
20362418,unavailable,pubget,,False
20363236,unavailable,pubget,,True
20363277,unavailable,pubget,,True
20368310,unavailable,pubget,,False
20368422,unavailable,pubget,,False
20369103,unavailable,pubget,,False
20371720,unavailable,pubget,,False
20371725,unavailable,pubget,,False
20373348,unavailable,pubget,,False
20373349,unavailable,pubget,,False
20373442,unavailable,pubget,,False
20373449,unavailable,pubget,,False
20374203,unavailable,pubget,,False
20374403,unavailable,pubget,,False
20375138,unavailable,pubget,,False
20378581,unavailable,pubget,,False
20381270,unavailable,pubget,,False
20381462,unavailable,pubget,,True
20384268,unavailable,pubget,,False
20384719,unavailable,pubget,,False
20385245,unavailable,pubget,,False
20385911,unavailable,pubget,,False
20387230,unavailable,pubget,,False
20391183,unavailable,pubget,,False
20391192,unavailable,pubget,,False
20393055,unavailable,pubget,,False
20393270,unavailable,pubget,,False
20395323,unavailable,pubget,,False
20395497,unavailable,pubget,,False
20395549,unavailable,pubget,,False
20398774,unavailable,pubget,,True
20399274,unavailable,pubget,,True
20399622,unavailable,pubget,,False
20399838,unavailable,pubget,,True
20404283,unavailable,pubget,,False
20406530,unavailable,pubget,,False
20406839,unavailable,pubget,,False
20406842,unavailable,pubget,,False
20410728,unavailable,pubget,,False
20413893,unavailable,pubget,,True
20416863,unavailable,pubget,,False
20417713,unavailable,pubget,,True
20419370,unavailable,pubget,,False
20420767,unavailable,pubget,,False
20420884,unavailable,pubget,,True
20421135,unavailable,pubget,,False
20421146,unavailable,pubget,,False
20421171,unavailable,pubget,,False
20423237,unavailable,pubget,,False
20423560,unavailable,pubget,,False
20423699,unavailable,pubget,,True
20424025,unavailable,pubget,,False
20424365,unavailable,pubget,,False
20426187,unavailable,pubget,,False
20427649,unavailable,pubget,,False
20433262,unavailable,pubget,,False
20433263,unavailable,pubget,,False
20433370,unavailable,pubget,,False
20434470,unavailable,pubget,,False
20434779,unavailable,pubget,,False
20435951,unavailable,pubget,,False
20437554,unavailable,pubget,,False
20440296,unavailable,pubget,,False
20441234,unavailable,pubget,,False
20441798,unavailable,pubget,,False
20442311,unavailable,pubget,,False
20444537,unavailable,pubget,,False
2044589,unavailable,pubget,,False
20447554,unavailable,pubget,,False
20451875,unavailable,pubget,,False
20452115,unavailable,pubget,,False
20452636,unavailable,pubget,,False
20452732,unavailable,pubget,,False
20456929,unavailable,pubget,,False
20457349,unavailable,pubget,,False
20460621,unavailable,pubget,,False
20461018,unavailable,pubget,,False
20461768,unavailable,pubget,,False
20463609,unavailable,pubget,,False
20466500,unavailable,pubget,,False
20466621,unavailable,pubget,,False
20469988,unavailable,pubget,,False
20471184,unavailable,pubget,,False
20471768,unavailable,pubget,,False
20471857,unavailable,pubget,,False
20472346,unavailable,pubget,,False
20472350,unavailable,pubget,,False
20472367,unavailable,pubget,,False
20472369,unavailable,pubget,,False
20477559,unavailable,pubget,,False
20478641,unavailable,pubget,,False
20483568,unavailable,pubget,,False
20483717,unavailable,pubget,,False
20484426,unavailable,pubget,,False
20484594,unavailable,pubget,,False
20488675,unavailable,pubget,,False
20488690,unavailable,pubget,,False
20490561,unavailable,pubget,,False
20491654,unavailable,pubget,,False
20492571,unavailable,pubget,,False
20493673,unavailable,pubget,,True
20494266,unavailable,pubget,,False
20494655,unavailable,pubget,,False
20502992,unavailable,pubget,,False
20503115,unavailable,pubget,,False
20505436,unavailable,pubget,,False
20510377,unavailable,pubget,,False
20510542,unavailable,pubget,,False
20512333,unavailable,pubget,,False
20512572,unavailable,pubget,,False
20513815,unavailable,pubget,,False
20518880,unavailable,pubget,,False
20519060,unavailable,pubget,,False
20521054,unavailable,pubget,,False
20525083,unavailable,pubget,,False
20529117,unavailable,pubget,,False
20530013,unavailable,pubget,,False
20530277,unavailable,pubget,,False
20530698,unavailable,pubget,,False
20534464,unavailable,pubget,,False
20535059,unavailable,pubget,,False
20538439,unavailable,pubget,,False
20541652,unavailable,pubget,,False
20542494,unavailable,pubget,,False
20542548,unavailable,pubget,,False
20542670,unavailable,pubget,,True
20546170,unavailable,pubget,,False
20547425,unavailable,pubget,,False
20549406,unavailable,pubget,,False
20550755,unavailable,pubget,,False
20554734,unavailable,pubget,,False
20554735,unavailable,pubget,,False
20554870,unavailable,pubget,,False
20559475,unavailable,pubget,,False
20559786,unavailable,pubget,,False
20559789,unavailable,pubget,,False
20561537,unavailable,pubget,,False
20561955,unavailable,pubget,,True
20562161,unavailable,pubget,,False
20569651,unavailable,pubget,,False
20570004,unavailable,pubget,,False
20570244,unavailable,pubget,,False
20570268,unavailable,pubget,,False
20570660,unavailable,pubget,,False
20570807,unavailable,pubget,,False
20571785,unavailable,pubget,,False
20572038,unavailable,pubget,,False
20573463,unavailable,pubget,,False
20575073,unavailable,pubget,,False
20576448,unavailable,pubget,,False
20576647,unavailable,pubget,,False
20580022,unavailable,pubget,,False
20586534,unavailable,pubget,,False
20587661,unavailable,pubget,,False
20590457,unavailable,pubget,,False
20592124,unavailable,pubget,,False
20598006,unavailable,pubget,,False
20598238,unavailable,pubget,,False
20599489,unavailable,pubget,,False
20599810,unavailable,pubget,,True
20599837,unavailable,pubget,,True
20599979,unavailable,pubget,,False
20600183,unavailable,pubget,,False
20600968,unavailable,pubget,,True
20600992,unavailable,pubget,,True
20603449,unavailable,pubget,,False
20603854,unavailable,pubget,,False
20605426,unavailable,pubget,,False
20605747,unavailable,pubget,,False
20606043,unavailable,pubget,,False
20607860,unavailable,pubget,,False
20608963,unavailable,pubget,,False
20610039,unavailable,pubget,,False
20610171,unavailable,pubget,,False
20610182,unavailable,pubget,,False
20610743,unavailable,pubget,,False
20614370,unavailable,pubget,,False
20615473,unavailable,pubget,,True
20615626,unavailable,pubget,,False
20617404,unavailable,pubget,,False
20619279,unavailable,pubget,,False
20619982,unavailable,pubget,,False
20620213,unavailable,pubget,,False
20621162,unavailable,pubget,,False
20622387,unavailable,pubget,,False
20623786,unavailable,pubget,,False
20624840,unavailable,pubget,,False
20624961,unavailable,pubget,,False
20626458,unavailable,pubget,,False
20629027,unavailable,pubget,,False
20630898,unavailable,pubget,,False
20633415,unavailable,pubget,,False
20633664,unavailable,pubget,,False
20634766,unavailable,pubget,,False
20637877,unavailable,pubget,,True
20639391,unavailable,pubget,,False
20639808,unavailable,pubget,,False
20640512,unavailable,pubget,,False
20642398,unavailable,pubget,,False
20643512,unavailable,pubget,,False
20645312,unavailable,pubget,,False
20646840,unavailable,pubget,,False
20646867,unavailable,pubget,,False
20647318,unavailable,pubget,,False
20651189,unavailable,pubget,,False
20652607,unavailable,pubget,,False
20653780,unavailable,pubget,,False
20655211,unavailable,pubget,,False
20655882,unavailable,pubget,,False
20655956,unavailable,pubget,,False
20656419,unavailable,pubget,,False
20658449,unavailable,pubget,,False
20660382,unavailable,pubget,,False
20660416,unavailable,pubget,,False
20660574,unavailable,pubget,,False
20662894,unavailable,pubget,,False
20665429,unavailable,pubget,,False
20667490,unavailable,pubget,,True
20667621,unavailable,pubget,,False
20668207,unavailable,pubget,,False
20668428,unavailable,pubget,,True
20668844,unavailable,pubget,,False
20669165,unavailable,pubget,,False
20670970,unavailable,pubget,,False
20674554,unavailable,pubget,,False
20674692,unavailable,pubget,,False
20675075,unavailable,pubget,,False
20675077,unavailable,pubget,,False
20676745,unavailable,pubget,,False
20677377,unavailable,pubget,,False
20678490,unavailable,pubget,,True
20680322,unavailable,pubget,,False
20681014,unavailable,pubget,,False
20682209,unavailable,pubget,,False
20685992,unavailable,pubget,,False
20688104,unavailable,pubget,,False
20688479,unavailable,pubget,,False
20688537,unavailable,pubget,,False
20688812,unavailable,pubget,,False
20691275,unavailable,pubget,,True
20691429,unavailable,pubget,,False
20692648,unavailable,pubget,,False
20693803,unavailable,pubget,,False
20695652,unavailable,pubget,,False
20698809,unavailable,pubget,,False
20700067,unavailable,pubget,,False
20702071,unavailable,pubget,,False
20702791,unavailable,pubget,,False
20705559,unavailable,pubget,,False
20708693,unavailable,pubget,,False
20709381,unavailable,pubget,,False
20709602,unavailable,pubget,,False
20712826,unavailable,pubget,,False
20715082,unavailable,pubget,,False
20716046,unavailable,pubget,,False
20716480,unavailable,pubget,,False
20719521,unavailable,pubget,,False
20720050,unavailable,pubget,,False
20723540,unavailable,pubget,,False
20724113,unavailable,pubget,,True
20725734,unavailable,pubget,,False
20728124,unavailable,pubget,,False
20730457,unavailable,pubget,,False
20732385,unavailable,pubget,,True
20732630,unavailable,pubget,,False
20735208,unavailable,pubget,,False
20735276,unavailable,pubget,,False
20736075,unavailable,pubget,,True
20739018,unavailable,pubget,,False
20740492,unavailable,pubget,,False
20802352,unavailable,pubget,,False
20804475,unavailable,pubget,,False
20807625,unavailable,pubget,,False
20816040,unavailable,pubget,,False
20817354,unavailable,pubget,,False
20826657,unavailable,pubget,,False
20831483,unavailable,pubget,,False
20831486,unavailable,pubget,,False
20831487,unavailable,pubget,,False
20831500,unavailable,pubget,,False
20832181,unavailable,pubget,,False
20832185,unavailable,pubget,,False
20832254,unavailable,pubget,,False
20832860,unavailable,pubget,,False
20838995,unavailable,pubget,,False
20840527,unavailable,pubget,,False
20843611,unavailable,pubget,,False
20843837,unavailable,pubget,,False
20845228,unavailable,pubget,,False
20847160,unavailable,pubget,,False
20848253,unavailable,pubget,,False
20850136,unavailable,pubget,,False
20850507,unavailable,pubget,,False
20850555,unavailable,pubget,,True
20855051,unavailable,pubget,,False
20855118,unavailable,pubget,,False
20855680,unavailable,pubget,,False
20855820,unavailable,pubget,,False
20856153,unavailable,pubget,,False
20856206,unavailable,pubget,,False
20859746,unavailable,pubget,,False
20860865,unavailable,pubget,,False
20861778,unavailable,pubget,,False
20864273,unavailable,pubget,,False
20865022,unavailable,pubget,,False
20865539,unavailable,pubget,,False
20869375,unavailable,pubget,,False
20871425,unavailable,pubget,,False
20872043,unavailable,pubget,,False
20875635,unavailable,pubget,,False
20878127,unavailable,pubget,,False
20878206,unavailable,pubget,,False
20879263,unavailable,pubget,,False
20880670,unavailable,pubget,,True
20881565,unavailable,pubget,,False
20882581,unavailable,pubget,,False
20884067,unavailable,pubget,,False
20884128,unavailable,pubget,,False
20884824,unavailable,pubget,,False
20885295,unavailable,pubget,,False
20888104,unavailable,pubget,,False
20890225,unavailable,pubget,,False
20920489,unavailable,pubget,,True
20921510,unavailable,pubget,,False
20926784,unavailable,pubget,,False
20927320,unavailable,pubget,,False
20927781,unavailable,pubget,,False
20929295,unavailable,pubget,,False
20932912,unavailable,pubget,,True
20933098,unavailable,pubget,,False
20933343,unavailable,pubget,,False
20933374,unavailable,pubget,,True
20933530,unavailable,pubget,,False
20934275,unavailable,pubget,,False
20936307,unavailable,pubget,,False
20936457,unavailable,pubget,,False
20950795,unavailable,pubget,,False
20950938,unavailable,pubget,,False
20951451,unavailable,pubget,,False
20951824,unavailable,pubget,,False
20952337,unavailable,pubget,,False
20952506,unavailable,pubget,,False
20955801,unavailable,pubget,,True
20956108,unavailable,pubget,,False
20956469,unavailable,pubget,,False
20961662,unavailable,pubget,,False
20962365,unavailable,pubget,,False
20965254,unavailable,pubget,,False
20971575,unavailable,pubget,,False
20974268,unavailable,pubget,,False
20974688,unavailable,pubget,,False
20979690,unavailable,pubget,,False
21028957,unavailable,pubget,,False
21030160,unavailable,pubget,,False
21030800,unavailable,pubget,,False
21034922,unavailable,pubget,,False
21035917,unavailable,pubget,,False
21037021,unavailable,pubget,,False
21040792,unavailable,pubget,,False
21044687,unavailable,pubget,,False
21045492,unavailable,pubget,,False
21047537,unavailable,pubget,,False
21051038,unavailable,pubget,,False
21051105,unavailable,pubget,,False
21051671,unavailable,pubget,,False
2105252,unavailable,pubget,,False
21052776,unavailable,pubget,,False
21053763,unavailable,pubget,,False
21054421,unavailable,pubget,,False
21055622,unavailable,pubget,,False
21055874,unavailable,pubget,,False
21056087,unavailable,pubget,,False
21059348,unavailable,pubget,,False
21060015,unavailable,pubget,,False
21060232,unavailable,pubget,,False
21061903,unavailable,pubget,,False
21066974,unavailable,pubget,,False
21067898,unavailable,pubget,,True
21071153,unavailable,pubget,,False
21073483,unavailable,pubget,,False
21073962,unavailable,pubget,,True
21073986,unavailable,pubget,,False
21075218,unavailable,pubget,,False
21075551,unavailable,pubget,,False
21076089,unavailable,pubget,,False
21076827,unavailable,pubget,,False
21078303,unavailable,pubget,,False
21081171,unavailable,pubget,,True
21087362,unavailable,pubget,,False
21092356,unavailable,pubget,,False
21093173,unavailable,pubget,,False
21093773,unavailable,pubget,,False
21094572,unavailable,pubget,,False
21095072,unavailable,pubget,,False
21095229,unavailable,pubget,,True
21103933,unavailable,pubget,,False
21106615,unavailable,pubget,,False
21107204,unavailable,pubget,,False
21107673,unavailable,pubget,,False
21109008,unavailable,pubget,,False
21109410,unavailable,pubget,,False
21111830,unavailable,pubget,,True
21114433,unavailable,pubget,,False
21115744,unavailable,pubget,,False
21119255,unavailable,pubget,,False
21121906,unavailable,pubget,,False
21123574,unavailable,pubget,,False
21126156,unavailable,pubget,,False
21126590,unavailable,pubget,,False
21126990,unavailable,pubget,,False
21130531,unavailable,pubget,,True
21139253,unavailable,pubget,,False
21144713,unavailable,pubget,,False
21144734,unavailable,pubget,,False
21147230,unavailable,pubget,,True
21149486,unavailable,pubget,,False
21149494,unavailable,pubget,,False
21150056,unavailable,pubget,,False
21152693,unavailable,pubget,,False
21153408,unavailable,pubget,,False
21156660,unavailable,pubget,,False
21161213,unavailable,pubget,,False
21163584,unavailable,pubget,,False
21165537,unavailable,pubget,,False
21166605,unavailable,pubget,,False
21167595,unavailable,pubget,,False
21168122,unavailable,pubget,,True
21168512,unavailable,pubget,,True
21171897,unavailable,pubget,,False
21172363,unavailable,pubget,,True
21175614,unavailable,pubget,,False
21176034,unavailable,pubget,,False
21177325,unavailable,pubget,,False
21182447,unavailable,pubget,,False
21182968,unavailable,pubget,,True
21183158,unavailable,pubget,,True
21183292,unavailable,pubget,,False
21183749,unavailable,pubget,,False
21190051,unavailable,pubget,,False
21190335,unavailable,pubget,,False
21192986,unavailable,pubget,,False
21195187,unavailable,pubget,,True
21195194,unavailable,pubget,,True
21196078,unavailable,pubget,,False
21204764,unavailable,pubget,,False
21206465,unavailable,pubget,,False
21207521,unavailable,pubget,,False
21252551,unavailable,pubget,,False
21302774,unavailable,pubget,,False
21330972,unavailable,pubget,,False
21348383,unavailable,pubget,,False
2135218,unavailable,pubget,,False
21492781,unavailable,pubget,,False
21495114,unavailable,pubget,,False
21495220,unavailable,pubget,,False
2154829,unavailable,pubget,,False
21576814,unavailable,pubget,,False
2158382,unavailable,pubget,,False
21676094,unavailable,pubget,,False
2174000,unavailable,pubget,,False
2176356,unavailable,pubget,,False
21887888,unavailable,pubget,,True
2193641,unavailable,pubget,,False
22078296,unavailable,pubget,,False
2213173,unavailable,pubget,,False
2218593,unavailable,pubget,,False
2227124,unavailable,pubget,,False
2227765,unavailable,pubget,,False
2234371,unavailable,pubget,,False
2237897,unavailable,pubget,,False
2243521,unavailable,pubget,,False
2261723,unavailable,pubget,,False
22640382,unavailable,pubget,,False
2273209,unavailable,pubget,,False
2274120,unavailable,pubget,,False
2274143,unavailable,pubget,,False
2300245,unavailable,pubget,,False
2302877,unavailable,pubget,,False
2303872,unavailable,pubget,,False
2307846,unavailable,pubget,,False
2308878,unavailable,pubget,,False
2311018,unavailable,pubget,,False
2317968,unavailable,pubget,,False
2323169,unavailable,pubget,,False
2331380,unavailable,pubget,,False
2333824,unavailable,pubget,,False
2340697,unavailable,pubget,,False
2344264,unavailable,pubget,,False
2346926,unavailable,pubget,,False
2348735,unavailable,pubget,,False
2364269,unavailable,pubget,,False
2366075,unavailable,pubget,,False
2369311,unavailable,pubget,,False
2380904,unavailable,pubget,,False
2382025,unavailable,pubget,,False
2385339,unavailable,pubget,,False
2397049,unavailable,pubget,,False
2400544,unavailable,pubget,,False
2402684,unavailable,pubget,,False
7472554,unavailable,pubget,,False
7477814,unavailable,pubget,,True
7479176,unavailable,pubget,,False
7502722,unavailable,pubget,,False
7502728,unavailable,pubget,,False
7505818,unavailable,pubget,,False
7507044,unavailable,pubget,,False
7509765,unavailable,pubget,,False
7535979,unavailable,pubget,,False
7537597,unavailable,pubget,,False
7551606,unavailable,pubget,,False
7552831,unavailable,pubget,,False
7558809,unavailable,pubget,,False
7561924,unavailable,pubget,,False
7572037,unavailable,pubget,,False
7583723,unavailable,pubget,,False
7585071,unavailable,pubget,,False
7588866,unavailable,pubget,,False
7591904,unavailable,pubget,,False
7610146,unavailable,pubget,,False
7617203,unavailable,pubget,,False
7624108,unavailable,pubget,,False
7624625,unavailable,pubget,,False
7624828,unavailable,pubget,,False
7625369,unavailable,pubget,,False
7629253,unavailable,pubget,,False
7634710,unavailable,pubget,,False
7641752,unavailable,pubget,,False
7642420,unavailable,pubget,,False
7656519,unavailable,pubget,,False
7662343,unavailable,pubget,,False
7666223,unavailable,pubget,,False
7668134,unavailable,pubget,,False
7673017,unavailable,pubget,,False
7683125,unavailable,pubget,,False
7701277,unavailable,pubget,,False
7704675,unavailable,pubget,,False
7708167,unavailable,pubget,,False
7709421,unavailable,pubget,,False
7711879,unavailable,pubget,,False
7712622,unavailable,pubget,,False
7717616,unavailable,pubget,,False
7724132,unavailable,pubget,,False
7730730,unavailable,pubget,,False
7734554,unavailable,pubget,,False
7738839,unavailable,pubget,,False
7741622,unavailable,pubget,,False
7749433,unavailable,pubget,,False
7753352,unavailable,pubget,,False
7759195,unavailable,pubget,,False
7760185,unavailable,pubget,,False
7760666,unavailable,pubget,,False
7776650,unavailable,pubget,,False
7778851,unavailable,pubget,,False
7779126,unavailable,pubget,,False
7782850,unavailable,pubget,,False
7785419,unavailable,pubget,,False
7786906,unavailable,pubget,,False
7800437,unavailable,pubget,,False
7810493,unavailable,pubget,,False
7811408,unavailable,pubget,,False
7813413,unavailable,pubget,,False
7822728,unavailable,pubget,,False
7831459,unavailable,pubget,,False
7835442,unavailable,pubget,,False
7846600,unavailable,pubget,,False
7847126,unavailable,pubget,,False
7855346,unavailable,pubget,,False
7861158,unavailable,pubget,,False
7861223,unavailable,pubget,,False
7861236,unavailable,pubget,,False
7873115,unavailable,pubget,,False
7885548,unavailable,pubget,,False
7889697,unavailable,pubget,,False
7902754,unavailable,pubget,,False
7903004,unavailable,pubget,,False
7904850,unavailable,pubget,,False
7912611,unavailable,pubget,,False
7917200,unavailable,pubget,,False
7922837,unavailable,pubget,,False
7923044,unavailable,pubget,,False
7928498,unavailable,pubget,,False
7931375,unavailable,pubget,,False
7938770,unavailable,pubget,,False
7939831,unavailable,pubget,,False
7943514,unavailable,pubget,,False
7943611,unavailable,pubget,,False
7955426,unavailable,pubget,,False
7960617,unavailable,pubget,,False
7969826,unavailable,pubget,,False
7976223,unavailable,pubget,,False
7976623,unavailable,pubget,,False
7977887,unavailable,pubget,,False
7981807,unavailable,pubget,,False
7989385,unavailable,pubget,,False
7995302,unavailable,pubget,,False
8008172,unavailable,pubget,,False
8011674,unavailable,pubget,,False
8026017,unavailable,pubget,,False
8044965,unavailable,pubget,,False
8047629,unavailable,pubget,,False
8052379,unavailable,pubget,,False
8053663,unavailable,pubget,,False
8057761,unavailable,pubget,,False
8077265,unavailable,pubget,,False
8081339,unavailable,pubget,,False
8082674,unavailable,pubget,,False
8083145,unavailable,pubget,,False
8123244,unavailable,pubget,,False
8129641,unavailable,pubget,,False
8145170,unavailable,pubget,,False
8165504,unavailable,pubget,,False
8166374,unavailable,pubget,,False
8169517,unavailable,pubget,,False
8169625,unavailable,pubget,,False
8175410,unavailable,pubget,,False
8180245,unavailable,pubget,,False
8183760,unavailable,pubget,,False
8184113,unavailable,pubget,,False
8186537,unavailable,pubget,,False
8202966,unavailable,pubget,,False
8208404,unavailable,pubget,,False
8210233,unavailable,pubget,,False
8211331,unavailable,pubget,,False
8227572,unavailable,pubget,,False
8228610,unavailable,pubget,,False
8230373,unavailable,pubget,,False
8232355,unavailable,pubget,,False
8232848,unavailable,pubget,,True
8232891,unavailable,pubget,,False
8238641,unavailable,pubget,,False
8248822,unavailable,pubget,,False
8248994,unavailable,pubget,,False
8251994,unavailable,pubget,,False
8252428,unavailable,pubget,,False
8255083,unavailable,pubget,,False
8257137,unavailable,pubget,,False
8265632,unavailable,pubget,,False
8266361,unavailable,pubget,,False
8276658,unavailable,pubget,,False
8280364,unavailable,pubget,,False
8283556,unavailable,pubget,,False
8290696,unavailable,pubget,,False
8305128,unavailable,pubget,,False
8307831,unavailable,pubget,,False
8317948,unavailable,pubget,,False
8318176,unavailable,pubget,,False
8319239,unavailable,pubget,,False
8330872,unavailable,pubget,,False
8339230,unavailable,pubget,,False
8340793,unavailable,pubget,,False
8341413,unavailable,pubget,,False
8346766,unavailable,pubget,,False
8352667,unavailable,pubget,,False
8355848,unavailable,pubget,,False
8363443,unavailable,pubget,,False
8367047,unavailable,pubget,,False
8367048,unavailable,pubget,,False
8370913,unavailable,pubget,,False
8388948,unavailable,pubget,,False
8389668,unavailable,pubget,,False
8391172,unavailable,pubget,,False
8392285,unavailable,pubget,,False
8394886,unavailable,pubget,,False
8396465,unavailable,pubget,,False
8397568,unavailable,pubget,,False
8413955,unavailable,pubget,,False
8416363,unavailable,pubget,,False
8418251,unavailable,pubget,,False
8420528,unavailable,pubget,,False
8424477,unavailable,pubget,,False
8425726,unavailable,pubget,,False
8437023,unavailable,pubget,,False
8459914,unavailable,pubget,,False
8462576,unavailable,pubget,,False
8472665,unavailable,pubget,,False
8479985,unavailable,pubget,,False
8488956,unavailable,pubget,,False
8491431,unavailable,pubget,,False
8515757,unavailable,pubget,,False
8524452,unavailable,pubget,,True
8531941,unavailable,pubget,,False
8532746,unavailable,pubget,,False
8536480,unavailable,pubget,,False
8540274,unavailable,pubget,,False
8541254,unavailable,pubget,,True
8543979,unavailable,pubget,,False
8550751,unavailable,pubget,,False
8559288,unavailable,pubget,,False
8570254,unavailable,pubget,,False
8574634,unavailable,pubget,,False
8579180,unavailable,pubget,,False
8579768,unavailable,pubget,,False
8584469,unavailable,pubget,,False
8586103,unavailable,pubget,,False
8593911,unavailable,pubget,,False
8595478,unavailable,pubget,,False
8607061,unavailable,pubget,,False
8608501,unavailable,pubget,,False
8609561,unavailable,pubget,,False
8613838,unavailable,pubget,,False
8618675,unavailable,pubget,,False
8619523,unavailable,pubget,,False
8637437,unavailable,pubget,,True
8639130,unavailable,pubget,,False
8641154,unavailable,pubget,,False
8643754,unavailable,pubget,,False
8645441,unavailable,pubget,,False
8645628,unavailable,pubget,,False
8646212,unavailable,pubget,,False
8647037,unavailable,pubget,,False
8648535,unavailable,pubget,,False
8654459,unavailable,pubget,,False
8656666,unavailable,pubget,,False
8657427,unavailable,pubget,,False
8657528,unavailable,pubget,,False
8664023,unavailable,pubget,,False
8673511,unavailable,pubget,,False
8689178,unavailable,pubget,,False
8689819,unavailable,pubget,,False
8692380,unavailable,pubget,,False
8719784,unavailable,pubget,,False
8722991,unavailable,pubget,,False
8724743,unavailable,pubget,,False
8726444,unavailable,pubget,,False
8736565,unavailable,pubget,,True
8748820,unavailable,pubget,,False
8748823,unavailable,pubget,,False
8750329,unavailable,pubget,,False
8751292,unavailable,pubget,,False
8751410,unavailable,pubget,,False
8753686,unavailable,pubget,,False
8755975,unavailable,pubget,,False
8755976,unavailable,pubget,,False
8758953,unavailable,pubget,,False
8767834,unavailable,pubget,,False
8772496,unavailable,pubget,,False
8775111,unavailable,pubget,,False
8780549,unavailable,pubget,,False
8783220,unavailable,pubget,,True
8783647,unavailable,pubget,,False
8797948,unavailable,pubget,,False
8800448,unavailable,pubget,,False
8805056,unavailable,pubget,,False
8805161,unavailable,pubget,,False
8808235,unavailable,pubget,,False
8811992,unavailable,pubget,,False
8813287,unavailable,pubget,,False
8814153,unavailable,pubget,,False
8817781,unavailable,pubget,,False
8819805,unavailable,pubget,,False
8820361,unavailable,pubget,,False
8831435,unavailable,pubget,,False
8837815,unavailable,pubget,,False
8841716,unavailable,pubget,,False
8849503,unavailable,pubget,,False
8851589,unavailable,pubget,,False
8864300,unavailable,pubget,,True
8866435,unavailable,pubget,,False
8869059,unavailable,pubget,,False
8869061,unavailable,pubget,,False
8869157,unavailable,pubget,,False
8871589,unavailable,pubget,,False
8883726,unavailable,pubget,,False
8886783,unavailable,pubget,,False
8892197,unavailable,pubget,,False
8892449,unavailable,pubget,,False
8898346,unavailable,pubget,,False
8904746,unavailable,pubget,,True
8909431,unavailable,pubget,,False
8912377,unavailable,pubget,,False
8918874,unavailable,pubget,,False
8920222,unavailable,pubget,,False
8929177,unavailable,pubget,,False
8937850,unavailable,pubget,,False
8938509,unavailable,pubget,,False
8943061,unavailable,pubget,,False
8947325,unavailable,pubget,,False
8956848,unavailable,pubget,,False
8960062,unavailable,pubget,,False
8965185,unavailable,pubget,,False
8966295,unavailable,pubget,,False
8970522,unavailable,pubget,,False
8971856,unavailable,pubget,,False
8977792,unavailable,pubget,,False
8977870,unavailable,pubget,,False
8985031,unavailable,pubget,,False
8986148,unavailable,pubget,,False
8986328,unavailable,pubget,,False
8987760,unavailable,pubget,,False
8988096,unavailable,pubget,,False
8988793,unavailable,pubget,,True
8988991,unavailable,pubget,,False
8989012,unavailable,pubget,,False
8996913,unavailable,pubget,,False
9000396,unavailable,pubget,,False
9003987,unavailable,pubget,,False
9009991,unavailable,pubget,,False
9010401,unavailable,pubget,,False
9022212,unavailable,pubget,,False
9022581,unavailable,pubget,,False
9024661,unavailable,pubget,,False
9032860,unavailable,pubget,,False
9038281,unavailable,pubget,,False
9038284,unavailable,pubget,,True
9046073,unavailable,pubget,,False
9054894,unavailable,pubget,,False
9055518,unavailable,pubget,,False
9059869,unavailable,pubget,,False
9061527,unavailable,pubget,,False
9065319,unavailable,pubget,,False
9065644,unavailable,pubget,,False
9065901,unavailable,pubget,,False
9069321,unavailable,pubget,,False
9070990,unavailable,pubget,,False
9074537,unavailable,pubget,,False
9075296,unavailable,pubget,,False
9079436,unavailable,pubget,,False
9079444,unavailable,pubget,,False
9079445,unavailable,pubget,,False
9084621,unavailable,pubget,,False
9088016,unavailable,pubget,,False
9088651,unavailable,pubget,,False
9090765,unavailable,pubget,,False
9106270,unavailable,pubget,,True
9106283,unavailable,pubget,,True
9109737,unavailable,pubget,,False
9112468,unavailable,pubget,,False
9117156,unavailable,pubget,,False
9117937,unavailable,pubget,,False
9125395,unavailable,pubget,,False
9126936,unavailable,pubget,,False
9127810,unavailable,pubget,,False
9128958,unavailable,pubget,,False
9145138,unavailable,pubget,,False
9149174,unavailable,pubget,,False
9149251,unavailable,pubget,,False
9149253,unavailable,pubget,,False
9149256,unavailable,pubget,,False
9149264,unavailable,pubget,,False
9151232,unavailable,pubget,,False
9151233,unavailable,pubget,,False
9154081,unavailable,pubget,,False
9156004,unavailable,pubget,,False
9160341,unavailable,pubget,,False
9161704,unavailable,pubget,,False
9169538,unavailable,pubget,,False
9174681,unavailable,pubget,,False
9176495,unavailable,pubget,,False
9177767,unavailable,pubget,,False
9179809,unavailable,pubget,,False
9179892,unavailable,pubget,,False
9186208,unavailable,pubget,,False
9186256,unavailable,pubget,,False
9193168,unavailable,pubget,,False
9193207,unavailable,pubget,,False
9202564,unavailable,pubget,,False
9217036,unavailable,pubget,,False
9219961,unavailable,pubget,,False
9226669,unavailable,pubget,,False
9230639,unavailable,pubget,,False
9232276,unavailable,pubget,,False
9240976,unavailable,pubget,,False
9241655,unavailable,pubget,,False
9243458,unavailable,pubget,,False
9243968,unavailable,pubget,,False
9255158,unavailable,pubget,,False
9256889,unavailable,pubget,,False
9257300,unavailable,pubget,,False
9261341,unavailable,pubget,,False
9262129,unavailable,pubget,,False
9268812,unavailable,pubget,,False
9269644,unavailable,pubget,,False
9273862,unavailable,pubget,,False
9278624,unavailable,pubget,,False
9284280,unavailable,pubget,,False
9288200,unavailable,pubget,,False
9290714,unavailable,pubget,,False
9291023,unavailable,pubget,,False
9295118,unavailable,pubget,,False
9299382,unavailable,pubget,,True
9303055,unavailable,pubget,,False
9307471,unavailable,pubget,,False
9313640,unavailable,pubget,,False
9316044,unavailable,pubget,,False
9322207,unavailable,pubget,,True
9327499,unavailable,pubget,,False
9330181,unavailable,pubget,,False
9331204,unavailable,pubget,,False
9339674,unavailable,pubget,,False
9342227,unavailable,pubget,,False
9343594,unavailable,pubget,,True
9343598,unavailable,pubget,,True
9343606,unavailable,pubget,,False
9343611,unavailable,pubget,,True
9345478,unavailable,pubget,,True
9345536,unavailable,pubget,,False
9345543,unavailable,pubget,,True
9347130,unavailable,pubget,,False
9347483,unavailable,pubget,,True
9349763,unavailable,pubget,,False
9371865,unavailable,pubget,,False
9372504,unavailable,pubget,,False
9372556,unavailable,pubget,,False
9373798,unavailable,pubget,,False
9374349,unavailable,pubget,,False
9391601,unavailable,pubget,,False
9393187,unavailable,pubget,,False
9396944,unavailable,pubget,,False
9401656,unavailable,pubget,,False
9402583,unavailable,pubget,,False
9406703,unavailable,pubget,,False
9409022,unavailable,pubget,,False
9421650,unavailable,pubget,,False
9422577,unavailable,pubget,,False
9427367,unavailable,pubget,,False
9439081,unavailable,pubget,,False
9444492,unavailable,pubget,,False
9445180,unavailable,pubget,,False
9448373,unavailable,pubget,,False
9448576,unavailable,pubget,,False
9451716,unavailable,pubget,,False
9460738,unavailable,pubget,,False
9464207,unavailable,pubget,,False
9467164,unavailable,pubget,,False
9469535,unavailable,pubget,,False
9473263,unavailable,pubget,,False
9478894,unavailable,pubget,,True
9481487,unavailable,pubget,,False
9482194,unavailable,pubget,,False
9499065,unavailable,pubget,,False
9500290,unavailable,pubget,,False
9508114,unavailable,pubget,,False
9508116,unavailable,pubget,,False
9510128,unavailable,pubget,,False
9510382,unavailable,pubget,,False
9510387,unavailable,pubget,,False
9516662,unavailable,pubget,,False
9531128,unavailable,pubget,,False
9532428,unavailable,pubget,,False
9539346,unavailable,pubget,,False
9542894,unavailable,pubget,,False
9544678,unavailable,pubget,,False
9546277,unavailable,pubget,,False
9547755,unavailable,pubget,,False
9549600,unavailable,pubget,,False
9556245,unavailable,pubget,,False
9558642,unavailable,pubget,,True
9565961,unavailable,pubget,,False
9566510,unavailable,pubget,,False
9575420,unavailable,pubget,,False
9576298,unavailable,pubget,,False
9578527,unavailable,pubget,,False
9581250,unavailable,pubget,,False
9584871,unavailable,pubget,,False
9588918,unavailable,pubget,,False
9611027,unavailable,pubget,,False
9613489,unavailable,pubget,,False
9613562,unavailable,pubget,,False
9616140,unavailable,pubget,,False
9620057,unavailable,pubget,,False
9626670,unavailable,pubget,,True
9626713,unavailable,pubget,,False
9627330,unavailable,pubget,,False
9631364,unavailable,pubget,,False
9633734,unavailable,pubget,,False
9635711,unavailable,pubget,,False
9635712,unavailable,pubget,,False
9637118,unavailable,pubget,,False
9637209,unavailable,pubget,,False
9638258,unavailable,pubget,,False
9639642,unavailable,pubget,,False
9644640,unavailable,pubget,,False
9650427,unavailable,pubget,,False
9651460,unavailable,pubget,,False
9655307,unavailable,pubget,,False
9660209,unavailable,pubget,,False
9661972,unavailable,pubget,,False
9662596,unavailable,pubget,,False
9669104,unavailable,pubget,,True
9669410,unavailable,pubget,,False
9674793,unavailable,pubget,,False
9681891,unavailable,pubget,,False
9684507,unavailable,pubget,,False
9687405,unavailable,pubget,,False
9699076,unavailable,pubget,,False
9703164,unavailable,pubget,,False
9703166,unavailable,pubget,,False
9712014,unavailable,pubget,,False
9714383,unavailable,pubget,,False
9716189,unavailable,pubget,,False
9716381,unavailable,pubget,,False
9718243,unavailable,pubget,,False
9719107,unavailable,pubget,,False
9728241,unavailable,pubget,,False
9733289,unavailable,pubget,,False
9740361,unavailable,pubget,,False
9741789,unavailable,pubget,,False
9747918,unavailable,pubget,,False
9753190,unavailable,pubget,,True
9756203,unavailable,pubget,,False
9757158,unavailable,pubget,,False
9758739,unavailable,pubget,,True
9762749,unavailable,pubget,,False
9762962,unavailable,pubget,,False
9768946,unavailable,pubget,,False
9771784,unavailable,pubget,,False
9776283,unavailable,pubget,,False
9776463,unavailable,pubget,,False
9778192,unavailable,pubget,,False
9780898,unavailable,pubget,,False
9783789,unavailable,pubget,,False
9784958,unavailable,pubget,,False
9792936,unavailable,pubget,,False
9794011,unavailable,pubget,,False
9800424,unavailable,pubget,,False
9800700,unavailable,pubget,,False
9802185,unavailable,pubget,,False
9816211,unavailable,pubget,,False
9817416,unavailable,pubget,,False
9818930,unavailable,pubget,,False
9827776,unavailable,pubget,,False
9829576,unavailable,pubget,,False
9838166,unavailable,pubget,,True
9838207,unavailable,pubget,,True
9842864,unavailable,pubget,,False
9843265,unavailable,pubget,,False
9848589,unavailable,pubget,,False
9858274,unavailable,pubget,,False
9860065,unavailable,pubget,,False
9861465,unavailable,pubget,,True
9862553,unavailable,pubget,,False
9863686,unavailable,pubget,,True
9867585,unavailable,pubget,,False
9874291,unavailable,pubget,,False
9881639,unavailable,pubget,,False
9884490,unavailable,pubget,,False
9885802,unavailable,pubget,,False
9917041,unavailable,pubget,,False
9918736,unavailable,pubget,,True
9921858,unavailable,pubget,,False
9925345,unavailable,pubget,,False
9927550,unavailable,pubget,,True
9932184,unavailable,pubget,,False
9932258,unavailable,pubget,,False
9932634,unavailable,pubget,,False
9933662,unavailable,pubget,,False
9933792,unavailable,pubget,,False
9950716,unavailable,pubget,,False
9950718,unavailable,pubget,,False
9951815,unavailable,pubget,,False
9990848,unavailable,pubget,,False
