pmid,type,source,full_text_path,in_included_set
10022494,unavailable,pubget,,True
10025564,unavailable,pubget,,True
10025606,unavailable,pubget,,True
10029886,unavailable,pubget,,True
10030646,unavailable,pubget,,True
10071049,unavailable,pubget,,True
10075897,unavailable,pubget,,True
10075901,unavailable,pubget,,True
10078731,unavailable,pubget,,True
10079313,unavailable,pubget,,True
10080553,unavailable,pubget,,True
10093075,unavailable,pubget,,True
10094234,unavailable,pubget,,True
10096413,unavailable,pubget,,True
10096415,unavailable,pubget,,True
10096417,unavailable,pubget,,True
10097992,unavailable,pubget,,True
10100786,unavailable,pubget,,True
10102821,unavailable,pubget,,True
10190133,unavailable,pubget,,True
10191173,unavailable,pubget,,True
10191322,unavailable,pubget,,True
10194620,unavailable,pubget,,True
10195166,unavailable,pubget,,True
10197540,unavailable,pubget,,True
10199643,unavailable,pubget,,True
10199937,unavailable,pubget,,True
10199941,unavailable,pubget,,True
10202567,unavailable,pubget,,True
10202577,unavailable,pubget,,True
10211477,unavailable,pubget,,True
10211793,unavailable,pubget,,True
10211810,unavailable,pubget,,True
10212312,unavailable,pubget,,True
10215835,unavailable,pubget,,True
10218879,unavailable,pubget,,True
10218904,unavailable,pubget,,True
10227364,unavailable,pubget,,True
10229724,unavailable,pubget,,True
10230712,unavailable,pubget,,True
10231845,unavailable,pubget,,True
10232807,unavailable,pubget,,True
10232817,unavailable,pubget,,True
10320212,unavailable,pubget,,True
10321493,unavailable,pubget,,True
10322474,unavailable,pubget,,True
10329287,unavailable,pubget,,True
10329288,unavailable,pubget,,True
10332889,unavailable,pubget,,True
10334900,unavailable,pubget,,True
10348320,unavailable,pubget,,True
10348952,unavailable,pubget,,True
10349294,unavailable,pubget,,True
10353369,unavailable,pubget,,True
10354573,unavailable,pubget,,True
10355906,unavailable,pubget,,True
10360121,unavailable,pubget,,True
10363454,unavailable,pubget,,True
10363956,unavailable,pubget,,True
10368412,unavailable,pubget,,True
10371535,unavailable,pubget,,True
10371623,unavailable,pubget,,True
10380826,unavailable,pubget,,True
10380965,unavailable,pubget,,True
10382627,unavailable,pubget,,True
10384334,unavailable,pubget,,True
10385580,unavailable,pubget,,True
10389090,unavailable,pubget,,True
10389670,unavailable,pubget,,True
10398954,unavailable,pubget,,True
10398975,unavailable,pubget,,True
10400241,unavailable,pubget,,True
10402587,unavailable,pubget,,True
10407059,unavailable,pubget,,True
10408770,unavailable,pubget,,True
10409170,unavailable,pubget,,True
10416801,unavailable,pubget,,True
10417248,unavailable,pubget,,True
10417252,unavailable,pubget,,True
10417253,unavailable,pubget,,True
10424411,unavailable,pubget,,True
10424675,unavailable,pubget,,True
10426417,unavailable,pubget,,True
10432178,unavailable,pubget,,True
10432180,unavailable,pubget,,True
10439584,unavailable,pubget,,True
10440954,unavailable,pubget,,True
10441018,unavailable,pubget,,True
10448221,unavailable,pubget,,True
10450259,unavailable,pubget,,True
10454151,unavailable,pubget,,True
10458314,unavailable,pubget,,True
10467308,unavailable,pubget,,True
10468363,unavailable,pubget,,True
10468516,unavailable,pubget,,True
10471844,unavailable,pubget,,True
10471848,unavailable,pubget,,True
10473328,unavailable,pubget,,True
10478645,unavailable,pubget,,True
10480664,unavailable,pubget,,True
10482241,unavailable,pubget,,True
10482257,unavailable,pubget,,True
10482272,unavailable,pubget,,True
10482384,unavailable,pubget,,True
10484818,unavailable,pubget,,True
10486407,unavailable,pubget,,True
10489259,unavailable,pubget,,True
10493894,unavailable,pubget,,True
10493901,unavailable,pubget,,True
10493903,unavailable,pubget,,True
10495195,unavailable,pubget,,True
10498441,unavailable,pubget,,True
10499047,unavailable,pubget,,True
10501056,unavailable,pubget,,True
10501577,unavailable,pubget,,True
10501801,unavailable,pubget,,True
10501805,unavailable,pubget,,True
10505872,unavailable,pubget,,True
10506097,unavailable,pubget,,True
10510193,unavailable,pubget,,True
10511640,unavailable,pubget,,True
10515463,unavailable,pubget,,True
10518175,unavailable,pubget,,True
10523407,unavailable,pubget,,True
10524597,unavailable,pubget,,True
10524603,unavailable,pubget,,True
10525759,unavailable,pubget,,True
10531451,unavailable,pubget,,True
10533451,unavailable,pubget,,True
10534252,unavailable,pubget,,True
10543677,unavailable,pubget,,True
10545400,unavailable,pubget,,True
10547329,unavailable,pubget,,True
10547332,unavailable,pubget,,True
10547986,unavailable,pubget,,True
10552083,unavailable,pubget,,True
10552242,unavailable,pubget,,True
10554992,unavailable,pubget,,True
10556091,unavailable,pubget,,True
10556597,unavailable,pubget,,True
10561425,unavailable,pubget,,True
10564377,unavailable,pubget,,True
10571933,unavailable,pubget,,True
10572321,unavailable,pubget,,True
10583491,unavailable,pubget,,True
10584833,unavailable,pubget,,True
10586971,unavailable,pubget,,True
10591898,unavailable,pubget,,True
10595474,unavailable,pubget,,True
10597072,unavailable,pubget,,True
10601000,unavailable,pubget,,True
10601743,unavailable,pubget,,True
10601744,unavailable,pubget,,True
10608584,unavailable,pubget,,True
10609991,unavailable,pubget,,True
10611121,unavailable,pubget,,True
10616631,unavailable,pubget,,True
10619411,unavailable,pubget,,True
10627804,unavailable,pubget,,True
10634893,unavailable,pubget,,True
10636145,unavailable,pubget,,True
10637814,unavailable,pubget,,True
10639399,unavailable,pubget,,True
10641756,unavailable,pubget,,True
10642730,unavailable,pubget,,True
10643727,unavailable,pubget,,True
10648446,unavailable,pubget,,True
10649518,unavailable,pubget,,True
10653025,unavailable,pubget,,True
10654141,unavailable,pubget,,True
10660644,unavailable,pubget,,True
10661767,unavailable,pubget,,True
10667669,unavailable,pubget,,True
10667672,unavailable,pubget,,True
10668052,unavailable,pubget,,True
10669519,unavailable,pubget,,True
10671402,unavailable,pubget,,True
10673991,unavailable,pubget,,True
10674479,unavailable,pubget,,True
10679185,unavailable,pubget,,True
10683393,unavailable,pubget,,True
10683395,unavailable,pubget,,True
10686114,unavailable,pubget,,True
10688157,unavailable,pubget,,True
10688201,unavailable,pubget,,True
10689044,unavailable,pubget,,True
10690999,unavailable,pubget,,True
10694210,unavailable,pubget,,True
10694462,unavailable,pubget,,True
10694463,unavailable,pubget,,True
10694465,unavailable,pubget,,True
10695532,unavailable,pubget,,True
10698062,unavailable,pubget,,True
10700026,unavailable,pubget,,True
10700262,unavailable,pubget,,True
10710159,unavailable,pubget,,True
10716869,unavailable,pubget,,True
10720291,unavailable,pubget,,True
10724112,unavailable,pubget,,True
10725185,unavailable,pubget,,True
10728897,unavailable,pubget,,True
10731771,unavailable,pubget,,True
10734010,unavailable,pubget,,True
10739689,unavailable,pubget,,True
10741278,unavailable,pubget,,True
10746605,unavailable,pubget,,True
10746606,unavailable,pubget,,True
10750188,unavailable,pubget,,True
10753488,unavailable,pubget,,True
10753975,unavailable,pubget,,True
10762158,unavailable,pubget,,True
10762504,unavailable,pubget,,True
10768170,unavailable,pubget,,True
10768578,unavailable,pubget,,True
10768619,unavailable,pubget,,True
10768694,unavailable,pubget,,True
10769306,unavailable,pubget,,True
10769310,unavailable,pubget,,True
10769311,unavailable,pubget,,True
10769313,unavailable,pubget,,True
10769314,unavailable,pubget,,True
10769315,unavailable,pubget,,True
10769317,unavailable,pubget,,True
10771410,unavailable,pubget,,True
10771411,unavailable,pubget,,True
10771412,unavailable,pubget,,True
10771413,unavailable,pubget,,True
10771414,unavailable,pubget,,True
10778952,unavailable,pubget,,True
10781909,unavailable,pubget,,True
10784583,unavailable,pubget,,True
10787760,unavailable,pubget,,True
10788716,unavailable,pubget,,True
10788717,unavailable,pubget,,True
10789305,unavailable,pubget,,True
10792453,unavailable,pubget,,True
10793250,unavailable,pubget,,True
10805113,unavailable,pubget,,True
10805707,unavailable,pubget,,True
10806036,unavailable,pubget,,True
10806037,unavailable,pubget,,True
10808134,unavailable,pubget,,True
10808138,unavailable,pubget,,True
10821997,unavailable,pubget,,True
10828413,unavailable,pubget,,True
10832089,unavailable,pubget,,True
10836642,unavailable,pubget,,True
10838149,unavailable,pubget,,True
10844366,unavailable,pubget,,True
10847602,unavailable,pubget,,True
10848568,unavailable,pubget,,True
10851884,unavailable,pubget,,True
10852226,unavailable,pubget,,True
10852235,unavailable,pubget,,True
10855761,unavailable,pubget,,True
10857663,unavailable,pubget,,True
10860563,unavailable,pubget,,True
10860788,unavailable,pubget,,True
10860791,unavailable,pubget,,True
10860794,unavailable,pubget,,True
10864229,unavailable,pubget,,True
10864231,unavailable,pubget,,True
10864232,unavailable,pubget,,True
10867223,unavailable,pubget,,True
10868326,unavailable,pubget,,True
10869578,unavailable,pubget,,True
10869585,unavailable,pubget,,True
10869586,unavailable,pubget,,True
10875906,unavailable,pubget,,True
10877507,unavailable,pubget,,True
10882281,unavailable,pubget,,True
10883389,unavailable,pubget,,True
10884059,unavailable,pubget,,True
10891648,unavailable,pubget,,True
10900023,unavailable,pubget,,True
10902692,unavailable,pubget,,True
10903207,unavailable,pubget,,True
10903578,unavailable,pubget,,True
10906316,unavailable,pubget,,True
10906317,unavailable,pubget,,True
10908201,unavailable,pubget,,True
10909929,unavailable,pubget,,True
10912589,unavailable,pubget,,True
10913321,unavailable,pubget,,True
10913709,unavailable,pubget,,True
10913710,unavailable,pubget,,True
10923670,unavailable,pubget,,True
10923757,unavailable,pubget,,True
10924219,unavailable,pubget,,True
10928384,unavailable,pubget,,True
10928739,unavailable,pubget,,True
10934267,unavailable,pubget,,True
10934558,unavailable,pubget,,True
10943689,unavailable,pubget,,True
10943717,unavailable,pubget,,True
10943724,unavailable,pubget,,True
10943726,unavailable,pubget,,True
10944414,unavailable,pubget,,True
10944415,unavailable,pubget,,True
10949057,unavailable,pubget,,True
10952494,unavailable,pubget,,True
10957793,unavailable,pubget,,True
10960054,unavailable,pubget,,True
10962147,unavailable,pubget,,True
10964875,unavailable,pubget,,True
10966180,unavailable,pubget,,True
10967356,unavailable,pubget,,True
10971598,unavailable,pubget,,True
10971647,unavailable,pubget,,True
10975903,unavailable,pubget,,True
10976633,unavailable,pubget,,True
10980035,unavailable,pubget,,True
10980036,unavailable,pubget,,True
10988033,unavailable,pubget,,True
10993408,unavailable,pubget,,True
10994855,unavailable,pubget,,True
10997451,unavailable,pubget,,True
10999564,unavailable,pubget,,True
11002350,unavailable,pubget,,True
11002353,unavailable,pubget,,True
11002354,unavailable,pubget,,True
11007519,unavailable,pubget,,True
11007729,unavailable,pubget,,True
11008184,unavailable,pubget,,True
11013379,unavailable,pubget,,True
11014192,unavailable,pubget,,True
11016764,unavailable,pubget,,True
11018487,unavailable,pubget,,True
11020827,unavailable,pubget,,True
11021691,unavailable,pubget,,True
11021695,unavailable,pubget,,True
11027241,unavailable,pubget,,True
11027916,unavailable,pubget,,True
11032590,unavailable,pubget,,True
11034856,unavailable,pubget,,True
11034859,unavailable,pubget,,True
11036292,unavailable,pubget,,True
11039342,unavailable,pubget,,True
11049668,unavailable,pubget,,True
11050647,unavailable,pubget,,True
11053229,unavailable,pubget,,True
11054918,unavailable,pubget,,True
11055257,unavailable,pubget,,True
11055803,unavailable,pubget,,True
11058475,unavailable,pubget,,True
11061337,unavailable,pubget,,True
11062324,unavailable,pubget,,True
11069948,unavailable,pubget,,True
11074084,unavailable,pubget,,True
11077206,unavailable,pubget,,True
11077722,unavailable,pubget,,True
11087770,unavailable,pubget,,True
11090909,unavailable,pubget,,True
11098793,unavailable,pubget,,True
11099706,unavailable,pubget,,True
11099997,unavailable,pubget,,True
11105715,unavailable,pubget,,True
11106116,unavailable,pubget,,True
11108630,unavailable,pubget,,True
11112401,unavailable,pubget,,True
11113035,unavailable,pubget,,True
11113329,unavailable,pubget,,True
11114065,unavailable,pubget,,True
11114214,unavailable,pubget,,True
11117500,unavailable,pubget,,True
11117501,unavailable,pubget,,True
11125237,unavailable,pubget,,True
11133318,unavailable,pubget,,True
11133799,unavailable,pubget,,True
11133926,unavailable,pubget,,True
11134389,unavailable,pubget,,True
11135651,unavailable,pubget,,True
11141984,unavailable,pubget,,True
11145463,unavailable,pubget,,True
11150785,unavailable,pubget,,True
11150934,unavailable,pubget,,True
11160524,unavailable,pubget,,True
11162268,unavailable,pubget,,True
11163257,unavailable,pubget,,True
11163369,unavailable,pubget,,True
11165427,unavailable,pubget,,True
11167046,unavailable,pubget,,True
11170808,unavailable,pubget,,True
11170907,unavailable,pubget,,True
11173879,unavailable,pubget,,True
11173892,unavailable,pubget,,True
11177413,unavailable,pubget,,True
11177419,unavailable,pubget,,True
11179704,unavailable,pubget,,True
11180429,unavailable,pubget,,True
11181868,unavailable,pubget,,True
11192609,unavailable,pubget,,True
11192634,unavailable,pubget,,True
11194409,unavailable,pubget,,True
11194410,unavailable,pubget,,True
11194411,unavailable,pubget,,True
11195035,unavailable,pubget,,True
11198104,unavailable,pubget,,True
11198279,unavailable,pubget,,True
11202456,unavailable,pubget,,True
11209958,unavailable,pubget,,True
11216882,unavailable,pubget,,True
11220735,unavailable,pubget,,True
11223150,unavailable,pubget,,True
11230094,unavailable,pubget,,True
11231095,unavailable,pubget,,True
11232158,unavailable,pubget,,True
11238542,unavailable,pubget,,True
11240106,unavailable,pubget,,True
11240114,unavailable,pubget,,True
11244547,unavailable,pubget,,True
11244551,unavailable,pubget,,True
11247643,unavailable,pubget,,True
11247659,unavailable,pubget,,True
11247998,unavailable,pubget,,True
11247999,unavailable,pubget,,True
11253842,unavailable,pubget,,True
11257281,unavailable,pubget,,True
11257289,unavailable,pubget,,True
11257978,unavailable,pubget,,True
11259662,unavailable,pubget,,True
11261506,unavailable,pubget,,True
11264319,unavailable,pubget,,True
11273413,unavailable,pubget,,True
11276236,unavailable,pubget,,True
11276237,unavailable,pubget,,True
11277563,unavailable,pubget,,True
11284046,unavailable,pubget,,True
11287137,unavailable,pubget,,True
11295342,unavailable,pubget,,True
11296587,unavailable,pubget,,True
11296686,unavailable,pubget,,True
11305899,unavailable,pubget,,True
11309673,unavailable,pubget,,True
11311036,unavailable,pubget,,True
11313046,unavailable,pubget,,True
11317017,unavailable,pubget,,True
11322979,unavailable,pubget,,True
11328689,unavailable,pubget,,True
11329187,unavailable,pubget,,True
11332459,unavailable,pubget,,True
11333362,unavailable,pubget,,True
11333370,unavailable,pubget,,True
11338201,unavailable,pubget,,True
11339378,unavailable,pubget,,True
11339747,unavailable,pubget,,True
11339984,unavailable,pubget,,True
11342469,unavailable,pubget,,True
11343588,unavailable,pubget,,True
11346889,unavailable,pubget,,True
11351196,unavailable,pubget,,True
11352616,unavailable,pubget,,True
11352620,unavailable,pubget,,True
11354435,unavailable,pubget,,True
11356379,unavailable,pubget,,True
11357494,unavailable,pubget,,True
11371316,unavailable,pubget,,True
11373131,unavailable,pubget,,True
11373134,unavailable,pubget,,True
11373143,unavailable,pubget,,True
11376267,unavailable,pubget,,True
11376501,unavailable,pubget,,True
11383863,unavailable,pubget,,True
11383869,unavailable,pubget,,True
11385009,unavailable,pubget,,True
11386470,unavailable,pubget,,True
11387405,unavailable,pubget,,True
11388362,unavailable,pubget,,True
11388925,unavailable,pubget,,True
11394724,unavailable,pubget,,True
11398041,unavailable,pubget,,True
11403197,unavailable,pubget,,True
11407441,unavailable,pubget,,True
11409740,unavailable,pubget,,True
11409750,unavailable,pubget,,True
11418435,unavailable,pubget,,True
11419843,unavailable,pubget,,True
11422456,unavailable,pubget,,True
11430815,unavailable,pubget,,True
11431234,unavailable,pubget,,True
11435790,unavailable,pubget,,True
11435947,unavailable,pubget,,True
11439722,unavailable,pubget,,True
11440757,unavailable,pubget,,True
11451478,unavailable,pubget,,True
11454888,unavailable,pubget,,True
11455039,unavailable,pubget,,True
11457574,unavailable,pubget,,True
11465747,unavailable,pubget,,True
11467903,unavailable,pubget,,True
11467905,unavailable,pubget,,True
11467908,unavailable,pubget,,True
11467909,unavailable,pubget,,True
11467915,unavailable,pubget,,True
11467919,unavailable,pubget,,True
11467923,unavailable,pubget,,True
11467924,unavailable,pubget,,True
11477642,unavailable,pubget,,True
11478418,unavailable,pubget,,True
11479008,unavailable,pubget,,True
11487193,unavailable,pubget,,True
11500799,unavailable,pubget,,True
11500989,unavailable,pubget,,True
11500993,unavailable,pubget,,True
11500995,unavailable,pubget,,True
11501731,unavailable,pubget,,True
11504602,unavailable,pubget,,True
11506539,unavailable,pubget,,True
11506643,unavailable,pubget,,True
11506644,unavailable,pubget,,True
11506648,unavailable,pubget,,True
11506649,unavailable,pubget,,True
11506651,unavailable,pubget,,True
11506652,unavailable,pubget,,True
11506654,unavailable,pubget,,True
11506655,unavailable,pubget,,True
11506663,unavailable,pubget,,True
11506664,unavailable,pubget,,True
11506665,unavailable,pubget,,True
11507655,unavailable,pubget,,True
11509265,unavailable,pubget,,True
11513374,unavailable,pubget,,True
11513375,unavailable,pubget,,True
11516446,unavailable,pubget,,True
11516645,unavailable,pubget,,True
11521214,unavailable,pubget,,True
11525325,unavailable,pubget,,True
11525327,unavailable,pubget,,True
11525328,unavailable,pubget,,True
11525332,unavailable,pubget,,True
11527554,unavailable,pubget,,True
11530838,unavailable,pubget,,True
11532605,unavailable,pubget,,True
11532726,unavailable,pubget,,True
11532885,unavailable,pubget,,True
11533222,unavailable,pubget,,True
11535686,unavailable,pubget,,True
11543056,unavailable,pubget,,True
11545191,unavailable,pubget,,True
11545466,unavailable,pubget,,True
11549618,unavailable,pubget,,True
11551286,unavailable,pubget,,True
11554801,unavailable,pubget,,True
11554802,unavailable,pubget,,True
11554805,unavailable,pubget,,True
11554905,unavailable,pubget,,True
11556897,unavailable,pubget,,True
11559959,unavailable,pubget,,True
11564318,unavailable,pubget,,True
11564325,unavailable,pubget,,True
11564326,unavailable,pubget,,True
11564919,unavailable,pubget,,True
11567177,unavailable,pubget,,True
11567179,unavailable,pubget,,True
11568402,unavailable,pubget,,True
11568417,unavailable,pubget,,True
11578663,unavailable,pubget,,True
11584070,unavailable,pubget,,True
11585291,unavailable,pubget,,True
11585292,unavailable,pubget,,True
11587890,unavailable,pubget,,True
11587899,unavailable,pubget,,True
11588585,unavailable,pubget,,True
11590113,unavailable,pubget,,True
11593260,unavailable,pubget,,True
11594350,unavailable,pubget,,True
11595100,unavailable,pubget,,True
11595101,unavailable,pubget,,True
11595102,unavailable,pubget,,True
11595262,unavailable,pubget,,True
11602028,unavailable,pubget,,True
11604609,unavailable,pubget,,True
11606687,unavailable,pubget,,True
11606883,unavailable,pubget,,True
11640935,unavailable,pubget,,True
11640940,unavailable,pubget,,True
11640943,unavailable,pubget,,True
11679302,unavailable,pubget,,True
11680506,unavailable,pubget,,True
11680861,unavailable,pubget,,True
11681304,unavailable,pubget,,True
11681541,unavailable,pubget,,True
11682258,unavailable,pubget,,True
11689309,unavailable,pubget,,True
11692039,unavailable,pubget,,True
11694779,unavailable,pubget,,True
11697869,unavailable,pubget,,True
11697931,unavailable,pubget,,True
11697939,unavailable,pubget,,True
11697943,unavailable,pubget,,True
11697953,unavailable,pubget,,True
11698604,unavailable,pubget,,True
11701607,unavailable,pubget,,True
11703062,unavailable,pubget,,True
11704074,unavailable,pubget,,True
11707082,unavailable,pubget,,True
11707088,unavailable,pubget,,True
11707103,unavailable,pubget,,True
11709486,unavailable,pubget,,True
11711238,unavailable,pubget,,True
11713637,unavailable,pubget,,True
11715080,unavailable,pubget,,True
11719212,unavailable,pubget,,True
11721864,unavailable,pubget,,True
11723264,unavailable,pubget,,True
11725857,unavailable,pubget,,True
11726774,unavailable,pubget,,True
11729387,unavailable,pubget,,True
11733691,unavailable,pubget,,True
11733724,unavailable,pubget,,True
11733725,unavailable,pubget,,True
11737158,unavailable,pubget,,True
11739265,unavailable,pubget,,True
11740210,unavailable,pubget,,True
11742203,unavailable,pubget,,True
11742227,unavailable,pubget,,True
11742243,unavailable,pubget,,True
11744782,unavailable,pubget,,True
11746587,unavailable,pubget,,True
11746613,unavailable,pubget,,True
11746614,unavailable,pubget,,True
11746723,unavailable,pubget,,True
11747003,unavailable,pubget,,True
11747099,unavailable,pubget,,True
11748317,unavailable,pubget,,True
11750185,unavailable,pubget,,True
11750903,unavailable,pubget,,True
11757638,unavailable,pubget,,True
11760382,unavailable,pubget,,True
11761469,unavailable,pubget,,True
11771972,unavailable,pubget,,True
11771974,unavailable,pubget,,True
11771975,unavailable,pubget,,True
11771986,unavailable,pubget,,True
11779897,unavailable,pubget,,True
11781200,unavailable,pubget,,True
11784442,unavailable,pubget,,True
11784443,unavailable,pubget,,True
11784444,unavailable,pubget,,True
11784445,unavailable,pubget,,True
11786564,unavailable,pubget,,True
11790634,unavailable,pubget,,True
11790635,unavailable,pubget,,True
11797080,unavailable,pubget,,True
11798384,unavailable,pubget,,True
11798391,unavailable,pubget,,True
11804760,unavailable,pubget,,True
11814220,unavailable,pubget,,True
11814222,unavailable,pubget,,True
11823267,unavailable,pubget,,True
11825678,unavailable,pubget,,True
11834595,unavailable,pubget,,True
11836600,unavailable,pubget,,True
11837618,unavailable,pubget,,True
11838800,unavailable,pubget,,True
11839605,unavailable,pubget,,True
11844728,unavailable,pubget,,True
11845243,unavailable,pubget,,True
11848695,unavailable,pubget,,True
11848696,unavailable,pubget,,True
11848697,unavailable,pubget,,True
11848698,unavailable,pubget,,True
11853988,unavailable,pubget,,True
11859911,unavailable,pubget,,True
11870923,unavailable,pubget,,True
11875570,unavailable,pubget,,True
11896642,unavailable,pubget,,True
11900732,unavailable,pubget,,True
11906222,unavailable,pubget,,True
11906228,unavailable,pubget,,True
11906659,unavailable,pubget,,True
11907685,unavailable,pubget,,True
11914894,unavailable,pubget,,True
11921050,unavailable,pubget,,True
11924896,unavailable,pubget,,True
11927193,unavailable,pubget,,True
11929020,unavailable,pubget,,True
11929574,unavailable,pubget,,True
11930123,unavailable,pubget,,True
11930153,unavailable,pubget,,True
11931285,unavailable,pubget,,True
11931947,unavailable,pubget,,True
11931949,unavailable,pubget,,True
11944506,unavailable,pubget,,True
11948739,unavailable,pubget,,True
11954057,unavailable,pubget,,True
11955961,unavailable,pubget,,True
11955990,unavailable,pubget,,True
11956941,unavailable,pubget,,True
11958958,unavailable,pubget,,True
11969313,unavailable,pubget,,True
11969318,unavailable,pubget,,True
11969322,unavailable,pubget,,True
11969327,unavailable,pubget,,True
11969330,unavailable,pubget,,True
11970782,unavailable,pubget,,True
11970783,unavailable,pubget,,True
11970784,unavailable,pubget,,True
11970810,unavailable,pubget,,True
11971086,unavailable,pubget,,True
11972644,unavailable,pubget,,True
11973025,unavailable,pubget,,True
11973474,unavailable,pubget,,True
11973489,unavailable,pubget,,True
11976802,unavailable,pubget,,True
11978336,unavailable,pubget,,True
11986127,unavailable,pubget,,True
11989989,unavailable,pubget,,True
11996059,unavailable,pubget,,True
11996060,unavailable,pubget,,True
11997709,unavailable,pubget,,True
12003859,unavailable,pubget,,True
12004194,unavailable,pubget,,True
12005883,unavailable,pubget,,True
12009262,unavailable,pubget,,True
12009263,unavailable,pubget,,True
12012124,unavailable,pubget,,True
12028495,unavailable,pubget,,True
12030821,unavailable,pubget,,True
12030822,unavailable,pubget,,True
12030831,unavailable,pubget,,True
12034342,unavailable,pubget,,True
12042533,unavailable,pubget,,True
12047599,unavailable,pubget,,True
12050555,unavailable,pubget,,True
12053161,unavailable,pubget,,True
12058425,unavailable,pubget,,True
12062886,unavailable,pubget,,True
12063130,unavailable,pubget,,True
12067697,unavailable,pubget,,True
12070719,unavailable,pubget,,True
12088079,unavailable,pubget,,True
12088720,unavailable,pubget,,True
12088733,unavailable,pubget,,True
12099486,unavailable,pubget,,True
12099487,unavailable,pubget,,True
12102139,unavailable,pubget,,True
12110968,unavailable,pubget,,True
12111932,unavailable,pubget,,True
12111945,unavailable,pubget,,True
12112497,unavailable,pubget,,True
12112764,unavailable,pubget,,True
12112766,unavailable,pubget,,True
12112767,unavailable,pubget,,True
12112770,unavailable,pubget,,True
12112772,unavailable,pubget,,True
12122179,unavailable,pubget,,True
12124480,unavailable,pubget,,True
12126502,unavailable,pubget,,True
12126504,unavailable,pubget,,True
12126505,unavailable,pubget,,True
12126506,unavailable,pubget,,True
12133565,unavailable,pubget,,True
12135969,unavailable,pubget,,True
12136067,unavailable,pubget,,True
12138653,unavailable,pubget,,True
12138658,unavailable,pubget,,True
12139956,unavailable,pubget,,True
12150424,unavailable,pubget,,True
12151507,unavailable,pubget,,True
12153538,unavailable,pubget,,True
12163553,unavailable,pubget,,True
12165350,unavailable,pubget,,True
12165355,unavailable,pubget,,True
12165379,unavailable,pubget,,True
12165380,unavailable,pubget,,True
12165479,unavailable,pubget,,True
12167756,unavailable,pubget,,True
12169242,unavailable,pubget,,True
12169250,unavailable,pubget,,True
12169253,unavailable,pubget,,True
12169256,unavailable,pubget,,True
12169999,unavailable,pubget,,True
12181004,unavailable,pubget,,True
12183390,unavailable,pubget,,True
12187466,unavailable,pubget,,True
12188095,unavailable,pubget,,True
12191450,unavailable,pubget,,True
12191458,unavailable,pubget,,True
12197012,unavailable,pubget,,True
12199728,unavailable,pubget,,True
12201633,unavailable,pubget,,True
12202079,unavailable,pubget,,True
12202084,unavailable,pubget,,True
12202094,unavailable,pubget,,True
12203683,unavailable,pubget,,True
12203759,unavailable,pubget,,True
12204302,unavailable,pubget,,True
12205170,unavailable,pubget,,True
12205731,unavailable,pubget,,True
12208009,unavailable,pubget,,True
12210783,unavailable,pubget,,True
12214784,unavailable,pubget,,True
12217967,unavailable,pubget,,True
12221492,unavailable,pubget,,True
12244209,unavailable,pubget,,True
12271408,unavailable,pubget,,True
12271415,unavailable,pubget,,True
12357291,unavailable,pubget,,True
12361798,unavailable,pubget,,True
12372276,unavailable,pubget,,True
12376701,unavailable,pubget,,True
12377147,unavailable,pubget,,True
12377149,unavailable,pubget,,True
12377153,unavailable,pubget,,True
12377159,unavailable,pubget,,True
12377173,unavailable,pubget,,True
12379601,unavailable,pubget,,True
12379604,unavailable,pubget,,True
12382364,unavailable,pubget,,True
12391950,unavailable,pubget,,True
12395388,unavailable,pubget,,True
12395390,unavailable,pubget,,True
12395391,unavailable,pubget,,True
12397138,unavailable,pubget,,True
12402040,unavailable,pubget,,True
12404614,unavailable,pubget,,True
12411836,unavailable,pubget,,True
12414075,unavailable,pubget,,True
12414263,unavailable,pubget,,True
12414268,unavailable,pubget,,True
12414280,unavailable,pubget,,True
12414300,unavailable,pubget,,True
12417470,unavailable,pubget,,True
12417678,unavailable,pubget,,True
12419128,unavailable,pubget,,True
12421658,unavailable,pubget,,True
12421659,unavailable,pubget,,True
12422317,unavailable,pubget,,True
12427682,unavailable,pubget,,True
12428121,unavailable,pubget,,True
12428147,unavailable,pubget,,True
12433382,unavailable,pubget,,True
12438467,unavailable,pubget,,True
12439295,unavailable,pubget,,True
12445630,unavailable,pubget,,True
12450947,unavailable,pubget,,True
12454910,unavailable,pubget,,True
12454911,unavailable,pubget,,True
12455682,unavailable,pubget,,True
12456913,unavailable,pubget,,True
12457377,unavailable,pubget,,True
12459212,unavailable,pubget,,True
12460257,unavailable,pubget,,True
12466452,unavailable,pubget,,True
12467087,unavailable,pubget,,True
12467100,unavailable,pubget,,True
12467124,unavailable,pubget,,True
12468524,unavailable,pubget,,True
12468888,unavailable,pubget,,True
12477599,unavailable,pubget,,True
12477703,unavailable,pubget,,True
12480582,unavailable,pubget,,True
12482075,unavailable,pubget,,True
12482087,unavailable,pubget,,True
12482088,unavailable,pubget,,True
12482096,unavailable,pubget,,True
12482097,unavailable,pubget,,True
12486265,unavailable,pubget,,True
12488794,unavailable,pubget,,True
12488812,unavailable,pubget,,True
12488825,unavailable,pubget,,True
12495525,unavailable,pubget,,True
12498752,unavailable,pubget,,True
12498760,unavailable,pubget,,True
12498962,unavailable,pubget,,True
12501818,unavailable,pubget,,True
12507445,unavailable,pubget,,True
12507726,unavailable,pubget,,True
12509846,unavailable,pubget,,True
12513944,unavailable,pubget,,True
12514228,unavailable,pubget,,True
12518288,unavailable,pubget,,True
12518291,unavailable,pubget,,True
12518293,unavailable,pubget,,True
12519733,unavailable,pubget,,True
12520413,unavailable,pubget,,True
12527390,unavailable,pubget,,True
12538411,unavailable,pubget,,True
12541259,unavailable,pubget,,True
12544830,unavailable,pubget,,True
12544845,unavailable,pubget,,True
12559151,unavailable,pubget,,True
12559653,unavailable,pubget,,True
12559655,unavailable,pubget,,True
12562572,unavailable,pubget,,True
12562581,unavailable,pubget,,True
12570148,unavailable,pubget,,True
12575464,unavailable,pubget,,True
12582064,unavailable,pubget,,True
12584214,unavailable,pubget,,True
12587340,unavailable,pubget,,True
12588031,unavailable,pubget,,True
12588917,unavailable,pubget,,True
12590911,unavailable,pubget,,True
12592128,unavailable,pubget,,True
12592501,unavailable,pubget,,True
12593457,unavailable,pubget,,True
12594745,unavailable,pubget,,True
12595185,unavailable,pubget,,True
12595194,unavailable,pubget,,True
12595196,unavailable,pubget,,True
12597867,unavailable,pubget,,True
12598632,unavailable,pubget,,True
12599273,unavailable,pubget,,True
12599275,unavailable,pubget,,True
12599276,unavailable,pubget,,True
12599279,unavailable,pubget,,True
12599281,unavailable,pubget,,True
12601097,unavailable,pubget,,True
12606841,unavailable,pubget,,True
12609249,unavailable,pubget,,True
12615644,unavailable,pubget,,True
12620313,unavailable,pubget,,True
12625459,unavailable,pubget,,True
12625466,unavailable,pubget,,True
12627164,unavailable,pubget,,True
12632463,unavailable,pubget,,True
12632466,unavailable,pubget,,True
12634278,unavailable,pubget,,True
12634970,unavailable,pubget,,True
12637292,unavailable,pubget,,True
12637302,unavailable,pubget,,True
12638581,unavailable,pubget,,True
12640066,unavailable,pubget,,True
12644352,unavailable,pubget,,True
12644354,unavailable,pubget,,True
12646132,unavailable,pubget,,True
12655323,unavailable,pubget,,True
12657700,unavailable,pubget,,True
12664112,unavailable,pubget,,True
12665331,unavailable,pubget,,True
12667523,unavailable,pubget,,True
12667836,unavailable,pubget,,True
12667842,unavailable,pubget,,True
12667850,unavailable,pubget,,True
12668235,unavailable,pubget,,True
12668238,unavailable,pubget,,True
12668253,unavailable,pubget,,True
12670429,unavailable,pubget,,True
12675261,unavailable,pubget,,True
12676062,unavailable,pubget,,True
12676064,unavailable,pubget,,True
12677302,unavailable,pubget,,True
12677330,unavailable,pubget,,True
12678163,unavailable,pubget,,True
12679295,unavailable,pubget,,True
12679298,unavailable,pubget,,True
12685517,unavailable,pubget,,True
12691130,unavailable,pubget,,True
12698159,unavailable,pubget,,True
12703015,unavailable,pubget,,True
12704760,unavailable,pubget,,True
12706214,unavailable,pubget,,True
12706219,unavailable,pubget,,True
12708533,unavailable,pubget,,True
12721811,unavailable,pubget,,True
12722972,unavailable,pubget,,True
12727695,unavailable,pubget,,True
12727696,unavailable,pubget,,True
12727697,unavailable,pubget,,True
12729490,unavailable,pubget,,True
12729491,unavailable,pubget,,True
12735942,unavailable,pubget,,True
12744947,unavailable,pubget,,True
12752798,unavailable,pubget,,True
12753955,unavailable,pubget,,True
12754158,unavailable,pubget,,True
12754516,unavailable,pubget,,True
12757885,unavailable,pubget,,True
12759529,unavailable,pubget,,True
12762879,unavailable,pubget,,True
12763197,unavailable,pubget,,True
12768535,unavailable,pubget,,True
12775191,unavailable,pubget,,True
12775564,unavailable,pubget,,True
12778354,unavailable,pubget,,True
12781723,unavailable,pubget,,True
12781725,unavailable,pubget,,True
12781738,unavailable,pubget,,True
12781739,unavailable,pubget,,True
12784890,unavailable,pubget,,True
12787459,unavailable,pubget,,True
12789013,unavailable,pubget,,True
12802468,unavailable,pubget,,True
12803967,unavailable,pubget,,True
12806903,unavailable,pubget,,True
12808458,unavailable,pubget,,True
12808506,unavailable,pubget,,True
12811730,unavailable,pubget,,True
12811731,unavailable,pubget,,True
12811732,unavailable,pubget,,True
12811733,unavailable,pubget,,True
12813197,unavailable,pubget,,True
12814573,unavailable,pubget,,True
12814583,unavailable,pubget,,True
12814593,unavailable,pubget,,True
12815506,unavailable,pubget,,True
12816636,unavailable,pubget,,True
12819784,unavailable,pubget,,True
12821095,unavailable,pubget,,True
12821793,unavailable,pubget,,True
12821798,unavailable,pubget,,True
12822594,unavailable,pubget,,True
12824759,unavailable,pubget,,True
12824764,unavailable,pubget,,True
12832246,unavailable,pubget,,True
12836912,unavailable,pubget,,True
12838525,unavailable,pubget,,True
12842285,unavailable,pubget,,True
12842716,unavailable,pubget,,True
12846432,unavailable,pubget,,True
12868390,unavailable,pubget,,True
12873392,unavailable,pubget,,True
12876011,unavailable,pubget,,True
12880788,unavailable,pubget,,True
12880789,unavailable,pubget,,True
12880794,unavailable,pubget,,True
12880811,unavailable,pubget,,True
12880814,unavailable,pubget,,True
12880825,unavailable,pubget,,True
12880827,unavailable,pubget,,True
12880833,unavailable,pubget,,True
12880907,unavailable,pubget,,True
12886150,unavailable,pubget,,True
12887447,unavailable,pubget,,True
12888543,unavailable,pubget,,True
12889084,unavailable,pubget,,True
12890783,unavailable,pubget,,True
12893421,unavailable,pubget,,True
12899193,unavailable,pubget,,True
12911455,unavailable,pubget,,True
12914254,unavailable,pubget,,True
12914593,unavailable,pubget,,True
12925510,unavailable,pubget,,True
12925854,unavailable,pubget,,True
12930473,unavailable,pubget,,True
12931143,unavailable,pubget,,True
12934520,unavailable,pubget,,True
12937084,unavailable,pubget,,True
12938635,unavailable,pubget,,True
12939424,unavailable,pubget,,True
12944513,unavailable,pubget,,True
12946085,unavailable,pubget,,True
12948687,unavailable,pubget,,True
12948694,unavailable,pubget,,True
12948695,unavailable,pubget,,True
12948697,unavailable,pubget,,True
12948699,unavailable,pubget,,True
12948702,unavailable,pubget,,True
12948724,unavailable,pubget,,True
12948731,unavailable,pubget,,True
12953304,unavailable,pubget,,True
12953906,unavailable,pubget,,True
12954871,unavailable,pubget,,True
12958206,unavailable,pubget,,True
12958562,unavailable,pubget,,True
12959432,unavailable,pubget,,True
12962908,unavailable,pubget,,True
12965041,unavailable,pubget,,True
12970267,unavailable,pubget,,True
12971120,unavailable,pubget,,True
13130439,unavailable,pubget,,True
13680443,unavailable,pubget,,True
14499159,unavailable,pubget,,True
14499161,unavailable,pubget,,True
14502076,unavailable,pubget,,True
14504618,unavailable,pubget,,True
14505331,unavailable,pubget,,True
14510827,unavailable,pubget,,True
14511532,unavailable,pubget,,True
14511814,unavailable,pubget,,True
14512216,unavailable,pubget,,True
14512397,unavailable,pubget,,True
14514445,unavailable,pubget,,True
14514501,unavailable,pubget,,True
14516532,unavailable,pubget,,True
14516537,unavailable,pubget,,True
14516542,unavailable,pubget,,True
14516650,unavailable,pubget,,True
14518525,unavailable,pubget,,True
14518528,unavailable,pubget,,True
14520337,unavailable,pubget,,True
14520655,unavailable,pubget,,True
14521866,unavailable,pubget,,True
14527570,unavailable,pubget,,True
14527585,unavailable,pubget,,True
14527608,unavailable,pubget,,True
14528952,unavailable,pubget,,True
14537112,unavailable,pubget,,True
14537119,unavailable,pubget,,True
14537126,unavailable,pubget,,True
14537129,unavailable,pubget,,True
14550677,unavailable,pubget,,True
14550682,unavailable,pubget,,True
14551752,unavailable,pubget,,True
14561459,unavailable,pubget,,True
14561614,unavailable,pubget,,True
14561916,unavailable,pubget,,True
14566477,unavailable,pubget,,True
14566572,unavailable,pubget,,True
14568109,unavailable,pubget,,True
14568444,unavailable,pubget,,True
14568456,unavailable,pubget,,True
14568462,unavailable,pubget,,True
14568489,unavailable,pubget,,True
14568504,unavailable,pubget,,True
14568508,unavailable,pubget,,True
14570163,unavailable,pubget,,True
14571316,unavailable,pubget,,True
14579081,unavailable,pubget,,True
14585491,unavailable,pubget,,True
14585751,unavailable,pubget,,True
14586163,unavailable,pubget,,True
14587408,unavailable,pubget,,True
14597450,unavailable,pubget,,True
14600780,unavailable,pubget,,True
14606680,unavailable,pubget,,True
14607167,unavailable,pubget,,True
14607172,unavailable,pubget,,True
14614811,unavailable,pubget,,True
14615423,unavailable,pubget,,True
14617709,unavailable,pubget,,True
14618287,unavailable,pubget,,True
14625017,unavailable,pubget,,True
14627847,unavailable,pubget,,True
14627848,unavailable,pubget,,True
14633300,unavailable,pubget,,True
14636325,unavailable,pubget,,True
14642482,unavailable,pubget,,True
14642483,unavailable,pubget,,True
14644105,unavailable,pubget,,True
14645385,unavailable,pubget,,True
14652101,unavailable,pubget,,True
14652670,unavailable,pubget,,True
14654462,unavailable,pubget,,True
14654860,unavailable,pubget,,True
14663959,unavailable,pubget,,True
14667493,unavailable,pubget,,True
14668036,unavailable,pubget,,True
14668291,unavailable,pubget,,True
14669523,unavailable,pubget,,True
14670576,unavailable,pubget,,True
14670578,unavailable,pubget,,True
14673804,unavailable,pubget,,True
14673806,unavailable,pubget,,True
14677078,unavailable,pubget,,True
14679387,unavailable,pubget,,True
14680271,unavailable,pubget,,True
14683700,unavailable,pubget,,True
14683721,unavailable,pubget,,True
14684194,unavailable,pubget,,True
14686911,unavailable,pubget,,True
14689506,unavailable,pubget,,True
14689507,unavailable,pubget,,True
14690803,unavailable,pubget,,True
14698719,unavailable,pubget,,True
14700483,unavailable,pubget,,True
14702248,unavailable,pubget,,True
14704211,unavailable,pubget,,True
14704217,unavailable,pubget,,True
14704218,unavailable,pubget,,True
14706466,unavailable,pubget,,True
14706718,unavailable,pubget,,True
14709228,unavailable,pubget,,True
14709231,unavailable,pubget,,True
14716732,unavailable,pubget,,True
14719690,unavailable,pubget,,True
14725640,unavailable,pubget,,True
14728216,unavailable,pubget,,True
14728916,unavailable,pubget,,True
14728918,unavailable,pubget,,True
14730305,unavailable,pubget,,True
14730931,unavailable,pubget,,True
14733663,unavailable,pubget,,True
14736578,unavailable,pubget,,True
14738284,unavailable,pubget,,True
14738289,unavailable,pubget,,True
14738520,unavailable,pubget,,True
14739418,unavailable,pubget,,True
14739803,unavailable,pubget,,True
14740113,unavailable,pubget,,True
14741317,unavailable,pubget,,True
14741651,unavailable,pubget,,True
14741670,unavailable,pubget,,True
14741680,unavailable,pubget,,True
14741683,unavailable,pubget,,True
14745871,unavailable,pubget,,True
14747744,unavailable,pubget,,True
14749289,unavailable,pubget,,True
14752707,unavailable,pubget,,True
14754779,unavailable,pubget,,True
14754781,unavailable,pubget,,True
14755593,unavailable,pubget,,True
14755598,unavailable,pubget,,True
14755833,unavailable,pubget,,True
14755836,unavailable,pubget,,True
14755839,unavailable,pubget,,True
14758364,unavailable,pubget,,True
14759627,unavailable,pubget,,True
14759630,unavailable,pubget,,True
14767761,unavailable,pubget,,True
14964560,unavailable,pubget,,True
14964566,unavailable,pubget,,True
14967422,unavailable,pubget,,True
14969780,unavailable,pubget,,True
14972366,unavailable,pubget,,True
14978812,unavailable,pubget,,True
14980551,unavailable,pubget,,True
14980552,unavailable,pubget,,True
14980562,unavailable,pubget,,True
14980567,unavailable,pubget,,True
14994306,unavailable,pubget,,True
15000257,unavailable,pubget,,True
15006649,unavailable,pubget,,True
15006681,unavailable,pubget,,True
15009230,unavailable,pubget,,True
15013829,unavailable,pubget,,True
15019713,unavailable,pubget,,True
15027520,unavailable,pubget,,True
15027530,unavailable,pubget,,True
15029151,unavailable,pubget,,True
15029467,unavailable,pubget,,True
15034226,unavailable,pubget,,True
15036190,unavailable,pubget,,True
15036630,unavailable,pubget,,True
15038007,unavailable,pubget,,True
15038008,unavailable,pubget,,True
15043649,unavailable,pubget,,True
15050555,unavailable,pubget,,True
15050558,unavailable,pubget,,True
15050561,unavailable,pubget,,True
15050572,unavailable,pubget,,True
15050583,unavailable,pubget,,True
15050590,unavailable,pubget,,True
15050709,unavailable,pubget,,True
15050780,unavailable,pubget,,True
15053257,unavailable,pubget,,True
15053955,unavailable,pubget,,True
15054055,unavailable,pubget,,True
15054129,unavailable,pubget,,True
15056509,unavailable,pubget,,True
15058477,unavailable,pubget,,True
15062097,unavailable,pubget,,True
15068589,unavailable,pubget,,True
15068590,unavailable,pubget,,True
15068913,unavailable,pubget,,True
15068914,unavailable,pubget,,True
15068916,unavailable,pubget,,True
15068921,unavailable,pubget,,True
15072182,unavailable,pubget,,True
15072188,unavailable,pubget,,True
15076281,unavailable,pubget,,True
15083527,unavailable,pubget,,True
15094441,unavailable,pubget,,True
15095561,unavailable,pubget,,True
15106844,unavailable,pubget,,True
15108298,unavailable,pubget,,True
15108303,unavailable,pubget,,True
15109996,unavailable,pubget,,True
15110014,unavailable,pubget,,True
15110015,unavailable,pubget,,True
15110019,unavailable,pubget,,True
15114278,unavailable,pubget,,True
15120163,unavailable,pubget,,True
15120534,unavailable,pubget,,True
15122115,unavailable,pubget,,True
15122435,unavailable,pubget,,True
15123027,unavailable,pubget,,True
15127167,unavailable,pubget,,True
15127222,unavailable,pubget,,True
15128414,unavailable,pubget,,True
15129155,unavailable,pubget,,True
15129185,unavailable,pubget,,True
15129703,unavailable,pubget,,True
15130584,unavailable,pubget,,True
15130591,unavailable,pubget,,True
15132428,unavailable,pubget,,True
15135157,unavailable,pubget,,True
15135159,unavailable,pubget,,True
15136603,unavailable,pubget,,True
15140927,unavailable,pubget,,True
15145996,unavailable,pubget,,True
15147320,unavailable,pubget,,True
15149300,unavailable,pubget,,True
15156150,unavailable,pubget,,True
15162913,unavailable,pubget,,True
15163677,unavailable,pubget,,True
15164897,unavailable,pubget,,True
15165351,unavailable,pubget,,True
15165353,unavailable,pubget,,True
15165354,unavailable,pubget,,True
15167540,unavailable,pubget,,True
15167609,unavailable,pubget,,True
15169688,unavailable,pubget,,True
15172523,unavailable,pubget,,True
15178169,unavailable,pubget,,True
15182320,unavailable,pubget,,True
15182673,unavailable,pubget,,True
15183385,unavailable,pubget,,True
15183388,unavailable,pubget,,True
15183397,unavailable,pubget,,True
15184616,unavailable,pubget,,True
15192010,unavailable,pubget,,True
15193248,unavailable,pubget,,True
15193595,unavailable,pubget,,True
15193601,unavailable,pubget,,True
15193605,unavailable,pubget,,True
15193621,unavailable,pubget,,True
15193625,unavailable,pubget,,True
15193626,unavailable,pubget,,True
15193629,unavailable,pubget,,True
15195004,unavailable,pubget,,True
15195284,unavailable,pubget,,True
15195287,unavailable,pubget,,True
15195289,unavailable,pubget,,True
15196667,unavailable,pubget,,True
15196669,unavailable,pubget,,True
15197196,unavailable,pubget,,True
15200706,unavailable,pubget,,True
15200709,unavailable,pubget,,True
15201950,unavailable,pubget,,True
15202104,unavailable,pubget,,True
15202105,unavailable,pubget,,True
15202106,unavailable,pubget,,True
15204056,unavailable,pubget,,True
15204126,unavailable,pubget,,True
15209063,unavailable,pubget,,True
15210892,unavailable,pubget,,True
15214974,unavailable,pubget,,True
15219589,unavailable,pubget,,True
15219596,unavailable,pubget,,True
15219601,unavailable,pubget,,True
15219611,unavailable,pubget,,True
15219713,unavailable,pubget,,True
15221172,unavailable,pubget,,True
15223868,unavailable,pubget,,True
15228805,unavailable,pubget,,True
15232304,unavailable,pubget,,True
15233766,unavailable,pubget,,True
15234122,unavailable,pubget,,True
15235607,unavailable,pubget,,True
15236399,unavailable,pubget,,True
15238433,unavailable,pubget,,True
15245716,unavailable,pubget,,True
15246368,unavailable,pubget,,True
15246452,unavailable,pubget,,True
15248563,unavailable,pubget,,True
15249112,unavailable,pubget,,True
15251915,unavailable,pubget,,True
15252161,unavailable,pubget,,True
15258126,unavailable,pubget,,True
15258700,unavailable,pubget,,True
15259888,unavailable,pubget,,True
15265374,unavailable,pubget,,True
15268927,unavailable,pubget,,True
15269107,unavailable,pubget,,True
15269960,unavailable,pubget,,True
15271588,unavailable,pubget,,True
15275904,unavailable,pubget,,True
15275908,unavailable,pubget,,True
15275913,unavailable,pubget,,True
15275915,unavailable,pubget,,True
15275937,unavailable,pubget,,True
15279058,unavailable,pubget,,True
15282826,unavailable,pubget,,True
15288371,unavailable,pubget,,True
15290124,unavailable,pubget,,True
15293278,unavailable,pubget,,True
15294222,unavailable,pubget,,True
15295764,unavailable,pubget,,True
15297009,unavailable,pubget,,True
15298779,unavailable,pubget,,True
15298780,unavailable,pubget,,True
15298786,unavailable,pubget,,True
15301594,unavailable,pubget,,True
15302055,unavailable,pubget,,True
15305123,unavailable,pubget,,True
15313737,unavailable,pubget,,True
15318333,unavailable,pubget,,True
15322767,unavailable,pubget,,True
15325356,unavailable,pubget,,True
15325357,unavailable,pubget,,True
15325360,unavailable,pubget,,True
15325364,unavailable,pubget,,True
15329304,unavailable,pubget,,True
15329352,unavailable,pubget,,True
15333368,unavailable,pubget,,True
15335424,unavailable,pubget,,True
15337656,unavailable,pubget,,True
15340932,unavailable,pubget,,True
15342098,unavailable,pubget,,True
15344471,unavailable,pubget,,True
15344495,unavailable,pubget,,True
15354347,unavailable,pubget,,True
15358989,unavailable,pubget,,True
15368088,unavailable,pubget,,True
15370896,unavailable,pubget,,True
15371296,unavailable,pubget,,True
15377126,unavailable,pubget,,True
15380118,unavailable,pubget,,True
15382253,unavailable,pubget,,True
15389169,unavailable,pubget,,True
15389959,unavailable,pubget,,True
15390141,unavailable,pubget,,True
15390152,unavailable,pubget,,True
15390157,unavailable,pubget,,True
15390216,unavailable,pubget,,True
15449355,unavailable,pubget,,True
15449358,unavailable,pubget,,True
15449360,unavailable,pubget,,True
15451388,unavailable,pubget,,True
15452295,unavailable,pubget,,True
15453976,unavailable,pubget,,True
15453978,unavailable,pubget,,True
15456705,unavailable,pubget,,True
15459025,unavailable,pubget,,True
15459076,unavailable,pubget,,True
15459080,unavailable,pubget,,True
15459220,unavailable,pubget,,True
15464349,unavailable,pubget,,True
15464352,unavailable,pubget,,True
15470151,unavailable,pubget,,True
15471372,unavailable,pubget,,True
15473053,unavailable,pubget,,True
15484444,unavailable,pubget,,True
15486986,unavailable,pubget,,True
15487733,unavailable,pubget,,True
15487740,unavailable,pubget,,True
15488399,unavailable,pubget,,True
15488411,unavailable,pubget,,True
15488415,unavailable,pubget,,True
15488425,unavailable,pubget,,True
15488426,unavailable,pubget,,True
15488911,unavailable,pubget,,True
15489381,unavailable,pubget,,True
15490462,unavailable,pubget,,True
15494727,unavailable,pubget,,True
15496671,unavailable,pubget,,True
15499377,unavailable,pubget,,True
15500145,unavailable,pubget,,True
15500300,unavailable,pubget,,True
15502603,unavailable,pubget,,True
15503571,unavailable,pubget,,True
15505156,unavailable,pubget,,True
15505972,unavailable,pubget,,True
15513220,unavailable,pubget,,True
15513939,unavailable,pubget,,True
15514377,unavailable,pubget,,True
15515744,unavailable,pubget,,True
15516617,unavailable,pubget,,True
15525285,unavailable,pubget,,True
15527993,unavailable,pubget,,True
15528083,unavailable,pubget,,True
15528088,unavailable,pubget,,True
15528105,unavailable,pubget,,True
15528111,unavailable,pubget,,True
15528112,unavailable,pubget,,True
15533557,unavailable,pubget,,True
15534053,unavailable,pubget,,True
15535172,unavailable,pubget,,True
15537676,unavailable,pubget,,True
15545327,unavailable,pubget,,True
15545333,unavailable,pubget,,True
15552417,unavailable,pubget,,True
15557495,unavailable,pubget,,True
15560325,unavailable,pubget,,True
15564579,unavailable,pubget,,True
15564730,unavailable,pubget,,True
15569736,unavailable,pubget,,True
15570155,unavailable,pubget,,True
15570175,unavailable,pubget,,True
15570505,unavailable,pubget,,True
15570506,unavailable,pubget,,True
15572118,unavailable,pubget,,True
15572744,unavailable,pubget,,True
15578167,unavailable,pubget,,True
15580167,unavailable,pubget,,True
15581970,unavailable,pubget,,True
15582751,unavailable,pubget,,True
15584774,unavailable,pubget,,True
15585904,unavailable,pubget,,True
15588603,unavailable,pubget,,True
15588610,unavailable,pubget,,True
15589091,unavailable,pubget,,True
15589094,unavailable,pubget,,True
15589101,unavailable,pubget,,True
15589105,unavailable,pubget,,True
15590925,unavailable,pubget,,True
15593271,unavailable,pubget,,True
15598550,unavailable,pubget,,True
15599074,unavailable,pubget,,True
15601523,unavailable,pubget,,True
15601601,unavailable,pubget,,True
15601603,unavailable,pubget,,True
15607689,unavailable,pubget,,True
15607991,unavailable,pubget,,True
15608635,unavailable,pubget,,True
15609122,unavailable,pubget,,True
15613803,unavailable,pubget,,True
15615089,unavailable,pubget,,True
15616172,unavailable,pubget,,True
15616616,unavailable,pubget,,True
15619544,unavailable,pubget,,True
15620227,unavailable,pubget,,True
15623445,unavailable,pubget,,True
15625603,unavailable,pubget,,True
15627572,unavailable,pubget,,True
15627589,unavailable,pubget,,True
15629765,unavailable,pubget,,True
15630123,unavailable,pubget,,True
15633509,unavailable,pubget,,True
15635061,unavailable,pubget,,True
15638184,unavailable,pubget,,True
15640752,unavailable,pubget,,True
15647525,unavailable,pubget,,True
15647526,unavailable,pubget,,True
15647956,unavailable,pubget,,True
15650639,unavailable,pubget,,True
15651051,unavailable,pubget,,True
15652313,unavailable,pubget,,True
15652319,unavailable,pubget,,True
15652615,unavailable,pubget,,True
15654552,unavailable,pubget,,True
15656285,unavailable,pubget,,True
15656767,unavailable,pubget,,True
15657507,unavailable,pubget,,True
15660103,unavailable,pubget,,True
15660647,unavailable,pubget,,True
15661452,unavailable,pubget,,True
15668720,unavailable,pubget,,True
15669228,unavailable,pubget,,True
15670688,unavailable,pubget,,True
15670701,unavailable,pubget,,True
15670706,unavailable,pubget,,True
15673663,unavailable,pubget,,True
15677609,unavailable,pubget,,True
15678482,unavailable,pubget,,True
15679505,unavailable,pubget,,True
15681032,unavailable,pubget,,True
15689960,unavailable,pubget,,True
15690513,unavailable,pubget,,True
15691524,unavailable,pubget,,True
15691723,unavailable,pubget,,True
15696856,unavailable,pubget,,True
15699382,unavailable,pubget,,True
15700505,unavailable,pubget,,True
15700721,unavailable,pubget,,True
15701224,unavailable,pubget,,True
15701225,unavailable,pubget,,True
15701241,unavailable,pubget,,True
15703931,unavailable,pubget,,True
15705612,unavailable,pubget,,True
15706235,unavailable,pubget,,True
15707252,unavailable,pubget,,True
15707609,unavailable,pubget,,True
15707797,unavailable,pubget,,True
15707799,unavailable,pubget,,True
15708298,unavailable,pubget,,True
15709808,unavailable,pubget,,True
15711728,unavailable,pubget,,True
15711850,unavailable,pubget,,True
15719300,unavailable,pubget,,True
15722206,unavailable,pubget,,True
15722208,unavailable,pubget,,True
15722212,unavailable,pubget,,True
15722215,unavailable,pubget,,True
15723385,unavailable,pubget,,True
15728295,unavailable,pubget,,True
15728652,unavailable,pubget,,True
15728761,unavailable,pubget,,True
15729292,unavailable,pubget,,True
15729440,unavailable,pubget,,True
15732770,unavailable,pubget,,True
15734340,unavailable,pubget,,True
15734346,unavailable,pubget,,True
15734349,unavailable,pubget,,True
15734352,unavailable,pubget,,True
15734358,unavailable,pubget,,True
15734360,unavailable,pubget,,True
15739047,unavailable,pubget,,True
15746230,unavailable,pubget,,True
15746486,unavailable,pubget,,True
15748125,unavailable,pubget,,True
15753241,unavailable,pubget,,True
15758155,unavailable,pubget,,True
15758195,unavailable,pubget,,True
15768852,unavailable,pubget,,True
15769206,unavailable,pubget,,True
15776130,unavailable,pubget,,True
15784432,unavailable,pubget,,True
15784435,unavailable,pubget,,True
15784441,unavailable,pubget,,True
15787715,unavailable,pubget,,True
15788265,unavailable,pubget,,True
15788514,unavailable,pubget,,True
15788758,unavailable,pubget,,True
15800041,unavailable,pubget,,True
15803557,unavailable,pubget,,True
15804243,unavailable,pubget,,True
15804425,unavailable,pubget,,True
15808976,unavailable,pubget,,True
15808981,unavailable,pubget,,True
15808999,unavailable,pubget,,True
15809512,unavailable,pubget,,True
15812317,unavailable,pubget,,True
15814002,unavailable,pubget,,True
15814006,unavailable,pubget,,True
15814441,unavailable,pubget,,True
15814790,unavailable,pubget,,True
15815582,unavailable,pubget,,True
15817169,unavailable,pubget,,True
15817513,unavailable,pubget,,True
15817643,unavailable,pubget,,True
15819715,unavailable,pubget,,True
15820229,unavailable,pubget,,True
15820232,unavailable,pubget,,True
15820638,unavailable,pubget,,True
15820711,unavailable,pubget,,True
15821896,unavailable,pubget,,True
15826972,unavailable,pubget,,True
15832316,unavailable,pubget,,True
15833592,unavailable,pubget,,True
15834623,unavailable,pubget,,True
15837254,unavailable,pubget,,True
15837408,unavailable,pubget,,True
15841675,unavailable,pubget,,True
15843105,unavailable,pubget,,True
15846769,unavailable,pubget,,True
15846816,unavailable,pubget,,True
15847578,unavailable,pubget,,True
15849896,unavailable,pubget,,True
15850746,unavailable,pubget,,True
15850748,unavailable,pubget,,True
15851723,unavailable,pubget,,True
15852379,unavailable,pubget,,True
15852384,unavailable,pubget,,True
15852385,unavailable,pubget,,True
15852470,unavailable,pubget,,True
15854766,unavailable,pubget,,True
15855894,unavailable,pubget,,True
15856631,unavailable,pubget,,True
15857698,unavailable,pubget,,True
15858420,unavailable,pubget,,True
15862214,unavailable,pubget,,True
15862229,unavailable,pubget,,True
15862230,unavailable,pubget,,True
15865100,unavailable,pubget,,True
15874976,unavailable,pubget,,True
15879326,unavailable,pubget,,True
15880106,unavailable,pubget,,True
15884020,unavailable,pubget,,True
15884095,unavailable,pubget,,True
15885517,unavailable,pubget,,True
15885848,unavailable,pubget,,True
15886022,unavailable,pubget,,True
15887545,unavailable,pubget,,True
15889401,unavailable,pubget,,True
15893458,unavailable,pubget,,True
15893574,unavailable,pubget,,True
15895895,unavailable,pubget,,True
15899117,unavailable,pubget,,True
15901409,unavailable,pubget,,True
15901490,unavailable,pubget,,True
15901646,unavailable,pubget,,True
15904543,unavailable,pubget,,True
15904548,unavailable,pubget,,True
15906202,unavailable,pubget,,True
15907304,unavailable,pubget,,True
15908048,unavailable,pubget,,True
15909736,unavailable,pubget,,True
15912427,unavailable,pubget,,True
15912429,unavailable,pubget,,True
15912799,unavailable,pubget,,True
15913007,unavailable,pubget,,True
15913008,unavailable,pubget,,True
15917482,unavailable,pubget,,True
15919547,unavailable,pubget,,True
15927485,unavailable,pubget,,True
15929498,unavailable,pubget,,True
15930074,unavailable,pubget,,True
15930389,unavailable,pubget,,True
15931061,unavailable,pubget,,True
15931080,unavailable,pubget,,True
15932949,unavailable,pubget,,True
15933252,unavailable,pubget,,True
15935261,unavailable,pubget,,True
15936178,unavailable,pubget,,True
15937685,unavailable,pubget,,True
15937718,unavailable,pubget,,True
15939973,unavailable,pubget,,True
15948565,unavailable,pubget,,True
15950492,unavailable,pubget,,True
15953559,unavailable,pubget,,True
15955488,unavailable,pubget,,True
15956516,unavailable,pubget,,True
15958505,unavailable,pubget,,True
15958738,unavailable,pubget,,True
15961321,unavailable,pubget,,True
15970381,unavailable,pubget,,True
15978024,unavailable,pubget,,True
15978839,unavailable,pubget,,True
15978843,unavailable,pubget,,True
15979344,unavailable,pubget,,True
15982584,unavailable,pubget,,True
15983451,unavailable,pubget,,True
15985273,unavailable,pubget,,True
15987579,unavailable,pubget,,True
15989934,unavailable,pubget,,True
15993573,unavailable,pubget,,True
15993766,unavailable,pubget,,True
15995504,unavailable,pubget,,True
15997017,unavailable,pubget,,True
15997595,unavailable,pubget,,True
15999342,unavailable,pubget,,True
16001441,unavailable,pubget,,True
16006148,unavailable,pubget,,True
16009568,unavailable,pubget,,True
16018981,unavailable,pubget,,True
16019040,unavailable,pubget,,True
16019230,unavailable,pubget,,True
16019234,unavailable,pubget,,True
16019572,unavailable,pubget,,True
16020770,unavailable,pubget,,True
16032676,unavailable,pubget,,True
16034578,unavailable,pubget,,True
16035046,unavailable,pubget,,True
16035047,unavailable,pubget,,True
16035048,unavailable,pubget,,True
16036465,unavailable,pubget,,True
16037664,unavailable,pubget,,True
16042035,unavailable,pubget,,True
16043240,unavailable,pubget,,True
16043368,unavailable,pubget,,True
16045068,unavailable,pubget,,True
16045502,unavailable,pubget,,True
16047521,unavailable,pubget,,True
16049190,unavailable,pubget,,True
16049191,unavailable,pubget,,True
16051501,unavailable,pubget,,True
16054844,unavailable,pubget,,True
16055350,unavailable,pubget,,True
16056145,unavailable,pubget,,True
16060826,unavailable,pubget,,True
16075182,unavailable,pubget,,True
16080160,unavailable,pubget,,True
16081255,unavailable,pubget,,True
16082535,unavailable,pubget,,True
16082657,unavailable,pubget,,True
16084429,unavailable,pubget,,True
16084739,unavailable,pubget,,True
16084740,unavailable,pubget,,True
16084830,unavailable,pubget,,True
16087350,unavailable,pubget,,True
16087438,unavailable,pubget,,True
16087444,unavailable,pubget,,True
16087450,unavailable,pubget,,True
16087905,unavailable,pubget,,True
16091536,unavailable,pubget,,True
16094318,unavailable,pubget,,True
16096587,unavailable,pubget,,True
16098571,unavailable,pubget,,True
16102237,unavailable,pubget,,True
16106488,unavailable,pubget,,True
16107352,unavailable,pubget,,True
16109491,unavailable,pubget,,True
16112653,unavailable,pubget,,True
16118045,unavailable,pubget,,True
16118804,unavailable,pubget,,True
16120797,unavailable,pubget,,True
16123010,unavailable,pubget,,True
16123869,unavailable,pubget,,True
16129481,unavailable,pubget,,True
16129625,unavailable,pubget,,True
16135618,unavailable,pubget,,True
16135634,unavailable,pubget,,True
16139525,unavailable,pubget,,True
16139527,unavailable,pubget,,True
16140166,unavailable,pubget,,True
16140287,unavailable,pubget,,True
16142342,unavailable,pubget,,True
16142480,unavailable,pubget,,True
16142491,unavailable,pubget,,True
16142781,unavailable,pubget,,True
16147579,unavailable,pubget,,True
16150579,unavailable,pubget,,True
16150613,unavailable,pubget,,True
16153860,unavailable,pubget,,True
16154166,unavailable,pubget,,True
16154446,unavailable,pubget,,True
16154453,unavailable,pubget,,True
16154766,unavailable,pubget,,True
16160397,unavailable,pubget,,True
16160948,unavailable,pubget,,True
16161128,unavailable,pubget,,True
16161166,unavailable,pubget,,True
16163034,unavailable,pubget,,True
16165102,unavailable,pubget,,True
16165274,unavailable,pubget,,True
16167154,unavailable,pubget,,True
16167192,unavailable,pubget,,True
16168674,unavailable,pubget,,True
16168676,unavailable,pubget,,True
16169252,unavailable,pubget,,True
16169530,unavailable,pubget,,True
16170092,unavailable,pubget,,True
16173531,unavailable,pubget,,True
16175414,unavailable,pubget,,True
16178033,unavailable,pubget,,True
16180624,unavailable,pubget,,True
16180627,unavailable,pubget,,True
16183616,unavailable,pubget,,True
16185309,unavailable,pubget,,True
16189466,unavailable,pubget,,True
16193266,unavailable,pubget,,True
16194316,unavailable,pubget,,True
16195470,unavailable,pubget,,True
16197682,unavailable,pubget,,True
16197690,unavailable,pubget,,True
16198917,unavailable,pubget,,True
16199831,unavailable,pubget,,True
16202626,unavailable,pubget,,True
16209427,unavailable,pubget,,True
16216532,unavailable,pubget,,True
16216688,unavailable,pubget,,True
16219423,unavailable,pubget,,True
16220355,unavailable,pubget,,True
16222112,unavailable,pubget,,True
16224612,unavailable,pubget,,True
16225562,unavailable,pubget,,True
16228997,unavailable,pubget,,True
16236979,unavailable,pubget,,True
16243051,unavailable,pubget,,True
16243545,unavailable,pubget,,True
16246590,unavailable,pubget,,True
16253162,unavailable,pubget,,True
16256375,unavailable,pubget,,True
16257547,unavailable,pubget,,True
16262647,unavailable,pubget,,True
16263248,unavailable,pubget,,True
16263844,unavailable,pubget,,True
16263963,unavailable,pubget,,True
16264257,unavailable,pubget,,True
16268356,unavailable,pubget,,True
16275018,unavailable,pubget,,True
16275020,unavailable,pubget,,True
16275139,unavailable,pubget,,True
16275140,unavailable,pubget,,True
16275141,unavailable,pubget,,True
16275931,unavailable,pubget,,True
16276121,unavailable,pubget,,True
16280140,unavailable,pubget,,True
16280351,unavailable,pubget,,True
16283409,unavailable,pubget,,True
16284750,unavailable,pubget,,True
16284751,unavailable,pubget,,True
16284946,unavailable,pubget,,True
16286330,unavailable,pubget,,True
16286547,unavailable,pubget,,True
16293417,unavailable,pubget,,True
16296561,unavailable,pubget,,True
16298252,unavailable,pubget,,True
16298352,unavailable,pubget,,True
16301482,unavailable,pubget,,True
16301489,unavailable,pubget,,True
16302099,unavailable,pubget,,True
16302133,unavailable,pubget,,True
16302856,unavailable,pubget,,True
16303148,unavailable,pubget,,True
16303317,unavailable,pubget,,True
16303318,unavailable,pubget,,True
16303319,unavailable,pubget,,True
16303836,unavailable,pubget,,True
16306661,unavailable,pubget,,True
16307262,unavailable,pubget,,True
16310346,unavailable,pubget,,True
16310773,unavailable,pubget,,True
16313931,unavailable,pubget,,True
16321229,unavailable,pubget,,True
16326117,unavailable,pubget,,True
16330501,unavailable,pubget,,True
16331813,unavailable,pubget,,True
16337110,unavailable,pubget,,True
16337816,unavailable,pubget,,True
16340161,unavailable,pubget,,True
16341023,unavailable,pubget,,True
16341575,unavailable,pubget,,True
16342150,unavailable,pubget,,True
16343950,unavailable,pubget,,True
16344225,unavailable,pubget,,True
16350973,unavailable,pubget,,True
16356321,unavailable,pubget,,True
16356323,unavailable,pubget,,True
16356329,unavailable,pubget,,True
16356780,unavailable,pubget,,True
16361274,unavailable,pubget,,True
16369888,unavailable,pubget,,True
16373577,unavailable,pubget,,True
16377154,unavailable,pubget,,True
16380270,unavailable,pubget,,True
16387401,unavailable,pubget,,True
16388970,unavailable,pubget,,True
16389911,unavailable,pubget,,True
16396094,unavailable,pubget,,True
16401851,unavailable,pubget,,True
16403183,unavailable,pubget,,True
16404736,unavailable,pubget,,True
16404743,unavailable,pubget,,True
16405076,unavailable,pubget,,True
16406256,unavailable,pubget,,True
16407540,unavailable,pubget,,True
16407776,unavailable,pubget,,True
16410203,unavailable,pubget,,True
16412665,unavailable,pubget,,True
16413049,unavailable,pubget,,True
16413798,unavailable,pubget,,True
16414278,unavailable,pubget,,True
16414279,unavailable,pubget,,True
16417680,unavailable,pubget,,True
16417683,unavailable,pubget,,True
16417689,unavailable,pubget,,True
16418844,unavailable,pubget,,True
16419371,unavailable,pubget,,True
16420468,unavailable,pubget,,True
16423439,unavailable,pubget,,True
16427033,unavailable,pubget,,True
16427787,unavailable,pubget,,True
16431137,unavailable,pubget,,True
16434214,unavailable,pubget,,True
16436478,unavailable,pubget,,True
16436608,unavailable,pubget,,True
16443765,unavailable,pubget,,True
16447211,unavailable,pubget,,True
16452580,unavailable,pubget,,True
16452666,unavailable,pubget,,True
16455825,unavailable,pubget,,True
16456818,unavailable,pubget,,True
16458037,unavailable,pubget,,True
16459106,unavailable,pubget,,True
16460792,unavailable,pubget,,True
16460963,unavailable,pubget,,True
16460967,unavailable,pubget,,True
16462606,unavailable,pubget,,True
16463149,unavailable,pubget,,True
16466679,unavailable,pubget,,True
16467275,unavailable,pubget,,True
16469510,unavailable,pubget,,True
16472901,unavailable,pubget,,True
16473449,unavailable,pubget,,True
16476414,unavailable,pubget,,True
16479242,unavailable,pubget,,True
16479243,unavailable,pubget,,True
16485403,unavailable,pubget,,True
16488843,unavailable,pubget,,True
16490307,unavailable,pubget,,True
16495939,unavailable,pubget,,True
16497278,unavailable,pubget,,True
16497521,unavailable,pubget,,True
16498043,unavailable,pubget,,True
16500004,unavailable,pubget,,True
16500831,unavailable,pubget,,True
16506159,unavailable,pubget,,True
16507300,unavailable,pubget,,True
16512999,unavailable,pubget,,True
16513004,unavailable,pubget,,True
16513006,unavailable,pubget,,True
16513369,unavailable,pubget,,True
16513371,unavailable,pubget,,True
16513567,unavailable,pubget,,True
16514363,unavailable,pubget,,True
16515410,unavailable,pubget,,True
16517071,unavailable,pubget,,True
16525049,unavailable,pubget,,True
16525051,unavailable,pubget,,True
16525091,unavailable,pubget,,True
16525130,unavailable,pubget,,True
16525417,unavailable,pubget,,True
16529628,unavailable,pubget,,True
16529955,unavailable,pubget,,True
16530393,unavailable,pubget,,True
16531689,unavailable,pubget,,True
16531690,unavailable,pubget,,True
16534106,unavailable,pubget,,True
16538409,unavailable,pubget,,True
16541368,unavailable,pubget,,True
16541457,unavailable,pubget,,True
16542513,unavailable,pubget,,True
16543807,unavailable,pubget,,True
16543817,unavailable,pubget,,True
16545497,unavailable,pubget,,True
16547345,unavailable,pubget,,True
16547922,unavailable,pubget,,True
16551984,unavailable,pubget,,True
16563950,unavailable,pubget,,True
16563961,unavailable,pubget,,True
16565964,unavailable,pubget,,True
16567772,unavailable,pubget,,True
16568202,unavailable,pubget,,True
16580957,unavailable,pubget,,True
16581168,unavailable,pubget,,True
16583364,unavailable,pubget,,True
16586078,unavailable,pubget,,True
16597450,unavailable,pubget,,True
16603193,unavailable,pubget,,True
16603712,unavailable,pubget,,True
16603915,unavailable,pubget,,True
16603917,unavailable,pubget,,True
16604024,unavailable,pubget,,True
16604307,unavailable,pubget,,True
16610087,unavailable,pubget,,True
16612588,unavailable,pubget,,True
16616863,unavailable,pubget,,True
16617388,unavailable,pubget,,True
16621168,unavailable,pubget,,True
16624582,unavailable,pubget,,True
16624584,unavailable,pubget,,True
16627465,unavailable,pubget,,True
16631094,unavailable,pubget,,True
16632288,unavailable,pubget,,True
16633288,unavailable,pubget,,True
16639425,unavailable,pubget,,True
16640486,unavailable,pubget,,True
16647577,unavailable,pubget,,True
16648457,unavailable,pubget,,True
16649818,unavailable,pubget,,True
16650349,unavailable,pubget,,True
16651012,unavailable,pubget,,True
16670180,unavailable,pubget,,True
16671081,unavailable,pubget,,True
16675025,unavailable,pubget,,True
16676169,unavailable,pubget,,True
16676336,unavailable,pubget,,True
16677947,unavailable,pubget,,True
16677948,unavailable,pubget,,True
16678926,unavailable,pubget,,True
16686653,unavailable,pubget,,True
16687552,unavailable,pubget,,True
16688852,unavailable,pubget,,True
16697224,unavailable,pubget,,True
16697526,unavailable,pubget,,True
16702002,unavailable,pubget,,True
16702929,unavailable,pubget,,True
16703360,unavailable,pubget,,True
16707739,unavailable,pubget,,True
16715491,unavailable,pubget,,True
16715661,unavailable,pubget,,True
16716389,unavailable,pubget,,True
16720794,unavailable,pubget,,True
16723775,unavailable,pubget,,True
16731517,unavailable,pubget,,True
16731723,unavailable,pubget,,True
16733091,unavailable,pubget,,True
16736039,unavailable,pubget,,True
16738490,unavailable,pubget,,True
16740990,unavailable,pubget,,True
16741206,unavailable,pubget,,True
16750396,unavailable,pubget,,True
16751297,unavailable,pubget,,True
16754652,unavailable,pubget,,True
16757180,unavailable,pubget,,True
16757183,unavailable,pubget,,True
16759533,unavailable,pubget,,True
16765449,unavailable,pubget,,True
16766208,unavailable,pubget,,True
16767759,unavailable,pubget,,True
16768358,unavailable,pubget,,True
16768362,unavailable,pubget,,True
16768364,unavailable,pubget,,True
16768370,unavailable,pubget,,True
16768376,unavailable,pubget,,True
16770797,unavailable,pubget,,True
16772881,unavailable,pubget,,True
16773635,unavailable,pubget,,True
16775126,unavailable,pubget,,True
16775140,unavailable,pubget,,True
16777562,unavailable,pubget,,True
16781779,unavailable,pubget,,True
16784724,unavailable,pubget,,True
16788713,unavailable,pubget,,True
16791099,unavailable,pubget,,True
16794461,unavailable,pubget,,True
16797610,unavailable,pubget,,True
16797757,unavailable,pubget,,True
16797758,unavailable,pubget,,True
16798015,unavailable,pubget,,True
16805929,unavailable,pubget,,True
16806977,unavailable,pubget,,True
16814264,unavailable,pubget,,True
16814525,unavailable,pubget,,True
16814889,unavailable,pubget,,True
16814986,unavailable,pubget,,True
16815338,unavailable,pubget,,True
16822733,unavailable,pubget,,True
16823468,unavailable,pubget,,True
16823579,unavailable,pubget,,True
16828743,unavailable,pubget,,True
16831858,unavailable,pubget,,True
16832634,unavailable,pubget,,True
16832659,unavailable,pubget,,True
16837856,unavailable,pubget,,True
16837858,unavailable,pubget,,True
16839288,unavailable,pubget,,True
16839289,unavailable,pubget,,True
16839292,unavailable,pubget,,True
16839298,unavailable,pubget,,True
16839301,unavailable,pubget,,True
16840196,unavailable,pubget,,True
16845593,unavailable,pubget,,True
16846742,unavailable,pubget,,True
16847376,unavailable,pubget,,True
16849747,unavailable,pubget,,True
16850145,unavailable,pubget,,True
16850255,unavailable,pubget,,True
16859416,unavailable,pubget,,True
16860474,unavailable,pubget,,True
16861011,unavailable,pubget,,True
16861334,unavailable,pubget,,True
16865594,unavailable,pubget,,True
16875843,unavailable,pubget,,True
16881268,unavailable,pubget,,True
16894329,unavailable,pubget,,True
16896783,unavailable,pubget,,True
16896984,unavailable,pubget,,True
16901290,unavailable,pubget,,True
16901521,unavailable,pubget,,True
16904794,unavailable,pubget,,True
16904913,unavailable,pubget,,True
16908199,unavailable,pubget,,True
16908869,unavailable,pubget,,True
16919185,unavailable,pubget,,True
16919479,unavailable,pubget,,True
16920622,unavailable,pubget,,True
16924086,unavailable,pubget,,True
16925579,unavailable,pubget,,True
16932145,unavailable,pubget,,True
16934234,unavailable,pubget,,True
16934491,unavailable,pubget,,True
16935269,unavailable,pubget,,True
16945506,unavailable,pubget,,True
16946930,unavailable,pubget,,True
16950215,unavailable,pubget,,True
16950223,unavailable,pubget,,True
16950224,unavailable,pubget,,True
16950986,unavailable,pubget,,True
16951568,unavailable,pubget,,True
16953042,unavailable,pubget,,True
16953339,unavailable,pubget,,True
16954943,unavailable,pubget,,True
16959412,unavailable,pubget,,True
16959501,unavailable,pubget,,True
16961940,unavailable,pubget,,True
16966840,unavailable,pubget,,True
16969787,unavailable,pubget,,True
16971677,unavailable,pubget,,True
16972011,unavailable,pubget,,True
16972100,unavailable,pubget,,True
16979871,unavailable,pubget,,True
16987673,unavailable,pubget,,True
16989552,unavailable,pubget,,True
16989906,unavailable,pubget,,True
16990015,unavailable,pubget,,True
16996717,unavailable,pubget,,True
16997366,unavailable,pubget,,True
16997428,unavailable,pubget,,True
17000970,unavailable,pubget,,True
17003078,unavailable,pubget,,True
17003382,unavailable,pubget,,True
17007235,unavailable,pubget,,True
17009108,unavailable,pubget,,True
17011097,unavailable,pubget,,True
17011320,unavailable,pubget,,True
17016149,unavailable,pubget,,True
17016213,unavailable,pubget,,True
17020747,unavailable,pubget,,True
17022246,unavailable,pubget,,True
17024839,unavailable,pubget,,True
17027931,unavailable,pubget,,True
17029986,unavailable,pubget,,True
17029987,unavailable,pubget,,True
17030047,unavailable,pubget,,True
17035046,unavailable,pubget,,True
17037277,unavailable,pubget,,True
17044397,unavailable,pubget,,True
17047449,unavailable,pubget,,True
17048070,unavailable,pubget,,True
17051376,unavailable,pubget,,True
17056279,unavailable,pubget,,True
17059628,unavailable,pubget,,True
17061117,unavailable,pubget,,True
17064446,unavailable,pubget,,True
17064940,unavailable,pubget,,True
17069470,unavailable,pubget,,True
17069484,unavailable,pubget,,True
17069771,unavailable,pubget,,True
17070708,unavailable,pubget,,True
17071346,unavailable,pubget,,True
17073982,unavailable,pubget,,True
17074948,unavailable,pubget,,True
17080435,unavailable,pubget,,True
17081770,unavailable,pubget,,True
17086488,unavailable,pubget,,True
17088019,unavailable,pubget,,True
17088375,unavailable,pubget,,True
17093130,unavailable,pubget,,True
17094119,unavailable,pubget,,True
17098331,unavailable,pubget,,True
17098446,unavailable,pubget,,True
17100855,unavailable,pubget,,True
17101687,unavailable,pubget,,True
17101688,unavailable,pubget,,True
17101897,unavailable,pubget,,True
17105934,unavailable,pubget,,True
17108145,unavailable,pubget,,True
17109899,unavailable,pubget,,True
17113672,unavailable,pubget,,True
17119311,unavailable,pubget,,True
17119543,unavailable,pubget,,True
17119948,unavailable,pubget,,True
17123479,unavailable,pubget,,True
17123836,unavailable,pubget,,True
17125924,unavailable,pubget,,True
17126435,unavailable,pubget,,True
17129186,unavailable,pubget,,True
17129192,unavailable,pubget,,True
17132050,unavailable,pubget,,True
17133383,unavailable,pubget,,True
17133393,unavailable,pubget,,True
17133396,unavailable,pubget,,True
17133397,unavailable,pubget,,True
17133401,unavailable,pubget,,True
17133402,unavailable,pubget,,True
17134649,unavailable,pubget,,True
17134917,unavailable,pubget,,True
17151173,unavailable,pubget,,True
17153389,unavailable,pubget,,True
17157035,unavailable,pubget,,True
17157401,unavailable,pubget,,True
17157534,unavailable,pubget,,True
17157917,unavailable,pubget,,True
17159232,unavailable,pubget,,True
17161626,unavailable,pubget,,True
17161627,unavailable,pubget,,True
17164821,unavailable,pubget,,True
17171338,unavailable,pubget,,True
17172552,unavailable,pubget,,True
17178965,unavailable,pubget,,True
17182108,unavailable,pubget,,True
17182226,unavailable,pubget,,True
17184881,unavailable,pubget,,True
17185003,unavailable,pubget,,True
17186990,unavailable,pubget,,True
17188900,unavailable,pubget,,True
17190967,unavailable,pubget,,True
17196255,unavailable,pubget,,True
17196398,unavailable,pubget,,True
17197198,unavailable,pubget,,True
17198694,unavailable,pubget,,True
17201512,unavailable,pubget,,True
17204820,unavailable,pubget,,True
17209415,unavailable,pubget,,True
17212552,unavailable,pubget,,True
17215145,unavailable,pubget,,True
17215478,unavailable,pubget,,True
17223576,unavailable,pubget,,True
17224134,unavailable,pubget,,True
17230052,unavailable,pubget,,True
17239621,unavailable,pubget,,True
17239622,unavailable,pubget,,True
17239915,unavailable,pubget,,True
17243354,unavailable,pubget,,True
17244844,unavailable,pubget,,True
17245349,unavailable,pubget,,True
17249197,unavailable,pubget,,True
17258910,unavailable,pubget,,True
17258912,unavailable,pubget,,True
17264373,unavailable,pubget,,True
17265148,unavailable,pubget,,True
17266104,unavailable,pubget,,True
17267796,unavailable,pubget,,True
17267934,unavailable,pubget,,True
17271546,unavailable,pubget,,True
17272081,unavailable,pubget,,True
17272082,unavailable,pubget,,True
17274019,unavailable,pubget,,True
17274021,unavailable,pubget,,True
17274022,unavailable,pubget,,True
17274023,unavailable,pubget,,True
17275613,unavailable,pubget,,True
17276310,unavailable,pubget,,True
17276751,unavailable,pubget,,True
17277726,unavailable,pubget,,True
17280519,unavailable,pubget,,True
17281604,unavailable,pubget,,True
17282135,unavailable,pubget,,True
17282448,unavailable,pubget,,True
17283202,unavailable,pubget,,True
17287508,unavailable,pubget,,True
17288744,unavailable,pubget,,True
17290371,unavailable,pubget,,True
17290373,unavailable,pubget,,True
17298962,unavailable,pubget,,True
17300960,unavailable,pubget,,True
17301491,unavailable,pubget,,True
17301676,unavailable,pubget,,True
17301679,unavailable,pubget,,True
17306771,unavailable,pubget,,True
17306772,unavailable,pubget,,True
17306963,unavailable,pubget,,True
17307337,unavailable,pubget,,True
17310866,unavailable,pubget,,True
17315224,unavailable,pubget,,True
17316821,unavailable,pubget,,True
17318832,unavailable,pubget,,True
17318835,unavailable,pubget,,True
17321235,unavailable,pubget,,True
17321554,unavailable,pubget,,True
17322084,unavailable,pubget,,True
17325589,unavailable,pubget,,True
17325900,unavailable,pubget,,True
17329130,unavailable,pubget,,True
17329470,unavailable,pubget,,True
17331476,unavailable,pubget,,True
17332054,unavailable,pubget,,True
17334208,unavailable,pubget,,True
17337745,unavailable,pubget,,True
17343835,unavailable,pubget,,True
17350142,unavailable,pubget,,True
17350291,unavailable,pubget,,True
17350879,unavailable,pubget,,True
17353296,unavailable,pubget,,True
17354733,unavailable,pubget,,True
17354775,unavailable,pubget,,True
17357280,unavailable,pubget,,True
17358020,unavailable,pubget,,True
17359913,unavailable,pubget,,True
17360913,unavailable,pubget,,True
17365109,unavailable,pubget,,True
17368206,unavailable,pubget,,True
17368793,unavailable,pubget,,True
17368841,unavailable,pubget,,True
17368939,unavailable,pubget,,True
17369516,unavailable,pubget,,True
17374918,unavailable,pubget,,True
17375973,unavailable,pubget,,True
17376706,unavailable,pubget,,True
17378228,unavailable,pubget,,True
17379443,unavailable,pubget,,True
17381253,unavailable,pubget,,True
17381255,unavailable,pubget,,True
17385077,unavailable,pubget,,True
17388190,unavailable,pubget,,True
17389628,unavailable,pubget,,True
17392254,unavailable,pubget,,True
17398078,unavailable,pubget,,True
17400479,unavailable,pubget,,True
17400480,unavailable,pubget,,True
17401515,unavailable,pubget,,True
17401623,unavailable,pubget,,True
17403973,unavailable,pubget,,True
17406250,unavailable,pubget,,True
17406603,unavailable,pubget,,True
17412002,unavailable,pubget,,True
17415782,unavailable,pubget,,True
17418291,unavailable,pubget,,True
17418591,unavailable,pubget,,True
17418888,unavailable,pubget,,True
17425847,unavailable,pubget,,True
17426589,unavailable,pubget,,True
17428266,unavailable,pubget,,True
17428996,unavailable,pubget,,True
17431059,unavailable,pubget,,True
17435599,unavailable,pubget,,True
17437282,unavailable,pubget,,True
17439740,unavailable,pubget,,True
17440247,unavailable,pubget,,True
17440786,unavailable,pubget,,True
17442521,unavailable,pubget,,True
17448546,unavailable,pubget,,True
17454885,unavailable,pubget,,True
17457883,unavailable,pubget,,True
17458447,unavailable,pubget,,True
17462154,unavailable,pubget,,True
17464690,unavailable,pubget,,True
17470987,unavailable,pubget,,True
17475958,unavailable,pubget,,True
17478084,unavailable,pubget,,True
17481399,unavailable,pubget,,True
17482410,unavailable,pubget,,True
17482411,unavailable,pubget,,True
17482412,unavailable,pubget,,True
17486103,unavailable,pubget,,True
17487228,unavailable,pubget,,True
17490991,unavailable,pubget,,True
17494829,unavailable,pubget,,True
17495173,unavailable,pubget,,True
17497631,unavailable,pubget,,True
17497646,unavailable,pubget,,True
17498975,unavailable,pubget,,True
17499164,unavailable,pubget,,True
17499169,unavailable,pubget,,True
17499933,unavailable,pubget,,True
17504782,unavailable,pubget,,True
17507643,unavailable,pubget,,True
17508294,unavailable,pubget,,True
17509073,unavailable,pubget,,True
17509259,unavailable,pubget,,True
17509896,unavailable,pubget,,True
17512615,unavailable,pubget,,True
17513133,unavailable,pubget,,True
17517680,unavailable,pubget,,True
17518929,unavailable,pubget,,True
17520203,unavailable,pubget,,True
17520425,unavailable,pubget,,True
17520437,unavailable,pubget,,True
17521924,unavailable,pubget,,True
17524589,unavailable,pubget,,True
17525983,unavailable,pubget,,True
17532135,unavailable,pubget,,True
17533753,unavailable,pubget,,True
17533754,unavailable,pubget,,True
17534651,unavailable,pubget,,True
17535030,unavailable,pubget,,True
17536966,unavailable,pubget,,True
17537969,unavailable,pubget,,True
17538034,unavailable,pubget,,True
17538276,unavailable,pubget,,True
17538950,unavailable,pubget,,True
17538951,unavailable,pubget,,True
17540281,unavailable,pubget,,True
17540572,unavailable,pubget,,True
17541057,unavailable,pubget,,True
17543421,unavailable,pubget,,True
17543896,unavailable,pubget,,True
17544157,unavailable,pubget,,True
17544630,unavailable,pubget,,True
17546450,unavailable,pubget,,True
17547581,unavailable,pubget,,True
17547582,unavailable,pubget,,True
17549462,unavailable,pubget,,True
17551932,unavailable,pubget,,True
17552934,unavailable,pubget,,True
17555258,unavailable,pubget,,True
17558500,unavailable,pubget,,True
17560126,unavailable,pubget,,True
17560130,unavailable,pubget,,True
17560689,unavailable,pubget,,True
17564734,unavailable,pubget,,True
17565163,unavailable,pubget,,True
17568001,unavailable,pubget,,True
17570644,unavailable,pubget,,True
17570685,unavailable,pubget,,True
17573375,unavailable,pubget,,True
17574869,unavailable,pubget,,True
17574870,unavailable,pubget,,True
17576279,unavailable,pubget,,True
17576750,unavailable,pubget,,True
17582746,unavailable,pubget,,True
17582785,unavailable,pubget,,True
17583986,unavailable,pubget,,True
17583996,unavailable,pubget,,True
17586869,unavailable,pubget,,True
17590353,unavailable,pubget,,True
17591275,unavailable,pubget,,True
17591548,unavailable,pubget,,True
17591598,unavailable,pubget,,True
17598162,unavailable,pubget,,True
17600237,unavailable,pubget,,True
17600730,unavailable,pubget,,True
17602140,unavailable,pubget,,True
17603315,unavailable,pubget,,True
17604351,unavailable,pubget,,True
17606661,unavailable,pubget,,True
17608908,unavailable,pubget,,True
17618423,unavailable,pubget,,True
17627848,unavailable,pubget,,True
17627850,unavailable,pubget,,True
17628434,unavailable,pubget,,True
17631362,unavailable,pubget,,True
17631431,unavailable,pubget,,True
17633696,unavailable,pubget,,True
17636560,unavailable,pubget,,True
17636563,unavailable,pubget,,True
17638594,unavailable,pubget,,True
17641921,unavailable,pubget,,True
17644001,unavailable,pubget,,True
17649907,unavailable,pubget,,True
17650397,unavailable,pubget,,True
17651008,unavailable,pubget,,True
17651709,unavailable,pubget,,True
17652462,unavailable,pubget,,True
17652467,unavailable,pubget,,True
17654574,unavailable,pubget,,True
17654893,unavailable,pubget,,True
17654895,unavailable,pubget,,True
17659885,unavailable,pubget,,True
17662530,unavailable,pubget,,True
17664549,unavailable,pubget,,True
17670605,unavailable,pubget,,True
17670949,unavailable,pubget,,True
17672380,unavailable,pubget,,True
17673231,unavailable,pubget,,True
17674355,unavailable,pubget,,True
17679051,unavailable,pubget,,True
17680602,unavailable,pubget,,True
17681357,unavailable,pubget,,True
17681956,unavailable,pubget,,True
17684046,unavailable,pubget,,True
17684521,unavailable,pubget,,True
17684586,unavailable,pubget,,True
17686049,unavailable,pubget,,True
17686467,unavailable,pubget,,True
17686634,unavailable,pubget,,True
17688985,unavailable,pubget,,True
17690338,unavailable,pubget,,True
17694857,unavailable,pubget,,True
17696171,unavailable,pubget,,True
17698539,unavailable,pubget,,True
17698710,unavailable,pubget,,True
17699696,unavailable,pubget,,True
17702776,unavailable,pubget,,True
17705014,unavailable,pubget,,True
17705020,unavailable,pubget,,True
17705220,unavailable,pubget,,True
17705939,unavailable,pubget,,True
17707444,unavailable,pubget,,True
17707939,unavailable,pubget,,True
17713133,unavailable,pubget,,True
17714373,unavailable,pubget,,True
17714375,unavailable,pubget,,True
17715358,unavailable,pubget,,True
17716987,unavailable,pubget,,True
17717689,unavailable,pubget,,True
17719211,unavailable,pubget,,True
17726086,unavailable,pubget,,True
17727889,unavailable,pubget,,True
17729011,unavailable,pubget,,True
17763661,unavailable,pubget,,True
17767576,unavailable,pubget,,True
17768265,unavailable,pubget,,True
17784808,unavailable,pubget,,True
17821979,unavailable,pubget,,True
17846109,unavailable,pubget,,True
17851984,unavailable,pubget,,True
17868275,unavailable,pubget,,True
17869543,unavailable,pubget,,True
17873968,unavailable,pubget,,True
17878070,unavailable,pubget,,True
17880180,unavailable,pubget,,True
17880900,unavailable,pubget,,True
17884110,unavailable,pubget,,True
17884748,unavailable,pubget,,True
17886002,unavailable,pubget,,True
17889446,unavailable,pubget,,True
17892385,unavailable,pubget,,True
17892391,unavailable,pubget,,True
17893294,unavailable,pubget,,True
17894392,unavailable,pubget,,True
17895193,unavailable,pubget,,True
17895798,unavailable,pubget,,True
17896376,unavailable,pubget,,True
17896597,unavailable,pubget,,True
17897404,unavailable,pubget,,True
17897686,unavailable,pubget,,True
17899296,unavailable,pubget,,True
17899596,unavailable,pubget,,True
17904387,unavailable,pubget,,True
17904388,unavailable,pubget,,True
17905599,unavailable,pubget,,True
17906328,unavailable,pubget,,True
17909128,unavailable,pubget,,True
17910601,unavailable,pubget,,True
17913256,unavailable,pubget,,True
17916328,unavailable,pubget,,True
17916338,unavailable,pubget,,True
17919083,unavailable,pubget,,True
17921027,unavailable,pubget,,True
17921875,unavailable,pubget,,True
17923769,unavailable,pubget,,True
17924521,unavailable,pubget,,True
17924535,unavailable,pubget,,True
17924553,unavailable,pubget,,True
17928441,unavailable,pubget,,True
17928451,unavailable,pubget,,True
17935181,unavailable,pubget,,True
17936014,unavailable,pubget,,True
17942721,unavailable,pubget,,True
17943000,unavailable,pubget,,True
17946014,unavailable,pubget,,True
17946020,unavailable,pubget,,True
17946104,unavailable,pubget,,True
17946432,unavailable,pubget,,True
17946438,unavailable,pubget,,True
17946484,unavailable,pubget,,True
17946854,unavailable,pubget,,True
17954780,unavailable,pubget,,True
17957215,unavailable,pubget,,True
17957704,unavailable,pubget,,True
17958482,unavailable,pubget,,True
17958487,unavailable,pubget,,True
17958489,unavailable,pubget,,True
17962042,unavailable,pubget,,True
17963797,unavailable,pubget,,True
17964221,unavailable,pubget,,True
17965984,unavailable,pubget,,True
17974940,unavailable,pubget,,True
17979117,unavailable,pubget,,True
17979119,unavailable,pubget,,True
17979120,unavailable,pubget,,True
17979124,unavailable,pubget,,True
17981436,unavailable,pubget,,True
17983290,unavailable,pubget,,True
17986113,unavailable,pubget,,True
17987225,unavailable,pubget,,True
17989234,unavailable,pubget,,True
17991778,unavailable,pubget,,True
17996812,unavailable,pubget,,True
17997284,unavailable,pubget,,True
17997330,unavailable,pubget,,True
17999607,unavailable,pubget,,True
18002536,unavailable,pubget,,True
18002728,unavailable,pubget,,True
18002733,unavailable,pubget,,True
18003186,unavailable,pubget,,True
18003188,unavailable,pubget,,True
18004607,unavailable,pubget,,True
18004945,unavailable,pubget,,True
18007181,unavailable,pubget,,True
18026942,unavailable,pubget,,True
18030580,unavailable,pubget,,True
18031825,unavailable,pubget,,True
18033767,unavailable,pubget,,True
18040629,unavailable,pubget,,True
18042726,unavailable,pubget,,True
18043766,unavailable,pubget,,True
18051063,unavailable,pubget,,True
18051128,unavailable,pubget,,True
18052782,unavailable,pubget,,True
18052784,unavailable,pubget,,True
18052787,unavailable,pubget,,True
18053746,unavailable,pubget,,True
18055184,unavailable,pubget,,True
18055942,unavailable,pubget,,True
18057954,unavailable,pubget,,True
18058090,unavailable,pubget,,True
18058813,unavailable,pubget,,True
18060395,unavailable,pubget,,True
18060720,unavailable,pubget,,True
18060812,unavailable,pubget,,True
18061152,unavailable,pubget,,True
18061484,unavailable,pubget,,True
18063344,unavailable,pubget,,True
18068933,unavailable,pubget,,True
18070738,unavailable,pubget,,True
18070949,unavailable,pubget,,True
18072279,unavailable,pubget,,True
18072830,unavailable,pubget,,True
18076530,unavailable,pubget,,True
18077520,unavailable,pubget,,True
18077798,unavailable,pubget,,True
18079060,unavailable,pubget,,True
18082990,unavailable,pubget,,True
18086391,unavailable,pubget,,True
18086536,unavailable,pubget,,True
18090314,unavailable,pubget,,True
18092653,unavailable,pubget,,True
18094859,unavailable,pubget,,True
18158273,unavailable,pubget,,True
18160181,unavailable,pubget,,True
18160644,unavailable,pubget,,True
18162699,unavailable,pubget,,True
18165105,unavailable,pubget,,True
18171363,unavailable,pubget,,True
18172628,unavailable,pubget,,True
18172852,unavailable,pubget,,True
18175859,unavailable,pubget,,True
18178485,unavailable,pubget,,True
18180141,unavailable,pubget,,True
18180434,unavailable,pubget,,True
18181241,unavailable,pubget,,True
18181784,unavailable,pubget,,True
18181882,unavailable,pubget,,True
18184849,unavailable,pubget,,True
18190494,unavailable,pubget,,True
18191524,unavailable,pubget,,True
18191573,unavailable,pubget,,True
18194182,unavailable,pubget,,True
18196871,unavailable,pubget,,True
18201838,unavailable,pubget,,True
18201906,unavailable,pubget,,True
18203694,unavailable,pubget,,True
18204955,unavailable,pubget,,True
18206186,unavailable,pubget,,True
18206391,unavailable,pubget,,True
18207248,unavailable,pubget,,True
18207441,unavailable,pubget,,True
18208900,unavailable,pubget,,True
18210810,unavailable,pubget,,True
18211230,unavailable,pubget,,True
18211236,unavailable,pubget,,True
18217881,unavailable,pubget,,True
18219619,unavailable,pubget,,True
18228024,unavailable,pubget,,True
18234508,unavailable,pubget,,True
18234509,unavailable,pubget,,True
18234523,unavailable,pubget,,True
18234685,unavailable,pubget,,True
18235427,unavailable,pubget,,True
18238903,unavailable,pubget,,True
18240321,unavailable,pubget,,True
18241912,unavailable,pubget,,True
18243736,unavailable,pubget,,True
18245041,unavailable,pubget,,True
18245043,unavailable,pubget,,True
18249421,unavailable,pubget,,True
18249423,unavailable,pubget,,True
18253676,unavailable,pubget,,True
18254547,unavailable,pubget,,True
18256259,unavailable,pubget,,True
18257001,unavailable,pubget,,True
18269651,unavailable,pubget,,True
18270878,unavailable,pubget,,True
18275332,unavailable,pubget,,True
18275335,unavailable,pubget,,True
18279361,unavailable,pubget,,True
18279872,unavailable,pubget,,True
18279946,unavailable,pubget,,True
18279947,unavailable,pubget,,True
18284346,unavailable,pubget,,True
18284348,unavailable,pubget,,True
18284352,unavailable,pubget,,True
18287937,unavailable,pubget,,True
18289881,unavailable,pubget,,True
18293042,unavailable,pubget,,True
18303568,unavailable,pubget,,True
18304205,unavailable,pubget,,True
18306450,unavailable,pubget,,True
18311533,unavailable,pubget,,True
18313791,unavailable,pubget,,True
18314252,unavailable,pubget,,True
18314351,unavailable,pubget,,True
18316207,unavailable,pubget,,True
18322462,unavailable,pubget,,True
18325789,unavailable,pubget,,True
18327513,unavailable,pubget,,True
18327832,unavailable,pubget,,True
18328726,unavailable,pubget,,True
18329291,unavailable,pubget,,True
18330870,unavailable,pubget,,True
18330872,unavailable,pubget,,True
18334435,unavailable,pubget,,True
18337016,unavailable,pubget,,True
18337422,unavailable,pubget,,True
18338245,unavailable,pubget,,True
18338840,unavailable,pubget,,True
18342424,unavailable,pubget,,True
18342473,unavailable,pubget,,True
18343159,unavailable,pubget,,True
18344173,unavailable,pubget,,True
18345980,unavailable,pubget,,True
18345983,unavailable,pubget,,True
18345989,unavailable,pubget,,True
18346831,unavailable,pubget,,True
18346913,unavailable,pubget,,True
18349055,unavailable,pubget,,True
18353127,unavailable,pubget,,True
18353285,unavailable,pubget,,True
18353521,unavailable,pubget,,True
18356025,unavailable,pubget,,True
18361438,unavailable,pubget,,True
18367048,unavailable,pubget,,True
18367078,unavailable,pubget,,True
18367410,unavailable,pubget,,True
18368572,unavailable,pubget,,True
18369089,unavailable,pubget,,True
18370593,unavailable,pubget,,True
18370596,unavailable,pubget,,True
18371593,unavailable,pubget,,True
18374608,unavailable,pubget,,True
18378168,unavailable,pubget,,True
18378553,unavailable,pubget,,True
18382271,unavailable,pubget,,True
18385097,unavailable,pubget,,True
18387583,unavailable,pubget,,True
18387584,unavailable,pubget,,True
18387825,unavailable,pubget,,True
18388730,unavailable,pubget,,True
18388732,unavailable,pubget,,True
18392411,unavailable,pubget,,True
18395472,unavailable,pubget,,True
18400793,unavailable,pubget,,True
18400794,unavailable,pubget,,True
18400954,unavailable,pubget,,True
18402630,unavailable,pubget,,True
18406628,unavailable,pubget,,True
18407471,unavailable,pubget,,True
18411061,unavailable,pubget,,True
18412112,unavailable,pubget,,True
18412113,unavailable,pubget,,True
18412129,unavailable,pubget,,True
18413290,unavailable,pubget,,True
18413706,unavailable,pubget,,True
18415787,unavailable,pubget,,True
18416672,unavailable,pubget,,True
18416674,unavailable,pubget,,True
18418597,unavailable,pubget,,True
18421120,unavailable,pubget,,True
18423328,unavailable,pubget,,True
18423926,unavailable,pubget,,True
18434091,unavailable,pubget,,True
18434201,unavailable,pubget,,True
18435753,unavailable,pubget,,True
18438867,unavailable,pubget,,True
18439410,unavailable,pubget,,True
18439825,unavailable,pubget,,True
18440493,unavailable,pubget,,True
18440959,unavailable,pubget,,True
18445024,unavailable,pubget,,True
18445694,unavailable,pubget,,True
18448300,unavailable,pubget,,True
18451192,unavailable,pubget,,True
18452748,unavailable,pubget,,True
18455152,unavailable,pubget,,True
18456393,unavailable,pubget,,True
18457507,unavailable,pubget,,True
18458902,unavailable,pubget,,True
18465129,unavailable,pubget,,True
18465269,unavailable,pubget,,True
18465746,unavailable,pubget,,True
18465747,unavailable,pubget,,True
18465788,unavailable,pubget,,True
18466667,unavailable,pubget,,True
18466987,unavailable,pubget,,True
18468692,unavailable,pubget,,True
18468869,unavailable,pubget,,True
18479670,unavailable,pubget,,True
18479876,unavailable,pubget,,True
18482724,unavailable,pubget,,True
18483003,unavailable,pubget,,True
18483724,unavailable,pubget,,True
18484855,unavailable,pubget,,True
18489966,unavailable,pubget,,True
18497359,unavailable,pubget,,True
18498034,unavailable,pubget,,True
18501457,unavailable,pubget,,True
18502045,unavailable,pubget,,True
18504037,unavailable,pubget,,True
18506167,unavailable,pubget,,True
18506392,unavailable,pubget,,True
18508873,unavailable,pubget,,True
18511023,unavailable,pubget,,True
18511693,unavailable,pubget,,True
18511955,unavailable,pubget,,True
18513352,unavailable,pubget,,True
18519527,unavailable,pubget,,True
18528855,unavailable,pubget,,True
18534567,unavailable,pubget,,True
18538585,unavailable,pubget,,True
18538587,unavailable,pubget,,True
18540914,unavailable,pubget,,True
18541277,unavailable,pubget,,True
18541279,unavailable,pubget,,True
18541979,unavailable,pubget,,True
18543017,unavailable,pubget,,True
18545916,unavailable,pubget,,True
18550030,unavailable,pubget,,True
18550762,unavailable,pubget,,True
18551236,unavailable,pubget,,True
18555666,unavailable,pubget,,True
18557921,unavailable,pubget,,True
18559406,unavailable,pubget,,True
18560817,unavailable,pubget,,True
18561672,unavailable,pubget,,True
18570207,unavailable,pubget,,True
18571794,unavailable,pubget,,True
18573836,unavailable,pubget,,True
18574581,unavailable,pubget,,True
18577390,unavailable,pubget,,True
18578599,unavailable,pubget,,True
18580230,unavailable,pubget,,True
18581342,unavailable,pubget,,True
18584891,unavailable,pubget,,True
18586109,unavailable,pubget,,True
18586234,unavailable,pubget,,True
18588603,unavailable,pubget,,True
18590730,unavailable,pubget,,True
18597227,unavailable,pubget,,True
18598768,unavailable,pubget,,True
18599025,unavailable,pubget,,True
18599179,unavailable,pubget,,True
18599316,unavailable,pubget,,True
18599318,unavailable,pubget,,True
18599400,unavailable,pubget,,True
18601618,unavailable,pubget,,True
18602410,unavailable,pubget,,True
18605868,unavailable,pubget,,True
18608515,unavailable,pubget,,True
18608854,unavailable,pubget,,True
18611446,unavailable,pubget,,True
18613374,unavailable,pubget,,True
18617159,unavailable,pubget,,True
18619668,unavailable,pubget,,True
18630473,unavailable,pubget,,True
18632890,unavailable,pubget,,True
18633804,unavailable,pubget,,True
18633826,unavailable,pubget,,True
18634889,unavailable,pubget,,True
18634890,unavailable,pubget,,True
18635241,unavailable,pubget,,True
18635699,unavailable,pubget,,True
18635705,unavailable,pubget,,True
18636549,unavailable,pubget,,True
18637829,unavailable,pubget,,True
18639870,unavailable,pubget,,True
18648194,unavailable,pubget,,True
18651258,unavailable,pubget,,True
18661163,unavailable,pubget,,True
18663166,unavailable,pubget,,True
18666103,unavailable,pubget,,True
18667768,unavailable,pubget,,True
18668147,unavailable,pubget,,True
18670852,unavailable,pubget,,True
18672071,unavailable,pubget,,True
18672352,unavailable,pubget,,True
18675995,unavailable,pubget,,True
18677746,unavailable,pubget,,True
18686056,unavailable,pubget,,True
18690373,unavailable,pubget,,True
18690393,unavailable,pubget,,True
18691562,unavailable,pubget,,True
18691703,unavailable,pubget,,True
18692790,unavailable,pubget,,True
18693898,unavailable,pubget,,True
18694837,unavailable,pubget,,True
18695872,unavailable,pubget,,True
18697558,unavailable,pubget,,True
18698134,unavailable,pubget,,True
18701392,unavailable,pubget,,True
18702576,unavailable,pubget,,True
18703030,unavailable,pubget,,True
18705293,unavailable,pubget,,True
18706507,unavailable,pubget,,True
18711708,unavailable,pubget,,True
18712181,unavailable,pubget,,True
18713782,unavailable,pubget,,True
18718543,unavailable,pubget,,True
18720013,unavailable,pubget,,True
18723676,unavailable,pubget,,True
18725239,unavailable,pubget,,True
18727682,unavailable,pubget,,True
18729718,unavailable,pubget,,True
18752413,unavailable,pubget,,True
18756363,unavailable,pubget,,True
18756367,unavailable,pubget,,True
18758379,unavailable,pubget,,True
18758934,unavailable,pubget,,True
18759811,unavailable,pubget,,True
18759938,unavailable,pubget,,True
18760631,unavailable,pubget,,True
18769311,unavailable,pubget,,True
18771673,unavailable,pubget,,True
18771675,unavailable,pubget,,True
18771801,unavailable,pubget,,True
18772259,unavailable,pubget,,True
18773731,unavailable,pubget,,True
18775476,unavailable,pubget,,True
18777563,unavailable,pubget,,True
18779428,unavailable,pubget,,True
18781431,unavailable,pubget,,True
18781582,unavailable,pubget,,True
18785653,unavailable,pubget,,True
18787658,unavailable,pubget,,True
18789981,unavailable,pubget,,True
18790064,unavailable,pubget,,True
18790618,unavailable,pubget,,True
18792858,unavailable,pubget,,True
18793658,unavailable,pubget,,True
18796186,unavailable,pubget,,True
18796430,unavailable,pubget,,True
18797310,unavailable,pubget,,True
18799681,unavailable,pubget,,True
18805460,unavailable,pubget,,True
18811906,unavailable,pubget,,True
18815263,unavailable,pubget,,True
18816821,unavailable,pubget,,True
18821979,unavailable,pubget,,True
18822797,unavailable,pubget,,True
18823229,unavailable,pubget,,True
18823235,unavailable,pubget,,True
18829134,unavailable,pubget,,True
18834906,unavailable,pubget,,True
18835581,unavailable,pubget,,True
18835663,unavailable,pubget,,True
18837865,unavailable,pubget,,True
18838037,unavailable,pubget,,True
18843187,unavailable,pubget,,True
18848444,unavailable,pubget,,True
18848742,unavailable,pubget,,True
18849533,unavailable,pubget,,True
18849690,unavailable,pubget,,True
18850346,unavailable,pubget,,True
18852055,unavailable,pubget,,True
18853338,unavailable,pubget,,True
18927345,unavailable,pubget,,True
18930036,unavailable,pubget,,True
18930635,unavailable,pubget,,True
18930746,unavailable,pubget,,True
18938251,unavailable,pubget,,True
18949462,unavailable,pubget,,True
18950928,unavailable,pubget,,True
18951032,unavailable,pubget,,True
18954477,unavailable,pubget,,True
18956461,unavailable,pubget,,True
18957312,unavailable,pubget,,True
18972392,unavailable,pubget,,True
18976695,unavailable,pubget,,True
18978327,unavailable,pubget,,True
18979834,unavailable,pubget,,True
18982612,unavailable,pubget,,True
18984453,unavailable,pubget,,True
18985100,unavailable,pubget,,True
18985127,unavailable,pubget,,True
18990710,unavailable,pubget,,True
18991195,unavailable,pubget,,True
18992288,unavailable,pubget,,True
18993006,unavailable,pubget,,True
19001696,unavailable,pubget,,True
19005004,unavailable,pubget,,True
19008206,unavailable,pubget,,True
19015078,unavailable,pubget,,True
19015083,unavailable,pubget,,True
19018949,unavailable,pubget,,True
19021206,unavailable,pubget,,True
19021411,unavailable,pubget,,True
19021972,unavailable,pubget,,True
19027078,unavailable,pubget,,True
19027195,unavailable,pubget,,True
19028549,unavailable,pubget,,True
19028588,unavailable,pubget,,True
19028593,unavailable,pubget,,True
19029284,unavailable,pubget,,True
19034897,unavailable,pubget,,True
19038850,unavailable,pubget,,True
19041965,unavailable,pubget,,True
19042912,unavailable,pubget,,True
19046993,unavailable,pubget,,True
19047359,unavailable,pubget,,True
19051093,unavailable,pubget,,True
19052111,unavailable,pubget,,True
19052210,unavailable,pubget,,True
19058786,unavailable,pubget,,True
19064878,unavailable,pubget,,True
19067772,unavailable,pubget,,True
19071223,unavailable,pubget,,True
19072906,unavailable,pubget,,True
19073624,unavailable,pubget,,True
19073802,unavailable,pubget,,True
19074498,unavailable,pubget,,True
19074979,unavailable,pubget,,True
19075356,unavailable,pubget,,True
19076399,unavailable,pubget,,True
19079567,unavailable,pubget,,True
19081023,unavailable,pubget,,True
19084070,unavailable,pubget,,True
19084071,unavailable,pubget,,True
19086020,unavailable,pubget,,True
19086201,unavailable,pubget,,True
19091969,unavailable,pubget,,True
19095220,unavailable,pubget,,True
19095230,unavailable,pubget,,True
19095892,unavailable,pubget,,True
19098351,unavailable,pubget,,True
19100312,unavailable,pubget,,True
19100840,unavailable,pubget,,True
19100845,unavailable,pubget,,True
19101639,unavailable,pubget,,True
19105056,unavailable,pubget,,True
19107748,unavailable,pubget,,True
19109512,unavailable,pubget,,True
19109997,unavailable,pubget,,True
19110394,unavailable,pubget,,True
19117159,unavailable,pubget,,True
19118131,unavailable,pubget,,True
19118194,unavailable,pubget,,True
19120444,unavailable,pubget,,True
19122029,unavailable,pubget,,True
19128681,unavailable,pubget,,True
19132615,unavailable,pubget,,True
19133239,unavailable,pubget,,True
19133862,unavailable,pubget,,True
19133968,unavailable,pubget,,True
19135155,unavailable,pubget,,True
19135215,unavailable,pubget,,True
19138749,unavailable,pubget,,True
19139412,unavailable,pubget,,True
19139866,unavailable,pubget,,True
19144587,unavailable,pubget,,True
19146235,unavailable,pubget,,True
19146355,unavailable,pubget,,True
19150518,unavailable,pubget,,True
19150784,unavailable,pubget,,True
19152067,unavailable,pubget,,True
19153890,unavailable,pubget,,True
19155350,unavailable,pubget,,True
19158200,unavailable,pubget,,True
19159693,unavailable,pubget,,True
19162200,unavailable,pubget,,True
19162201,unavailable,pubget,,True
19163596,unavailable,pubget,,True
19163619,unavailable,pubget,,True
19163694,unavailable,pubget,,True
19163697,unavailable,pubget,,True
19163962,unavailable,pubget,,True
19163965,unavailable,pubget,,True
19166946,unavailable,pubget,,True
19170662,unavailable,pubget,,True
19171077,unavailable,pubget,,True
19172647,unavailable,pubget,,True
19174180,unavailable,pubget,,True
19174368,unavailable,pubget,,True
19176280,unavailable,pubget,,True
19176827,unavailable,pubget,,True
19180558,unavailable,pubget,,True
19182479,unavailable,pubget,,True
19183133,unavailable,pubget,,True
19184997,unavailable,pubget,,True
19185468,unavailable,pubget,,True
19188113,unavailable,pubget,,True
19188115,unavailable,pubget,,True
19188245,unavailable,pubget,,True
19189286,unavailable,pubget,,True
19190727,unavailable,pubget,,True
19199406,unavailable,pubget,,True
19199409,unavailable,pubget,,True
19200242,unavailable,pubget,,True
19202330,unavailable,pubget,,True
19205017,unavailable,pubget,,True
19205838,unavailable,pubget,,True
19205842,unavailable,pubget,,True
19207199,unavailable,pubget,,True
19211878,unavailable,pubget,,True
19221144,unavailable,pubget,,True
19224116,unavailable,pubget,,True
19224618,unavailable,pubget,,True
19224975,unavailable,pubget,,True
19225946,unavailable,pubget,,True
19231783,unavailable,pubget,,True
19232481,unavailable,pubget,,True
19233234,unavailable,pubget,,True
19236528,unavailable,pubget,,True
19237269,unavailable,pubget,,True
19237342,unavailable,pubget,,True
19243926,unavailable,pubget,,True
19244353,unavailable,pubget,,True
19244518,unavailable,pubget,,True
19245906,unavailable,pubget,,True
19247255,unavailable,pubget,,True
19247994,unavailable,pubget,,True
19259973,unavailable,pubget,,True
19261334,unavailable,pubget,,True
19263104,unavailable,pubget,,True
19263420,unavailable,pubget,,True
19264142,unavailable,pubget,,True
19267382,unavailable,pubget,,True
19273460,unavailable,pubget,,True
19285142,unavailable,pubget,,True
19285560,unavailable,pubget,,True
19286464,unavailable,pubget,,True
19288464,unavailable,pubget,,True
19291529,unavailable,pubget,,True
19293824,unavailable,pubget,,True
19296728,unavailable,pubget,,True
19299441,unavailable,pubget,,True
19300063,unavailable,pubget,,True
19301993,unavailable,pubget,,True
19304859,unavailable,pubget,,True
19306363,unavailable,pubget,,True
19306445,unavailable,pubget,,True
19317377,unavailable,pubget,,True
19322649,unavailable,pubget,,True
19324533,unavailable,pubget,,True
19330172,unavailable,pubget,,True
19330592,unavailable,pubget,,True
19335198,unavailable,pubget,,True
19338714,unavailable,pubget,,True
19339493,unavailable,pubget,,True
19342124,unavailable,pubget,,True
19344685,unavailable,pubget,,True
19344773,unavailable,pubget,,True
19345269,unavailable,pubget,,True
19345734,unavailable,pubget,,True
19345736,unavailable,pubget,,True
19345899,unavailable,pubget,,True
19346328,unavailable,pubget,,True
19349234,unavailable,pubget,,True
19349237,unavailable,pubget,,True
19349314,unavailable,pubget,,True
19350564,unavailable,pubget,,True
19353674,unavailable,pubget,,True
19357387,unavailable,pubget,,True
19361566,unavailable,pubget,,True
19362152,unavailable,pubget,,True
19365800,unavailable,pubget,,True
19367205,unavailable,pubget,,True
19368857,unavailable,pubget,,True
19370440,unavailable,pubget,,True
19375260,unavailable,pubget,,True
19375695,unavailable,pubget,,True
19376244,unavailable,pubget,,True
19378277,unavailable,pubget,,True
19378878,unavailable,pubget,,True
19379906,unavailable,pubget,,True
19382109,unavailable,pubget,,True
19382897,unavailable,pubget,,True
19383055,unavailable,pubget,,True
19383503,unavailable,pubget,,True
19383937,unavailable,pubget,,True
19384887,unavailable,pubget,,True
19385991,unavailable,pubget,,True
19386636,unavailable,pubget,,True
19387076,unavailable,pubget,,True
19387979,unavailable,pubget,,True
19389718,unavailable,pubget,,True
19393011,unavailable,pubget,,True
19395524,unavailable,pubget,,True
19397900,unavailable,pubget,,True
19398017,unavailable,pubget,,True
19401380,unavailable,pubget,,True
19402923,unavailable,pubget,,True
19402924,unavailable,pubget,,True
19406904,unavailable,pubget,,True
19407219,unavailable,pubget,,True
19408112,unavailable,pubget,,True
19408165,unavailable,pubget,,True
19409224,unavailable,pubget,,True
19409498,unavailable,pubget,,True
19410583,unavailable,pubget,,True
19410589,unavailable,pubget,,True
19413453,unavailable,pubget,,True
19413476,unavailable,pubget,,True
19413478,unavailable,pubget,,True
19414043,unavailable,pubget,,True
19414052,unavailable,pubget,,True
19414462,unavailable,pubget,,True
19415166,unavailable,pubget,,True
19418510,unavailable,pubget,,True
19419593,unavailable,pubget,,True
19420090,unavailable,pubget,,True
19421809,unavailable,pubget,,True
19424100,unavailable,pubget,,True
19425037,unavailable,pubget,,True
19427522,unavailable,pubget,,True
19427907,unavailable,pubget,,True
19428222,unavailable,pubget,,True
19428399,unavailable,pubget,,True
19428403,unavailable,pubget,,True
19428411,unavailable,pubget,,True
19429132,unavailable,pubget,,True
19429163,unavailable,pubget,,True
19429173,unavailable,pubget,,True
19433416,unavailable,pubget,,True
19433790,unavailable,pubget,,True
19434584,unavailable,pubget,,True
19435709,unavailable,pubget,,True
19437053,unavailable,pubget,,True
19437496,unavailable,pubget,,True
19439588,unavailable,pubget,,True
19440162,unavailable,pubget,,True
19442869,unavailable,pubget,,True
19443657,unavailable,pubget,,True
19444347,unavailable,pubget,,True
19446442,unavailable,pubget,,True
19446443,unavailable,pubget,,True
19449331,unavailable,pubget,,True
19450657,unavailable,pubget,,True
19450694,unavailable,pubget,,True
19452191,unavailable,pubget,,True
19457356,unavailable,pubget,,True
19457367,unavailable,pubget,,True
19459013,unavailable,pubget,,True
19460443,unavailable,pubget,,True
19460543,unavailable,pubget,,True
19460870,unavailable,pubget,,True
19465009,unavailable,pubget,,True
19465134,unavailable,pubget,,True
19467359,unavailable,pubget,,True
19472406,unavailable,pubget,,True
19474122,unavailable,pubget,,True
19478379,unavailable,pubget,,True
19479729,unavailable,pubget,,True
19480235,unavailable,pubget,,True
19481159,unavailable,pubget,,True
19490042,unavailable,pubget,,True
19492301,unavailable,pubget,,True
19493626,unavailable,pubget,,True
19497374,unavailable,pubget,,True
19499585,unavailable,pubget,,True
19500088,unavailable,pubget,,True
19505583,unavailable,pubget,,True
19507155,unavailable,pubget,,True
19507588,unavailable,pubget,,True
19512976,unavailable,pubget,,True
19515831,unavailable,pubget,,True
19518263,unavailable,pubget,,True
19520175,unavailable,pubget,,True
19520177,unavailable,pubget,,True
19520360,unavailable,pubget,,True
19521974,unavailable,pubget,,True
19525715,unavailable,pubget,,True
19526047,unavailable,pubget,,True
19530217,unavailable,pubget,,True
19530219,unavailable,pubget,,True
19530277,unavailable,pubget,,True
19536354,unavailable,pubget,,True
19536435,unavailable,pubget,,True
19539034,unavailable,pubget,,True
19539770,unavailable,pubget,,True
19543005,unavailable,pubget,,True
19545475,unavailable,pubget,,True
19549284,unavailable,pubget,,True
19552900,unavailable,pubget,,True
19553435,unavailable,pubget,,True
19557858,unavailable,pubget,,True
19560547,unavailable,pubget,,True
19562437,unavailable,pubget,,True
19566776,unavailable,pubget,,True
19567340,unavailable,pubget,,True
19567364,unavailable,pubget,,True
19570530,unavailable,pubget,,True
19571281,unavailable,pubget,,True
19571734,unavailable,pubget,,True
19572308,unavailable,pubget,,True
19573900,unavailable,pubget,,True
19575412,unavailable,pubget,,True
19576235,unavailable,pubget,,True
19576772,unavailable,pubget,,True
19579091,unavailable,pubget,,True
19584890,unavailable,pubget,,True
19585350,unavailable,pubget,,True
19591407,unavailable,pubget,,True
19594667,unavailable,pubget,,True
19595679,unavailable,pubget,,True
19597090,unavailable,pubget,,True
19598133,unavailable,pubget,,True
19605520,unavailable,pubget,,True
19606387,unavailable,pubget,,True
19615733,unavailable,pubget,,True
19618486,unavailable,pubget,,True
19619665,unavailable,pubget,,True
19621369,unavailable,pubget,,True
19621370,unavailable,pubget,,True
19623870,unavailable,pubget,,True
19624392,unavailable,pubget,,True
19626537,unavailable,pubget,,True
19631276,unavailable,pubget,,True
19631626,unavailable,pubget,,True
19631673,unavailable,pubget,,True
19632066,unavailable,pubget,,True
19632299,unavailable,pubget,,True
19632301,unavailable,pubget,,True
19632852,unavailable,pubget,,True
19635368,unavailable,pubget,,True
19637101,unavailable,pubget,,True
19640484,unavailable,pubget,,True
19640506,unavailable,pubget,,True
19642048,unavailable,pubget,,True
19642879,unavailable,pubget,,True
19643117,unavailable,pubget,,True
19645622,unavailable,pubget,,True
19645826,unavailable,pubget,,True
19647038,unavailable,pubget,,True
19652293,unavailable,pubget,,True
19657696,unavailable,pubget,,True
19662456,unavailable,pubget,,True
19662656,unavailable,pubget,,True
19665104,unavailable,pubget,,True
19665784,unavailable,pubget,,True
19665923,unavailable,pubget,,True
19666127,unavailable,pubget,,True
19673793,unavailable,pubget,,True
19674842,unavailable,pubget,,True
19678593,unavailable,pubget,,True
19679762,unavailable,pubget,,True
19683419,unavailable,pubget,,True
19686705,unavailable,pubget,,True
19686782,unavailable,pubget,,True
19687293,unavailable,pubget,,True
19687531,unavailable,pubget,,True
19692211,unavailable,pubget,,True
19694254,unavailable,pubget,,True
19695469,unavailable,pubget,,True
19695692,unavailable,pubget,,True
19696967,unavailable,pubget,,True
19696986,unavailable,pubget,,True
19698042,unavailable,pubget,,True
19698726,unavailable,pubget,,True
19698727,unavailable,pubget,,True
19699306,unavailable,pubget,,True
19699795,unavailable,pubget,,True
19705330,unavailable,pubget,,True
19707785,unavailable,pubget,,True
19709652,unavailable,pubget,,True
19709972,unavailable,pubget,,True
19709999,unavailable,pubget,,True
19710182,unavailable,pubget,,True
19710691,unavailable,pubget,,True
19713602,unavailable,pubget,,True
19715400,unavailable,pubget,,True
19720925,unavailable,pubget,,True
19726233,unavailable,pubget,,True
19727598,unavailable,pubget,,True
19732120,unavailable,pubget,,True
19732478,unavailable,pubget,,True
19732838,unavailable,pubget,,True
19733247,unavailable,pubget,,True
19733673,unavailable,pubget,,True
19737873,unavailable,pubget,,True
19740135,unavailable,pubget,,True
19744826,unavailable,pubget,,True
19745020,unavailable,pubget,,True
19747163,unavailable,pubget,,True
19747900,unavailable,pubget,,True
19748075,unavailable,pubget,,True
19748078,unavailable,pubget,,True
19748540,unavailable,pubget,,True
19750921,unavailable,pubget,,True
19751546,unavailable,pubget,,True
19761315,unavailable,pubget,,True
19761853,unavailable,pubget,,True
19765205,unavailable,pubget,,True
19765600,unavailable,pubget,,True
19776563,unavailable,pubget,,True
19777557,unavailable,pubget,,True
19778621,unavailable,pubget,,True
19781653,unavailable,pubget,,True
19785875,unavailable,pubget,,True
19786284,unavailable,pubget,,True
19786925,unavailable,pubget,,True
19789883,unavailable,pubget,,True
19805050,unavailable,pubget,,True
19805691,unavailable,pubget,,True
19809102,unavailable,pubget,,True
19809575,unavailable,pubget,,True
19812293,unavailable,pubget,,True
19812330,unavailable,pubget,,True
19816637,unavailable,pubget,,True
19817807,unavailable,pubget,,True
19817808,unavailable,pubget,,True
19818210,unavailable,pubget,,True
19825347,unavailable,pubget,,True
19833215,unavailable,pubget,,True
19833321,unavailable,pubget,,True
19833790,unavailable,pubget,,True
19834573,unavailable,pubget,,True
19834653,unavailable,pubget,,True
19837177,unavailable,pubget,,True
19837179,unavailable,pubget,,True
19843664,unavailable,pubget,,True
19846064,unavailable,pubget,,True
19846472,unavailable,pubget,,True
19847160,unavailable,pubget,,True
19850055,unavailable,pubget,,True
19850134,unavailable,pubget,,True
19854215,unavailable,pubget,,True
19854279,unavailable,pubget,,True
19861234,unavailable,pubget,,True
19862697,unavailable,pubget,,True
19863259,unavailable,pubget,,True
19875053,unavailable,pubget,,True
19875055,unavailable,pubget,,True
19875216,unavailable,pubget,,True
19878726,unavailable,pubget,,True
19878729,unavailable,pubget,,True
19879918,unavailable,pubget,,True
19880216,unavailable,pubget,,True
19882649,unavailable,pubget,,True
19883305,unavailable,pubget,,True
19883666,unavailable,pubget,,True
19890012,unavailable,pubget,,True
19900376,unavailable,pubget,,True
19900561,unavailable,pubget,,True
19904285,unavailable,pubget,,True
19906809,unavailable,pubget,,True
19912175,unavailable,pubget,,True
19913101,unavailable,pubget,,True
19914263,unavailable,pubget,,True
19917924,unavailable,pubget,,True
19922376,unavailable,pubget,,True
19922803,unavailable,pubget,,True
19923280,unavailable,pubget,,True
19925196,unavailable,pubget,,True
19926457,unavailable,pubget,,True
19927062,unavailable,pubget,,True
19927261,unavailable,pubget,,True
19927262,unavailable,pubget,,True
19932706,unavailable,pubget,,True
19933712,unavailable,pubget,,True
19934999,unavailable,pubget,,True
19937337,unavailable,pubget,,True
19940790,unavailable,pubget,,True
19943430,unavailable,pubget,,True
19944767,unavailable,pubget,,True
19946611,unavailable,pubget,,True
19947462,unavailable,pubget,,True
19948224,unavailable,pubget,,True
19949981,unavailable,pubget,,True
19949982,unavailable,pubget,,True
19950195,unavailable,pubget,,True
19955945,unavailable,pubget,,True
19956088,unavailable,pubget,,True
19957266,unavailable,pubget,,True
19958383,unavailable,pubget,,True
19959006,unavailable,pubget,,True
19959009,unavailable,pubget,,True
19959345,unavailable,pubget,,True
19961836,unavailable,pubget,,True
19962441,unavailable,pubget,,True
19963068,unavailable,pubget,,True
19963621,unavailable,pubget,,True
19963903,unavailable,pubget,,True
19963905,unavailable,pubget,,True
19964387,unavailable,pubget,,True
19964570,unavailable,pubget,,True
19964791,unavailable,pubget,,True
19964850,unavailable,pubget,,True
19964851,unavailable,pubget,,True
19965858,unavailable,pubget,,True
19966326,unavailable,pubget,,True
19969009,unavailable,pubget,,True
19969092,unavailable,pubget,,True
19969097,unavailable,pubget,,True
19995868,unavailable,pubget,,True
20004253,unavailable,pubget,,True
20004724,unavailable,pubget,,True
20005962,unavailable,pubget,,True
20008650,unavailable,pubget,,True
20009194,unavailable,pubget,,True
20009452,unavailable,pubget,,True
20014387,unavailable,pubget,,True
20014654,unavailable,pubget,,True
20017002,unavailable,pubget,,True
20017117,unavailable,pubget,,True
20020345,unavailable,pubget,,True
20023324,unavailable,pubget,,True
20025620,unavailable,pubget,,True
20026224,unavailable,pubget,,True
20027572,unavailable,pubget,,True
20029833,unavailable,pubget,,True
20034546,unavailable,pubget,,True
20036289,unavailable,pubget,,True
20041477,unavailable,pubget,,True
20044008,unavailable,pubget,,True
20045473,unavailable,pubget,,True
20046891,unavailable,pubget,,True
20049657,unavailable,pubget,,True
20051318,unavailable,pubget,,True
20051364,unavailable,pubget,,True
20051927,unavailable,pubget,,True
20052528,unavailable,pubget,,True
20053346,unavailable,pubget,,True
20053379,unavailable,pubget,,True
20053383,unavailable,pubget,,True
20053431,unavailable,pubget,,True
20056150,unavailable,pubget,,True
20056162,unavailable,pubget,,True
20058321,unavailable,pubget,,True
20059314,unavailable,pubget,,True
20059991,unavailable,pubget,,True
20060479,unavailable,pubget,,True
20063353,unavailable,pubget,,True
20066395,unavailable,pubget,,True
20068272,unavailable,pubget,,True
20074647,unavailable,pubget,,True
20080877,unavailable,pubget,,True
20083322,unavailable,pubget,,True
20083773,unavailable,pubget,,True
20090680,unavailable,pubget,,True
20092581,unavailable,pubget,,True
20095463,unavailable,pubget,,True
20096539,unavailable,pubget,,True
20097029,unavailable,pubget,,True
20097290,unavailable,pubget,,True
20100584,unavailable,pubget,,True
20100882,unavailable,pubget,,True
20103390,unavailable,pubget,,True
20104059,unavailable,pubget,,True
20105435,unavailable,pubget,,True
20107135,unavailable,pubget,,True
20113879,unavailable,pubget,,True
20116072,unavailable,pubget,,True
20116955,unavailable,pubget,,True
20117893,unavailable,pubget,,True
20117894,unavailable,pubget,,True
20121315,unavailable,pubget,,True
20123114,unavailable,pubget,,True
20123912,unavailable,pubget,,True
20124742,unavailable,pubget,,True
20128672,unavailable,pubget,,True
20130360,unavailable,pubget,,True
20132897,unavailable,pubget,,True
20138674,unavailable,pubget,,True
20143109,unavailable,pubget,,True
20143387,unavailable,pubget,,True
20146606,unavailable,pubget,,True
20153142,unavailable,pubget,,True
20154432,unavailable,pubget,,True
20157373,unavailable,pubget,,True
20157644,unavailable,pubget,,True
20160400,unavailable,pubget,,True
20161012,unavailable,pubget,,True
20162320,unavailable,pubget,,True
20162605,unavailable,pubget,,True
20164122,unavailable,pubget,,True
20167511,unavailable,pubget,,True
20168289,unavailable,pubget,,True
20170692,unavailable,pubget,,True
20177671,unavailable,pubget,,True
20177767,unavailable,pubget,,True
20178033,unavailable,pubget,,True
20184959,unavailable,pubget,,True
20188195,unavailable,pubget,,True
20188768,unavailable,pubget,,True
20190005,unavailable,pubget,,True
20196419,unavailable,pubget,,True
20197344,unavailable,pubget,,True
20198277,unavailable,pubget,,True
20201631,unavailable,pubget,,True
20201893,unavailable,pubget,,True
20203139,unavailable,pubget,,True
20205245,unavailable,pubget,,True
20208095,unavailable,pubget,,True
20215749,unavailable,pubget,,True
20218804,unavailable,pubget,,True
20219248,unavailable,pubget,,True
20221319,unavailable,pubget,,True
20221954,unavailable,pubget,,True
20223853,unavailable,pubget,,True
20224157,unavailable,pubget,,True
20226257,unavailable,pubget,,True
20226767,unavailable,pubget,,True
20227458,unavailable,pubget,,True
20227508,unavailable,pubget,,True
20229085,unavailable,pubget,,True
20229366,unavailable,pubget,,True
20232398,unavailable,pubget,,True
20233646,unavailable,pubget,,True
20235096,unavailable,pubget,,True
20235336,unavailable,pubget,,True
20236568,unavailable,pubget,,True
20237774,unavailable,pubget,,True
20302028,unavailable,pubget,,True
20303392,unavailable,pubget,,True
20304726,unavailable,pubget,,True
20304727,unavailable,pubget,,True
20336064,unavailable,pubget,,True
20336654,unavailable,pubget,,True
20336655,unavailable,pubget,,True
20336659,unavailable,pubget,,True
20336685,unavailable,pubget,,True
20336688,unavailable,pubget,,True
20338015,unavailable,pubget,,True
20338016,unavailable,pubget,,True
20338246,unavailable,pubget,,True
20345597,unavailable,pubget,,True
20345920,unavailable,pubget,,True
20346460,unavailable,pubget,,True
20347043,unavailable,pubget,,True
20350608,unavailable,pubget,,True
20357688,unavailable,pubget,,True
20358141,unavailable,pubget,,True
20362418,unavailable,pubget,,True
20362676,unavailable,pubget,,True
20363808,unavailable,pubget,,True
20367444,unavailable,pubget,,True
20368310,unavailable,pubget,,True
20374203,unavailable,pubget,,True
20375250,unavailable,pubget,,True
20377346,unavailable,pubget,,True
20378140,unavailable,pubget,,True
20381584,unavailable,pubget,,True
20384762,unavailable,pubget,,True
20385153,unavailable,pubget,,True
20385169,unavailable,pubget,,True
20385245,unavailable,pubget,,True
20385914,unavailable,pubget,,True
20394901,unavailable,pubget,,True
20396883,unavailable,pubget,,True
20398773,unavailable,pubget,,True
20399735,unavailable,pubget,,True
20399796,unavailable,pubget,,True
20400937,unavailable,pubget,,True
20401334,unavailable,pubget,,True
20401770,unavailable,pubget,,True
20402571,unavailable,pubget,,True
20403508,unavailable,pubget,,True
20406690,unavailable,pubget,,True
20408214,unavailable,pubget,,True
20408228,unavailable,pubget,,True
20408231,unavailable,pubget,,True
20408237,unavailable,pubget,,True
20408241,unavailable,pubget,,True
20408243,unavailable,pubget,,True
20408247,unavailable,pubget,,True
20410186,unavailable,pubget,,True
20411397,unavailable,pubget,,True
20411412,unavailable,pubget,,True
20413893,unavailable,pubget,,True
20415605,unavailable,pubget,,True
20416363,unavailable,pubget,,True
20417065,unavailable,pubget,,True
20417235,unavailable,pubget,,True
20417582,unavailable,pubget,,True
20420766,unavailable,pubget,,True
20420925,unavailable,pubget,,True
20421135,unavailable,pubget,,True
20423700,unavailable,pubget,,True
20423753,unavailable,pubget,,True
20426084,unavailable,pubget,,True
20426143,unavailable,pubget,,True
20427649,unavailable,pubget,,True
20429752,unavailable,pubget,,True
20433243,unavailable,pubget,,True
20433774,unavailable,pubget,,True
20433856,unavailable,pubget,,True
20435051,unavailable,pubget,,True
20436790,unavailable,pubget,,True
20437130,unavailable,pubget,,True
20441384,unavailable,pubget,,True
20443788,unavailable,pubget,,True
20445118,unavailable,pubget,,True
20448078,unavailable,pubget,,True
20450898,unavailable,pubget,,True
20451622,unavailable,pubget,,True
20452436,unavailable,pubget,,True
20455860,unavailable,pubget,,True
20455867,unavailable,pubget,,True
20456660,unavailable,pubget,,True
20456889,unavailable,pubget,,True
20462326,unavailable,pubget,,True
20466041,unavailable,pubget,,True
20466521,unavailable,pubget,,True
20467871,unavailable,pubget,,True
20471139,unavailable,pubget,,True
20471191,unavailable,pubget,,True
20472074,unavailable,pubget,,True
20480244,unavailable,pubget,,True
20480845,unavailable,pubget,,True
20490606,unavailable,pubget,,True
20494338,unavailable,pubget,,True
20494627,unavailable,pubget,,True
20498351,unavailable,pubget,,True
20503116,unavailable,pubget,,True
20508544,unavailable,pubget,,True
20521082,unavailable,pubget,,True
20521489,unavailable,pubget,,True
20521858,unavailable,pubget,,True
20525535,unavailable,pubget,,True
20528824,unavailable,pubget,,True
20533560,unavailable,pubget,,True
20537929,unavailable,pubget,,True
20539026,unavailable,pubget,,True
20541287,unavailable,pubget,,True
20541653,unavailable,pubget,,True
20547416,unavailable,pubget,,True
20550178,unavailable,pubget,,True
20557486,unavailable,pubget,,True
20558203,unavailable,pubget,,True
20558983,unavailable,pubget,,True
20559457,unavailable,pubget,,True
20561537,unavailable,pubget,,True
20561898,unavailable,pubget,,True
20561934,unavailable,pubget,,True
20570244,unavailable,pubget,,True
20570602,unavailable,pubget,,True
20574659,unavailable,pubget,,True
20576593,unavailable,pubget,,True
20576647,unavailable,pubget,,True
20578173,unavailable,pubget,,True
20578830,unavailable,pubget,,True
20579005,unavailable,pubget,,True
20579177,unavailable,pubget,,True
20580827,unavailable,pubget,,True
20584176,unavailable,pubget,,True
20589879,unavailable,pubget,,True
20592212,unavailable,pubget,,True
20593194,unavailable,pubget,,True
20598238,unavailable,pubget,,True
20598927,unavailable,pubget,,True
20599364,unavailable,pubget,,True
20599816,unavailable,pubget,,True
20600186,unavailable,pubget,,True
20600969,unavailable,pubget,,True
20600985,unavailable,pubget,,True
20602430,unavailable,pubget,,True
20602897,unavailable,pubget,,True
20603219,unavailable,pubget,,True
20603449,unavailable,pubget,,True
20607534,unavailable,pubget,,True
20608963,unavailable,pubget,,True
20610743,unavailable,pubget,,True
20610756,unavailable,pubget,,True
20615132,unavailable,pubget,,True
20616025,unavailable,pubget,,True
20617887,unavailable,pubget,,True
20620212,unavailable,pubget,,True
20623771,unavailable,pubget,,True
20627131,unavailable,pubget,,True
20627366,unavailable,pubget,,True
20629484,unavailable,pubget,,True
20631240,unavailable,pubget,,True
20632551,unavailable,pubget,,True
20632612,unavailable,pubget,,True
20634590,unavailable,pubget,,True
20637819,unavailable,pubget,,True
20643213,unavailable,pubget,,True
20644923,unavailable,pubget,,True
20645312,unavailable,pubget,,True
20648039,unavailable,pubget,,True
20649745,unavailable,pubget,,True
20654698,unavailable,pubget,,True
20656826,unavailable,pubget,,True
20659452,unavailable,pubget,,True
20660253,unavailable,pubget,,True
20660768,unavailable,pubget,,True
20660918,unavailable,pubget,,True
20665723,unavailable,pubget,,True
20666600,unavailable,pubget,,True
20669165,unavailable,pubget,,True
20670083,unavailable,pubget,,True
20673801,unavailable,pubget,,True
20674279,unavailable,pubget,,True
20674482,unavailable,pubget,,True
20678981,unavailable,pubget,,True
20681013,unavailable,pubget,,True
20681467,unavailable,pubget,,True
20685992,unavailable,pubget,,True
20686745,unavailable,pubget,,True
20690141,unavailable,pubget,,True
20691274,unavailable,pubget,,True
20691675,unavailable,pubget,,True
20691792,unavailable,pubget,,True
20696496,unavailable,pubget,,True
20697116,unavailable,pubget,,True
20699208,unavailable,pubget,,True
20702500,unavailable,pubget,,True
20704689,unavailable,pubget,,True
20704964,unavailable,pubget,,True
20708069,unavailable,pubget,,True
20708907,unavailable,pubget,,True
20709150,unavailable,pubget,,True
20709176,unavailable,pubget,,True
20711940,unavailable,pubget,,True
20712823,unavailable,pubget,,True
20716396,unavailable,pubget,,True
20718912,unavailable,pubget,,True
20719532,unavailable,pubget,,True
20723605,unavailable,pubget,,True
20725910,unavailable,pubget,,True
20725914,unavailable,pubget,,True
20727941,unavailable,pubget,,True
20728549,unavailable,pubget,,True
20729396,unavailable,pubget,,True
20729989,unavailable,pubget,,True
20731637,unavailable,pubget,,True
20731962,unavailable,pubget,,True
20732630,unavailable,pubget,,True
20732901,unavailable,pubget,,True
20733346,unavailable,pubget,,True
20735805,unavailable,pubget,,True
20736069,unavailable,pubget,,True
20739343,unavailable,pubget,,True
20800649,unavailable,pubget,,True
20801897,unavailable,pubget,,True
20804287,unavailable,pubget,,True
20805535,unavailable,pubget,,True
20805537,unavailable,pubget,,True
20807578,unavailable,pubget,,True
20810879,unavailable,pubget,,True
20813639,unavailable,pubget,,True
20814963,unavailable,pubget,,True
20815480,unavailable,pubget,,True
20817279,unavailable,pubget,,True
20818513,unavailable,pubget,,True
20827261,unavailable,pubget,,True
20832486,unavailable,pubget,,True
20833223,unavailable,pubget,,True
20833501,unavailable,pubget,,True
20833761,unavailable,pubget,,True
20836159,unavailable,pubget,,True
20837822,unavailable,pubget,,True
20838906,unavailable,pubget,,True
20838907,unavailable,pubget,,True
20847425,unavailable,pubget,,True
20850026,unavailable,pubget,,True
20850237,unavailable,pubget,,True
20850598,unavailable,pubget,,True
20851168,unavailable,pubget,,True
20851770,unavailable,pubget,,True
20854878,unavailable,pubget,,True
20855051,unavailable,pubget,,True
20857080,unavailable,pubget,,True
20857849,unavailable,pubget,,True
20859295,unavailable,pubget,,True
20859921,unavailable,pubget,,True
20860570,unavailable,pubget,,True
20861435,unavailable,pubget,,True
20862617,unavailable,pubget,,True
20864288,unavailable,pubget,,True
20865250,unavailable,pubget,,True
20865729,unavailable,pubget,,True
20869400,unavailable,pubget,,True
20869449,unavailable,pubget,,True
20869846,unavailable,pubget,,True
20870689,unavailable,pubget,,True
20875462,unavailable,pubget,,True
20876008,unavailable,pubget,,True
20876115,unavailable,pubget,,True
20879336,unavailable,pubget,,True
20881375,unavailable,pubget,,True
20881565,unavailable,pubget,,True
20882553,unavailable,pubget,,True
20884355,unavailable,pubget,,True
20886575,unavailable,pubget,,True
20888847,unavailable,pubget,,True
20888872,unavailable,pubget,,True
20889428,unavailable,pubget,,True
20920590,unavailable,pubget,,True
20924594,unavailable,pubget,,True
20924688,unavailable,pubget,,True
20926657,unavailable,pubget,,True
20932922,unavailable,pubget,,True
20933093,unavailable,pubget,,True
20936298,unavailable,pubget,,True
20938177,unavailable,pubget,,True
20951664,unavailable,pubget,,True
20957527,unavailable,pubget,,True
20957581,unavailable,pubget,,True
20957583,unavailable,pubget,,True
20957584,unavailable,pubget,,True
20957649,unavailable,pubget,,True
20959375,unavailable,pubget,,True
20960572,unavailable,pubget,,True
20961661,unavailable,pubget,,True
20962223,unavailable,pubget,,True
20962233,unavailable,pubget,,True
20962245,unavailable,pubget,,True
20964954,unavailable,pubget,,True
20965696,unavailable,pubget,,True
20973710,unavailable,pubget,,True
20974268,unavailable,pubget,,True
20974270,unavailable,pubget,,True
20976129,unavailable,pubget,,True
20977537,unavailable,pubget,,True
20980667,unavailable,pubget,,True
20981611,unavailable,pubget,,True
21030486,unavailable,pubget,,True
21036014,unavailable,pubget,,True
21040792,unavailable,pubget,,True
21048292,unavailable,pubget,,True
21051038,unavailable,pubget,,True
21053763,unavailable,pubget,,True
21055625,unavailable,pubget,,True
21057339,unavailable,pubget,,True
21061671,unavailable,pubget,,True
21063144,unavailable,pubget,,True
21073548,unavailable,pubget,,True
21073963,unavailable,pubget,,True
21074583,unavailable,pubget,,True
21075551,unavailable,pubget,,True
21077136,unavailable,pubget,,True
21078303,unavailable,pubget,,True
21078400,unavailable,pubget,,True
21080118,unavailable,pubget,,True
21081115,unavailable,pubget,,True
21081825,unavailable,pubget,,True
21083626,unavailable,pubget,,True
21084608,unavailable,pubget,,True
21090881,unavailable,pubget,,True
21093970,unavailable,pubget,,True
21094663,unavailable,pubget,,True
21096491,unavailable,pubget,,True
21096898,unavailable,pubget,,True
21097303,unavailable,pubget,,True
21097318,unavailable,pubget,,True
21097323,unavailable,pubget,,True
21098912,unavailable,pubget,,True
21105284,unavailable,pubget,,True
21111514,unavailable,pubget,,True
21113608,unavailable,pubget,,True
21119752,unavailable,pubget,,True
21126157,unavailable,pubget,,True
21126527,unavailable,pubget,,True
21126842,unavailable,pubget,,True
21129823,unavailable,pubget,,True
21130141,unavailable,pubget,,True
21131750,unavailable,pubget,,True
21134014,unavailable,pubget,,True
21134473,unavailable,pubget,,True
21134809,unavailable,pubget,,True
21135385,unavailable,pubget,,True
21138070,unavailable,pubget,,True
21138392,unavailable,pubget,,True
21140434,unavailable,pubget,,True
21144115,unavailable,pubget,,True
21144499,unavailable,pubget,,True
21146453,unavailable,pubget,,True
21146615,unavailable,pubget,,True
21147519,unavailable,pubget,,True
21147931,unavailable,pubget,,True
21148010,unavailable,pubget,,True
21150057,unavailable,pubget,,True
21151713,unavailable,pubget,,True
21154218,unavailable,pubget,,True
21154789,unavailable,pubget,,True
21155879,unavailable,pubget,,True
21158277,unavailable,pubget,,True
21158319,unavailable,pubget,,True
21159322,unavailable,pubget,,True
21159952,unavailable,pubget,,True
21160699,unavailable,pubget,,True
21162045,unavailable,pubget,,True
21163274,unavailable,pubget,,True
21163879,unavailable,pubget,,True
21165006,unavailable,pubget,,True
21165540,unavailable,pubget,,True
21168394,unavailable,pubget,,True
21168427,unavailable,pubget,,True
21169287,unavailable,pubget,,True
21171304,unavailable,pubget,,True
21175013,unavailable,pubget,,True
21175614,unavailable,pubget,,True
21181800,unavailable,pubget,,True
21182967,unavailable,pubget,,True
21185903,unavailable,pubget,,True
21188286,unavailable,pubget,,True
21193541,unavailable,pubget,,True
21194569,unavailable,pubget,,True
21195135,unavailable,pubget,,True
21195295,unavailable,pubget,,True
21204760,unavailable,pubget,,True
21210111,unavailable,pubget,,True
21210340,unavailable,pubget,,True
21211569,unavailable,pubget,,True
21213412,unavailable,pubget,,True
21213413,unavailable,pubget,,True
21215442,unavailable,pubget,,True
21215597,unavailable,pubget,,True
21224415,unavailable,pubget,,True
21224491,unavailable,pubget,,True
21227152,unavailable,pubget,,True
21227232,unavailable,pubget,,True
21228306,unavailable,pubget,,True
21229616,unavailable,pubget,,True
21232548,unavailable,pubget,,True
21232613,unavailable,pubget,,True
21232817,unavailable,pubget,,True
21232892,unavailable,pubget,,True
21236276,unavailable,pubget,,True
21248130,unavailable,pubget,,True
21248684,unavailable,pubget,,True
21252551,unavailable,pubget,,True
21254802,unavailable,pubget,,True
21255179,unavailable,pubget,,True
21255659,unavailable,pubget,,True
21255663,unavailable,pubget,,True
21256220,unavailable,pubget,,True
21258093,unavailable,pubget,,True
21259381,unavailable,pubget,,True
21259382,unavailable,pubget,,True
21259385,unavailable,pubget,,True
21265605,unavailable,pubget,,True
21266125,unavailable,pubget,,True
21268930,unavailable,pubget,,True
21271311,unavailable,pubget,,True
21273134,unavailable,pubget,,True
21274987,unavailable,pubget,,True
21278012,unavailable,pubget,,True
21278826,unavailable,pubget,,True
21278912,unavailable,pubget,,True
21285697,unavailable,pubget,,True
21285908,unavailable,pubget,,True
21287170,unavailable,pubget,,True
21288518,unavailable,pubget,,True
21289180,unavailable,pubget,,True
21291959,unavailable,pubget,,True
21292388,unavailable,pubget,,True
21294021,unavailable,pubget,,True
21295145,unavailable,pubget,,True
21296443,unavailable,pubget,,True
21296649,unavailable,pubget,,True
21300162,unavailable,pubget,,True
21300967,unavailable,pubget,,True
21304319,unavailable,pubget,,True
21305662,unavailable,pubget,,True
21305663,unavailable,pubget,,True
21314488,unavailable,pubget,,True
21315273,unavailable,pubget,,True
21315286,unavailable,pubget,,True
21317080,unavailable,pubget,,True
21318476,unavailable,pubget,,True
21320609,unavailable,pubget,,True
21320741,unavailable,pubget,,True
21331320,unavailable,pubget,,True
21331932,unavailable,pubget,,True
21332594,unavailable,pubget,,True
21334099,unavailable,pubget,,True
21334445,unavailable,pubget,,True
21337404,unavailable,pubget,,True
21338547,unavailable,pubget,,True
21338691,unavailable,pubget,,True
21340044,unavailable,pubget,,True
21343943,unavailable,pubget,,True
21349690,unavailable,pubget,,True
21350048,unavailable,pubget,,True
21356314,unavailable,pubget,,True
21357529,unavailable,pubget,,True
21357880,unavailable,pubget,,True
21358846,unavailable,pubget,,True
21361219,unavailable,pubget,,True
21362335,unavailable,pubget,,True
21365601,unavailable,pubget,,True
21365626,unavailable,pubget,,True
21366885,unavailable,pubget,,True
21368086,unavailable,pubget,,True
21368285,unavailable,pubget,,True
21375473,unavailable,pubget,,True
21375601,unavailable,pubget,,True
21376542,unavailable,pubget,,True
21376543,unavailable,pubget,,True
21381822,unavailable,pubget,,True
21382190,unavailable,pubget,,True
21382191,unavailable,pubget,,True
21388475,unavailable,pubget,,True
21389234,unavailable,pubget,,True
21391249,unavailable,pubget,,True
21391250,unavailable,pubget,,True
21391268,unavailable,pubget,,True
21391280,unavailable,pubget,,True
21391767,unavailable,pubget,,True
21394047,unavailable,pubget,,True
21397701,unavailable,pubget,,True
21398129,unavailable,pubget,,True
21398177,unavailable,pubget,,True
21399712,unavailable,pubget,,True
21400357,unavailable,pubget,,True
21402920,unavailable,pubget,,True
21406160,unavailable,pubget,,True
21406234,unavailable,pubget,,True
21406235,unavailable,pubget,,True
21411108,unavailable,pubget,,True
21414364,unavailable,pubget,,True
21420079,unavailable,pubget,,True
21421063,unavailable,pubget,,True
21427167,unavailable,pubget,,True
21430147,unavailable,pubget,,True
21430585,unavailable,pubget,,True
21430646,unavailable,pubget,,True
21436535,unavailable,pubget,,True
21438075,unavailable,pubget,,True
21439268,unavailable,pubget,,True
21440008,unavailable,pubget,,True
21440072,unavailable,pubget,,True
21441147,unavailable,pubget,,True
21441396,unavailable,pubget,,True
21447325,unavailable,pubget,,True
21447350,unavailable,pubget,,True
21450336,unavailable,pubget,,True
21451017,unavailable,pubget,,True
21451309,unavailable,pubget,,True
21452715,unavailable,pubget,,True
21459147,unavailable,pubget,,True
21464537,unavailable,pubget,,True
21464612,unavailable,pubget,,True
21470573,unavailable,pubget,,True
21471555,unavailable,pubget,,True
21471559,unavailable,pubget,,True
21471850,unavailable,pubget,,True
21472819,unavailable,pubget,,True
21474509,unavailable,pubget,,True
21475910,unavailable,pubget,,True
21476114,unavailable,pubget,,True
21477019,unavailable,pubget,,True
21477602,unavailable,pubget,,True
21480025,unavailable,pubget,,True
21483437,unavailable,pubget,,True
21484934,unavailable,pubget,,True
21491106,unavailable,pubget,,True
21492080,unavailable,pubget,,True
21497490,unavailable,pubget,,True
21499781,unavailable,pubget,,True
21509770,unavailable,pubget,,True
21513720,unavailable,pubget,,True
21515387,unavailable,pubget,,True
21520346,unavailable,pubget,,True
21526446,unavailable,pubget,,True
21527413,unavailable,pubget,,True
21527788,unavailable,pubget,,True
21529702,unavailable,pubget,,True
21530264,unavailable,pubget,,True
21536530,unavailable,pubget,,True
21536784,unavailable,pubget,,True
21536967,unavailable,pubget,,True
21540116,unavailable,pubget,,True
21543181,unavailable,pubget,,True
21543191,unavailable,pubget,,True
21545807,unavailable,pubget,,True
21546610,unavailable,pubget,,True
21547477,unavailable,pubget,,True
21547601,unavailable,pubget,,True
21547846,unavailable,pubget,,True
21549204,unavailable,pubget,,True
21549721,unavailable,pubget,,True
21554963,unavailable,pubget,,True
21555634,unavailable,pubget,,True
21557776,unavailable,pubget,,True
21559029,unavailable,pubget,,True
21561296,unavailable,pubget,,True
21565227,unavailable,pubget,,True
21567121,unavailable,pubget,,True
21569800,unavailable,pubget,,True
21570561,unavailable,pubget,,True
21574047,unavailable,pubget,,True
21577098,unavailable,pubget,,True
21585481,unavailable,pubget,,True
21590261,unavailable,pubget,,True
21591026,unavailable,pubget,,True
21592058,unavailable,pubget,,True
21592468,unavailable,pubget,,True
21592741,unavailable,pubget,,True
21593313,unavailable,pubget,,True
21593417,unavailable,pubget,,True
21596533,unavailable,pubget,,True
21600294,unavailable,pubget,,True
21601434,unavailable,pubget,,True
21604939,unavailable,pubget,,True
21609767,unavailable,pubget,,True
21618660,unavailable,pubget,,True
21618663,unavailable,pubget,,True
21618664,unavailable,pubget,,True
21620907,unavailable,pubget,,True
21620984,unavailable,pubget,,True
21620985,unavailable,pubget,,True
21624476,unavailable,pubget,,True
21632936,unavailable,pubget,,True
21633905,unavailable,pubget,,True
21635235,unavailable,pubget,,True
21636095,unavailable,pubget,,True
21640136,unavailable,pubget,,True
21640191,unavailable,pubget,,True
21640835,unavailable,pubget,,True
21641022,unavailable,pubget,,True
21641934,unavailable,pubget,,True
21642353,unavailable,pubget,,True
21643436,unavailable,pubget,,True
21643732,unavailable,pubget,,True
21643733,unavailable,pubget,,True
21645098,unavailable,pubget,,True
21649758,unavailable,pubget,,True
21651921,unavailable,pubget,,True
21656217,unavailable,pubget,,True
21656557,unavailable,pubget,,True
21660483,unavailable,pubget,,True
21663993,unavailable,pubget,,True
21666127,unavailable,pubget,,True
21673607,unavailable,pubget,,True
21674694,unavailable,pubget,,True
21675596,unavailable,pubget,,True
21676110,unavailable,pubget,,True
21676130,unavailable,pubget,,True
21676387,unavailable,pubget,,True
21676991,unavailable,pubget,,True
21677175,unavailable,pubget,,True
21680844,unavailable,pubget,,True
21681221,unavailable,pubget,,True
21683723,unavailable,pubget,,True
21683942,unavailable,pubget,,True
21689672,unavailable,pubget,,True
21689761,unavailable,pubget,,True
21689765,unavailable,pubget,,True
21690000,unavailable,pubget,,True
21692143,unavailable,pubget,,True
21692146,unavailable,pubget,,True
21692148,unavailable,pubget,,True
21694180,unavailable,pubget,,True
21696709,unavailable,pubget,,True
21699922,unavailable,pubget,,True
21703287,unavailable,pubget,,True
21703351,unavailable,pubget,,True
21705195,unavailable,pubget,,True
21705394,unavailable,pubget,,True
21708178,unavailable,pubget,,True
21709173,unavailable,pubget,,True
21710268,unavailable,pubget,,True
21710364,unavailable,pubget,,True
21714000,unavailable,pubget,,True
21714745,unavailable,pubget,,True
21715640,unavailable,pubget,,True
21719430,unavailable,pubget,,True
21722888,unavailable,pubget,,True
21722919,unavailable,pubget,,True
21723949,unavailable,pubget,,True
21726581,unavailable,pubget,,True
21726649,unavailable,pubget,,True
21729758,unavailable,pubget,,True
21733286,unavailable,pubget,,True
21733287,unavailable,pubget,,True
21734437,unavailable,pubget,,True
21739525,unavailable,pubget,,True
21741093,unavailable,pubget,,True
21741450,unavailable,pubget,,True
21742806,unavailable,pubget,,True
21744432,unavailable,pubget,,True
21745440,unavailable,pubget,,True
21750952,unavailable,pubget,,True
21753011,unavailable,pubget,,True
21756234,unavailable,pubget,,True
21756946,unavailable,pubget,,True
21757239,unavailable,pubget,,True
21761469,unavailable,pubget,,True
21761652,unavailable,pubget,,True
21761687,unavailable,pubget,,True
21761688,unavailable,pubget,,True
21761996,unavailable,pubget,,True
21763642,unavailable,pubget,,True
21768159,unavailable,pubget,,True
21768383,unavailable,pubget,,True
21769466,unavailable,pubget,,True
21775616,unavailable,pubget,,True
21777109,unavailable,pubget,,True
21778039,unavailable,pubget,,True
21778672,unavailable,pubget,,True
21780233,unavailable,pubget,,True
21782354,unavailable,pubget,,True
21782395,unavailable,pubget,,True
21782957,unavailable,pubget,,True
21784302,unavailable,pubget,,True
21791169,unavailable,pubget,,True
21792570,unavailable,pubget,,True
21793825,unavailable,pubget,,True
21794852,unavailable,pubget,,True
21795540,unavailable,pubget,,True
21795550,unavailable,pubget,,True
21799211,unavailable,pubget,,True
21801839,unavailable,pubget,,True
21801840,unavailable,pubget,,True
21802436,unavailable,pubget,,True
21803163,unavailable,pubget,,True
21803339,unavailable,pubget,,True
21811290,unavailable,pubget,,True
21812571,unavailable,pubget,,True
21812622,unavailable,pubget,,True
21812873,unavailable,pubget,,True
21815393,unavailable,pubget,,True
21818709,unavailable,pubget,,True
21820247,unavailable,pubget,,True
21820455,unavailable,pubget,,True
21821135,unavailable,pubget,,True
21824753,unavailable,pubget,,True
21826762,unavailable,pubget,,True
21833659,unavailable,pubget,,True
21835249,unavailable,pubget,,True
21838262,unavailable,pubget,,True
21839177,unavailable,pubget,,True
21840409,unavailable,pubget,,True
21840846,unavailable,pubget,,True
21850692,unavailable,pubget,,True
21854858,unavailable,pubget,,True
21854967,unavailable,pubget,,True
21855972,unavailable,pubget,,True
21856429,unavailable,pubget,,True
21856969,unavailable,pubget,,True
21859163,unavailable,pubget,,True
21859598,unavailable,pubget,,True
21861050,unavailable,pubget,,True
21861678,unavailable,pubget,,True
21862036,unavailable,pubget,,True
21862169,unavailable,pubget,,True
21865456,unavailable,pubget,,True
21868203,unavailable,pubget,,True
21871533,unavailable,pubget,,True
21871534,unavailable,pubget,,True
21871573,unavailable,pubget,,True
21872664,unavailable,pubget,,True
21874602,unavailable,pubget,,True
21875672,unavailable,pubget,,True
21878364,unavailable,pubget,,True
21878489,unavailable,pubget,,True
21878696,unavailable,pubget,,True
21880172,unavailable,pubget,,True
21883628,unavailable,pubget,,True
21888286,unavailable,pubget,,True
21889990,unavailable,pubget,,True
21889994,unavailable,pubget,,True
21892700,unavailable,pubget,,True
21893095,unavailable,pubget,,True
21897444,unavailable,pubget,,True
21898674,unavailable,pubget,,True
21900068,unavailable,pubget,,True
21900564,unavailable,pubget,,True
21903460,unavailable,pubget,,True
21903976,unavailable,pubget,,True
21905803,unavailable,pubget,,True
21906049,unavailable,pubget,,True
21908484,unavailable,pubget,,True
21914395,unavailable,pubget,,True
21914483,unavailable,pubget,,True
21914569,unavailable,pubget,,True
21915135,unavailable,pubget,,True
21919815,unavailable,pubget,,True
21922599,unavailable,pubget,,True
21922972,unavailable,pubget,,True
21923786,unavailable,pubget,,True
21924367,unavailable,pubget,,True
21927866,unavailable,pubget,,True
21928636,unavailable,pubget,,True
21930160,unavailable,pubget,,True
21932262,unavailable,pubget,,True
21932265,unavailable,pubget,,True
21932437,unavailable,pubget,,True
21932994,unavailable,pubget,,True
21933616,unavailable,pubget,,True
21933718,unavailable,pubget,,True
21936743,unavailable,pubget,,True
21937181,unavailable,pubget,,True
21937201,unavailable,pubget,,True
21937800,unavailable,pubget,,True
21942763,unavailable,pubget,,True
21945593,unavailable,pubget,,True
21945794,unavailable,pubget,,True
21945849,unavailable,pubget,,True
21948940,unavailable,pubget,,True
21953419,unavailable,pubget,,True
21955165,unavailable,pubget,,True
21957241,unavailable,pubget,,True
21958514,unavailable,pubget,,True
21958651,unavailable,pubget,,True
21959971,unavailable,pubget,,True
21962981,unavailable,pubget,,True
21965419,unavailable,pubget,,True
21968434,unavailable,pubget,,True
21971161,unavailable,pubget,,True
21971474,unavailable,pubget,,True
21972276,unavailable,pubget,,True
21972425,unavailable,pubget,,True
21976392,unavailable,pubget,,True
21982164,unavailable,pubget,,True
21982928,unavailable,pubget,,True
21985031,unavailable,pubget,,True
21985692,unavailable,pubget,,True
21985908,unavailable,pubget,,True
21987501,unavailable,pubget,,True
21989635,unavailable,pubget,,True
21989701,unavailable,pubget,,True
21989805,unavailable,pubget,,True
21995011,unavailable,pubget,,True
21995040,unavailable,pubget,,True
21995041,unavailable,pubget,,True
21997605,unavailable,pubget,,True
22000998,unavailable,pubget,,True
22001266,unavailable,pubget,,True
22001314,unavailable,pubget,,True
22003653,unavailable,pubget,,True
22003699,unavailable,pubget,,True
22003983,unavailable,pubget,,True
22005992,unavailable,pubget,,True
22006034,unavailable,pubget,,True
22006639,unavailable,pubget,,True
22010901,unavailable,pubget,,True
22011212,unavailable,pubget,,True
22014100,unavailable,pubget,,True
22015315,unavailable,pubget,,True
22015572,unavailable,pubget,,True
22019080,unavailable,pubget,,True
22019879,unavailable,pubget,,True
22021252,unavailable,pubget,,True
22023051,unavailable,pubget,,True
22024858,unavailable,pubget,,True
22027085,unavailable,pubget,,True
22027197,unavailable,pubget,,True
22029352,unavailable,pubget,,True
22033780,unavailable,pubget,,True
22036177,unavailable,pubget,,True
22037418,unavailable,pubget,,True
22037688,unavailable,pubget,,True
22038783,unavailable,pubget,,True
22038986,unavailable,pubget,,True
22039292,unavailable,pubget,,True
22040308,unavailable,pubget,,True
22047730,unavailable,pubget,,True
22048461,unavailable,pubget,,True
22049263,unavailable,pubget,,True
22049420,unavailable,pubget,,True
22052081,unavailable,pubget,,True
22052158,unavailable,pubget,,True
22054872,unavailable,pubget,,True
22055622,unavailable,pubget,,True
22055855,unavailable,pubget,,True
22056967,unavailable,pubget,,True
22061423,unavailable,pubget,,True
22062190,unavailable,pubget,,True
22063904,unavailable,pubget,,True
22068921,unavailable,pubget,,True
22072285,unavailable,pubget,,True
22074478,unavailable,pubget,,True
22076067,unavailable,pubget,,True
22076870,unavailable,pubget,,True
22078639,unavailable,pubget,,True
22079656,unavailable,pubget,,True
22079661,unavailable,pubget,,True
22080733,unavailable,pubget,,True
22081878,unavailable,pubget,,True
22082422,unavailable,pubget,,True
22082774,unavailable,pubget,,True
22085135,unavailable,pubget,,True
22085863,unavailable,pubget,,True
22087445,unavailable,pubget,,True
22087447,unavailable,pubget,,True
22089661,unavailable,pubget,,True
22091533,unavailable,pubget,,True
22094933,unavailable,pubget,,True
22095209,unavailable,pubget,,True
22098415,unavailable,pubget,,True
22101143,unavailable,pubget,,True
22102362,unavailable,pubget,,True
22102418,unavailable,pubget,,True
22103784,unavailable,pubget,,True
22104172,unavailable,pubget,,True
22108504,unavailable,pubget,,True
22110002,unavailable,pubget,,True
22111828,unavailable,pubget,,True
22113948,unavailable,pubget,,True
22114292,unavailable,pubget,,True
22114849,unavailable,pubget,,True
22115994,unavailable,pubget,,True
22119640,unavailable,pubget,,True
22119653,unavailable,pubget,,True
22122779,unavailable,pubget,,True
22123187,unavailable,pubget,,True
22123940,unavailable,pubget,,True
22132942,unavailable,pubget,,True
22133409,unavailable,pubget,,True
22133766,unavailable,pubget,,True
22138125,unavailable,pubget,,True
22141602,unavailable,pubget,,True
22142612,unavailable,pubget,,True
22146752,unavailable,pubget,,True
22147958,unavailable,pubget,,True
22150407,unavailable,pubget,,True
22154751,unavailable,pubget,,True
22155027,unavailable,pubget,,True
22155195,unavailable,pubget,,True
22155375,unavailable,pubget,,True
22161695,unavailable,pubget,,True
22162145,unavailable,pubget,,True
22165688,unavailable,pubget,,True
22166676,unavailable,pubget,,True
22177038,unavailable,pubget,,True
22178299,unavailable,pubget,,True
22178814,unavailable,pubget,,True
22180645,unavailable,pubget,,True
22185061,unavailable,pubget,,True
22187896,unavailable,pubget,,True
22188383,unavailable,pubget,,True
22189657,unavailable,pubget,,True
22190073,unavailable,pubget,,True
22191195,unavailable,pubget,,True
22196111,unavailable,pubget,,True
22196742,unavailable,pubget,,True
22196847,unavailable,pubget,,True
22197699,unavailable,pubget,,True
22197719,unavailable,pubget,,True
22200490,unavailable,pubget,,True
22201469,unavailable,pubget,,True
22202882,unavailable,pubget,,True
22203319,unavailable,pubget,,True
22206836,unavailable,pubget,,True
22208962,unavailable,pubget,,True
22209640,unavailable,pubget,,True
22209811,unavailable,pubget,,True
22210355,unavailable,pubget,,True
22211726,unavailable,pubget,,True
22212022,unavailable,pubget,,True
22212987,unavailable,pubget,,True
22217254,unavailable,pubget,,True
22225729,unavailable,pubget,,True
22226798,unavailable,pubget,,True
22227134,unavailable,pubget,,True
22227457,unavailable,pubget,,True
22227535,unavailable,pubget,,True
22230115,unavailable,pubget,,True
22230805,unavailable,pubget,,True
22231384,unavailable,pubget,,True
22233778,unavailable,pubget,,True
22237494,unavailable,pubget,,True
22237817,unavailable,pubget,,True
22238084,unavailable,pubget,,True
22245007,unavailable,pubget,,True
22245637,unavailable,pubget,,True
22250818,unavailable,pubget,,True
22254812,unavailable,pubget,,True
22255193,unavailable,pubget,,True
22255441,unavailable,pubget,,True
22255950,unavailable,pubget,,True
22256225,unavailable,pubget,,True
22256317,unavailable,pubget,,True
22258040,unavailable,pubget,,True
22265362,unavailable,pubget,,True
22266175,unavailable,pubget,,True
22267446,unavailable,pubget,,True
22270355,unavailable,pubget,,True
22271546,unavailable,pubget,,True
22272622,unavailable,pubget,,True
22275475,unavailable,pubget,,True
22277263,unavailable,pubget,,True
22277668,unavailable,pubget,,True
22278320,unavailable,pubget,,True
22279249,unavailable,pubget,,True
22281674,unavailable,pubget,,True
22282457,unavailable,pubget,,True
22282771,unavailable,pubget,,True
22284226,unavailable,pubget,,True
22285603,unavailable,pubget,,True
22288392,unavailable,pubget,,True
22290265,unavailable,pubget,,True
22293496,unavailable,pubget,,True
22294527,unavailable,pubget,,True
22298730,unavailable,pubget,,True
22300959,unavailable,pubget,,True
22302550,unavailable,pubget,,True
22302824,unavailable,pubget,,True
22302842,unavailable,pubget,,True
22305924,unavailable,pubget,,True
22305991,unavailable,pubget,,True
22306089,unavailable,pubget,,True
22317687,unavailable,pubget,,True
22326672,unavailable,pubget,,True
22328685,unavailable,pubget,,True
22332188,unavailable,pubget,,True
22332720,unavailable,pubget,,True
22332805,unavailable,pubget,,True
22337757,unavailable,pubget,,True
22339744,unavailable,pubget,,True
22341731,unavailable,pubget,,True
22347762,unavailable,pubget,,True
22348881,unavailable,pubget,,True
22349711,unavailable,pubget,,True
22354449,unavailable,pubget,,True
22357634,unavailable,pubget,,True
22359341,unavailable,pubget,,True
22359350,unavailable,pubget,,True
22360275,unavailable,pubget,,True
22360595,unavailable,pubget,,True
22361169,unavailable,pubget,,True
22361256,unavailable,pubget,,True
22365049,unavailable,pubget,,True
22365747,unavailable,pubget,,True
22366326,unavailable,pubget,,True
22367971,unavailable,pubget,,True
22370913,unavailable,pubget,,True
22371351,unavailable,pubget,,True
22371590,unavailable,pubget,,True
22380580,unavailable,pubget,,True
22381099,unavailable,pubget,,True
22381736,unavailable,pubget,,True
22383804,unavailable,pubget,,True
22386967,unavailable,pubget,,True
22386970,unavailable,pubget,,True
22387168,unavailable,pubget,,True
22387596,unavailable,pubget,,True
22389415,unavailable,pubget,,True
22390321,unavailable,pubget,,True
22390467,unavailable,pubget,,True
22392009,unavailable,pubget,,True
22395209,unavailable,pubget,,True
22396439,unavailable,pubget,,True
22397907,unavailable,pubget,,True
22398297,unavailable,pubget,,True
22401758,unavailable,pubget,,True
22404662,unavailable,pubget,,True
22405733,unavailable,pubget,,True
22406068,unavailable,pubget,,True
22410326,unavailable,pubget,,True
22410476,unavailable,pubget,,True
22416392,unavailable,pubget,,True
22417767,unavailable,pubget,,True
22417806,unavailable,pubget,,True
22419478,unavailable,pubget,,True
22419679,unavailable,pubget,,True
22420434,unavailable,pubget,,True
22420593,unavailable,pubget,,True
22420742,unavailable,pubget,,True
22425598,unavailable,pubget,,True
22430943,unavailable,pubget,,True
22431587,unavailable,pubget,,True
22433050,unavailable,pubget,,True
22433051,unavailable,pubget,,True
22433053,unavailable,pubget,,True
22436654,unavailable,pubget,,True
22438174,unavailable,pubget,,True
22440616,unavailable,pubget,,True
22440644,unavailable,pubget,,True
22440650,unavailable,pubget,,True
22444074,unavailable,pubget,,True
22445697,unavailable,pubget,,True
22445785,unavailable,pubget,,True
22449387,unavailable,pubget,,True
22451272,unavailable,pubget,,True
22451482,unavailable,pubget,,True
22452559,unavailable,pubget,,True
22456451,unavailable,pubget,,True
22458423,unavailable,pubget,,True
22459725,unavailable,pubget,,True
22460441,unavailable,pubget,,True
22461234,unavailable,pubget,,True
22461299,unavailable,pubget,,True
22461315,unavailable,pubget,,True
22464179,unavailable,pubget,,True
22465842,unavailable,pubget,,True
22475505,unavailable,pubget,,True
22476131,unavailable,pubget,,True
22478384,unavailable,pubget,,True
22480958,unavailable,pubget,,True
22481042,unavailable,pubget,,True
22482695,unavailable,pubget,,True
22484411,unavailable,pubget,,True
22484516,unavailable,pubget,,True
22486871,unavailable,pubget,,True
22488985,unavailable,pubget,,True
22494658,unavailable,pubget,,True
22494828,unavailable,pubget,,True
22494829,unavailable,pubget,,True
22495237,unavailable,pubget,,True
22495688,unavailable,pubget,,True
22495745,unavailable,pubget,,True
22496617,unavailable,pubget,,True
22498658,unavailable,pubget,,True
22498690,unavailable,pubget,,True
22503778,unavailable,pubget,,True
22504114,unavailable,pubget,,True
22504766,unavailable,pubget,,True
22505284,unavailable,pubget,,True
22505290,unavailable,pubget,,True
22505340,unavailable,pubget,,True
22505353,unavailable,pubget,,True
22505661,unavailable,pubget,,True
22507231,unavailable,pubget,,True
22508767,unavailable,pubget,,True
22510532,unavailable,pubget,,True
22512289,unavailable,pubget,,True
22513340,unavailable,pubget,,True
22515798,unavailable,pubget,,True
22516367,unavailable,pubget,,True
22519425,unavailable,pubget,,True
22521476,unavailable,pubget,,True
22521874,unavailable,pubget,,True
22522963,unavailable,pubget,,True
22524266,unavailable,pubget,,True
22524276,unavailable,pubget,,True
22525560,unavailable,pubget,,True
22527119,unavailable,pubget,,True
22529218,unavailable,pubget,,True
22531524,unavailable,pubget,,True
22531828,unavailable,pubget,,True
22538086,unavailable,pubget,,True
22539820,unavailable,pubget,,True
22542580,unavailable,pubget,,True
22542665,unavailable,pubget,,True
22542844,unavailable,pubget,,True
22548805,unavailable,pubget,,True
22555622,unavailable,pubget,,True
22559836,unavailable,pubget,,True
22560889,unavailable,pubget,,True
22563007,unavailable,pubget,,True
22569063,unavailable,pubget,,True
22569188,unavailable,pubget,,True
22569192,unavailable,pubget,,True
22569545,unavailable,pubget,,True
22573195,unavailable,pubget,,True
22580084,unavailable,pubget,,True
22581848,unavailable,pubget,,True
22582967,unavailable,pubget,,True
22583916,unavailable,pubget,,True
22584228,unavailable,pubget,,True
22584235,unavailable,pubget,,True
22585315,unavailable,pubget,,True
22592018,unavailable,pubget,,True
22594455,unavailable,pubget,,True
22594784,unavailable,pubget,,True
22594914,unavailable,pubget,,True
22596267,unavailable,pubget,,True
22596271,unavailable,pubget,,True
22608014,unavailable,pubget,,True
22608157,unavailable,pubget,,True
22608404,unavailable,pubget,,True
22610458,unavailable,pubget,,True
22610479,unavailable,pubget,,True
22613230,unavailable,pubget,,True
22617357,unavailable,pubget,,True
22617625,unavailable,pubget,,True
22621260,unavailable,pubget,,True
22622022,unavailable,pubget,,True
22623677,unavailable,pubget,,True
22631623,unavailable,pubget,,True
22632731,unavailable,pubget,,True
22632811,unavailable,pubget,,True
22633443,unavailable,pubget,,True
22633945,unavailable,pubget,,True
22634220,unavailable,pubget,,True
22634855,unavailable,pubget,,True
22634861,unavailable,pubget,,True
22640392,unavailable,pubget,,True
22641837,unavailable,pubget,,True
22642389,unavailable,pubget,,True
22642711,unavailable,pubget,,True
22644868,unavailable,pubget,,True
22645108,unavailable,pubget,,True
22649231,unavailable,pubget,,True
22652306,unavailable,pubget,,True
22658973,unavailable,pubget,,True
22659004,unavailable,pubget,,True
22659479,unavailable,pubget,,True
22660917,unavailable,pubget,,True
22673327,unavailable,pubget,,True
22674168,unavailable,pubget,,True
22678838,unavailable,pubget,,True
22678839,unavailable,pubget,,True
22682901,unavailable,pubget,,True
22682903,unavailable,pubget,,True
22682904,unavailable,pubget,,True
22683360,unavailable,pubget,,True
22683529,unavailable,pubget,,True
22683953,unavailable,pubget,,True
22685065,unavailable,pubget,,True
22686520,unavailable,pubget,,True
22687465,unavailable,pubget,,True
22687953,unavailable,pubget,,True
22687958,unavailable,pubget,,True
22688567,unavailable,pubget,,True
22689216,unavailable,pubget,,True
22696432,unavailable,pubget,,True
22697603,unavailable,pubget,,True
22698991,unavailable,pubget,,True
22703618,unavailable,pubget,,True
22703623,unavailable,pubget,,True
22704247,unavailable,pubget,,True
22711287,unavailable,pubget,,True
22711328,unavailable,pubget,,True
22711376,unavailable,pubget,,True
22711646,unavailable,pubget,,True
22714690,unavailable,pubget,,True
22717280,unavailable,pubget,,True
22721259,unavailable,pubget,,True
22722450,unavailable,pubget,,True
22728149,unavailable,pubget,,True
22728314,unavailable,pubget,,True
22729506,unavailable,pubget,,True
22736513,unavailable,pubget,,True
22736538,unavailable,pubget,,True
22739139,unavailable,pubget,,True
22742852,unavailable,pubget,,True
22743002,unavailable,pubget,,True
22743802,unavailable,pubget,,True
22745208,unavailable,pubget,,True
22750124,unavailable,pubget,,True
22751186,unavailable,pubget,,True
22752251,unavailable,pubget,,True
22752369,unavailable,pubget,,True
22753723,unavailable,pubget,,True
22755691,unavailable,pubget,,True
22755714,unavailable,pubget,,True
22759337,unavailable,pubget,,True
22760521,unavailable,pubget,,True
22763152,unavailable,pubget,,True
22763170,unavailable,pubget,,True
22766854,unavailable,pubget,,True
22767373,unavailable,pubget,,True
22767633,unavailable,pubget,,True
22773540,unavailable,pubget,,True
22777857,unavailable,pubget,,True
22777953,unavailable,pubget,,True
22778817,unavailable,pubget,,True
22781643,unavailable,pubget,,True
22783045,unavailable,pubget,,True
22784605,unavailable,pubget,,True
22791600,unavailable,pubget,,True
22792129,unavailable,pubget,,True
22795932,unavailable,pubget,,True
22796277,unavailable,pubget,,True
22796505,unavailable,pubget,,True
22796990,unavailable,pubget,,True
22797692,unavailable,pubget,,True
22798396,unavailable,pubget,,True
22798398,unavailable,pubget,,True
22800942,unavailable,pubget,,True
22802056,unavailable,pubget,,True
22805228,unavailable,pubget,,True
22806646,unavailable,pubget,,True
22806961,unavailable,pubget,,True
22807338,unavailable,pubget,,True
22809738,unavailable,pubget,,True
22809740,unavailable,pubget,,True
22810967,unavailable,pubget,,True
22815229,unavailable,pubget,,True
22815523,unavailable,pubget,,True
22817957,unavailable,pubget,,True
22820235,unavailable,pubget,,True
22820636,unavailable,pubget,,True
22820891,unavailable,pubget,,True
22823024,unavailable,pubget,,True
22830751,unavailable,pubget,,True
22831772,unavailable,pubget,,True
22831959,unavailable,pubget,,True
22833043,unavailable,pubget,,True
22834634,unavailable,pubget,,True
22835685,unavailable,pubget,,True
22835865,unavailable,pubget,,True
22840516,unavailable,pubget,,True
22840553,unavailable,pubget,,True
22841311,unavailable,pubget,,True
22841350,unavailable,pubget,,True
22842906,unavailable,pubget,,True
22846335,unavailable,pubget,,True
22847906,unavailable,pubget,,True
22849403,unavailable,pubget,,True
22854261,unavailable,pubget,,True
22855795,unavailable,pubget,,True
22856363,unavailable,pubget,,True
22866182,unavailable,pubget,,True
22867952,unavailable,pubget,,True
22868934,unavailable,pubget,,True
22869007,unavailable,pubget,,True
22871909,unavailable,pubget,,True
22874167,unavailable,pubget,,True
22875866,unavailable,pubget,,True
22878845,unavailable,pubget,,True
22879351,unavailable,pubget,,True
22881457,unavailable,pubget,,True
22883200,unavailable,pubget,,True
22883963,unavailable,pubget,,True
22885247,unavailable,pubget,,True
22885679,unavailable,pubget,,True
22889563,unavailable,pubget,,True
22889566,unavailable,pubget,,True
22889940,unavailable,pubget,,True
22890117,unavailable,pubget,,True
22892351,unavailable,pubget,,True
22893380,unavailable,pubget,,True
22897026,unavailable,pubget,,True
22898701,unavailable,pubget,,True
22899217,unavailable,pubget,,True
22901696,unavailable,pubget,,True
22901746,unavailable,pubget,,True
22901957,unavailable,pubget,,True
22902037,unavailable,pubget,,True
22902471,unavailable,pubget,,True
22902769,unavailable,pubget,,True
22905819,unavailable,pubget,,True
22906784,unavailable,pubget,,True
22906785,unavailable,pubget,,True
22906787,unavailable,pubget,,True
22915309,unavailable,pubget,,True
22915491,unavailable,pubget,,True
22925606,unavailable,pubget,,True
22925652,unavailable,pubget,,True
22928842,unavailable,pubget,,True
22929298,unavailable,pubget,,True
22933820,unavailable,pubget,,True
22939873,unavailable,pubget,,True
22940231,unavailable,pubget,,True
22941431,unavailable,pubget,,True
22941499,unavailable,pubget,,True
22941508,unavailable,pubget,,True
22944369,unavailable,pubget,,True
22948355,unavailable,pubget,,True
22948956,unavailable,pubget,,True
22955145,unavailable,pubget,,True
22956332,unavailable,pubget,,True
22956669,unavailable,pubget,,True
22957627,unavailable,pubget,,True
22960086,unavailable,pubget,,True
22960116,unavailable,pubget,,True
22960415,unavailable,pubget,,True
22961671,unavailable,pubget,,True
22963835,unavailable,pubget,,True
22963856,unavailable,pubget,,True
22965696,unavailable,pubget,,True
22965755,unavailable,pubget,,True
22975148,unavailable,pubget,,True
22975430,unavailable,pubget,,True
22975778,unavailable,pubget,,True
22980080,unavailable,pubget,,True
22980918,unavailable,pubget,,True
22981890,unavailable,pubget,,True
22982513,unavailable,pubget,,True
22982585,unavailable,pubget,,True
22982622,unavailable,pubget,,True
22982727,unavailable,pubget,,True
22986077,unavailable,pubget,,True
22986355,unavailable,pubget,,True
22986643,unavailable,pubget,,True
22987670,unavailable,pubget,,True
22987751,unavailable,pubget,,True
22987817,unavailable,pubget,,True
22989624,unavailable,pubget,,True
22990206,unavailable,pubget,,True
22992492,unavailable,pubget,,True
22993416,unavailable,pubget,,True
22993433,unavailable,pubget,,True
22993443,unavailable,pubget,,True
22995440,unavailable,pubget,,True
22995943,unavailable,pubget,,True
22996045,unavailable,pubget,,True
22999437,unavailable,pubget,,True
23001254,unavailable,pubget,,True
23001620,unavailable,pubget,,True
23007549,unavailable,pubget,,True
23008180,unavailable,pubget,,True
23012251,unavailable,pubget,,True
23015426,unavailable,pubget,,True
23020899,unavailable,pubget,,True
23021069,unavailable,pubget,,True
23022750,unavailable,pubget,,True
23025619,unavailable,pubget,,True
23029866,unavailable,pubget,,True
23030509,unavailable,pubget,,True
23031747,unavailable,pubget,,True
23033154,unavailable,pubget,,True
23036041,unavailable,pubget,,True
23036083,unavailable,pubget,,True
23036586,unavailable,pubget,,True
23037186,unavailable,pubget,,True
23039646,unavailable,pubget,,True
23039682,unavailable,pubget,,True
23041526,unavailable,pubget,,True
23041527,unavailable,pubget,,True
23041530,unavailable,pubget,,True
23042742,unavailable,pubget,,True
23043904,unavailable,pubget,,True
23044279,unavailable,pubget,,True
23044373,unavailable,pubget,,True
23047371,unavailable,pubget,,True
23051156,unavailable,pubget,,True
23051897,unavailable,pubget,,True
23052452,unavailable,pubget,,True
23053321,unavailable,pubget,,True
23055501,unavailable,pubget,,True
23058446,unavailable,pubget,,True
23059145,unavailable,pubget,,True
23059859,unavailable,pubget,,True
23060150,unavailable,pubget,,True
23063450,unavailable,pubget,,True
23063842,unavailable,pubget,,True
23069809,unavailable,pubget,,True
23070370,unavailable,pubget,,True
23073642,unavailable,pubget,,True
23078615,unavailable,pubget,,True
23079152,unavailable,pubget,,True
23079572,unavailable,pubget,,True
23085111,unavailable,pubget,,True
23086162,unavailable,pubget,,True
23094707,unavailable,pubget,,True
23097247,unavailable,pubget,,True
23101745,unavailable,pubget,,True
23102118,unavailable,pubget,,True
23103691,unavailable,pubget,,True
23108271,unavailable,pubget,,True
23108276,unavailable,pubget,,True
23109699,unavailable,pubget,,True
23110678,unavailable,pubget,,True
23110878,unavailable,pubget,,True
23111173,unavailable,pubget,,True
23116812,unavailable,pubget,,True
23117157,unavailable,pubget,,True
23121320,unavailable,pubget,,True
23123141,unavailable,pubget,,True
23123406,unavailable,pubget,,True
23123681,unavailable,pubget,,True
23124385,unavailable,pubget,,True
23124612,unavailable,pubget,,True
23124719,unavailable,pubget,,True
23127106,unavailable,pubget,,True
23127893,unavailable,pubget,,True
23128970,unavailable,pubget,,True
23131524,unavailable,pubget,,True
23133117,unavailable,pubget,,True
23136408,unavailable,pubget,,True
23137334,unavailable,pubget,,True
23137805,unavailable,pubget,,True
23137935,unavailable,pubget,,True
23137946,unavailable,pubget,,True
23138047,unavailable,pubget,,True
23142223,unavailable,pubget,,True
23142279,unavailable,pubget,,True
23142493,unavailable,pubget,,True
23146254,unavailable,pubget,,True
23149023,unavailable,pubget,,True
23149036,unavailable,pubget,,True
23149380,unavailable,pubget,,True
23151171,unavailable,pubget,,True
23152624,unavailable,pubget,,True
23153752,unavailable,pubget,,True
23153967,unavailable,pubget,,True
23154094,unavailable,pubget,,True
23158719,unavailable,pubget,,True
23160811,unavailable,pubget,,True
23160815,unavailable,pubget,,True
23162047,unavailable,pubget,,True
23163415,unavailable,pubget,,True
23164479,unavailable,pubget,,True
23164731,unavailable,pubget,,True
23166292,unavailable,pubget,,True
23171514,unavailable,pubget,,True
23171614,unavailable,pubget,,True
23174430,unavailable,pubget,,True
23175851,unavailable,pubget,,True
23177399,unavailable,pubget,,True
23178904,unavailable,pubget,,True
23178958,unavailable,pubget,,True
23179063,unavailable,pubget,,True
23180082,unavailable,pubget,,True
23180753,unavailable,pubget,,True
23183637,unavailable,pubget,,True
23186918,unavailable,pubget,,True
23192417,unavailable,pubget,,True
23193658,unavailable,pubget,,True
23194815,unavailable,pubget,,True
23194830,unavailable,pubget,,True
23196924,unavailable,pubget,,True
23198891,unavailable,pubget,,True
23199565,unavailable,pubget,,True
23199762,unavailable,pubget,,True
23200084,unavailable,pubget,,True
23200679,unavailable,pubget,,True
23201364,unavailable,pubget,,True
23206530,unavailable,pubget,,True
23207513,unavailable,pubget,,True
23211960,unavailable,pubget,,True
23211991,unavailable,pubget,,True
23212342,unavailable,pubget,,True
23212454,unavailable,pubget,,True
23219044,unavailable,pubget,,True
23219471,unavailable,pubget,,True
23221817,unavailable,pubget,,True
23221862,unavailable,pubget,,True
23225581,unavailable,pubget,,True
23225605,unavailable,pubget,,True
23225611,unavailable,pubget,,True
23227137,unavailable,pubget,,True
23227458,unavailable,pubget,,True
23230345,unavailable,pubget,,True
23231419,unavailable,pubget,,True
23232145,unavailable,pubget,,True
23232166,unavailable,pubget,,True
23233279,unavailable,pubget,,True
23238964,unavailable,pubget,,True
23241648,unavailable,pubget,,True
23242968,unavailable,pubget,,True
23246777,unavailable,pubget,,True
23247191,unavailable,pubget,,True
23247847,unavailable,pubget,,True
23249350,unavailable,pubget,,True
23253092,unavailable,pubget,,True
23255241,unavailable,pubget,,True
23257054,unavailable,pubget,,True
23262174,unavailable,pubget,,True
23263997,unavailable,pubget,,True
23265001,unavailable,pubget,,True
23271192,unavailable,pubget,,True
23277140,unavailable,pubget,,True
23281064,unavailable,pubget,,True
23281111,unavailable,pubget,,True
23281202,unavailable,pubget,,True
23283330,unavailable,pubget,,True
23286048,unavailable,pubget,,True
23286051,unavailable,pubget,,True
23286053,unavailable,pubget,,True
23286054,unavailable,pubget,,True
23286133,unavailable,pubget,,True
23286303,unavailable,pubget,,True
23287569,unavailable,pubget,,True
23288324,unavailable,pubget,,True
23288620,unavailable,pubget,,True
23288627,unavailable,pubget,,True
23295390,unavailable,pubget,,True
23296183,unavailable,pubget,,True
23297860,unavailable,pubget,,True
23298747,unavailable,pubget,,True
23303919,unavailable,pubget,,True
23306014,unavailable,pubget,,True
23312790,unavailable,pubget,,True
23313420,unavailable,pubget,,True
23313421,unavailable,pubget,,True
23313569,unavailable,pubget,,True
23314012,unavailable,pubget,,True
23314416,unavailable,pubget,,True
23316956,unavailable,pubget,,True
23317841,unavailable,pubget,,True
23319043,unavailable,pubget,,True
23320137,unavailable,pubget,,True
23325639,unavailable,pubget,,True
23327934,unavailable,pubget,,True
23328350,unavailable,pubget,,True
23329700,unavailable,pubget,,True
23332807,unavailable,pubget,,True
23333416,unavailable,pubget,,True
23333417,unavailable,pubget,,True
23333840,unavailable,pubget,,True
23344784,unavailable,pubget,,True
23357076,unavailable,pubget,,True
23357111,unavailable,pubget,,True
23357203,unavailable,pubget,,True
23357375,unavailable,pubget,,True
23357820,unavailable,pubget,,True
23363413,unavailable,pubget,,True
23363687,unavailable,pubget,,True
23364872,unavailable,pubget,,True
23366178,unavailable,pubget,,True
23366379,unavailable,pubget,,True
23366380,unavailable,pubget,,True
23366980,unavailable,pubget,,True
23367134,unavailable,pubget,,True
23367359,unavailable,pubget,,True
23378272,unavailable,pubget,,True
23380167,unavailable,pubget,,True
23382516,unavailable,pubget,,True
23384193,unavailable,pubget,,True
23385202,unavailable,pubget,,True
23385293,unavailable,pubget,,True
23387510,unavailable,pubget,,True
23387751,unavailable,pubget,,True
23387770,unavailable,pubget,,True
23392179,unavailable,pubget,,True
23394712,unavailable,pubget,,True
23395194,unavailable,pubget,,True
23395830,unavailable,pubget,,True
23395849,unavailable,pubget,,True
23399811,unavailable,pubget,,True
23399945,unavailable,pubget,,True
23404061,unavailable,pubget,,True
23404883,unavailable,pubget,,True
23407841,unavailable,pubget,,True
23410736,unavailable,pubget,,True
23412603,unavailable,pubget,,True
23412899,unavailable,pubget,,True
23415400,unavailable,pubget,,True
23417778,unavailable,pubget,,True
23418003,unavailable,pubget,,True
23418123,unavailable,pubget,,True
23421677,unavailable,pubget,,True
23422185,unavailable,pubget,,True
23422254,unavailable,pubget,,True
23422370,unavailable,pubget,,True
23423920,unavailable,pubget,,True
23424032,unavailable,pubget,,True
23425890,unavailable,pubget,,True
23425892,unavailable,pubget,,True
23427116,unavailable,pubget,,True
23433223,unavailable,pubget,,True
23435209,unavailable,pubget,,True
23435212,unavailable,pubget,,True
23435215,unavailable,pubget,,True
23441537,unavailable,pubget,,True
23441633,unavailable,pubget,,True
23445167,unavailable,pubget,,True
23446285,unavailable,pubget,,True
23447373,unavailable,pubget,,True
23448522,unavailable,pubget,,True
23453674,unavailable,pubget,,True
23454569,unavailable,pubget,,True
23458090,unavailable,pubget,,True
23458438,unavailable,pubget,,True
23458923,unavailable,pubget,,True
23463340,unavailable,pubget,,True
23463373,unavailable,pubget,,True
23465967,unavailable,pubget,,True
23466832,unavailable,pubget,,True
23468090,unavailable,pubget,,True
23468100,unavailable,pubget,,True
23470488,unavailable,pubget,,True
23470982,unavailable,pubget,,True
23473547,unavailable,pubget,,True
23474013,unavailable,pubget,,True
23474999,unavailable,pubget,,True
23477296,unavailable,pubget,,True
23477721,unavailable,pubget,,True
23477839,unavailable,pubget,,True
23478202,unavailable,pubget,,True
23479459,unavailable,pubget,,True
23480811,unavailable,pubget,,True
23482622,unavailable,pubget,,True
23482793,unavailable,pubget,,True
23484869,unavailable,pubget,,True
23486950,unavailable,pubget,,True
23488661,unavailable,pubget,,True
23489416,unavailable,pubget,,True
23492924,unavailable,pubget,,True
23495230,unavailable,pubget,,True
23507376,unavailable,pubget,,True
23507383,unavailable,pubget,,True
23510545,unavailable,pubget,,True
23511822,unavailable,pubget,,True
23511846,unavailable,pubget,,True
23512939,unavailable,pubget,,True
23514929,unavailable,pubget,,True
23514930,unavailable,pubget,,True
23515341,unavailable,pubget,,True
23516306,unavailable,pubget,,True
23520599,unavailable,pubget,,True
23523803,unavailable,pubget,,True
23523811,unavailable,pubget,,True
23527652,unavailable,pubget,,True
23529079,unavailable,pubget,,True
23530810,unavailable,pubget,,True
23531741,unavailable,pubget,,True
23532550,unavailable,pubget,,True
23535789,unavailable,pubget,,True
23537530,unavailable,pubget,,True
23537937,unavailable,pubget,,True
23543193,unavailable,pubget,,True
23544033,unavailable,pubget,,True
23544412,unavailable,pubget,,True
23545112,unavailable,pubget,,True
23545149,unavailable,pubget,,True
23545472,unavailable,pubget,,True
23548099,unavailable,pubget,,True
23548150,unavailable,pubget,,True
23548794,unavailable,pubget,,True
23551272,unavailable,pubget,,True
23551805,unavailable,pubget,,True
23552079,unavailable,pubget,,True
23557757,unavailable,pubget,,True
23558095,unavailable,pubget,,True
23558102,unavailable,pubget,,True
23563324,unavailable,pubget,,True
23563963,unavailable,pubget,,True
23564316,unavailable,pubget,,True
23565935,unavailable,pubget,,True
23567885,unavailable,pubget,,True
23567890,unavailable,pubget,,True
23568269,unavailable,pubget,,True
23568365,unavailable,pubget,,True
23568448,unavailable,pubget,,True
23571279,unavailable,pubget,,True
23571421,unavailable,pubget,,True
23573872,unavailable,pubget,,True
23576237,unavailable,pubget,,True
23578167,unavailable,pubget,,True
23579331,unavailable,pubget,,True
23579978,unavailable,pubget,,True
23581683,unavailable,pubget,,True
23583251,unavailable,pubget,,True
23583747,unavailable,pubget,,True
23584173,unavailable,pubget,,True
23584670,unavailable,pubget,,True
23585513,unavailable,pubget,,True
23586454,unavailable,pubget,,True
23586661,unavailable,pubget,,True
23587636,unavailable,pubget,,True
23588862,unavailable,pubget,,True
23591071,unavailable,pubget,,True
23591131,unavailable,pubget,,True
23591255,unavailable,pubget,,True
23593982,unavailable,pubget,,True
23597109,unavailable,pubget,,True
23600935,unavailable,pubget,,True
23603446,unavailable,pubget,,True
23603588,unavailable,pubget,,True
23604108,unavailable,pubget,,True
23607410,unavailable,pubget,,True
23608814,unavailable,pubget,,True
23611156,unavailable,pubget,,True
23611334,unavailable,pubget,,True
23611864,unavailable,pubget,,True
23613020,unavailable,pubget,,True
23617618,unavailable,pubget,,True
23618495,unavailable,pubget,,True
23620601,unavailable,pubget,,True
23624171,unavailable,pubget,,True
23624491,unavailable,pubget,,True
23624819,unavailable,pubget,,True
23627641,unavailable,pubget,,True
23631988,unavailable,pubget,,True
23631993,unavailable,pubget,,True
23637175,unavailable,pubget,,True
23640112,unavailable,pubget,,True
23642468,unavailable,pubget,,True
23642802,unavailable,pubget,,True
23644313,unavailable,pubget,,True
23644348,unavailable,pubget,,True
23645721,unavailable,pubget,,True
23647514,unavailable,pubget,,True
23647558,unavailable,pubget,,True
23648277,unavailable,pubget,,True
23651705,unavailable,pubget,,True
23652421,unavailable,pubget,,True
23654223,unavailable,pubget,,True
23658903,unavailable,pubget,,True
23660437,unavailable,pubget,,True
23660680,unavailable,pubget,,True
23660743,unavailable,pubget,,True
23664823,unavailable,pubget,,True
23664841,unavailable,pubget,,True
23664954,unavailable,pubget,,True
23666264,unavailable,pubget,,True
23666969,unavailable,pubget,,True
23668969,unavailable,pubget,,True
23670989,unavailable,pubget,,True
23678117,unavailable,pubget,,True
23679098,unavailable,pubget,,True
23681167,unavailable,pubget,,True
23681172,unavailable,pubget,,True
23682664,unavailable,pubget,,True
23684849,unavailable,pubget,,True
23684866,unavailable,pubget,,True
23684873,unavailable,pubget,,True
23684875,unavailable,pubget,,True
23684877,unavailable,pubget,,True
23689388,unavailable,pubget,,True
23691986,unavailable,pubget,,True
23693086,unavailable,pubget,,True
23695814,unavailable,pubget,,True
23698075,unavailable,pubget,,True
23700105,unavailable,pubget,,True
23701693,unavailable,pubget,,True
23705755,unavailable,pubget,,True
23707580,unavailable,pubget,,True
23708634,unavailable,pubget,,True
23711773,unavailable,pubget,,True
23712666,unavailable,pubget,,True
23716712,unavailable,pubget,,True
23719798,unavailable,pubget,,True
23720414,unavailable,pubget,,True
23721725,unavailable,pubget,,True
23726779,unavailable,pubget,,True
23727317,unavailable,pubget,,True
23727320,unavailable,pubget,,True
23727467,unavailable,pubget,,True
23727827,unavailable,pubget,,True
23729929,unavailable,pubget,,True
23732338,unavailable,pubget,,True
23735260,unavailable,pubget,,True
23738869,unavailable,pubget,,True
23739982,unavailable,pubget,,True
23741040,unavailable,pubget,,True
23742544,unavailable,pubget,,True
23742932,unavailable,pubget,,True
23743331,unavailable,pubget,,True
23746613,unavailable,pubget,,True
23747286,unavailable,pubget,,True
23747332,unavailable,pubget,,True
23747456,unavailable,pubget,,True
23747458,unavailable,pubget,,True
23747961,unavailable,pubget,,True
23749875,unavailable,pubget,,True
23751153,unavailable,pubget,,True
23752131,unavailable,pubget,,True
23753186,unavailable,pubget,,True
23756081,unavailable,pubget,,True
23756137,unavailable,pubget,,True
23759649,unavailable,pubget,,True
23760982,unavailable,pubget,,True
23761430,unavailable,pubget,,True
23764381,unavailable,pubget,,True
23764406,unavailable,pubget,,True
23765516,unavailable,pubget,,True
23768913,unavailable,pubget,,True
23769703,unavailable,pubget,,True
23770538,unavailable,pubget,,True
23770804,unavailable,pubget,,True
23771986,unavailable,pubget,,True
23772336,unavailable,pubget,,True
23773427,unavailable,pubget,,True
23773675,unavailable,pubget,,True
23774397,unavailable,pubget,,True
23777173,unavailable,pubget,,True
23777760,unavailable,pubget,,True
23777938,unavailable,pubget,,True
23778236,unavailable,pubget,,True
23778975,unavailable,pubget,,True
23782777,unavailable,pubget,,True
23787040,unavailable,pubget,,True
23788510,unavailable,pubget,,True
23792788,unavailable,pubget,,True
23792984,unavailable,pubget,,True
23793722,unavailable,pubget,,True
23794107,unavailable,pubget,,True
23795233,unavailable,pubget,,True
23796945,unavailable,pubget,,True
23798325,unavailable,pubget,,True
23798414,unavailable,pubget,,True
23799488,unavailable,pubget,,True
23800705,unavailable,pubget,,True
23801242,unavailable,pubget,,True
23803298,unavailable,pubget,,True
23804092,unavailable,pubget,,True
23805999,unavailable,pubget,,True
23807198,unavailable,pubget,,True
23809145,unavailable,pubget,,True
23814604,unavailable,pubget,,True
23816061,unavailable,pubget,,True
23817894,unavailable,pubget,,True
23819895,unavailable,pubget,,True
23820976,unavailable,pubget,,True
23823155,unavailable,pubget,,True
23828159,unavailable,pubget,,True
23830545,unavailable,pubget,,True
23831279,unavailable,pubget,,True
23831413,unavailable,pubget,,True
23831528,unavailable,pubget,,True
23831601,unavailable,pubget,,True
23832422,unavailable,pubget,,True
23832535,unavailable,pubget,,True
23832746,unavailable,pubget,,True
23835101,unavailable,pubget,,True
23835204,unavailable,pubget,,True
23836423,unavailable,pubget,,True
23837964,unavailable,pubget,,True
23841967,unavailable,pubget,,True
23843266,unavailable,pubget,,True
23845427,unavailable,pubget,,True
23849992,unavailable,pubget,,True
23850398,unavailable,pubget,,True
23852365,unavailable,pubget,,True
23859387,unavailable,pubget,,True
23859480,unavailable,pubget,,True
23859643,unavailable,pubget,,True
23860750,unavailable,pubget,,True
23861215,unavailable,pubget,,True
23864205,unavailable,pubget,,True
23864675,unavailable,pubget,,True
23864686,unavailable,pubget,,True
23867077,unavailable,pubget,,True
23868690,unavailable,pubget,,True
23869862,unavailable,pubget,,True
23870158,unavailable,pubget,,True
23870836,unavailable,pubget,,True
23872198,unavailable,pubget,,True
23873183,unavailable,pubget,,True
23873674,unavailable,pubget,,True
23876114,unavailable,pubget,,True
23876323,unavailable,pubget,,True
23876324,unavailable,pubget,,True
23881906,unavailable,pubget,,True
23882453,unavailable,pubget,,True
23884951,unavailable,pubget,,True
23885740,unavailable,pubget,,True
23887984,unavailable,pubget,,True
23891400,unavailable,pubget,,True
23891965,unavailable,pubget,,True
23892109,unavailable,pubget,,True
23896183,unavailable,pubget,,True
23897623,unavailable,pubget,,True
23899724,unavailable,pubget,,True
23904464,unavailable,pubget,,True
23906265,unavailable,pubget,,True
23911256,unavailable,pubget,,True
23911353,unavailable,pubget,,True
23911778,unavailable,pubget,,True
23911835,unavailable,pubget,,True
23912223,unavailable,pubget,,True
23913733,unavailable,pubget,,True
23913754,unavailable,pubget,,True
23913818,unavailable,pubget,,True
23914845,unavailable,pubget,,True
23916249,unavailable,pubget,,True
23916537,unavailable,pubget,,True
23920009,unavailable,pubget,,True
23920149,unavailable,pubget,,True
23920695,unavailable,pubget,,True
23921102,unavailable,pubget,,True
23926247,unavailable,pubget,,True
23928295,unavailable,pubget,,True
23930595,unavailable,pubget,,True
23932879,unavailable,pubget,,True
23933055,unavailable,pubget,,True
23933447,unavailable,pubget,,True
23933470,unavailable,pubget,,True
23933482,unavailable,pubget,,True
23934630,unavailable,pubget,,True
23937691,unavailable,pubget,,True
23938592,unavailable,pubget,,True
23939822,unavailable,pubget,,True
23946416,unavailable,pubget,,True
23948629,unavailable,pubget,,True
23949205,unavailable,pubget,,True
23958749,unavailable,pubget,,True
23958947,unavailable,pubget,,True
23960206,unavailable,pubget,,True
23962174,unavailable,pubget,,True
23962356,unavailable,pubget,,True
23962468,unavailable,pubget,,True
23962956,unavailable,pubget,,True
23962957,unavailable,pubget,,True
23964595,unavailable,pubget,,True
23964603,unavailable,pubget,,True
23965000,unavailable,pubget,,True
23965014,unavailable,pubget,,True
23965119,unavailable,pubget,,True
23965121,unavailable,pubget,,True
23965122,unavailable,pubget,,True
23968177,unavailable,pubget,,True
23968208,unavailable,pubget,,True
23968210,unavailable,pubget,,True
23968211,unavailable,pubget,,True
23969000,unavailable,pubget,,True
23969195,unavailable,pubget,,True
23973351,unavailable,pubget,,True
23973363,unavailable,pubget,,True
23973765,unavailable,pubget,,True
23978654,unavailable,pubget,,True
23982186,unavailable,pubget,,True
23982946,unavailable,pubget,,True
23984890,unavailable,pubget,,True
23984988,unavailable,pubget,,True
23988334,unavailable,pubget,,True
23990147,unavailable,pubget,,True
23993406,unavailable,pubget,,True
23993991,unavailable,pubget,,True
23994316,unavailable,pubget,,True
23996748,unavailable,pubget,,True
23998951,unavailable,pubget,,True
23999996,unavailable,pubget,,True
24001313,unavailable,pubget,,True
24001457,unavailable,pubget,,True
24009278,unavailable,pubget,,True
24014176,unavailable,pubget,,True
24016382,unavailable,pubget,,True
24018304,unavailable,pubget,,True
24021836,unavailable,pubget,,True
24021958,unavailable,pubget,,True
24025798,unavailable,pubget,,True
24025925,unavailable,pubget,,True
24027137,unavailable,pubget,,True
24028885,unavailable,pubget,,True
24029378,unavailable,pubget,,True
24029620,unavailable,pubget,,True
24029682,unavailable,pubget,,True
24033438,unavailable,pubget,,True
24038570,unavailable,pubget,,True
24043402,unavailable,pubget,,True
24047337,unavailable,pubget,,True
24047380,unavailable,pubget,,True
24047386,unavailable,pubget,,True
24047390,unavailable,pubget,,True
24049739,unavailable,pubget,,True
24051234,unavailable,pubget,,True
24051602,unavailable,pubget,,True
24051925,unavailable,pubget,,True
24054425,unavailable,pubget,,True
24055504,unavailable,pubget,,True
24055506,unavailable,pubget,,True
24056110,unavailable,pubget,,True
24056237,unavailable,pubget,,True
24064071,unavailable,pubget,,True
24064072,unavailable,pubget,,True
24064075,unavailable,pubget,,True
24065623,unavailable,pubget,,True
24068814,unavailable,pubget,,True
24070060,unavailable,pubget,,True
24070545,unavailable,pubget,,True
24070614,unavailable,pubget,,True
24071526,unavailable,pubget,,True
24071913,unavailable,pubget,,True
24076035,unavailable,pubget,,True
24076099,unavailable,pubget,,True
24077642,unavailable,pubget,,True
24078018,unavailable,pubget,,True
24080400,unavailable,pubget,,True
24080994,unavailable,pubget,,True
24084128,unavailable,pubget,,True
24084831,unavailable,pubget,,True
24089404,unavailable,pubget,,True
24090512,unavailable,pubget,,True
24090774,unavailable,pubget,,True
24090819,unavailable,pubget,,True
24097810,unavailable,pubget,,True
24099835,unavailable,pubget,,True
24099842,unavailable,pubget,,True
24103657,unavailable,pubget,,True
24104726,unavailable,pubget,,True
24107763,unavailable,pubget,,True
24107952,unavailable,pubget,,True
24108799,unavailable,pubget,,True
24110132,unavailable,pubget,,True
24110224,unavailable,pubget,,True
24110266,unavailable,pubget,,True
24110344,unavailable,pubget,,True
24110693,unavailable,pubget,,True
24111111,unavailable,pubget,,True
24111113,unavailable,pubget,,True
24111237,unavailable,pubget,,True
24111300,unavailable,pubget,,True
24116841,unavailable,pubget,,True
24117474,unavailable,pubget,,True
24119150,unavailable,pubget,,True
24120612,unavailable,pubget,,True
24121027,unavailable,pubget,,True
24121087,unavailable,pubget,,True
24121137,unavailable,pubget,,True
24122137,unavailable,pubget,,True
24122991,unavailable,pubget,,True
24123508,unavailable,pubget,,True
24127425,unavailable,pubget,,True
24128734,unavailable,pubget,,True
24129199,unavailable,pubget,,True
24135221,unavailable,pubget,,True
24135773,unavailable,pubget,,True
24139823,unavailable,pubget,,True
24142432,unavailable,pubget,,True
24144246,unavailable,pubget,,True
24144339,unavailable,pubget,,True
24144510,unavailable,pubget,,True
24148027,unavailable,pubget,,True
24148273,unavailable,pubget,,True
24148720,unavailable,pubget,,True
24148912,unavailable,pubget,,True
24150105,unavailable,pubget,,True
24152545,unavailable,pubget,,True
24155295,unavailable,pubget,,True
24155301,unavailable,pubget,,True
24155318,unavailable,pubget,,True
24155321,unavailable,pubget,,True
24161536,unavailable,pubget,,True
24162516,unavailable,pubget,,True
24168381,unavailable,pubget,,True
24171732,unavailable,pubget,,True
24174207,unavailable,pubget,,True
24176651,unavailable,pubget,,True
24176981,unavailable,pubget,,True
24183466,unavailable,pubget,,True
24183567,unavailable,pubget,,True
24184576,unavailable,pubget,,True
24191059,unavailable,pubget,,True
24192754,unavailable,pubget,,True
24194577,unavailable,pubget,,True
24200205,unavailable,pubget,,True
24201011,unavailable,pubget,,True
24209777,unavailable,pubget,,True
24211410,unavailable,pubget,,True
24211818,unavailable,pubget,,True
24211982,unavailable,pubget,,True
24212504,unavailable,pubget,,True
24217067,unavailable,pubget,,True
24221921,unavailable,pubget,,True
24222405,unavailable,pubget,,True
24222759,unavailable,pubget,,True
24234183,unavailable,pubget,,True
24234804,unavailable,pubget,,True
24235292,unavailable,pubget,,True
24236354,unavailable,pubget,,True
24238843,unavailable,pubget,,True
24240987,unavailable,pubget,,True
24243441,unavailable,pubget,,True
24243552,unavailable,pubget,,True
24247004,unavailable,pubget,,True
24247250,unavailable,pubget,,True
24256746,unavailable,pubget,,True
24259567,unavailable,pubget,,True
24259581,unavailable,pubget,,True
24262200,unavailable,pubget,,True
24262681,unavailable,pubget,,True
24262800,unavailable,pubget,,True
24263086,unavailable,pubget,,True
24267664,unavailable,pubget,,True
24268546,unavailable,pubget,,True
24268934,unavailable,pubget,,True
24269572,unavailable,pubget,,True
24269575,unavailable,pubget,,True
24269802,unavailable,pubget,,True
24269938,unavailable,pubget,,True
24273335,unavailable,pubget,,True
24275006,unavailable,pubget,,True
24275075,unavailable,pubget,,True
24277511,unavailable,pubget,,True
24282108,unavailable,pubget,,True
24283400,unavailable,pubget,,True
24290464,unavailable,pubget,,True
24290728,unavailable,pubget,,True
24291524,unavailable,pubget,,True
24293161,unavailable,pubget,,True
24294351,unavailable,pubget,,True
24294970,unavailable,pubget,,True
24295635,unavailable,pubget,,True
24296366,unavailable,pubget,,True
24296894,unavailable,pubget,,True
24297329,unavailable,pubget,,True
24297675,unavailable,pubget,,True
24298194,unavailable,pubget,,True
24301987,unavailable,pubget,,True
24302696,unavailable,pubget,,True
24305832,unavailable,pubget,,True
24307490,unavailable,pubget,,True
24307677,unavailable,pubget,,True
24308559,unavailable,pubget,,True
24309584,unavailable,pubget,,True
24313336,unavailable,pubget,,True
24314147,unavailable,pubget,,True
24315838,unavailable,pubget,,True
24316549,unavailable,pubget,,True
24319305,unavailable,pubget,,True
24320519,unavailable,pubget,,True
24321306,unavailable,pubget,,True
24322820,unavailable,pubget,,True
24329128,unavailable,pubget,,True
24331265,unavailable,pubget,,True
24332890,unavailable,pubget,,True
24333752,unavailable,pubget,,True
24337087,unavailable,pubget,,True
24338845,unavailable,pubget,,True
24345389,unavailable,pubget,,True
24345533,unavailable,pubget,,True
24345673,unavailable,pubget,,True
24347363,unavailable,pubget,,True
24351296,unavailable,pubget,,True
24351976,unavailable,pubget,,True
24352377,unavailable,pubget,,True
24354514,unavailable,pubget,,True
24357070,unavailable,pubget,,True
24357099,unavailable,pubget,,True
24357570,unavailable,pubget,,True
24359488,unavailable,pubget,,True
24359970,unavailable,pubget,,True
24365484,unavailable,pubget,,True
24365486,unavailable,pubget,,True
24366558,unavailable,pubget,,True
24366757,unavailable,pubget,,True
24368264,unavailable,pubget,,True
24368777,unavailable,pubget,,True
24370468,unavailable,pubget,,True
24370569,unavailable,pubget,,True
24373804,unavailable,pubget,,True
24373986,unavailable,pubget,,True
24380867,unavailable,pubget,,True
24381231,unavailable,pubget,,True
24381372,unavailable,pubget,,True
24384153,unavailable,pubget,,True
24387823,unavailable,pubget,,True
24389047,unavailable,pubget,,True
24389161,unavailable,pubget,,True
24389422,unavailable,pubget,,True
24389439,unavailable,pubget,,True
24389503,unavailable,pubget,,True
24390655,unavailable,pubget,,True
24394347,unavailable,pubget,,True
24396008,unavailable,pubget,,True
24402653,unavailable,pubget,,True
24403137,unavailable,pubget,,True
24403280,unavailable,pubget,,True
24407914,unavailable,pubget,,True
24412649,unavailable,pubget,,True
24412799,unavailable,pubget,,True
24414278,unavailable,pubget,,True
24417550,unavailable,pubget,,True
24417611,unavailable,pubget,,True
24418507,unavailable,pubget,,True
24420764,unavailable,pubget,,True
24431447,unavailable,pubget,,True
24431451,unavailable,pubget,,True
24434074,unavailable,pubget,,True
24434600,unavailable,pubget,,True
24438492,unavailable,pubget,,True
24440751,unavailable,pubget,,True
24443693,unavailable,pubget,,True
24444689,unavailable,pubget,,True
24444739,unavailable,pubget,,True
24446548,unavailable,pubget,,True
24447598,unavailable,pubget,,True
24451660,unavailable,pubget,,True
24453107,unavailable,pubget,,True
24453176,unavailable,pubget,,True
24453314,unavailable,pubget,,True
24457067,unavailable,pubget,,True
24464941,unavailable,pubget,,True
24468407,unavailable,pubget,,True
24468408,unavailable,pubget,,True
24468409,unavailable,pubget,,True
24469099,unavailable,pubget,,True
24471481,unavailable,pubget,,True
24472622,unavailable,pubget,,True
24473101,unavailable,pubget,,True
24473731,unavailable,pubget,,True
24475817,unavailable,pubget,,True
24478354,unavailable,pubget,,True
24482092,unavailable,pubget,,True
24485466,unavailable,pubget,,True
24486613,unavailable,pubget,,True
24487017,unavailable,pubget,,True
24491458,unavailable,pubget,,True
24491951,unavailable,pubget,,True
24493836,unavailable,pubget,,True
24495089,unavailable,pubget,,True
24495660,unavailable,pubget,,True
24501382,unavailable,pubget,,True
24502903,unavailable,pubget,,True
24502937,unavailable,pubget,,True
24505676,unavailable,pubget,,True
24505812,unavailable,pubget,,True
24505814,unavailable,pubget,,True
24507118,unavailable,pubget,,True
24508744,unavailable,pubget,,True
24509088,unavailable,pubget,,True
24512799,unavailable,pubget,,True
24513232,unavailable,pubget,,True
24513233,unavailable,pubget,,True
24513387,unavailable,pubget,,True
24522972,unavailable,pubget,,True
24523255,unavailable,pubget,,True
24524705,unavailable,pubget,,True
24526187,unavailable,pubget,,True
24526804,unavailable,pubget,,True
24528168,unavailable,pubget,,True
24530294,unavailable,pubget,,True
24530436,unavailable,pubget,,True
24530849,unavailable,pubget,,True
24531048,unavailable,pubget,,True
24531050,unavailable,pubget,,True
24532392,unavailable,pubget,,True
24532997,unavailable,pubget,,True
24533988,unavailable,pubget,,True
24534814,unavailable,pubget,,True
24549705,unavailable,pubget,,True
24553150,unavailable,pubget,,True
24553284,unavailable,pubget,,True
24553940,unavailable,pubget,,True
24557502,unavailable,pubget,,True
24560581,unavailable,pubget,,True
24561922,unavailable,pubget,,True
24562822,unavailable,pubget,,True
24562867,unavailable,pubget,,True
24570013,unavailable,pubget,,True
24573279,unavailable,pubget,,True
24574142,unavailable,pubget,,True
24575774,unavailable,pubget,,True
24575849,unavailable,pubget,,True
24577108,unavailable,pubget,,True
24578016,unavailable,pubget,,True
24578196,unavailable,pubget,,True
24579198,unavailable,pubget,,True
24581734,unavailable,pubget,,True
24582905,unavailable,pubget,,True
24582920,unavailable,pubget,,True
24583040,unavailable,pubget,,True
24583254,unavailable,pubget,,True
24583653,unavailable,pubget,,True
24585739,unavailable,pubget,,True
24591523,unavailable,pubget,,True
24592464,unavailable,pubget,,True
24593696,unavailable,pubget,,True
24593796,unavailable,pubget,,True
24595339,unavailable,pubget,,True
24595922,unavailable,pubget,,True
24602827,unavailable,pubget,,True
24606178,unavailable,pubget,,True
24607883,unavailable,pubget,,True
24612926,unavailable,pubget,,True
24613016,unavailable,pubget,,True
24613940,unavailable,pubget,,True
24614643,unavailable,pubget,,True
24615858,unavailable,pubget,,True
24617815,unavailable,pubget,,True
24619536,unavailable,pubget,,True
24619790,unavailable,pubget,,True
24621494,unavailable,pubget,,True
24629510,unavailable,pubget,,True
24631963,unavailable,pubget,,True
24639328,unavailable,pubget,,True
24639383,unavailable,pubget,,True
24639411,unavailable,pubget,,True
24642280,unavailable,pubget,,True
24642287,unavailable,pubget,,True
24642381,unavailable,pubget,,True
24642422,unavailable,pubget,,True
24647939,unavailable,pubget,,True
24648366,unavailable,pubget,,True
24656506,unavailable,pubget,,True
24657305,unavailable,pubget,,True
24657778,unavailable,pubget,,True
24657876,unavailable,pubget,,True
24659134,unavailable,pubget,,True
24659678,unavailable,pubget,,True
24661456,unavailable,pubget,,True
24661911,unavailable,pubget,,True
24662576,unavailable,pubget,,True
24664509,unavailable,pubget,,True
24671338,unavailable,pubget,,True
24672000,unavailable,pubget,,True
24672002,unavailable,pubget,,True
24675159,unavailable,pubget,,True
24675649,unavailable,pubget,,True
24675869,unavailable,pubget,,True
24677151,unavailable,pubget,,True
24677429,unavailable,pubget,,True
24679850,unavailable,pubget,,True
24681435,unavailable,pubget,,True
24682187,unavailable,pubget,,True
24683964,unavailable,pubget,,True
24683988,unavailable,pubget,,True
24683989,unavailable,pubget,,True
24690243,unavailable,pubget,,True
24692319,unavailable,pubget,,True
24695275,unavailable,pubget,,True
24695711,unavailable,pubget,,True
24695720,unavailable,pubget,,True
24699035,unavailable,pubget,,True
24704944,unavailable,pubget,,True
24705200,unavailable,pubget,,True
24705568,unavailable,pubget,,True
24709370,unavailable,pubget,,True
24710161,unavailable,pubget,,True
24710652,unavailable,pubget,,True
24714209,unavailable,pubget,,True
24721006,unavailable,pubget,,True
24725071,unavailable,pubget,,True
24725141,unavailable,pubget,,True
24726752,unavailable,pubget,,True
24729172,unavailable,pubget,,True
24735970,unavailable,pubget,,True
24736173,unavailable,pubget,,True
24736181,unavailable,pubget,,True
24736936,unavailable,pubget,,True
24737115,unavailable,pubget,,True
24737724,unavailable,pubget,,True
24738536,unavailable,pubget,,True
24738771,unavailable,pubget,,True
24742227,unavailable,pubget,,True
24742920,unavailable,pubget,,True
24744200,unavailable,pubget,,True
24745955,unavailable,pubget,,True
24745956,unavailable,pubget,,True
24746497,unavailable,pubget,,True
24753083,unavailable,pubget,,True
24753982,unavailable,pubget,,True
24760360,unavailable,pubget,,True
24760847,unavailable,pubget,,True
24760946,unavailable,pubget,,True
24761597,unavailable,pubget,,True
24767950,unavailable,pubget,,True
24768148,unavailable,pubget,,True
24772453,unavailable,pubget,,True
24773099,unavailable,pubget,,True
24773415,unavailable,pubget,,True
24777386,unavailable,pubget,,True
24780786,unavailable,pubget,,True
24787041,unavailable,pubget,,True
24789863,unavailable,pubget,,True
24794802,unavailable,pubget,,True
24794918,unavailable,pubget,,True
24796646,unavailable,pubget,,True
24801219,unavailable,pubget,,True
24804953,unavailable,pubget,,True
24807470,unavailable,pubget,,True
24807817,unavailable,pubget,,True
24809277,unavailable,pubget,,True
24810401,unavailable,pubget,,True
24810870,unavailable,pubget,,True
24811608,unavailable,pubget,,True
24814210,unavailable,pubget,,True
24814675,unavailable,pubget,,True
24814910,unavailable,pubget,,True
24821530,unavailable,pubget,,True
24828546,unavailable,pubget,,True
24828642,unavailable,pubget,,True
24830837,unavailable,pubget,,True
24830839,unavailable,pubget,,True
24834973,unavailable,pubget,,True
24837105,unavailable,pubget,,True
24837443,unavailable,pubget,,True
24841112,unavailable,pubget,,True
24844747,unavailable,pubget,,True
24845600,unavailable,pubget,,True
24847113,unavailable,pubget,,True
24848466,unavailable,pubget,,True
24848477,unavailable,pubget,,True
24849661,unavailable,pubget,,True
24856460,unavailable,pubget,,True
24856553,unavailable,pubget,,True
24856561,unavailable,pubget,,True
24857826,unavailable,pubget,,True
24858066,unavailable,pubget,,True
24859803,unavailable,pubget,,True
24862171,unavailable,pubget,,True
24862389,unavailable,pubget,,True
24862983,unavailable,pubget,,True
24867353,unavailable,pubget,,True
24867610,unavailable,pubget,,True
24867864,unavailable,pubget,,True
24869631,unavailable,pubget,,True
24870563,unavailable,pubget,,True
24874884,unavailable,pubget,,True
24875143,unavailable,pubget,,True
24875691,unavailable,pubget,,True
24875939,unavailable,pubget,,True
24882568,unavailable,pubget,,True
24883078,unavailable,pubget,,True
24886004,unavailable,pubget,,True
24890842,unavailable,pubget,,True
24890898,unavailable,pubget,,True
24893344,unavailable,pubget,,True
24893737,unavailable,pubget,,True
24893907,unavailable,pubget,,True
24895735,unavailable,pubget,,True
24898851,unavailable,pubget,,True
24898924,unavailable,pubget,,True
24899722,unavailable,pubget,,True
24899946,unavailable,pubget,,True
24900102,unavailable,pubget,,True
24903708,unavailable,pubget,,True
24904075,unavailable,pubget,,True
24907446,unavailable,pubget,,True
24907484,unavailable,pubget,,True
24907485,unavailable,pubget,,True
24910070,unavailable,pubget,,True
24910321,unavailable,pubget,,True
24911376,unavailable,pubget,,True
24912028,unavailable,pubget,,True
24912070,unavailable,pubget,,True
24916094,unavailable,pubget,,True
24920613,unavailable,pubget,,True
24929553,unavailable,pubget,,True
24929635,unavailable,pubget,,True
24931140,unavailable,pubget,,True
24935777,unavailable,pubget,,True
24935778,unavailable,pubget,,True
24936549,unavailable,pubget,,True
24937269,unavailable,pubget,,True
24938422,unavailable,pubget,,True
24938849,unavailable,pubget,,True
24946314,unavailable,pubget,,True
24948034,unavailable,pubget,,True
24948157,unavailable,pubget,,True
24954512,unavailable,pubget,,True
24954834,unavailable,pubget,,True
24955765,unavailable,pubget,,True
24955920,unavailable,pubget,,True
24958241,unavailable,pubget,,True
24960045,unavailable,pubget,,True
24960047,unavailable,pubget,,True
24961944,unavailable,pubget,,True
24962992,unavailable,pubget,,True
24963641,unavailable,pubget,,True
24968573,unavailable,pubget,,True
24969050,unavailable,pubget,,True
24969539,unavailable,pubget,,True
24971708,unavailable,pubget,,True
24973255,unavailable,pubget,,True
24976498,unavailable,pubget,,True
24982140,unavailable,pubget,,True
24985583,unavailable,pubget,,True
24986218,unavailable,pubget,,True
24986714,unavailable,pubget,,True
24989406,unavailable,pubget,,True
24990921,unavailable,pubget,,True
24994547,unavailable,pubget,,True
24996119,unavailable,pubget,,True
24996120,unavailable,pubget,,True
24996404,unavailable,pubget,,True
24999040,unavailable,pubget,,True
24999661,unavailable,pubget,,True
25000498,unavailable,pubget,,True
25000524,unavailable,pubget,,True
25001038,unavailable,pubget,,True
25008350,unavailable,pubget,,True
25009315,unavailable,pubget,,True
25012094,unavailable,pubget,,True
25012096,unavailable,pubget,,True
25012415,unavailable,pubget,,True
25014407,unavailable,pubget,,True
25014614,unavailable,pubget,,True
25015401,unavailable,pubget,,True
25017050,unavailable,pubget,,True
25017192,unavailable,pubget,,True
25019274,unavailable,pubget,,True
25031254,unavailable,pubget,,True
25035298,unavailable,pubget,,True
25036008,unavailable,pubget,,True
25037283,unavailable,pubget,,True
25037525,unavailable,pubget,,True
25037555,unavailable,pubget,,True
25037922,unavailable,pubget,,True
25038438,unavailable,pubget,,True
25039124,unavailable,pubget,,True
25040580,unavailable,pubget,,True
25040779,unavailable,pubget,,True
25043494,unavailable,pubget,,True
25044370,unavailable,pubget,,True
25045065,unavailable,pubget,,True
25052708,unavailable,pubget,,True
25054061,unavailable,pubget,,True
25055809,unavailable,pubget,,True
25058055,unavailable,pubget,,True
25059532,unavailable,pubget,,True
25064666,unavailable,pubget,,True
25065602,unavailable,pubget,,True
25065732,unavailable,pubget,,True
25066449,unavailable,pubget,,True
25066663,unavailable,pubget,,True
25067812,unavailable,pubget,,True
25073167,unavailable,pubget,,True
25075083,unavailable,pubget,,True
25075776,unavailable,pubget,,True
25080518,unavailable,pubget,,True
25080601,unavailable,pubget,,True
25082062,unavailable,pubget,,True
25085721,unavailable,pubget,,True
25085883,unavailable,pubget,,True
25086547,unavailable,pubget,,True
25086555,unavailable,pubget,,True
25087482,unavailable,pubget,,True
25088392,unavailable,pubget,,True
25092525,unavailable,pubget,,True
25092900,unavailable,pubget,,True
25093540,unavailable,pubget,,True
25096286,unavailable,pubget,,True
25098351,unavailable,pubget,,True
25100590,unavailable,pubget,,True
25101864,unavailable,pubget,,True
25104195,unavailable,pubget,,True
25106072,unavailable,pubget,,True
25107615,unavailable,pubget,,True
25111033,unavailable,pubget,,True
25111444,unavailable,pubget,,True
25111471,unavailable,pubget,,True
25114070,unavailable,pubget,,True
25119145,unavailable,pubget,,True
25119874,unavailable,pubget,,True
25123110,unavailable,pubget,,True
25127927,unavailable,pubget,,True
25128878,unavailable,pubget,,True
25129023,unavailable,pubget,,True
25129599,unavailable,pubget,,True
25130561,unavailable,pubget,,True
25138546,unavailable,pubget,,True
25139308,unavailable,pubget,,True
25139625,unavailable,pubget,,True
25143600,unavailable,pubget,,True
25146374,unavailable,pubget,,True
25150553,unavailable,pubget,,True
25151425,unavailable,pubget,,True
25155392,unavailable,pubget,,True
25156697,unavailable,pubget,,True
25158673,unavailable,pubget,,True
25160043,unavailable,pubget,,True
25163422,unavailable,pubget,,True
25164120,unavailable,pubget,,True
25164357,unavailable,pubget,,True
25164675,unavailable,pubget,,True
25165065,unavailable,pubget,,True
25168605,unavailable,pubget,,True
25171805,unavailable,pubget,,True
25172183,unavailable,pubget,,True
25172207,unavailable,pubget,,True
25173413,unavailable,pubget,,True
25174680,unavailable,pubget,,True
25178438,unavailable,pubget,,True
25178986,unavailable,pubget,,True
25180304,unavailable,pubget,,True
25181448,unavailable,pubget,,True
25182478,unavailable,pubget,,True
25182664,unavailable,pubget,,True
25183168,unavailable,pubget,,True
25186392,unavailable,pubget,,True
25192244,unavailable,pubget,,True
25192631,unavailable,pubget,,True
25193358,unavailable,pubget,,True
25194587,unavailable,pubget,,True
25196509,unavailable,pubget,,True
25204866,unavailable,pubget,,True
25205006,unavailable,pubget,,True
25205659,unavailable,pubget,,True
25205663,unavailable,pubget,,True
25206932,unavailable,pubget,,True
25210055,unavailable,pubget,,True
25211629,unavailable,pubget,,True
25218099,unavailable,pubget,,True
25220389,unavailable,pubget,,True
25222292,unavailable,pubget,,True
25223606,unavailable,pubget,,True
25223844,unavailable,pubget,,True
25225001,unavailable,pubget,,True
25227004,unavailable,pubget,,True
25227006,unavailable,pubget,,True
25234120,unavailable,pubget,,True
25240323,unavailable,pubget,,True
25241043,unavailable,pubget,,True
25243988,unavailable,pubget,,True
25243993,unavailable,pubget,,True
25244436,unavailable,pubget,,True
25245303,unavailable,pubget,,True
25246146,unavailable,pubget,,True
25247627,unavailable,pubget,,True
25248430,unavailable,pubget,,True
25249057,unavailable,pubget,,True
25249170,unavailable,pubget,,True
25249406,unavailable,pubget,,True
25250207,unavailable,pubget,,True
25251019,unavailable,pubget,,True
25252229,unavailable,pubget,,True
25252868,unavailable,pubget,,True
25253050,unavailable,pubget,,True
25253845,unavailable,pubget,,True
25255943,unavailable,pubget,,True
25257103,unavailable,pubget,,True
25258307,unavailable,pubget,,True
25260799,unavailable,pubget,,True
25264353,unavailable,pubget,,True
25265551,unavailable,pubget,,True
25267816,unavailable,pubget,,True
25269517,unavailable,pubget,,True
25270364,unavailable,pubget,,True
25271132,unavailable,pubget,,True
25274897,unavailable,pubget,,True
25277236,unavailable,pubget,,True
25277605,unavailable,pubget,,True
25279725,unavailable,pubget,,True
25281280,unavailable,pubget,,True
25282511,unavailable,pubget,,True
25284302,unavailable,pubget,,True
25284303,unavailable,pubget,,True
25285453,unavailable,pubget,,True
25289490,unavailable,pubget,,True
25290886,unavailable,pubget,,True
25292268,unavailable,pubget,,True
25292351,unavailable,pubget,,True
25294782,unavailable,pubget,,True
25296367,unavailable,pubget,,True
25296614,unavailable,pubget,,True
25298010,unavailable,pubget,,True
25301551,unavailable,pubget,,True
25303889,unavailable,pubget,,True
25305700,unavailable,pubget,,True
25307619,unavailable,pubget,,True
25308823,unavailable,pubget,,True
25312831,unavailable,pubget,,True
25313657,unavailable,pubget,,True
25315785,unavailable,pubget,,True
25316238,unavailable,pubget,,True
25319685,unavailable,pubget,,True
25319705,unavailable,pubget,,True
25319706,unavailable,pubget,,True
25322264,unavailable,pubget,,True
25326039,unavailable,pubget,,True
25327308,unavailable,pubget,,True
25327879,unavailable,pubget,,True
25331606,unavailable,pubget,,True
25335914,unavailable,pubget,,True
25336321,unavailable,pubget,,True
25338631,unavailable,pubget,,True
25338757,unavailable,pubget,,True
25339740,unavailable,pubget,,True
25339755,unavailable,pubget,,True
25344629,unavailable,pubget,,True
25352455,unavailable,pubget,,True
25354093,unavailable,pubget,,True
25354135,unavailable,pubget,,True
25355487,unavailable,pubget,,True
25355817,unavailable,pubget,,True
25359694,unavailable,pubget,,True
25366500,unavailable,pubget,,True
25370581,unavailable,pubget,,True
25378154,unavailable,pubget,,True
25382193,unavailable,pubget,,True
25382787,unavailable,pubget,,True
25383262,unavailable,pubget,,True
25384054,unavailable,pubget,,True
25385213,unavailable,pubget,,True
25388082,unavailable,pubget,,True
25390185,unavailable,pubget,,True
25392519,unavailable,pubget,,True
25393934,unavailable,pubget,,True
25397622,unavailable,pubget,,True
25400047,unavailable,pubget,,True
25400292,unavailable,pubget,,True
25409934,unavailable,pubget,,True
25413417,unavailable,pubget,,True
25413551,unavailable,pubget,,True
25413603,unavailable,pubget,,True
25416740,unavailable,pubget,,True
25418860,unavailable,pubget,,True
25420254,unavailable,pubget,,True
25426823,unavailable,pubget,,True
25428212,unavailable,pubget,,True
25429140,unavailable,pubget,,True
25438304,unavailable,pubget,,True
25439177,unavailable,pubget,,True
25440340,unavailable,pubget,,True
25443857,unavailable,pubget,,True
25444089,unavailable,pubget,,True
25444164,unavailable,pubget,,True
25444535,unavailable,pubget,,True
25445055,unavailable,pubget,,True
25445057,unavailable,pubget,,True
25445239,unavailable,pubget,,True
25445775,unavailable,pubget,,True
25445778,unavailable,pubget,,True
25445785,unavailable,pubget,,True
25445839,unavailable,pubget,,True
25446003,unavailable,pubget,,True
25446349,unavailable,pubget,,True
25446365,unavailable,pubget,,True
25446966,unavailable,pubget,,True
25446970,unavailable,pubget,,True
25449160,unavailable,pubget,,True
25449530,unavailable,pubget,,True
25449743,unavailable,pubget,,True
25449746,unavailable,pubget,,True
25450109,unavailable,pubget,,True
25450147,unavailable,pubget,,True
25451474,unavailable,pubget,,True
25452569,unavailable,pubget,,True
25453165,unavailable,pubget,,True
25453990,unavailable,pubget,,True
25455344,unavailable,pubget,,True
25455744,unavailable,pubget,,True
25458308,unavailable,pubget,,True
25461711,unavailable,pubget,,True
25461916,unavailable,pubget,,True
25462037,unavailable,pubget,,True
25462691,unavailable,pubget,,True
25463450,unavailable,pubget,,True
25463464,unavailable,pubget,,True
25463821,unavailable,pubget,,True
25464758,unavailable,pubget,,True
25464916,unavailable,pubget,,True
25464921,unavailable,pubget,,True
25466258,unavailable,pubget,,True
25467219,unavailable,pubget,,True
25467303,unavailable,pubget,,True
25468173,unavailable,pubget,,True
25471972,unavailable,pubget,,True
25472845,unavailable,pubget,,True
25476415,unavailable,pubget,,True
25477246,unavailable,pubget,,True
25477367,unavailable,pubget,,True
25480839,unavailable,pubget,,True
25480912,unavailable,pubget,,True
25481413,unavailable,pubget,,True
25481542,unavailable,pubget,,True
25483401,unavailable,pubget,,True
25485375,unavailable,pubget,,True
25485712,unavailable,pubget,,True
25485743,unavailable,pubget,,True
25485789,unavailable,pubget,,True
25487911,unavailable,pubget,,True
25488186,unavailable,pubget,,True
25488206,unavailable,pubget,,True
25490432,unavailable,pubget,,True
25496329,unavailable,pubget,,True
25496871,unavailable,pubget,,True
25497398,unavailable,pubget,,True
25497690,unavailable,pubget,,True
25498951,unavailable,pubget,,True
25499132,unavailable,pubget,,True
25500359,unavailable,pubget,,True
25504834,unavailable,pubget,,True
25504964,unavailable,pubget,,True
25506108,unavailable,pubget,,True
25506752,unavailable,pubget,,True
25514112,unavailable,pubget,,True
25514334,unavailable,pubget,,True
25515329,unavailable,pubget,,True
25515348,unavailable,pubget,,True
25519454,unavailable,pubget,,True
25526821,unavailable,pubget,,True
25527055,unavailable,pubget,,True
25527206,unavailable,pubget,,True
25528436,unavailable,pubget,,True
25529014,unavailable,pubget,,True
25530824,unavailable,pubget,,True
25532443,unavailable,pubget,,True
25532865,unavailable,pubget,,True
25534114,unavailable,pubget,,True
25536499,unavailable,pubget,,True
25537204,unavailable,pubget,,True
25538009,unavailable,pubget,,True
25539036,unavailable,pubget,,True
25541862,unavailable,pubget,,True
25542533,unavailable,pubget,,True
25545410,unavailable,pubget,,True
25546484,unavailable,pubget,,True
25547320,unavailable,pubget,,True
25552571,unavailable,pubget,,True
25555505,unavailable,pubget,,True
25557318,unavailable,pubget,,True
25557468,unavailable,pubget,,True
25560201,unavailable,pubget,,True
25560298,unavailable,pubget,,True
25565059,unavailable,pubget,,True
25570124,unavailable,pubget,,True
25570125,unavailable,pubget,,True
25570385,unavailable,pubget,,True
25570386,unavailable,pubget,,True
25570387,unavailable,pubget,,True
25571467,unavailable,pubget,,True
25571531,unavailable,pubget,,True
25575449,unavailable,pubget,,True
25575881,unavailable,pubget,,True
25576537,unavailable,pubget,,True
25577575,unavailable,pubget,,True
25578430,unavailable,pubget,,True
25583615,unavailable,pubget,,True
25585276,unavailable,pubget,,True
25586959,unavailable,pubget,,True
25589757,unavailable,pubget,,True
25591421,unavailable,pubget,,True
25591595,unavailable,pubget,,True
25592958,unavailable,pubget,,True
25592995,unavailable,pubget,,True
25592998,unavailable,pubget,,True
25595500,unavailable,pubget,,True
25595984,unavailable,pubget,,True
25598397,unavailable,pubget,,True
25599972,unavailable,pubget,,True
25599979,unavailable,pubget,,True
25601007,unavailable,pubget,,True
25601237,unavailable,pubget,,True
25605923,unavailable,pubget,,True
25609611,unavailable,pubget,,True
25609637,unavailable,pubget,,True
25613405,unavailable,pubget,,True
25613986,unavailable,pubget,,True
25614233,unavailable,pubget,,True
25619848,unavailable,pubget,,True
25620492,unavailable,pubget,,True
25620606,unavailable,pubget,,True
25622772,unavailable,pubget,,True
25623396,unavailable,pubget,,True
25623843,unavailable,pubget,,True
25623847,unavailable,pubget,,True
25633017,unavailable,pubget,,True
25634779,unavailable,pubget,,True
25636911,unavailable,pubget,,True
25637804,unavailable,pubget,,True
25641572,unavailable,pubget,,True
25644421,unavailable,pubget,,True
25646442,unavailable,pubget,,True
25646497,unavailable,pubget,,True
25646795,unavailable,pubget,,True
25648842,unavailable,pubget,,True
25649655,unavailable,pubget,,True
25650106,unavailable,pubget,,True
25650552,unavailable,pubget,,True
25652023,unavailable,pubget,,True
25655559,unavailable,pubget,,True
25655909,unavailable,pubget,,True
25656317,unavailable,pubget,,True
25658632,unavailable,pubget,,True
25658635,unavailable,pubget,,True
25659234,unavailable,pubget,,True
25659477,unavailable,pubget,,True
25662837,unavailable,pubget,,True
25664702,unavailable,pubget,,True
25664956,unavailable,pubget,,True
25670029,unavailable,pubget,,True
25670645,unavailable,pubget,,True
25675392,unavailable,pubget,,True
25682348,unavailable,pubget,,True
25683798,unavailable,pubget,,True
25684065,unavailable,pubget,,True
25687593,unavailable,pubget,,True
25687596,unavailable,pubget,,True
25695644,unavailable,pubget,,True
25696517,unavailable,pubget,,True
25698758,unavailable,pubget,,True
25703620,unavailable,pubget,,True
25707397,unavailable,pubget,,True
25708324,unavailable,pubget,,True
25708625,unavailable,pubget,,True
25708866,unavailable,pubget,,True
25708908,unavailable,pubget,,True
25710832,unavailable,pubget,,True
25711502,unavailable,pubget,,True
25713810,unavailable,pubget,,True
25716308,unavailable,pubget,,True
25716841,unavailable,pubget,,True
25716844,unavailable,pubget,,True
25716853,unavailable,pubget,,True
25721269,unavailable,pubget,,True
25721710,unavailable,pubget,,True
25724321,unavailable,pubget,,True
25731128,unavailable,pubget,,True
25731903,unavailable,pubget,,True
25731995,unavailable,pubget,,True
25731996,unavailable,pubget,,True
25740505,unavailable,pubget,,True
25743045,unavailable,pubget,,True
25747530,unavailable,pubget,,True
25748228,unavailable,pubget,,True
25748306,unavailable,pubget,,True
25750690,unavailable,pubget,,True
25754658,unavailable,pubget,,True
25757996,unavailable,pubget,,True
25766483,unavailable,pubget,,True
25766839,unavailable,pubget,,True
25768002,unavailable,pubget,,True
25769376,unavailable,pubget,,True
25769901,unavailable,pubget,,True
25770991,unavailable,pubget,,True
25771712,unavailable,pubget,,True
25773611,unavailable,pubget,,True
25773994,unavailable,pubget,,True
25786598,unavailable,pubget,,True
25792898,unavailable,pubget,,True
25794263,unavailable,pubget,,True
25796300,unavailable,pubget,,True
25832914,unavailable,pubget,,True
25833968,unavailable,pubget,,True
25835427,unavailable,pubget,,True
25835556,unavailable,pubget,,True
25853627,unavailable,pubget,,True
25854932,unavailable,pubget,,True
25890144,unavailable,pubget,,True
25901776,unavailable,pubget,,True
25904826,unavailable,pubget,,True
25932663,unavailable,pubget,,True
25961587,unavailable,pubget,,True
25961589,unavailable,pubget,,True
25961591,unavailable,pubget,,True
25966573,unavailable,pubget,,True
25973339,unavailable,pubget,,True
25984554,unavailable,pubget,,True
26023254,unavailable,pubget,,True
26024465,unavailable,pubget,,True
26052560,unavailable,pubget,,True
26059389,unavailable,pubget,,True
26139954,unavailable,pubget,,True
26157973,unavailable,pubget,,True
26157983,unavailable,pubget,,True
26160982,unavailable,pubget,,True
26165002,unavailable,pubget,,True
26165305,unavailable,pubget,,True
26167112,unavailable,pubget,,True
26218510,unavailable,pubget,,True
26221717,unavailable,pubget,,True
26236069,unavailable,pubget,,True
26238813,unavailable,pubget,,True
26262132,unavailable,pubget,,True
26271497,unavailable,pubget,,True
26302473,unavailable,pubget,,True
26304244,unavailable,pubget,,True
26305064,unavailable,pubget,,True
26357911,unavailable,pubget,,True
26366052,unavailable,pubget,,True
26378725,unavailable,pubget,,True
26399153,unavailable,pubget,,True
26402006,unavailable,pubget,,True
26410528,unavailable,pubget,,True
26426915,unavailable,pubget,,True
26431738,unavailable,pubget,,True
26484697,unavailable,pubget,,True
26516631,unavailable,pubget,,True
26550318,unavailable,pubget,,True
26581388,unavailable,pubget,,True
26684070,unavailable,pubget,,True
26684072,unavailable,pubget,,True
26736635,unavailable,pubget,,True
26737524,unavailable,pubget,,True
26738022,unavailable,pubget,,True
26770429,unavailable,pubget,,True
26787633,unavailable,pubget,,True
26881188,unavailable,pubget,,True
26885034,unavailable,pubget,,True
26952804,unavailable,pubget,,True
26989800,unavailable,pubget,,True
26989921,unavailable,pubget,,True
27066654,unavailable,pubget,,True
27156725,unavailable,pubget,,True
27157232,unavailable,pubget,,True
27157462,unavailable,pubget,,True
28519045,unavailable,pubget,,True
28519634,unavailable,pubget,,True
28519978,unavailable,pubget,,True
28519993,unavailable,pubget,,True
28525072,unavailable,pubget,,True
28539763,unavailable,pubget,,True
29200591,unavailable,pubget,,True
29367796,unavailable,pubget,,True
30533112,unavailable,pubget,,True
30713779,unavailable,pubget,,True
30736210,unavailable,pubget,,True
30754124,unavailable,pubget,,True
31051761,unavailable,pubget,,True
31423042,unavailable,pubget,,True
33169038,unavailable,pubget,,True
8978389,unavailable,pubget,,True
8987760,unavailable,pubget,,True
8988735,unavailable,pubget,,True
9014457,unavailable,pubget,,True
9015070,unavailable,pubget,,True
9016218,unavailable,pubget,,True
9023435,unavailable,pubget,,True
9024188,unavailable,pubget,,True
9038285,unavailable,pubget,,True
9038286,unavailable,pubget,,True
9050403,unavailable,pubget,,True
9050960,unavailable,pubget,,True
9055803,unavailable,pubget,,True
9056277,unavailable,pubget,,True
9070601,unavailable,pubget,,True
9076641,unavailable,pubget,,True
9080429,unavailable,pubget,,True
9080445,unavailable,pubget,,True
9080448,unavailable,pubget,,True
9086469,unavailable,pubget,,True
9088881,unavailable,pubget,,True
9088971,unavailable,pubget,,True
9096152,unavailable,pubget,,True
9101323,unavailable,pubget,,True
9103996,unavailable,pubget,,True
9106749,unavailable,pubget,,True
9107663,unavailable,pubget,,True
9109891,unavailable,pubget,,True
9110329,unavailable,pubget,,True
9114082,unavailable,pubget,,True
9119907,unavailable,pubget,,True
9121583,unavailable,pubget,,True
9121584,unavailable,pubget,,True
9126062,unavailable,pubget,,True
9126402,unavailable,pubget,,True
9129189,unavailable,pubget,,True
9138041,unavailable,pubget,,True
9141052,unavailable,pubget,,True
9151747,unavailable,pubget,,True
9153482,unavailable,pubget,,True
9153522,unavailable,pubget,,True
9153677,unavailable,pubget,,True
9159730,unavailable,pubget,,True
9169548,unavailable,pubget,,True
9175095,unavailable,pubget,,True
9175125,unavailable,pubget,,True
9175130,unavailable,pubget,,True
9175134,unavailable,pubget,,True
9175896,unavailable,pubget,,True
9177249,unavailable,pubget,,True
9177951,unavailable,pubget,,True
9182959,unavailable,pubget,,True
9183338,unavailable,pubget,,True
9184888,unavailable,pubget,,True
9186043,unavailable,pubget,,True
9187292,unavailable,pubget,,True
9189915,unavailable,pubget,,True
9192679,unavailable,pubget,,True
9194135,unavailable,pubget,,True
9212281,unavailable,pubget,,True
9214503,unavailable,pubget,,True
9220220,unavailable,pubget,,True
9223090,unavailable,pubget,,True
9223094,unavailable,pubget,,True
9234470,unavailable,pubget,,True
9236697,unavailable,pubget,,True
9237433,unavailable,pubget,,True
9238495,unavailable,pubget,,True
9243644,unavailable,pubget,,True
9249955,unavailable,pubget,,True
9255178,unavailable,pubget,,True
9256370,unavailable,pubget,,True
9259453,unavailable,pubget,,True
9261575,unavailable,pubget,,True
9262998,unavailable,pubget,,True
9268812,unavailable,pubget,,True
9270489,unavailable,pubget,,True
9283100,unavailable,pubget,,True
9285718,unavailable,pubget,,True
9295098,unavailable,pubget,,True
9298400,unavailable,pubget,,True
9322400,unavailable,pubget,,True
9331920,unavailable,pubget,,True
9339439,unavailable,pubget,,True
9339448,unavailable,pubget,,True
9342097,unavailable,pubget,,True
9343992,unavailable,pubget,,True
9344822,unavailable,pubget,,True
9345549,unavailable,pubget,,True
9347486,unavailable,pubget,,True
9349315,unavailable,pubget,,True
9349676,unavailable,pubget,,True
9351656,unavailable,pubget,,True
9368123,unavailable,pubget,,True
9368935,unavailable,pubget,,True
9373799,unavailable,pubget,,True
9389586,unavailable,pubget,,True
9391021,unavailable,pubget,,True
9391022,unavailable,pubget,,True
9394230,unavailable,pubget,,True
9396944,unavailable,pubget,,True
9397427,unavailable,pubget,,True
9401596,unavailable,pubget,,True
9408041,unavailable,pubget,,True
9413882,unavailable,pubget,,True
9417973,unavailable,pubget,,True
9419036,unavailable,pubget,,True
9425182,unavailable,pubget,,True
9427311,unavailable,pubget,,True
9427353,unavailable,pubget,,True
9430342,unavailable,pubget,,True
9430345,unavailable,pubget,,True
9430353,unavailable,pubget,,True
9438439,unavailable,pubget,,True
9440828,unavailable,pubget,,True
9443056,unavailable,pubget,,True
9447498,unavailable,pubget,,True
9448244,unavailable,pubget,,True
9448576,unavailable,pubget,,True
9448773,unavailable,pubget,,True
9453855,unavailable,pubget,,True
9462459,unavailable,pubget,,True
9463462,unavailable,pubget,,True
9465008,unavailable,pubget,,True
9469157,unavailable,pubget,,True
9481762,unavailable,pubget,,True
9483631,unavailable,pubget,,True
9485067,unavailable,pubget,,True
9491989,unavailable,pubget,,True
9494412,unavailable,pubget,,True
9497433,unavailable,pubget,,True
9500833,unavailable,pubget,,True
9501235,unavailable,pubget,,True
9503973,unavailable,pubget,,True
9507970,unavailable,pubget,,True
9508267,unavailable,pubget,,True
9510217,unavailable,pubget,,True
9510380,unavailable,pubget,,True
9510384,unavailable,pubget,,True
9510387,unavailable,pubget,,True
9512397,unavailable,pubget,,True
9520553,unavailable,pubget,,True
9529941,unavailable,pubget,,True
9529946,unavailable,pubget,,True
9533143,unavailable,pubget,,True
9535981,unavailable,pubget,,True
9538909,unavailable,pubget,,True
9546493,unavailable,pubget,,True
9547077,unavailable,pubget,,True
9549687,unavailable,pubget,,True
9556942,unavailable,pubget,,True
9559925,unavailable,pubget,,True
9559944,unavailable,pubget,,True
9561986,unavailable,pubget,,True
9566374,unavailable,pubget,,True
9571103,unavailable,pubget,,True
9572503,unavailable,pubget,,True
9576541,unavailable,pubget,,True
9576825,unavailable,pubget,,True
9579955,unavailable,pubget,,True
9582242,unavailable,pubget,,True
9585356,unavailable,pubget,,True
9591574,unavailable,pubget,,True
9593941,unavailable,pubget,,True
9593960,unavailable,pubget,,True
9596341,unavailable,pubget,,True
9597657,unavailable,pubget,,True
9597658,unavailable,pubget,,True
9601664,unavailable,pubget,,True
9602663,unavailable,pubget,,True
9605668,unavailable,pubget,,True
9607516,unavailable,pubget,,True
9618570,unavailable,pubget,,True
9620697,unavailable,pubget,,True
9621969,unavailable,pubget,,True
9626672,unavailable,pubget,,True
9626674,unavailable,pubget,,True
9626713,unavailable,pubget,,True
9630142,unavailable,pubget,,True
9631470,unavailable,pubget,,True
9634568,unavailable,pubget,,True
9637279,unavailable,pubget,,True
9651128,unavailable,pubget,,True
9651614,unavailable,pubget,,True
9655492,unavailable,pubget,,True
9655624,unavailable,pubget,,True
9665616,unavailable,pubget,,True
9665622,unavailable,pubget,,True
9673660,unavailable,pubget,,True
9673662,unavailable,pubget,,True
9673663,unavailable,pubget,,True
9673667,unavailable,pubget,,True
9673671,unavailable,pubget,,True
9674576,unavailable,pubget,,True
9676437,unavailable,pubget,,True
9679777,unavailable,pubget,,True
9679785,unavailable,pubget,,True
9681588,unavailable,pubget,,True
9686785,unavailable,pubget,,True
9696384,unavailable,pubget,,True
9697863,unavailable,pubget,,True
9698191,unavailable,pubget,,True
9699694,unavailable,pubget,,True
9701351,unavailable,pubget,,True
9702707,unavailable,pubget,,True
9704261,unavailable,pubget,,True
9704268,unavailable,pubget,,True
9710022,unavailable,pubget,,True
9711703,unavailable,pubget,,True
9711754,unavailable,pubget,,True
9712014,unavailable,pubget,,True
9712582,unavailable,pubget,,True
9712683,unavailable,pubget,,True
9721927,unavailable,pubget,,True
9721946,unavailable,pubget,,True
9724802,unavailable,pubget,,True
9729626,unavailable,pubget,,True
9735432,unavailable,pubget,,True
9736662,unavailable,pubget,,True
9736764,unavailable,pubget,,True
9740757,unavailable,pubget,,True
9744957,unavailable,pubget,,True
9749748,unavailable,pubget,,True
9749754,unavailable,pubget,,True
9749761,unavailable,pubget,,True
9754116,unavailable,pubget,,True
9754438,unavailable,pubget,,True
9754701,unavailable,pubget,,True
9757340,unavailable,pubget,,True
9758738,unavailable,pubget,,True
9758742,unavailable,pubget,,True
9760136,unavailable,pubget,,True
9761587,unavailable,pubget,,True
9763386,unavailable,pubget,,True
9770222,unavailable,pubget,,True
9772106,unavailable,pubget,,True
9772107,unavailable,pubget,,True
9772269,unavailable,pubget,,True
9774166,unavailable,pubget,,True
9777284,unavailable,pubget,,True
9778189,unavailable,pubget,,True
9779715,unavailable,pubget,,True
9788075,unavailable,pubget,,True
9794011,unavailable,pubget,,True
9798071,unavailable,pubget,,True
9799347,unavailable,pubget,,True
9799627,unavailable,pubget,,True
9799858,unavailable,pubget,,True
9800714,unavailable,pubget,,True
9800716,unavailable,pubget,,True
9801380,unavailable,pubget,,True
9804125,unavailable,pubget,,True
9805319,unavailable,pubget,,True
9805320,unavailable,pubget,,True
9810479,unavailable,pubget,,True
9811554,unavailable,pubget,,True
9811557,unavailable,pubget,,True
9813403,unavailable,pubget,,True
9814782,unavailable,pubget,,True
9819271,unavailable,pubget,,True
9822099,unavailable,pubget,,True
9823480,unavailable,pubget,,True
9827774,unavailable,pubget,,True
9831165,unavailable,pubget,,True
9831471,unavailable,pubget,,True
9831742,unavailable,pubget,,True
9831743,unavailable,pubget,,True
9843238,unavailable,pubget,,True
9849722,unavailable,pubget,,True
9851491,unavailable,pubget,,True
9855306,unavailable,pubget,,True
9858007,unavailable,pubget,,True
9858384,unavailable,pubget,,True
9863701,unavailable,pubget,,True
9867168,unavailable,pubget,,True
9867232,unavailable,pubget,,True
9868706,unavailable,pubget,,True
9869705,unavailable,pubget,,True
9870415,unavailable,pubget,,True
9875348,unavailable,pubget,,True
9875541,unavailable,pubget,,True
9880046,unavailable,pubget,,True
9882087,unavailable,pubget,,True
9882089,unavailable,pubget,,True
9882090,unavailable,pubget,,True
9883733,unavailable,pubget,,True
9888394,unavailable,pubget,,True
9888404,unavailable,pubget,,True
9916518,unavailable,pubget,,True
9918733,unavailable,pubget,,True
9920469,unavailable,pubget,,True
9920476,unavailable,pubget,,True
9922086,unavailable,pubget,,True
9926099,unavailable,pubget,,True
9927549,unavailable,pubget,,True
9929652,unavailable,pubget,,True
9932121,unavailable,pubget,,True
9950063,unavailable,pubget,,True
9950068,unavailable,pubget,,True
9950069,unavailable,pubget,,True
9950711,unavailable,pubget,,True
9950716,unavailable,pubget,,True
9950717,unavailable,pubget,,True
9950718,unavailable,pubget,,True
9951219,unavailable,pubget,,True
9952263,unavailable,pubget,,True
9989433,unavailable,pubget,,True
9989556,unavailable,pubget,,True
