{
  "search": {
    "counts": {
      "true_positives": 224,
      "false_negatives": 12,
      "false_positives": 799,
      "meta_total": 236,
      "retrieved_total": 1023
    },
    "metrics": {
      "recall": 0.9491525423728814,
      "recall_ci_lower": 0.9132393739475034,
      "recall_ci_upper": 0.9706773444199525,
      "precision": 0.21896383186705767,
      "precision_ci_lower": 0.1946988960846948,
      "precision_ci_upper": 0.2453315818390668
    }
  },
  "abstract": {
    "counts": {
      "true_positives": 216,
      "false_negatives": 8,
      "false_positives": 269,
      "meta_in_search": 224,
      "meta_total": 236,
      "included_total": 485
    },
    "metrics": {
      "recall_in_search": 0.9642857142857143,
      "recall_in_search_ci_lower": 0.9311207759903067,
      "recall_in_search_ci_upper": 0.9817941614047959,
      "recall_all_meta": 0.9152542372881356,
      "recall_all_meta_ci_lower": 0.872733824659863,
      "recall_all_meta_ci_upper": 0.944472197981747,
      "precision": 0.44536082474226807,
      "precision_ci_lower": 0.40172925725957676,
      "precision_ci_upper": 0.4898511647012386
    }
  },
  "fulltext": {
    "counts": {
      "true_positives": 30,
      "false_negatives": 11,
      "additional_false_negatives": 3,
      "false_positives": 44,
      "meta_in_search_available": 41,
      "meta_total": 236,
      "included_total": 74
    },
    "metrics": {
      "recall_in_search": 0.7317073170731707,
      "recall_in_search_ci_lower": 0.5806617472399707,
      "recall_in_search_ci_upper": 0.8430519471866331,
      "recall_all_meta": 0.1271186440677966,
      "recall_all_meta_ci_lower": 0.09051259035969032,
      "recall_all_meta_ci_upper": 0.17566975665600665,
      "precision": 0.40540540540540543,
      "precision_ci_lower": 0.3009038972107517,
      "precision_ci_upper": 0.5192436845450189
    }
  }
}