{
  "search": {
    "counts": {
      "true_positives": 4,
      "false_negatives": 236,
      "false_positives": 94,
      "meta_total": 240,
      "retrieved_total": 98
    },
    "metrics": {
      "recall": 0.016666666666666666,
      "recall_ci_lower": 0.0064998355877797925,
      "recall_ci_upper": 0.04206283788549137,
      "precision": 0.04081632653061224,
      "precision_ci_lower": 0.015984990527160972,
      "precision_ci_upper": 0.10028969486662703
    }
  },
  "abstract": {
    "counts": {
      "true_positives": 2,
      "false_negatives": 2,
      "false_positives": 54,
      "meta_in_search": 4,
      "meta_total": 240,
      "included_total": 56
    },
    "metrics": {
      "recall_in_search": 0.5,
      "recall_in_search_ci_lower": 0.15003570882017148,
      "recall_in_search_ci_upper": 0.8499642911798285,
      "recall_all_meta": 0.008333333333333333,
      "recall_all_meta_ci_lower": 0.002288235363161974,
      "recall_all_meta_ci_upper": 0.029870346273441456,
      "precision": 0.03571428571428571,
      "precision_ci_lower": 0.009849218502577639,
      "precision_ci_upper": 0.12119005852210082
    }
  },
  "fulltext": {
    "counts": {
      "true_positives": 2,
      "false_negatives": 2,
      "false_positives": 10,
      "meta_in_search_available": 4,
      "meta_total": 240,
      "included_total": 12
    },
    "metrics": {
      "recall_in_search": 0.5,
      "recall_in_search_ci_lower": 0.15003570882017148,
      "recall_in_search_ci_upper": 0.8499642911798285,
      "recall_all_meta": 0.008333333333333333,
      "recall_all_meta_ci_lower": 0.002288235363161974,
      "recall_all_meta_ci_upper": 0.029870346273441456,
      "precision": 0.16666666666666666,
      "precision_ci_lower": 0.04696414761482223,
      "precision_ci_upper": 0.44803635738467273
    }
  }
}