{
  "search": {
    "counts": {
      "true_positives": 230,
      "false_negatives": 0,
      "false_positives": 262,
      "meta_total": 230,
      "retrieved_total": 492
    },
    "metrics": {
      "precision": 0.46747967479674796,
      "precision_ci_lower": 0.4238137674691755,
      "precision_ci_upper": 0.5116494933786436,
      "recall": 1.0,
      "recall_ci_lower": 0.9835717853452937,
      "recall_ci_upper": 1
    }
  },
  "abstract": {
    "counts": {
      "true_positives": 229,
      "false_negatives": 1,
      "false_positives": 154,
      "meta_in_search": 230,
      "meta_total": 230,
      "included_total": 383
    },
    "metrics": {
      "precision": 0.597911227154047,
      "precision_ci_lower": 0.5480675016077816,
      "precision_ci_upper": 0.6458103026407791,
      "recall_in_search": 0.9956521739130435,
      "recall_in_search_ci_lower": 0.9757868782595205,
      "recall_in_search_ci_upper": 0.9992321089523359,
      "recall_all_meta": 0.9956521739130435,
      "recall_all_meta_ci_lower": 0.9757868782595205,
      "recall_all_meta_ci_upper": 0.9992321089523359
    }
  },
  "fulltext": {
    "counts": {
      "true_positives": 54,
      "false_negatives": 3,
      "false_positives": 49,
      "additional_false_negatives": 2,
      "meta_in_search_available": 57,
      "meta_total": 230,
      "included_total": 103
    },
    "metrics": {
      "precision": 0.5242718446601942,
      "precision_ci_lower": 0.428696500548807,
      "precision_ci_upper": 0.6181017503197687,
      "recall_in_search": 0.9473684210526315,
      "recall_in_search_ci_lower": 0.8563022233952869,
      "recall_in_search_ci_upper": 0.9819400319037189,
      "recall_all_meta": 0.23478260869565218,
      "recall_all_meta_ci_lower": 0.1846376150743672,
      "recall_all_meta_ci_upper": 0.29364169878595536
    }
  },
  "fulltext_with_coords": {
    "counts": {
      "true_positives": 38,
      "false_negatives": 19,
      "false_positives": 15,
      "meta_in_search_available": 57,
      "meta_total": 230,
      "included_total": 53
    },
    "metrics": {
      "precision": 0.7169811320754716,
      "precision_ci_lower": 0.5842945799989226,
      "precision_ci_upper": 0.8203386463704966,
      "recall_in_search": 0.6666666666666666,
      "recall_in_search_ci_lower": 0.5372226902277747,
      "recall_in_search_ci_upper": 0.7750636401777372,
      "recall_all_meta": 0.16521739130434782,
      "recall_all_meta_ci_lower": 0.12280028125384804,
      "recall_all_meta_ci_upper": 0.21863426247147713
    }
  }
}