{
  "search": {
    "counts": {
      "true_positives": 337,
      "false_negatives": 8,
      "false_positives": 148,
      "meta_total": 345,
      "retrieved_total": 485
    },
    "metrics": {
      "precision": 0.6948453608247422,
      "precision_ci_lower": 0.6524651570628183,
      "precision_ci_upper": 0.7341631495297466,
      "recall": 0.9768115942028985,
      "recall_ci_lower": 0.9549170760847985,
      "recall_ci_upper": 0.9882043864930592
    }
  },
  "abstract": {
    "counts": {
      "true_positives": 318,
      "false_negatives": 19,
      "false_positives": 55,
      "meta_in_search": 337,
      "meta_total": 345,
      "included_total": 373
    },
    "metrics": {
      "precision": 0.8525469168900804,
      "precision_ci_lower": 0.8129747029784985,
      "precision_ci_upper": 0.884931260694302,
      "recall_in_search": 0.9436201780415431,
      "recall_in_search_ci_lower": 0.9136276473275948,
      "recall_in_search_ci_upper": 0.9636126895326946,
      "recall_all_meta": 0.9217391304347826,
      "recall_all_meta_ci_lower": 0.8885296423107668,
      "recall_all_meta_ci_upper": 0.9456598580240555
    }
  },
  "fulltext": {
    "counts": {
      "true_positives": 293,
      "false_negatives": 43,
      "false_positives": 42,
      "additional_false_negatives": 24,
      "meta_in_search_available": 336,
      "meta_total": 345,
      "included_total": 335
    },
    "metrics": {
      "precision": 0.8746268656716418,
      "precision_ci_lower": 0.8348655465668411,
      "precision_ci_upper": 0.905893557392059,
      "recall_in_search": 0.8720238095238095,
      "recall_in_search_ci_lower": 0.8320524804085077,
      "recall_in_search_ci_upper": 0.9035843574594873,
      "recall_all_meta": 0.8492753623188406,
      "recall_all_meta_ci_lower": 0.8076869402350149,
      "recall_all_meta_ci_upper": 0.8831710308326559
    }
  },
  "fulltext_with_coords": {
    "counts": {
      "true_positives": 0,
      "false_negatives": 336,
      "false_positives": 0,
      "meta_in_search_available": 336,
      "meta_total": 345,
      "included_total": 0
    },
    "metrics": {
      "precision": 0,
      "precision_ci_lower": 0.0,
      "precision_ci_upper": 0.0,
      "recall_in_search": 0.0,
      "recall_in_search_ci_lower": 0,
      "recall_in_search_ci_upper": 0.011304089905414755,
      "recall_all_meta": 0.0,
      "recall_all_meta_ci_lower": 0,
      "recall_all_meta_ci_upper": 0.011012448056653792
    }
  }
}