pmid,type,source,full_text_path,in_included_set
10417251,incomplete,/home/zorro/repos/autonima-results/projects/problem_solving/elsevier_output,/home/zorro/repos/autonima-results/projects/problem_solving/elsevier_output/10417251/text.txt,True
10600410,incomplete,/home/zorro/repos/autonima-results/projects/problem_solving/elsevier_output,/home/zorro/repos/autonima-results/projects/problem_solving/elsevier_output/10600410/text.txt,True
10790322,incomplete,/home/zorro/repos/autonima-results/projects/problem_solving/elsevier_output,/home/zorro/repos/autonima-results/projects/problem_solving/elsevier_output/10790322/text.txt,True
10806026,incomplete,/home/zorro/repos/autonima-results/projects/problem_solving/elsevier_output,/home/zorro/repos/autonima-results/projects/problem_solving/elsevier_output/10806026/text.txt,True
10841995,incomplete,/home/zorro/repos/autonima-results/projects/problem_solving/elsevier_output,/home/zorro/repos/autonima-results/projects/problem_solving/elsevier_output/10841995/text.txt,True
10888341,incomplete,/home/zorro/repos/autonima-results/projects/problem_solving/elsevier_output,/home/zorro/repos/autonima-results/projects/problem_solving/elsevier_output/10888341/text.txt,True
10950912,incomplete,/home/zorro/repos/autonima-results/projects/problem_solving/elsevier_output,/home/zorro/repos/autonima-results/projects/problem_solving/elsevier_output/10950912/text.txt,True
10988030,incomplete,/home/zorro/repos/autonima-results/projects/problem_solving/elsevier_output,/home/zorro/repos/autonima-results/projects/problem_solving/elsevier_output/10988030/text.txt,True
11034858,incomplete,/home/zorro/repos/autonima-results/projects/problem_solving/elsevier_output,/home/zorro/repos/autonima-results/projects/problem_solving/elsevier_output/11034858/text.txt,True
11034863,incomplete,/home/zorro/repos/autonima-results/projects/problem_solving/elsevier_output,/home/zorro/repos/autonima-results/projects/problem_solving/elsevier_output/11034863/text.txt,True
11112403,incomplete,/home/zorro/repos/autonima-results/projects/problem_solving/elsevier_output,/home/zorro/repos/autonima-results/projects/problem_solving/elsevier_output/11112403/text.txt,True
11162272,incomplete,/home/zorro/repos/autonima-results/projects/problem_solving/elsevier_output,/home/zorro/repos/autonima-results/projects/problem_solving/elsevier_output/11162272/text.txt,True
11162278,incomplete,/home/zorro/repos/autonima-results/projects/problem_solving/elsevier_output,/home/zorro/repos/autonima-results/projects/problem_solving/elsevier_output/11162278/text.txt,True
11467901,incomplete,/home/zorro/repos/autonima-results/projects/problem_solving/elsevier_output,/home/zorro/repos/autonima-results/projects/problem_solving/elsevier_output/11467901/text.txt,True
11467902,incomplete,/home/zorro/repos/autonima-results/projects/problem_solving/elsevier_output,/home/zorro/repos/autonima-results/projects/problem_solving/elsevier_output/11467902/text.txt,True
11682277,incomplete,/home/zorro/repos/autonima-results/projects/problem_solving/elsevier_output,/home/zorro/repos/autonima-results/projects/problem_solving/elsevier_output/11682277/text.txt,True
11697933,incomplete,/home/zorro/repos/autonima-results/projects/problem_solving/elsevier_output,/home/zorro/repos/autonima-results/projects/problem_solving/elsevier_output/11697933/text.txt,True
11697945,incomplete,/home/zorro/repos/autonima-results/projects/problem_solving/elsevier_output,/home/zorro/repos/autonima-results/projects/problem_solving/elsevier_output/11697945/text.txt,True
11707105,incomplete,/home/zorro/repos/autonima-results/projects/problem_solving/elsevier_output,/home/zorro/repos/autonima-results/projects/problem_solving/elsevier_output/11707105/text.txt,True
12414293,incomplete,/home/zorro/repos/autonima-results/articles/elsevier_output,/home/zorro/repos/autonima-results/articles/elsevier_output/12414293/text.txt,True
12802176,incomplete,/home/zorro/repos/autonima-results/articles/ace_outputs,/home/zorro/repos/autonima-results/articles/ace_outputs/html/Neuroreport/12802176.html,True
14674880,incomplete,/home/zorro/repos/autonima-results/articles/ace_outputs,/home/zorro/repos/autonima-results/articles/ace_outputs/html/Journal of abnormal psychology/14674880.html,True
15505971,incomplete,/home/zorro/repos/autonima-results/projects/problem_solving/elsevier_output,/home/zorro/repos/autonima-results/projects/problem_solving/elsevier_output/15505971/text.txt,True
15820643,incomplete,/home/zorro/repos/autonima-results/projects/problem_solving/elsevier_output,/home/zorro/repos/autonima-results/projects/problem_solving/elsevier_output/15820643/text.txt,True
15998190,incomplete,/home/zorro/repos/autonima-results/articles/ace_outputs,/home/zorro/repos/autonima-results/articles/ace_outputs/html/Behavioral neuroscience/15998190.html,True
16167193,incomplete,/home/zorro/repos/autonima-results/articles/ace_outputs,/home/zorro/repos/autonima-results/articles/ace_outputs/html/Applied psychophysiology and biofeedback/16167193.html,True
16168730,incomplete,/home/zorro/repos/autonima-results/projects/problem_solving/elsevier_output,/home/zorro/repos/autonima-results/projects/problem_solving/elsevier_output/16168730/text.txt,True
16284758,incomplete,/home/zorro/repos/autonima-results/articles/ace_outputs,/home/zorro/repos/autonima-results/articles/ace_outputs/html/Experimental brain research/16284758.html,True
17434420,incomplete,/home/zorro/repos/autonima-results/projects/problem_solving/elsevier_output,/home/zorro/repos/autonima-results/projects/problem_solving/elsevier_output/17434420/text.txt,True
17828390,incomplete,/home/zorro/repos/autonima-results/articles/ace_outputs,/home/zorro/repos/autonima-results/articles/ace_outputs/html/Experimental brain research/17828390.html,True
19540214,incomplete,/home/zorro/repos/autonima-results/projects/problem_solving/elsevier_output,/home/zorro/repos/autonima-results/projects/problem_solving/elsevier_output/19540214/text.txt,True
19641250,incomplete,pubget,projects/problem_solving/v2/retrieval/pubget_data/text.csv [pmcid=5452472],True
20521853,incomplete,/home/zorro/repos/autonima-results/articles/ace_outputs,/home/zorro/repos/autonima-results/articles/ace_outputs/html/Journal of cognitive neuroscience/20521853.html,True
20695652,incomplete,/home/zorro/repos/autonima-results/articles/ace_outputs,/home/zorro/repos/autonima-results/articles/ace_outputs/html/Behavioral neuroscience/20695652.html,True
20714062,incomplete,pubget,projects/problem_solving/v2/retrieval/pubget_data/text.csv [pmcid=3776583],True
20837067,incomplete,/home/zorro/repos/autonima-results/projects/problem_solving/elsevier_output,/home/zorro/repos/autonima-results/projects/problem_solving/elsevier_output/20837067/text.txt,True
21098967,incomplete,/home/zorro/repos/autonima-results/articles/ace_outputs,/home/zorro/repos/autonima-results/articles/ace_outputs/html/Manual/21098967.html,True
9038284,incomplete,/home/zorro/repos/autonima-results/articles/elsevier_output,/home/zorro/repos/autonima-results/articles/elsevier_output/9038284/text.txt,True
9212721,incomplete,/home/zorro/repos/autonima-results/projects/problem_solving/elsevier_output,/home/zorro/repos/autonima-results/projects/problem_solving/elsevier_output/9212721/text.txt,True
9347483,incomplete,/home/zorro/repos/autonima-results/articles/elsevier_output,/home/zorro/repos/autonima-results/articles/elsevier_output/9347483/text.txt,True
9626670,incomplete,/home/zorro/repos/autonima-results/projects/problem_solving/elsevier_output,/home/zorro/repos/autonima-results/projects/problem_solving/elsevier_output/9626670/text.txt,True
9626676,incomplete,/home/zorro/repos/autonima-results/projects/problem_solving/elsevier_output,/home/zorro/repos/autonima-results/projects/problem_solving/elsevier_output/9626676/text.txt,True
9665648,incomplete,/home/zorro/repos/autonima-results/projects/problem_solving/elsevier_output,/home/zorro/repos/autonima-results/projects/problem_solving/elsevier_output/9665648/text.txt,True
9669104,incomplete,/home/zorro/repos/autonima-results/projects/problem_solving/elsevier_output,/home/zorro/repos/autonima-results/projects/problem_solving/elsevier_output/9669104/text.txt,True
9918730,incomplete,/home/zorro/repos/autonima-results/projects/problem_solving/elsevier_output,/home/zorro/repos/autonima-results/projects/problem_solving/elsevier_output/9918730/text.txt,True
9918736,incomplete,/home/zorro/repos/autonima-results/projects/problem_solving/elsevier_output,/home/zorro/repos/autonima-results/projects/problem_solving/elsevier_output/9918736/text.txt,True
10022494,unavailable,pubget,,False
10025564,unavailable,pubget,,False
10025606,unavailable,pubget,,False
10029886,unavailable,pubget,,False
10030646,unavailable,pubget,,False
10071049,unavailable,pubget,,False
10075897,unavailable,pubget,,False
10075901,unavailable,pubget,,False
10078731,unavailable,pubget,,False
10079313,unavailable,pubget,,False
10080553,unavailable,pubget,,False
10088896,unavailable,pubget,,False
10088902,unavailable,pubget,,False
10093075,unavailable,pubget,,False
10094234,unavailable,pubget,,False
10096413,unavailable,pubget,,False
10096415,unavailable,pubget,,False
10096417,unavailable,pubget,,False
10097992,unavailable,pubget,,False
10100786,unavailable,pubget,,False
10102821,unavailable,pubget,,True
10190133,unavailable,pubget,,False
10191173,unavailable,pubget,,False
10191322,unavailable,pubget,,False
10194620,unavailable,pubget,,False
10195166,unavailable,pubget,,False
10197540,unavailable,pubget,,False
10199643,unavailable,pubget,,False
10199937,unavailable,pubget,,False
10199941,unavailable,pubget,,False
10202567,unavailable,pubget,,False
10202577,unavailable,pubget,,False
10211477,unavailable,pubget,,False
10211793,unavailable,pubget,,False
10211810,unavailable,pubget,,False
10212312,unavailable,pubget,,False
10215835,unavailable,pubget,,False
10218879,unavailable,pubget,,False
10218904,unavailable,pubget,,False
10225338,unavailable,pubget,,False
10227364,unavailable,pubget,,False
10229724,unavailable,pubget,,True
10230712,unavailable,pubget,,False
10231845,unavailable,pubget,,False
10232807,unavailable,pubget,,False
10232817,unavailable,pubget,,False
10320212,unavailable,pubget,,False
10321493,unavailable,pubget,,False
10322474,unavailable,pubget,,False
10329287,unavailable,pubget,,False
10329288,unavailable,pubget,,False
10332889,unavailable,pubget,,False
10334900,unavailable,pubget,,False
10340683,unavailable,pubget,,False
10348316,unavailable,pubget,,False
10348320,unavailable,pubget,,False
10348952,unavailable,pubget,,False
10349031,unavailable,pubget,,True
10349294,unavailable,pubget,,False
10353369,unavailable,pubget,,False
10354573,unavailable,pubget,,False
10355906,unavailable,pubget,,False
10360121,unavailable,pubget,,False
10363454,unavailable,pubget,,True
10363956,unavailable,pubget,,True
10368412,unavailable,pubget,,False
10371535,unavailable,pubget,,False
10371623,unavailable,pubget,,False
10380826,unavailable,pubget,,False
10380965,unavailable,pubget,,True
10382627,unavailable,pubget,,False
10384334,unavailable,pubget,,False
10385580,unavailable,pubget,,False
10389090,unavailable,pubget,,False
10389670,unavailable,pubget,,False
10398954,unavailable,pubget,,False
10398975,unavailable,pubget,,False
10400241,unavailable,pubget,,False
10401590,unavailable,pubget,,False
10402587,unavailable,pubget,,False
10407059,unavailable,pubget,,False
10408770,unavailable,pubget,,False
10409170,unavailable,pubget,,False
10415669,unavailable,pubget,,False
10416801,unavailable,pubget,,False
10417248,unavailable,pubget,,False
10417252,unavailable,pubget,,False
10417253,unavailable,pubget,,False
10424411,unavailable,pubget,,True
10424675,unavailable,pubget,,False
10426407,unavailable,pubget,,False
10426417,unavailable,pubget,,False
10432178,unavailable,pubget,,False
10432180,unavailable,pubget,,False
10434242,unavailable,pubget,,False
10440954,unavailable,pubget,,False
10441018,unavailable,pubget,,False
10448221,unavailable,pubget,,False
10454151,unavailable,pubget,,False
10458314,unavailable,pubget,,False
10466145,unavailable,pubget,,False
10466151,unavailable,pubget,,False
10467308,unavailable,pubget,,False
10468363,unavailable,pubget,,False
10468516,unavailable,pubget,,False
10471844,unavailable,pubget,,False
10471848,unavailable,pubget,,False
10472197,unavailable,pubget,,False
10473328,unavailable,pubget,,False
10478645,unavailable,pubget,,False
10482241,unavailable,pubget,,False
10482257,unavailable,pubget,,False
10482272,unavailable,pubget,,False
10482384,unavailable,pubget,,False
10484818,unavailable,pubget,,False
10486407,unavailable,pubget,,False
10489259,unavailable,pubget,,False
10493894,unavailable,pubget,,False
10493901,unavailable,pubget,,False
10493903,unavailable,pubget,,False
10495195,unavailable,pubget,,True
10498441,unavailable,pubget,,False
10499047,unavailable,pubget,,False
10501056,unavailable,pubget,,False
10501577,unavailable,pubget,,False
10501801,unavailable,pubget,,False
10501805,unavailable,pubget,,False
10505872,unavailable,pubget,,False
10506097,unavailable,pubget,,False
10510193,unavailable,pubget,,False
10511640,unavailable,pubget,,False
10515463,unavailable,pubget,,False
10518175,unavailable,pubget,,False
10523407,unavailable,pubget,,False
10524597,unavailable,pubget,,True
10524603,unavailable,pubget,,False
10524605,unavailable,pubget,,False
10525759,unavailable,pubget,,False
10531451,unavailable,pubget,,False
10533451,unavailable,pubget,,False
10541839,unavailable,pubget,,False
10543677,unavailable,pubget,,False
10547329,unavailable,pubget,,False
10547332,unavailable,pubget,,False
10547986,unavailable,pubget,,False
10552083,unavailable,pubget,,False
10552242,unavailable,pubget,,False
10554992,unavailable,pubget,,False
10556091,unavailable,pubget,,False
10556597,unavailable,pubget,,False
10561425,unavailable,pubget,,False
10564377,unavailable,pubget,,False
10568143,unavailable,pubget,,False
10572321,unavailable,pubget,,False
10583491,unavailable,pubget,,False
10584833,unavailable,pubget,,False
10586971,unavailable,pubget,,False
10590380,unavailable,pubget,,False
10591898,unavailable,pubget,,False
10595474,unavailable,pubget,,False
10597072,unavailable,pubget,,False
10601000,unavailable,pubget,,False
10601743,unavailable,pubget,,True
10601744,unavailable,pubget,,False
10608584,unavailable,pubget,,False
10609991,unavailable,pubget,,False
10611121,unavailable,pubget,,True
10616631,unavailable,pubget,,False
10618009,unavailable,pubget,,False
10619411,unavailable,pubget,,False
10627804,unavailable,pubget,,False
10629847,unavailable,pubget,,False
10634893,unavailable,pubget,,False
10636145,unavailable,pubget,,False
10637814,unavailable,pubget,,False
10639399,unavailable,pubget,,False
10641756,unavailable,pubget,,False
10642730,unavailable,pubget,,False
10643727,unavailable,pubget,,False
10648446,unavailable,pubget,,False
10649518,unavailable,pubget,,False
10653025,unavailable,pubget,,False
10654141,unavailable,pubget,,False
10659085,unavailable,pubget,,False
10660644,unavailable,pubget,,False
10661767,unavailable,pubget,,False
10667669,unavailable,pubget,,False
10667672,unavailable,pubget,,False
10668052,unavailable,pubget,,False
10669519,unavailable,pubget,,False
10671402,unavailable,pubget,,False
10673991,unavailable,pubget,,False
10674479,unavailable,pubget,,False
10676581,unavailable,pubget,,False
10679185,unavailable,pubget,,False
10680861,unavailable,pubget,,False
10683393,unavailable,pubget,,False
10683395,unavailable,pubget,,False
10686114,unavailable,pubget,,True
10688157,unavailable,pubget,,False
10688201,unavailable,pubget,,False
10690999,unavailable,pubget,,False
10694210,unavailable,pubget,,False
10694462,unavailable,pubget,,False
10694463,unavailable,pubget,,False
10694465,unavailable,pubget,,False
10695532,unavailable,pubget,,False
10698062,unavailable,pubget,,False
10700026,unavailable,pubget,,False
10700262,unavailable,pubget,,False
10709809,unavailable,pubget,,False
10710159,unavailable,pubget,,False
10716869,unavailable,pubget,,False
10720291,unavailable,pubget,,False
10724112,unavailable,pubget,,False
10725185,unavailable,pubget,,True
10728897,unavailable,pubget,,False
10730234,unavailable,pubget,,False
10731771,unavailable,pubget,,False
10734010,unavailable,pubget,,False
10739689,unavailable,pubget,,False
10741278,unavailable,pubget,,False
10746605,unavailable,pubget,,False
10750188,unavailable,pubget,,False
10753488,unavailable,pubget,,False
10753800,unavailable,pubget,,False
10753975,unavailable,pubget,,False
10762158,unavailable,pubget,,False
10762504,unavailable,pubget,,False
10768170,unavailable,pubget,,False
10768694,unavailable,pubget,,False
10769304,unavailable,pubget,,False
10769306,unavailable,pubget,,False
10769310,unavailable,pubget,,False
10769311,unavailable,pubget,,False
10769313,unavailable,pubget,,False
10769314,unavailable,pubget,,False
10769315,unavailable,pubget,,False
10769317,unavailable,pubget,,False
10771410,unavailable,pubget,,False
10771411,unavailable,pubget,,False
10771413,unavailable,pubget,,True
10771414,unavailable,pubget,,True
10778952,unavailable,pubget,,False
10781909,unavailable,pubget,,False
10784583,unavailable,pubget,,False
10787760,unavailable,pubget,,False
10788716,unavailable,pubget,,False
10788717,unavailable,pubget,,False
10789305,unavailable,pubget,,False
10792453,unavailable,pubget,,False
10793250,unavailable,pubget,,False
10805113,unavailable,pubget,,False
10805707,unavailable,pubget,,False
10806036,unavailable,pubget,,False
10808134,unavailable,pubget,,False
10808138,unavailable,pubget,,False
10810198,unavailable,pubget,,False
10821997,unavailable,pubget,,False
10828413,unavailable,pubget,,False
10832089,unavailable,pubget,,False
10836642,unavailable,pubget,,False
10838149,unavailable,pubget,,True
10844366,unavailable,pubget,,False
10847602,unavailable,pubget,,False
10848568,unavailable,pubget,,False
10851884,unavailable,pubget,,False
10852226,unavailable,pubget,,False
10852235,unavailable,pubget,,False
10855761,unavailable,pubget,,False
10857663,unavailable,pubget,,False
10860563,unavailable,pubget,,False
10860788,unavailable,pubget,,False
10860791,unavailable,pubget,,False
10860794,unavailable,pubget,,False
10864229,unavailable,pubget,,False
10864231,unavailable,pubget,,False
10864232,unavailable,pubget,,False
10867223,unavailable,pubget,,False
10869578,unavailable,pubget,,False
10869585,unavailable,pubget,,False
10869586,unavailable,pubget,,False
10875897,unavailable,pubget,,False
10875899,unavailable,pubget,,False
10875906,unavailable,pubget,,False
10877507,unavailable,pubget,,False
10882281,unavailable,pubget,,False
10883389,unavailable,pubget,,False
10884059,unavailable,pubget,,False
10885391,unavailable,pubget,,False
10889706,unavailable,pubget,,False
10891648,unavailable,pubget,,False
10900023,unavailable,pubget,,False
10902692,unavailable,pubget,,False
10903207,unavailable,pubget,,True
10903578,unavailable,pubget,,False
10906316,unavailable,pubget,,False
10906317,unavailable,pubget,,False
10907302,unavailable,pubget,,False
10908201,unavailable,pubget,,False
10909929,unavailable,pubget,,False
10912589,unavailable,pubget,,False
10913321,unavailable,pubget,,False
10913709,unavailable,pubget,,False
10913710,unavailable,pubget,,False
10923670,unavailable,pubget,,False
10923757,unavailable,pubget,,False
10924219,unavailable,pubget,,False
10928384,unavailable,pubget,,False
10928739,unavailable,pubget,,True
10933205,unavailable,pubget,,False
10933206,unavailable,pubget,,False
10933208,unavailable,pubget,,False
10933215,unavailable,pubget,,True
10934267,unavailable,pubget,,False
10934558,unavailable,pubget,,False
10943689,unavailable,pubget,,False
10943717,unavailable,pubget,,True
10943724,unavailable,pubget,,False
10943726,unavailable,pubget,,True
10944414,unavailable,pubget,,True
10944415,unavailable,pubget,,False
10949057,unavailable,pubget,,False
10952494,unavailable,pubget,,False
10957793,unavailable,pubget,,False
10962147,unavailable,pubget,,False
10964875,unavailable,pubget,,True
10966180,unavailable,pubget,,False
10967356,unavailable,pubget,,False
10967625,unavailable,pubget,,False
10971598,unavailable,pubget,,False
10971647,unavailable,pubget,,False
10975903,unavailable,pubget,,False
10976633,unavailable,pubget,,False
10980035,unavailable,pubget,,False
10980036,unavailable,pubget,,False
10982500,unavailable,pubget,,False
10988033,unavailable,pubget,,False
10993408,unavailable,pubget,,False
10994855,unavailable,pubget,,False
10997451,unavailable,pubget,,False
11002350,unavailable,pubget,,True
11002353,unavailable,pubget,,False
11002354,unavailable,pubget,,False
11002357,unavailable,pubget,,False
11007519,unavailable,pubget,,False
11007729,unavailable,pubget,,False
11008184,unavailable,pubget,,False
11014192,unavailable,pubget,,False
11016764,unavailable,pubget,,False
11018487,unavailable,pubget,,False
11020827,unavailable,pubget,,False
11021691,unavailable,pubget,,False
11021695,unavailable,pubget,,False
11027241,unavailable,pubget,,False
11027916,unavailable,pubget,,False
11032590,unavailable,pubget,,False
11034856,unavailable,pubget,,False
11034859,unavailable,pubget,,False
11036292,unavailable,pubget,,False
11039342,unavailable,pubget,,False
11049668,unavailable,pubget,,False
11050647,unavailable,pubget,,False
11053229,unavailable,pubget,,False
11054918,unavailable,pubget,,False
11055257,unavailable,pubget,,False
11056079,unavailable,pubget,,False
11058475,unavailable,pubget,,False
11061337,unavailable,pubget,,False
11062324,unavailable,pubget,,False
11069101,unavailable,pubget,,False
11069948,unavailable,pubget,,False
11074084,unavailable,pubget,,False
11077206,unavailable,pubget,,False
11077722,unavailable,pubget,,False
11087770,unavailable,pubget,,False
11090909,unavailable,pubget,,False
11091108,unavailable,pubget,,False
11099458,unavailable,pubget,,False
11099706,unavailable,pubget,,False
11099997,unavailable,pubget,,False
11103857,unavailable,pubget,,False
11105715,unavailable,pubget,,False
11106116,unavailable,pubget,,False
11108630,unavailable,pubget,,False
11112401,unavailable,pubget,,False
11113035,unavailable,pubget,,False
11113329,unavailable,pubget,,False
11114065,unavailable,pubget,,False
11114214,unavailable,pubget,,False
11117500,unavailable,pubget,,False
11117501,unavailable,pubget,,False
11125237,unavailable,pubget,,False
11126640,unavailable,pubget,,False
11133799,unavailable,pubget,,False
11133926,unavailable,pubget,,False
11134389,unavailable,pubget,,False
11135651,unavailable,pubget,,False
11141984,unavailable,pubget,,False
11145463,unavailable,pubget,,False
11146042,unavailable,pubget,,False
11150934,unavailable,pubget,,False
11156203,unavailable,pubget,,False
11162268,unavailable,pubget,,False
11162276,unavailable,pubget,,False
11163257,unavailable,pubget,,False
11163369,unavailable,pubget,,False
11165427,unavailable,pubget,,False
11167046,unavailable,pubget,,False
11170808,unavailable,pubget,,True
11170907,unavailable,pubget,,False
11173892,unavailable,pubget,,False
11177419,unavailable,pubget,,False
11179704,unavailable,pubget,,False
11180429,unavailable,pubget,,False
11180735,unavailable,pubget,,False
11181868,unavailable,pubget,,False
11189943,unavailable,pubget,,False
11192634,unavailable,pubget,,False
11194408,unavailable,pubget,,False
11194409,unavailable,pubget,,False
11194410,unavailable,pubget,,False
11194411,unavailable,pubget,,False
11195035,unavailable,pubget,,False
11198104,unavailable,pubget,,False
11198279,unavailable,pubget,,False
11198524,unavailable,pubget,,False
11200205,unavailable,pubget,,False
11200806,unavailable,pubget,,False
11209958,unavailable,pubget,,True
11216882,unavailable,pubget,,True
11223150,unavailable,pubget,,False
11230094,unavailable,pubget,,False
11231095,unavailable,pubget,,False
11232158,unavailable,pubget,,True
11238542,unavailable,pubget,,False
11240106,unavailable,pubget,,False
11240114,unavailable,pubget,,False
11241873,unavailable,pubget,,False
11244547,unavailable,pubget,,False
11244551,unavailable,pubget,,False
11247643,unavailable,pubget,,False
11247659,unavailable,pubget,,False
11247998,unavailable,pubget,,False
11247999,unavailable,pubget,,False
11253842,unavailable,pubget,,False
11257281,unavailable,pubget,,False
11257289,unavailable,pubget,,False
11257978,unavailable,pubget,,False
11259662,unavailable,pubget,,False
11261506,unavailable,pubget,,False
11264319,unavailable,pubget,,False
11273413,unavailable,pubget,,False
11275578,unavailable,pubget,,False
11276236,unavailable,pubget,,False
11276237,unavailable,pubget,,False
11284046,unavailable,pubget,,False
11287137,unavailable,pubget,,False
11295342,unavailable,pubget,,False
11296587,unavailable,pubget,,False
11296686,unavailable,pubget,,True
11305899,unavailable,pubget,,False
11309673,unavailable,pubget,,False
11311036,unavailable,pubget,,False
11313046,unavailable,pubget,,False
11317017,unavailable,pubget,,False
11320870,unavailable,pubget,,False
11322979,unavailable,pubget,,False
11328689,unavailable,pubget,,False
11332459,unavailable,pubget,,False
11333362,unavailable,pubget,,False
11333370,unavailable,pubget,,False
11335690,unavailable,pubget,,False
11338201,unavailable,pubget,,False
11339378,unavailable,pubget,,False
11339747,unavailable,pubget,,False
11342469,unavailable,pubget,,False
11343588,unavailable,pubget,,False
11346889,unavailable,pubget,,False
11351196,unavailable,pubget,,False
11352616,unavailable,pubget,,False
11352620,unavailable,pubget,,False
11354435,unavailable,pubget,,False
11356379,unavailable,pubget,,False
11357494,unavailable,pubget,,False
11371316,unavailable,pubget,,False
11373131,unavailable,pubget,,False
11373134,unavailable,pubget,,False
11373143,unavailable,pubget,,False
11376267,unavailable,pubget,,False
11376501,unavailable,pubget,,False
11377345,unavailable,pubget,,False
11383863,unavailable,pubget,,False
11386470,unavailable,pubget,,False
11387405,unavailable,pubget,,False
11388362,unavailable,pubget,,False
11388925,unavailable,pubget,,True
11394724,unavailable,pubget,,False
11398041,unavailable,pubget,,False
11403197,unavailable,pubget,,False
11407441,unavailable,pubget,,True
11409740,unavailable,pubget,,False
11409750,unavailable,pubget,,False
11411161,unavailable,pubget,,False
11418435,unavailable,pubget,,False
11419843,unavailable,pubget,,False
11422456,unavailable,pubget,,False
11430815,unavailable,pubget,,False
11439722,unavailable,pubget,,True
11440757,unavailable,pubget,,False
11445445,unavailable,pubget,,False
11451478,unavailable,pubget,,False
11454888,unavailable,pubget,,False
11455039,unavailable,pubget,,False
11456375,unavailable,pubget,,False
11457574,unavailable,pubget,,False
11464937,unavailable,pubget,,False
11465747,unavailable,pubget,,False
11467903,unavailable,pubget,,False
11467905,unavailable,pubget,,False
11467908,unavailable,pubget,,False
11467909,unavailable,pubget,,False
11467915,unavailable,pubget,,True
11467919,unavailable,pubget,,False
11467923,unavailable,pubget,,False
11477642,unavailable,pubget,,True
11478418,unavailable,pubget,,False
11479008,unavailable,pubget,,False
11486346,unavailable,pubget,,False
11487193,unavailable,pubget,,False
11489738,unavailable,pubget,,False
11500799,unavailable,pubget,,False
11500989,unavailable,pubget,,False
11500993,unavailable,pubget,,False
11500995,unavailable,pubget,,False
11501731,unavailable,pubget,,False
11504093,unavailable,pubget,,False
11504602,unavailable,pubget,,False
11506539,unavailable,pubget,,False
11506643,unavailable,pubget,,False
11506644,unavailable,pubget,,False
11506648,unavailable,pubget,,False
11506649,unavailable,pubget,,False
11506651,unavailable,pubget,,False
11506652,unavailable,pubget,,False
11506654,unavailable,pubget,,False
11506655,unavailable,pubget,,False
11506663,unavailable,pubget,,False
11506664,unavailable,pubget,,False
11506665,unavailable,pubget,,False
11507655,unavailable,pubget,,False
11509265,unavailable,pubget,,False
11512406,unavailable,pubget,,False
11513374,unavailable,pubget,,False
11513375,unavailable,pubget,,False
11516446,unavailable,pubget,,False
11516645,unavailable,pubget,,False
11521214,unavailable,pubget,,False
11524817,unavailable,pubget,,False
11525325,unavailable,pubget,,False
11525327,unavailable,pubget,,False
11525328,unavailable,pubget,,False
11525332,unavailable,pubget,,False
11527554,unavailable,pubget,,False
11530420,unavailable,pubget,,False
11530429,unavailable,pubget,,False
11530838,unavailable,pubget,,False
11532605,unavailable,pubget,,False
11532726,unavailable,pubget,,False
11532885,unavailable,pubget,,False
11532889,unavailable,pubget,,True
11533222,unavailable,pubget,,False
11535111,unavailable,pubget,,False
11535686,unavailable,pubget,,False
11543056,unavailable,pubget,,False
11545191,unavailable,pubget,,False
11545466,unavailable,pubget,,False
11549618,unavailable,pubget,,True
11551286,unavailable,pubget,,False
11554801,unavailable,pubget,,False
11554802,unavailable,pubget,,False
11554805,unavailable,pubget,,False
11554905,unavailable,pubget,,False
11556897,unavailable,pubget,,False
11559959,unavailable,pubget,,False
11564318,unavailable,pubget,,False
11564325,unavailable,pubget,,False
11564326,unavailable,pubget,,False
11564919,unavailable,pubget,,False
11567177,unavailable,pubget,,False
11567179,unavailable,pubget,,False
11568402,unavailable,pubget,,False
11568417,unavailable,pubget,,False
11578663,unavailable,pubget,,False
11584070,unavailable,pubget,,False
11585291,unavailable,pubget,,False
11585292,unavailable,pubget,,False
11587060,unavailable,pubget,,False
11587890,unavailable,pubget,,False
11587899,unavailable,pubget,,False
11588585,unavailable,pubget,,False
11590113,unavailable,pubget,,True
11593260,unavailable,pubget,,True
11594280,unavailable,pubget,,False
11594350,unavailable,pubget,,False
11595100,unavailable,pubget,,False
11595102,unavailable,pubget,,False
11595262,unavailable,pubget,,False
11597518,unavailable,pubget,,False
11602028,unavailable,pubget,,False
11604609,unavailable,pubget,,False
11606687,unavailable,pubget,,False
11606883,unavailable,pubget,,False
11640935,unavailable,pubget,,False
11640940,unavailable,pubget,,False
11640943,unavailable,pubget,,False
11677398,unavailable,pubget,,False
11679302,unavailable,pubget,,False
11680506,unavailable,pubget,,False
11680861,unavailable,pubget,,False
11681541,unavailable,pubget,,True
11682258,unavailable,pubget,,False
11689309,unavailable,pubget,,False
11692039,unavailable,pubget,,False
11694779,unavailable,pubget,,False
11697869,unavailable,pubget,,False
11697931,unavailable,pubget,,False
11697939,unavailable,pubget,,False
11697943,unavailable,pubget,,False
11697953,unavailable,pubget,,False
11703062,unavailable,pubget,,False
11707088,unavailable,pubget,,False
11707103,unavailable,pubget,,False
11709486,unavailable,pubget,,False
11711238,unavailable,pubget,,False
11713630,unavailable,pubget,,False
11713637,unavailable,pubget,,False
11715080,unavailable,pubget,,True
11718893,unavailable,pubget,,False
11719212,unavailable,pubget,,False
11721864,unavailable,pubget,,False
11723264,unavailable,pubget,,False
11729387,unavailable,pubget,,False
11733691,unavailable,pubget,,False
11733724,unavailable,pubget,,True
11733725,unavailable,pubget,,False
11737158,unavailable,pubget,,False
11739265,unavailable,pubget,,False
11740210,unavailable,pubget,,False
11742203,unavailable,pubget,,False
11744782,unavailable,pubget,,False
11746587,unavailable,pubget,,False
11746613,unavailable,pubget,,False
11746614,unavailable,pubget,,False
11746723,unavailable,pubget,,False
11747003,unavailable,pubget,,False
11747099,unavailable,pubget,,False
11748317,unavailable,pubget,,False
11750185,unavailable,pubget,,False
11750903,unavailable,pubget,,False
11757638,unavailable,pubget,,False
11761469,unavailable,pubget,,False
11771972,unavailable,pubget,,False
11771974,unavailable,pubget,,False
11771975,unavailable,pubget,,False
11771986,unavailable,pubget,,False
11779897,unavailable,pubget,,False
11781200,unavailable,pubget,,False
11784442,unavailable,pubget,,False
11784443,unavailable,pubget,,False
11784444,unavailable,pubget,,False
11784445,unavailable,pubget,,False
11786564,unavailable,pubget,,False
11788818,unavailable,pubget,,False
11790634,unavailable,pubget,,False
11790635,unavailable,pubget,,False
11797080,unavailable,pubget,,True
11798384,unavailable,pubget,,True
11798391,unavailable,pubget,,False
11804760,unavailable,pubget,,False
11814220,unavailable,pubget,,False
11814222,unavailable,pubget,,False
11817273,unavailable,pubget,,False
11823267,unavailable,pubget,,False
11825678,unavailable,pubget,,False
11831394,unavailable,pubget,,False
11834595,unavailable,pubget,,False
11836600,unavailable,pubget,,False
11837618,unavailable,pubget,,False
11838800,unavailable,pubget,,False
11839068,unavailable,pubget,,False
11839605,unavailable,pubget,,False
11844728,unavailable,pubget,,False
11845243,unavailable,pubget,,False
11847501,unavailable,pubget,,False
11848695,unavailable,pubget,,True
11848696,unavailable,pubget,,False
11848697,unavailable,pubget,,True
11848698,unavailable,pubget,,False
11853988,unavailable,pubget,,False
11859911,unavailable,pubget,,False
11870923,unavailable,pubget,,False
11875570,unavailable,pubget,,False
11890122,unavailable,pubget,,False
11894635,unavailable,pubget,,False
11896642,unavailable,pubget,,False
11900732,unavailable,pubget,,False
11901907,unavailable,pubget,,False
11906222,unavailable,pubget,,True
11906228,unavailable,pubget,,False
11906659,unavailable,pubget,,False
11914894,unavailable,pubget,,False
11921050,unavailable,pubget,,False
11927193,unavailable,pubget,,True
11929020,unavailable,pubget,,False
11929574,unavailable,pubget,,False
11930123,unavailable,pubget,,False
11930153,unavailable,pubget,,True
11931285,unavailable,pubget,,False
11931949,unavailable,pubget,,False
11944506,unavailable,pubget,,False
11948739,unavailable,pubget,,False
11954057,unavailable,pubget,,False
11955961,unavailable,pubget,,False
11955990,unavailable,pubget,,False
11958958,unavailable,pubget,,False
11969313,unavailable,pubget,,False
11969318,unavailable,pubget,,False
11969322,unavailable,pubget,,False
11969327,unavailable,pubget,,False
11969330,unavailable,pubget,,False
11970782,unavailable,pubget,,False
11970783,unavailable,pubget,,False
11970784,unavailable,pubget,,False
11970810,unavailable,pubget,,False
11971086,unavailable,pubget,,False
11972644,unavailable,pubget,,False
11973025,unavailable,pubget,,False
11973474,unavailable,pubget,,True
11973489,unavailable,pubget,,False
11976042,unavailable,pubget,,False
11976802,unavailable,pubget,,False
11976809,unavailable,pubget,,False
11978336,unavailable,pubget,,False
11989989,unavailable,pubget,,False
11996059,unavailable,pubget,,False
11997709,unavailable,pubget,,False
12003859,unavailable,pubget,,False
12005883,unavailable,pubget,,True
12009263,unavailable,pubget,,False
12012124,unavailable,pubget,,False
12028495,unavailable,pubget,,False
12030820,unavailable,pubget,,False
12030821,unavailable,pubget,,False
12030822,unavailable,pubget,,True
12030831,unavailable,pubget,,False
12034342,unavailable,pubget,,False
12047599,unavailable,pubget,,False
12050555,unavailable,pubget,,False
12053161,unavailable,pubget,,False
12058425,unavailable,pubget,,False
12062032,unavailable,pubget,,False
12062886,unavailable,pubget,,False
12063130,unavailable,pubget,,False
12067697,unavailable,pubget,,True
12070719,unavailable,pubget,,False
12088079,unavailable,pubget,,False
12088720,unavailable,pubget,,False
12088733,unavailable,pubget,,False
12099486,unavailable,pubget,,False
12099487,unavailable,pubget,,False
12102139,unavailable,pubget,,False
12107381,unavailable,pubget,,False
12110968,unavailable,pubget,,False
12111932,unavailable,pubget,,False
12111945,unavailable,pubget,,False
12112497,unavailable,pubget,,False
12112764,unavailable,pubget,,False
12112766,unavailable,pubget,,False
12112767,unavailable,pubget,,False
12112770,unavailable,pubget,,False
12112772,unavailable,pubget,,False
12122179,unavailable,pubget,,False
12124480,unavailable,pubget,,False
12126502,unavailable,pubget,,False
12126505,unavailable,pubget,,False
12126506,unavailable,pubget,,False
12133565,unavailable,pubget,,False
12134363,unavailable,pubget,,False
12135969,unavailable,pubget,,False
12136067,unavailable,pubget,,False
12138653,unavailable,pubget,,False
12139956,unavailable,pubget,,False
12143351,unavailable,pubget,,False
12150424,unavailable,pubget,,False
12151507,unavailable,pubget,,False
12153538,unavailable,pubget,,False
12163553,unavailable,pubget,,False
12165350,unavailable,pubget,,False
12165355,unavailable,pubget,,False
12165379,unavailable,pubget,,False
12165380,unavailable,pubget,,False
12165479,unavailable,pubget,,False
12167756,unavailable,pubget,,False
12169242,unavailable,pubget,,True
12169250,unavailable,pubget,,False
12169253,unavailable,pubget,,False
12169256,unavailable,pubget,,False
12169999,unavailable,pubget,,False
12173024,unavailable,pubget,,False
12181004,unavailable,pubget,,False
12183117,unavailable,pubget,,False
12183390,unavailable,pubget,,False
12187466,unavailable,pubget,,True
12188095,unavailable,pubget,,False
12191458,unavailable,pubget,,False
12197012,unavailable,pubget,,False
12199728,unavailable,pubget,,False
12201436,unavailable,pubget,,False
12201633,unavailable,pubget,,True
12202079,unavailable,pubget,,False
12203683,unavailable,pubget,,False
12203759,unavailable,pubget,,False
12204302,unavailable,pubget,,False
12205170,unavailable,pubget,,False
12205731,unavailable,pubget,,False
12208009,unavailable,pubget,,False
12210783,unavailable,pubget,,False
12214784,unavailable,pubget,,False
12217967,unavailable,pubget,,True
12221492,unavailable,pubget,,False
12228759,unavailable,pubget,,False
12244209,unavailable,pubget,,False
12271408,unavailable,pubget,,False
12357989,unavailable,pubget,,False
12361798,unavailable,pubget,,False
12372276,unavailable,pubget,,False
12376701,unavailable,pubget,,False
12377147,unavailable,pubget,,False
12377149,unavailable,pubget,,True
12377153,unavailable,pubget,,False
12377159,unavailable,pubget,,False
12377173,unavailable,pubget,,False
12379604,unavailable,pubget,,True
12382364,unavailable,pubget,,False
12387835,unavailable,pubget,,False
12391950,unavailable,pubget,,False
12395388,unavailable,pubget,,False
12395390,unavailable,pubget,,False
12395391,unavailable,pubget,,False
12397138,unavailable,pubget,,False
12402040,unavailable,pubget,,False
12404614,unavailable,pubget,,True
12411836,unavailable,pubget,,False
12414075,unavailable,pubget,,False
12414263,unavailable,pubget,,False
12414268,unavailable,pubget,,False
12414280,unavailable,pubget,,False
12414300,unavailable,pubget,,True
12417470,unavailable,pubget,,False
12417678,unavailable,pubget,,False
12419128,unavailable,pubget,,True
12421658,unavailable,pubget,,False
12421659,unavailable,pubget,,False
12422317,unavailable,pubget,,False
12427681,unavailable,pubget,,True
12427682,unavailable,pubget,,True
12428121,unavailable,pubget,,False
12428147,unavailable,pubget,,False
12433382,unavailable,pubget,,False
12438467,unavailable,pubget,,False
12445630,unavailable,pubget,,False
12450947,unavailable,pubget,,False
12453673,unavailable,pubget,,False
12454911,unavailable,pubget,,False
12455682,unavailable,pubget,,True
12456913,unavailable,pubget,,False
12457377,unavailable,pubget,,False
12459212,unavailable,pubget,,False
12460257,unavailable,pubget,,False
12466452,unavailable,pubget,,False
12467087,unavailable,pubget,,True
12467100,unavailable,pubget,,False
12467124,unavailable,pubget,,True
12468015,unavailable,pubget,,False
12468524,unavailable,pubget,,False
12468888,unavailable,pubget,,False
12477599,unavailable,pubget,,False
12480582,unavailable,pubget,,False
12482075,unavailable,pubget,,False
12482087,unavailable,pubget,,False
12482088,unavailable,pubget,,False
12482097,unavailable,pubget,,False
12486265,unavailable,pubget,,False
12488794,unavailable,pubget,,False
12488812,unavailable,pubget,,False
12495525,unavailable,pubget,,False
12498752,unavailable,pubget,,False
12498760,unavailable,pubget,,False
12498962,unavailable,pubget,,False
12501818,unavailable,pubget,,False
12507445,unavailable,pubget,,False
12507726,unavailable,pubget,,True
12509846,unavailable,pubget,,False
12513944,unavailable,pubget,,False
12514228,unavailable,pubget,,False
12518288,unavailable,pubget,,False
12518291,unavailable,pubget,,False
12519733,unavailable,pubget,,False
12520413,unavailable,pubget,,False
12527011,unavailable,pubget,,False
12527390,unavailable,pubget,,False
12538411,unavailable,pubget,,False
12541259,unavailable,pubget,,False
12552599,unavailable,pubget,,False
12559653,unavailable,pubget,,False
12562572,unavailable,pubget,,False
12562581,unavailable,pubget,,False
12570148,unavailable,pubget,,False
12575464,unavailable,pubget,,False
12580442,unavailable,pubget,,False
12582064,unavailable,pubget,,False
12587340,unavailable,pubget,,False
12588031,unavailable,pubget,,False
12588917,unavailable,pubget,,False
12592128,unavailable,pubget,,False
12592501,unavailable,pubget,,False
12593457,unavailable,pubget,,False
12594745,unavailable,pubget,,False
12595185,unavailable,pubget,,False
12595194,unavailable,pubget,,False
12595196,unavailable,pubget,,False
12597867,unavailable,pubget,,False
12598632,unavailable,pubget,,False
12599273,unavailable,pubget,,False
12599275,unavailable,pubget,,False
12599276,unavailable,pubget,,False
12599279,unavailable,pubget,,False
12599281,unavailable,pubget,,False
12599283,unavailable,pubget,,False
12601097,unavailable,pubget,,False
12601239,unavailable,pubget,,False
12602518,unavailable,pubget,,False
12606841,unavailable,pubget,,False
12615644,unavailable,pubget,,False
12620313,unavailable,pubget,,False
12625459,unavailable,pubget,,False
12625466,unavailable,pubget,,False
12627164,unavailable,pubget,,False
12631562,unavailable,pubget,,False
12632463,unavailable,pubget,,False
12632466,unavailable,pubget,,True
12634278,unavailable,pubget,,False
12634970,unavailable,pubget,,False
12637292,unavailable,pubget,,False
12637302,unavailable,pubget,,False
12638581,unavailable,pubget,,False
12644352,unavailable,pubget,,False
12644354,unavailable,pubget,,False
12646132,unavailable,pubget,,False
12655323,unavailable,pubget,,False
12657700,unavailable,pubget,,False
12658725,unavailable,pubget,,False
12664112,unavailable,pubget,,False
12665331,unavailable,pubget,,False
12667523,unavailable,pubget,,False
12667836,unavailable,pubget,,False
12667842,unavailable,pubget,,False
12667850,unavailable,pubget,,False
12668235,unavailable,pubget,,False
12668238,unavailable,pubget,,False
12668253,unavailable,pubget,,False
12670633,unavailable,pubget,,False
12675261,unavailable,pubget,,False
12676062,unavailable,pubget,,False
12676064,unavailable,pubget,,False
12677306,unavailable,pubget,,False
12677330,unavailable,pubget,,False
12679295,unavailable,pubget,,False
12679298,unavailable,pubget,,False
12685517,unavailable,pubget,,False
12687915,unavailable,pubget,,False
12691130,unavailable,pubget,,False
12697613,unavailable,pubget,,False
12698159,unavailable,pubget,,False
12703015,unavailable,pubget,,False
12704760,unavailable,pubget,,False
12706214,unavailable,pubget,,False
12706219,unavailable,pubget,,False
12708533,unavailable,pubget,,False
12716951,unavailable,pubget,,False
12721811,unavailable,pubget,,False
12722972,unavailable,pubget,,True
12727695,unavailable,pubget,,False
12727696,unavailable,pubget,,False
12727697,unavailable,pubget,,False
12729490,unavailable,pubget,,False
12729491,unavailable,pubget,,False
12735942,unavailable,pubget,,False
12748830,unavailable,pubget,,False
12752798,unavailable,pubget,,False
12753955,unavailable,pubget,,False
12754516,unavailable,pubget,,False
12757885,unavailable,pubget,,False
12759529,unavailable,pubget,,False
12761630,unavailable,pubget,,False
12762879,unavailable,pubget,,False
12763197,unavailable,pubget,,False
12768535,unavailable,pubget,,False
12775191,unavailable,pubget,,False
12778354,unavailable,pubget,,False
12781723,unavailable,pubget,,False
12781725,unavailable,pubget,,False
12781738,unavailable,pubget,,False
12781739,unavailable,pubget,,False
12784675,unavailable,pubget,,False
12784890,unavailable,pubget,,False
12787459,unavailable,pubget,,False
12789013,unavailable,pubget,,False
12793108,unavailable,pubget,,False
12802468,unavailable,pubget,,False
12803967,unavailable,pubget,,True
12806903,unavailable,pubget,,False
12808458,unavailable,pubget,,False
12808506,unavailable,pubget,,False
12811730,unavailable,pubget,,False
12811731,unavailable,pubget,,False
12811732,unavailable,pubget,,False
12811733,unavailable,pubget,,False
12813197,unavailable,pubget,,False
12814573,unavailable,pubget,,False
12814593,unavailable,pubget,,False
12815506,unavailable,pubget,,False
12819784,unavailable,pubget,,False
12821095,unavailable,pubget,,True
12821793,unavailable,pubget,,True
12821798,unavailable,pubget,,False
12822594,unavailable,pubget,,False
12824759,unavailable,pubget,,False
12824764,unavailable,pubget,,False
12832246,unavailable,pubget,,False
12836912,unavailable,pubget,,False
12838525,unavailable,pubget,,False
12842285,unavailable,pubget,,False
12842716,unavailable,pubget,,False
12846432,unavailable,pubget,,False
12857534,unavailable,pubget,,False
12868390,unavailable,pubget,,False
12873392,unavailable,pubget,,False
12876011,unavailable,pubget,,False
12880789,unavailable,pubget,,False
12880794,unavailable,pubget,,False
12880811,unavailable,pubget,,False
12880814,unavailable,pubget,,False
12880825,unavailable,pubget,,False
12880827,unavailable,pubget,,False
12880833,unavailable,pubget,,False
12880907,unavailable,pubget,,False
12886150,unavailable,pubget,,False
12887447,unavailable,pubget,,False
12888543,unavailable,pubget,,False
12889084,unavailable,pubget,,False
12890783,unavailable,pubget,,False
12899193,unavailable,pubget,,False
12911455,unavailable,pubget,,False
12914254,unavailable,pubget,,True
12914593,unavailable,pubget,,False
12915072,unavailable,pubget,,False
12925510,unavailable,pubget,,False
12925854,unavailable,pubget,,False
12930473,unavailable,pubget,,False
12931143,unavailable,pubget,,False
12931319,unavailable,pubget,,False
12934545,unavailable,pubget,,False
12937084,unavailable,pubget,,False
12937873,unavailable,pubget,,False
12938058,unavailable,pubget,,False
12938635,unavailable,pubget,,False
12939424,unavailable,pubget,,False
12944513,unavailable,pubget,,False
12946085,unavailable,pubget,,True
12948687,unavailable,pubget,,False
12948694,unavailable,pubget,,False
12948695,unavailable,pubget,,False
12948697,unavailable,pubget,,False
12948699,unavailable,pubget,,False
12948702,unavailable,pubget,,False
12948724,unavailable,pubget,,False
12948731,unavailable,pubget,,False
12953304,unavailable,pubget,,False
12953906,unavailable,pubget,,False
12954871,unavailable,pubget,,False
12958206,unavailable,pubget,,False
12958562,unavailable,pubget,,False
12959432,unavailable,pubget,,False
12965041,unavailable,pubget,,False
12970267,unavailable,pubget,,False
12971120,unavailable,pubget,,False
13130439,unavailable,pubget,,False
13680443,unavailable,pubget,,False
14498764,unavailable,pubget,,False
14499159,unavailable,pubget,,False
14499161,unavailable,pubget,,False
14502076,unavailable,pubget,,False
14505331,unavailable,pubget,,True
14510827,unavailable,pubget,,False
14511532,unavailable,pubget,,False
14511814,unavailable,pubget,,False
14512216,unavailable,pubget,,False
14512397,unavailable,pubget,,False
14514445,unavailable,pubget,,True
14514501,unavailable,pubget,,False
14516532,unavailable,pubget,,False
14516537,unavailable,pubget,,False
14516542,unavailable,pubget,,False
14516650,unavailable,pubget,,False
14518525,unavailable,pubget,,False
14520337,unavailable,pubget,,False
14520655,unavailable,pubget,,False
14521866,unavailable,pubget,,False
14527570,unavailable,pubget,,False
14527585,unavailable,pubget,,False
14527608,unavailable,pubget,,False
14528952,unavailable,pubget,,False
14537112,unavailable,pubget,,False
14537119,unavailable,pubget,,False
14537126,unavailable,pubget,,False
14537129,unavailable,pubget,,False
14550677,unavailable,pubget,,False
14550682,unavailable,pubget,,False
14551752,unavailable,pubget,,False
14561459,unavailable,pubget,,True
14561565,unavailable,pubget,,False
14561614,unavailable,pubget,,False
14566477,unavailable,pubget,,False
14566572,unavailable,pubget,,False
14568109,unavailable,pubget,,False
14568444,unavailable,pubget,,False
14568456,unavailable,pubget,,False
14568462,unavailable,pubget,,False
14568478,unavailable,pubget,,False
14568489,unavailable,pubget,,False
14568504,unavailable,pubget,,False
14568508,unavailable,pubget,,False
14570163,unavailable,pubget,,False
14571316,unavailable,pubget,,False
14572916,unavailable,pubget,,False
14575374,unavailable,pubget,,False
14579081,unavailable,pubget,,False
14585491,unavailable,pubget,,False
14585751,unavailable,pubget,,True
14586163,unavailable,pubget,,False
14587408,unavailable,pubget,,False
14597295,unavailable,pubget,,False
14597450,unavailable,pubget,,False
14600780,unavailable,pubget,,False
14606055,unavailable,pubget,,False
14606680,unavailable,pubget,,False
14607167,unavailable,pubget,,False
14607172,unavailable,pubget,,False
14611912,unavailable,pubget,,False
14614811,unavailable,pubget,,True
14615423,unavailable,pubget,,False
14617709,unavailable,pubget,,False
14618287,unavailable,pubget,,False
14625017,unavailable,pubget,,False
14627847,unavailable,pubget,,False
14627848,unavailable,pubget,,False
14628899,unavailable,pubget,,False
14633300,unavailable,pubget,,False
14636325,unavailable,pubget,,False
14642482,unavailable,pubget,,False
14642483,unavailable,pubget,,False
14644105,unavailable,pubget,,False
14644890,unavailable,pubget,,False
14645385,unavailable,pubget,,False
14649373,unavailable,pubget,,False
14652101,unavailable,pubget,,False
14652670,unavailable,pubget,,False
14654462,unavailable,pubget,,False
14663959,unavailable,pubget,,False
14667493,unavailable,pubget,,False
14668036,unavailable,pubget,,False
14668291,unavailable,pubget,,False
14670576,unavailable,pubget,,False
14670578,unavailable,pubget,,True
14673804,unavailable,pubget,,False
14677078,unavailable,pubget,,False
14679387,unavailable,pubget,,False
14680271,unavailable,pubget,,False
14680904,unavailable,pubget,,False
14681816,unavailable,pubget,,False
14683700,unavailable,pubget,,False
14683721,unavailable,pubget,,False
14684194,unavailable,pubget,,False
14686911,unavailable,pubget,,False
14689506,unavailable,pubget,,False
14689507,unavailable,pubget,,False
14698694,unavailable,pubget,,False
14698719,unavailable,pubget,,False
14700483,unavailable,pubget,,False
14702248,unavailable,pubget,,False
14704211,unavailable,pubget,,False
14704217,unavailable,pubget,,False
14704218,unavailable,pubget,,True
14706466,unavailable,pubget,,False
14706718,unavailable,pubget,,False
14709228,unavailable,pubget,,False
14709231,unavailable,pubget,,False
14716112,unavailable,pubget,,False
14716732,unavailable,pubget,,False
14719236,unavailable,pubget,,False
14719690,unavailable,pubget,,False
14725640,unavailable,pubget,,False
14728216,unavailable,pubget,,False
14728916,unavailable,pubget,,False
14728918,unavailable,pubget,,False
14730305,unavailable,pubget,,False
14733663,unavailable,pubget,,False
14736578,unavailable,pubget,,False
14738520,unavailable,pubget,,False
14739418,unavailable,pubget,,False
14740113,unavailable,pubget,,False
14741317,unavailable,pubget,,False
14741651,unavailable,pubget,,False
14741670,unavailable,pubget,,False
14741680,unavailable,pubget,,False
14741683,unavailable,pubget,,False
14745528,unavailable,pubget,,False
14745871,unavailable,pubget,,False
14747744,unavailable,pubget,,False
14749289,unavailable,pubget,,True
14752707,unavailable,pubget,,False
14754779,unavailable,pubget,,False
14754781,unavailable,pubget,,False
14755598,unavailable,pubget,,False
14755833,unavailable,pubget,,False
14755836,unavailable,pubget,,False
14755839,unavailable,pubget,,False
14756090,unavailable,pubget,,False
14758364,unavailable,pubget,,False
14759627,unavailable,pubget,,False
14759630,unavailable,pubget,,False
14767761,unavailable,pubget,,False
14964560,unavailable,pubget,,False
14964566,unavailable,pubget,,False
14967422,unavailable,pubget,,False
14969780,unavailable,pubget,,False
14972366,unavailable,pubget,,False
14980551,unavailable,pubget,,False
14980552,unavailable,pubget,,False
14980562,unavailable,pubget,,False
14980567,unavailable,pubget,,False
14994306,unavailable,pubget,,False
15000257,unavailable,pubget,,False
15001274,unavailable,pubget,,False
15005293,unavailable,pubget,,False
15006649,unavailable,pubget,,False
15006665,unavailable,pubget,,False
15006681,unavailable,pubget,,False
15009230,unavailable,pubget,,False
15013829,unavailable,pubget,,False
15019713,unavailable,pubget,,False
15024954,unavailable,pubget,,False
15024964,unavailable,pubget,,False
15027520,unavailable,pubget,,False
15027530,unavailable,pubget,,False
15029151,unavailable,pubget,,False
15029467,unavailable,pubget,,False
15030901,unavailable,pubget,,False
15032698,unavailable,pubget,,False
15034226,unavailable,pubget,,False
15036190,unavailable,pubget,,False
15036630,unavailable,pubget,,False
15038007,unavailable,pubget,,False
15038008,unavailable,pubget,,False
15040547,unavailable,pubget,,False
15043649,unavailable,pubget,,False
15048050,unavailable,pubget,,False
15050555,unavailable,pubget,,False
15050558,unavailable,pubget,,False
15050561,unavailable,pubget,,False
15050572,unavailable,pubget,,False
15050583,unavailable,pubget,,False
15050590,unavailable,pubget,,False
15050709,unavailable,pubget,,False
15050780,unavailable,pubget,,False
15053257,unavailable,pubget,,False
15053955,unavailable,pubget,,False
15054055,unavailable,pubget,,False
15054129,unavailable,pubget,,False
15056509,unavailable,pubget,,False
15058477,unavailable,pubget,,False
15062097,unavailable,pubget,,False
15068589,unavailable,pubget,,False
15068590,unavailable,pubget,,False
15068913,unavailable,pubget,,False
15068914,unavailable,pubget,,False
15068921,unavailable,pubget,,False
15070488,unavailable,pubget,,False
15072182,unavailable,pubget,,False
15072188,unavailable,pubget,,False
15076281,unavailable,pubget,,False
15083527,unavailable,pubget,,False
15094441,unavailable,pubget,,False
15095050,unavailable,pubget,,False
15095561,unavailable,pubget,,False
15095728,unavailable,pubget,,False
15106844,unavailable,pubget,,False
15108298,unavailable,pubget,,False
15108303,unavailable,pubget,,False
15109996,unavailable,pubget,,False
15110014,unavailable,pubget,,False
15110015,unavailable,pubget,,True
15110019,unavailable,pubget,,False
15112111,unavailable,pubget,,False
15114278,unavailable,pubget,,False
15120163,unavailable,pubget,,False
15120534,unavailable,pubget,,False
15122115,unavailable,pubget,,False
15122435,unavailable,pubget,,False
15123027,unavailable,pubget,,False
15127167,unavailable,pubget,,False
15127222,unavailable,pubget,,False
15127240,unavailable,pubget,,False
15128414,unavailable,pubget,,False
15129155,unavailable,pubget,,False
15129185,unavailable,pubget,,False
15129703,unavailable,pubget,,False
15130584,unavailable,pubget,,False
15130591,unavailable,pubget,,False
15132428,unavailable,pubget,,False
15135157,unavailable,pubget,,False
15136603,unavailable,pubget,,False
15140927,unavailable,pubget,,True
15145620,unavailable,pubget,,False
15145996,unavailable,pubget,,False
15147320,unavailable,pubget,,False
15149300,unavailable,pubget,,False
15156150,unavailable,pubget,,False
15162913,unavailable,pubget,,False
15163677,unavailable,pubget,,False
15164897,unavailable,pubget,,True
15165351,unavailable,pubget,,False
15165353,unavailable,pubget,,True
15165354,unavailable,pubget,,True
15167540,unavailable,pubget,,True
15167609,unavailable,pubget,,False
15169688,unavailable,pubget,,False
15172523,unavailable,pubget,,False
15177085,unavailable,pubget,,False
15178169,unavailable,pubget,,False
15182320,unavailable,pubget,,False
15182673,unavailable,pubget,,False
15183385,unavailable,pubget,,False
15183388,unavailable,pubget,,False
15183397,unavailable,pubget,,True
15184616,unavailable,pubget,,False
15192010,unavailable,pubget,,False
15193248,unavailable,pubget,,False
15193595,unavailable,pubget,,False
15193605,unavailable,pubget,,False
15193621,unavailable,pubget,,False
15193625,unavailable,pubget,,False
15195004,unavailable,pubget,,False
15195284,unavailable,pubget,,False
15195287,unavailable,pubget,,False
15195289,unavailable,pubget,,False
15196667,unavailable,pubget,,False
15196669,unavailable,pubget,,False
15197196,unavailable,pubget,,False
15200706,unavailable,pubget,,False
15202104,unavailable,pubget,,False
15202105,unavailable,pubget,,False
15202106,unavailable,pubget,,False
15204056,unavailable,pubget,,False
15204126,unavailable,pubget,,False
15209063,unavailable,pubget,,False
15210892,unavailable,pubget,,False
15214974,unavailable,pubget,,False
15219589,unavailable,pubget,,False
15219596,unavailable,pubget,,False
15219601,unavailable,pubget,,False
15219611,unavailable,pubget,,False
15223868,unavailable,pubget,,False
15228805,unavailable,pubget,,False
15232304,unavailable,pubget,,False
15233766,unavailable,pubget,,False
15234122,unavailable,pubget,,False
15235607,unavailable,pubget,,True
15236399,unavailable,pubget,,False
15238433,unavailable,pubget,,True
15245716,unavailable,pubget,,False
15246452,unavailable,pubget,,False
15248563,unavailable,pubget,,False
15249112,unavailable,pubget,,False
15251915,unavailable,pubget,,False
15252161,unavailable,pubget,,False
15258126,unavailable,pubget,,False
15258700,unavailable,pubget,,False
15259888,unavailable,pubget,,False
15261438,unavailable,pubget,,False
15265374,unavailable,pubget,,False
15268927,unavailable,pubget,,False
15269107,unavailable,pubget,,False
15269960,unavailable,pubget,,False
15270660,unavailable,pubget,,False
15271588,unavailable,pubget,,False
15275904,unavailable,pubget,,False
15275913,unavailable,pubget,,False
15275915,unavailable,pubget,,False
15275937,unavailable,pubget,,False
15279056,unavailable,pubget,,False
15279058,unavailable,pubget,,False
15281954,unavailable,pubget,,False
15282826,unavailable,pubget,,False
15288371,unavailable,pubget,,False
15290124,unavailable,pubget,,False
15294222,unavailable,pubget,,False
15295764,unavailable,pubget,,False
15297009,unavailable,pubget,,False
15298779,unavailable,pubget,,False
15298780,unavailable,pubget,,False
15298786,unavailable,pubget,,False
15301594,unavailable,pubget,,True
15302055,unavailable,pubget,,False
15305123,unavailable,pubget,,False
15306761,unavailable,pubget,,False
15309395,unavailable,pubget,,False
15313737,unavailable,pubget,,False
15318333,unavailable,pubget,,False
15319520,unavailable,pubget,,False
15322767,unavailable,pubget,,False
15325356,unavailable,pubget,,False
15325357,unavailable,pubget,,False
15325360,unavailable,pubget,,False
15325364,unavailable,pubget,,False
15329304,unavailable,pubget,,False
15329352,unavailable,pubget,,False
15335424,unavailable,pubget,,False
15337656,unavailable,pubget,,False
15340932,unavailable,pubget,,False
15342098,unavailable,pubget,,False
15344471,unavailable,pubget,,False
15344495,unavailable,pubget,,False
15354347,unavailable,pubget,,False
15358989,unavailable,pubget,,False
15362156,unavailable,pubget,,False
15365078,unavailable,pubget,,False
15368088,unavailable,pubget,,False
15370896,unavailable,pubget,,False
15371296,unavailable,pubget,,False
15377126,unavailable,pubget,,False
15377865,unavailable,pubget,,False
15380118,unavailable,pubget,,False
15382253,unavailable,pubget,,True
15383203,unavailable,pubget,,False
15389169,unavailable,pubget,,False
15389959,unavailable,pubget,,False
15390141,unavailable,pubget,,False
15390152,unavailable,pubget,,False
15390157,unavailable,pubget,,False
15390216,unavailable,pubget,,False
15449355,unavailable,pubget,,False
15449358,unavailable,pubget,,False
15449360,unavailable,pubget,,False
15451388,unavailable,pubget,,False
15453976,unavailable,pubget,,False
15453978,unavailable,pubget,,False
15456714,unavailable,pubget,,False
15459025,unavailable,pubget,,False
15459076,unavailable,pubget,,False
15459080,unavailable,pubget,,False
15459220,unavailable,pubget,,False
15464349,unavailable,pubget,,False
15471372,unavailable,pubget,,True
15473053,unavailable,pubget,,True
15473974,unavailable,pubget,,False
15484444,unavailable,pubget,,False
15486986,unavailable,pubget,,False
15487733,unavailable,pubget,,False
15487740,unavailable,pubget,,False
15488399,unavailable,pubget,,False
15488411,unavailable,pubget,,False
15488415,unavailable,pubget,,False
15488425,unavailable,pubget,,False
15488426,unavailable,pubget,,False
15488911,unavailable,pubget,,False
15489381,unavailable,pubget,,False
15490462,unavailable,pubget,,False
15493007,unavailable,pubget,,False
15494727,unavailable,pubget,,False
15496671,unavailable,pubget,,False
15499377,unavailable,pubget,,False
15500145,unavailable,pubget,,False
15500300,unavailable,pubget,,False
15502269,unavailable,pubget,,False
15502603,unavailable,pubget,,False
15502609,unavailable,pubget,,False
15503571,unavailable,pubget,,False
15504334,unavailable,pubget,,True
15505156,unavailable,pubget,,False
15505972,unavailable,pubget,,False
15513220,unavailable,pubget,,False
15513939,unavailable,pubget,,False
15514377,unavailable,pubget,,False
15515744,unavailable,pubget,,False
15516617,unavailable,pubget,,False
15525285,unavailable,pubget,,False
15527993,unavailable,pubget,,False
15528088,unavailable,pubget,,False
15528105,unavailable,pubget,,False
15528111,unavailable,pubget,,False
15528112,unavailable,pubget,,False
15533557,unavailable,pubget,,False
15537676,unavailable,pubget,,False
15545327,unavailable,pubget,,True
15545333,unavailable,pubget,,False
15552417,unavailable,pubget,,False
15554422,unavailable,pubget,,False
15557495,unavailable,pubget,,False
15560325,unavailable,pubget,,False
15564579,unavailable,pubget,,False
15564730,unavailable,pubget,,False
15569736,unavailable,pubget,,False
15570155,unavailable,pubget,,False
15570505,unavailable,pubget,,True
15570506,unavailable,pubget,,True
15572744,unavailable,pubget,,False
15578167,unavailable,pubget,,False
15580167,unavailable,pubget,,False
15581970,unavailable,pubget,,False
15582751,unavailable,pubget,,False
15584774,unavailable,pubget,,False
15585904,unavailable,pubget,,False
15588603,unavailable,pubget,,False
15588610,unavailable,pubget,,False
15589091,unavailable,pubget,,False
15589094,unavailable,pubget,,True
15589101,unavailable,pubget,,False
15589105,unavailable,pubget,,False
15590925,unavailable,pubget,,False
15593271,unavailable,pubget,,False
15598550,unavailable,pubget,,False
15599074,unavailable,pubget,,False
15601523,unavailable,pubget,,False
15601601,unavailable,pubget,,False
15601603,unavailable,pubget,,False
15607689,unavailable,pubget,,False
15607991,unavailable,pubget,,True
15608635,unavailable,pubget,,False
15613803,unavailable,pubget,,False
15615089,unavailable,pubget,,False
15616134,unavailable,pubget,,False
15616172,unavailable,pubget,,False
15616616,unavailable,pubget,,False
15619544,unavailable,pubget,,False
15620227,unavailable,pubget,,False
15623445,unavailable,pubget,,False
15625603,unavailable,pubget,,False
15627572,unavailable,pubget,,False
15627589,unavailable,pubget,,False
15629765,unavailable,pubget,,False
15630123,unavailable,pubget,,False
15632490,unavailable,pubget,,False
15633509,unavailable,pubget,,False
15635061,unavailable,pubget,,False
15638184,unavailable,pubget,,False
15640752,unavailable,pubget,,False
15647525,unavailable,pubget,,False
15647526,unavailable,pubget,,False
15647956,unavailable,pubget,,False
15650639,unavailable,pubget,,False
15651051,unavailable,pubget,,True
15652313,unavailable,pubget,,False
15652319,unavailable,pubget,,False
15652615,unavailable,pubget,,False
15656285,unavailable,pubget,,False
15657507,unavailable,pubget,,False
15660103,unavailable,pubget,,False
15660647,unavailable,pubget,,False
15661188,unavailable,pubget,,False
15668720,unavailable,pubget,,True
15669228,unavailable,pubget,,False
15670688,unavailable,pubget,,False
15670701,unavailable,pubget,,False
15670706,unavailable,pubget,,False
15673663,unavailable,pubget,,False
15677609,unavailable,pubget,,False
15678482,unavailable,pubget,,False
15681032,unavailable,pubget,,False
15689960,unavailable,pubget,,False
15690513,unavailable,pubget,,False
15691524,unavailable,pubget,,False
15691723,unavailable,pubget,,False
15696856,unavailable,pubget,,False
15699382,unavailable,pubget,,False
15700505,unavailable,pubget,,False
15700721,unavailable,pubget,,True
15701224,unavailable,pubget,,False
15701241,unavailable,pubget,,False
15703931,unavailable,pubget,,False
15706235,unavailable,pubget,,False
15707252,unavailable,pubget,,False
15707609,unavailable,pubget,,True
15707797,unavailable,pubget,,False
15707799,unavailable,pubget,,False
15708298,unavailable,pubget,,False
15709808,unavailable,pubget,,False
15711728,unavailable,pubget,,False
15711850,unavailable,pubget,,True
15717021,unavailable,pubget,,False
15719300,unavailable,pubget,,False
15722206,unavailable,pubget,,False
15722208,unavailable,pubget,,False
15722212,unavailable,pubget,,False
15722215,unavailable,pubget,,False
15722898,unavailable,pubget,,False
15723385,unavailable,pubget,,True
15728295,unavailable,pubget,,False
15728652,unavailable,pubget,,False
15728761,unavailable,pubget,,False
15729292,unavailable,pubget,,False
15729440,unavailable,pubget,,False
15734340,unavailable,pubget,,True
15734346,unavailable,pubget,,False
15734349,unavailable,pubget,,False
15734352,unavailable,pubget,,False
15734354,unavailable,pubget,,True
15734358,unavailable,pubget,,False
15734360,unavailable,pubget,,False
15739047,unavailable,pubget,,False
15746230,unavailable,pubget,,True
15746486,unavailable,pubget,,False
15748125,unavailable,pubget,,False
15753241,unavailable,pubget,,False
15758155,unavailable,pubget,,False
15758195,unavailable,pubget,,False
15768852,unavailable,pubget,,False
15769206,unavailable,pubget,,False
15776130,unavailable,pubget,,False
15784432,unavailable,pubget,,False
15784435,unavailable,pubget,,False
15784441,unavailable,pubget,,False
15787715,unavailable,pubget,,False
15788265,unavailable,pubget,,False
15788514,unavailable,pubget,,False
15788758,unavailable,pubget,,False
15796677,unavailable,pubget,,False
15800041,unavailable,pubget,,False
15803356,unavailable,pubget,,False
15803557,unavailable,pubget,,False
15804243,unavailable,pubget,,False
15804425,unavailable,pubget,,False
15808976,unavailable,pubget,,False
15808981,unavailable,pubget,,False
15808999,unavailable,pubget,,False
15809512,unavailable,pubget,,False
15812317,unavailable,pubget,,False
15814002,unavailable,pubget,,False
15814006,unavailable,pubget,,False
15814441,unavailable,pubget,,False
15814790,unavailable,pubget,,False
15815582,unavailable,pubget,,False
15817169,unavailable,pubget,,False
15817643,unavailable,pubget,,False
15819715,unavailable,pubget,,False
15820229,unavailable,pubget,,False
15820232,unavailable,pubget,,False
15820638,unavailable,pubget,,False
15820711,unavailable,pubget,,False
15821896,unavailable,pubget,,False
15826972,unavailable,pubget,,False
15832316,unavailable,pubget,,False
15833592,unavailable,pubget,,False
15834536,unavailable,pubget,,False
15834623,unavailable,pubget,,False
15837254,unavailable,pubget,,False
15837408,unavailable,pubget,,False
15841675,unavailable,pubget,,False
15843105,unavailable,pubget,,False
15846769,unavailable,pubget,,False
15846816,unavailable,pubget,,False
15847578,unavailable,pubget,,False
15849896,unavailable,pubget,,True
15850748,unavailable,pubget,,False
15851723,unavailable,pubget,,False
15852379,unavailable,pubget,,False
15852384,unavailable,pubget,,False
15852385,unavailable,pubget,,False
15852470,unavailable,pubget,,True
15854766,unavailable,pubget,,False
15855894,unavailable,pubget,,False
15856631,unavailable,pubget,,False
15857698,unavailable,pubget,,False
15858420,unavailable,pubget,,False
15862229,unavailable,pubget,,False
15862230,unavailable,pubget,,False
15865100,unavailable,pubget,,False
15874976,unavailable,pubget,,False
15879326,unavailable,pubget,,False
15880106,unavailable,pubget,,False
15884095,unavailable,pubget,,False
15885517,unavailable,pubget,,False
15885848,unavailable,pubget,,False
15887545,unavailable,pubget,,False
15889401,unavailable,pubget,,False
15890160,unavailable,pubget,,False
15893458,unavailable,pubget,,False
15893574,unavailable,pubget,,False
15895895,unavailable,pubget,,False
15898411,unavailable,pubget,,False
15899117,unavailable,pubget,,True
15901409,unavailable,pubget,,True
15901490,unavailable,pubget,,False
15904543,unavailable,pubget,,False
15904548,unavailable,pubget,,False
15906202,unavailable,pubget,,False
15907304,unavailable,pubget,,False
15908048,unavailable,pubget,,False
15908803,unavailable,pubget,,False
15909736,unavailable,pubget,,False
15912275,unavailable,pubget,,False
15912427,unavailable,pubget,,False
15912429,unavailable,pubget,,False
15912799,unavailable,pubget,,False
15917482,unavailable,pubget,,False
15919547,unavailable,pubget,,True
15927485,unavailable,pubget,,False
15929498,unavailable,pubget,,False
15930074,unavailable,pubget,,False
15931080,unavailable,pubget,,False
15932949,unavailable,pubget,,False
15933252,unavailable,pubget,,False
15935261,unavailable,pubget,,False
15936178,unavailable,pubget,,False
15937685,unavailable,pubget,,False
15937718,unavailable,pubget,,False
15939973,unavailable,pubget,,False
15948565,unavailable,pubget,,False
15953559,unavailable,pubget,,False
15956516,unavailable,pubget,,False
15958505,unavailable,pubget,,False
15958738,unavailable,pubget,,False
15961321,unavailable,pubget,,False
15974906,unavailable,pubget,,False
15978024,unavailable,pubget,,False
15978839,unavailable,pubget,,False
15978843,unavailable,pubget,,False
15979344,unavailable,pubget,,False
15985273,unavailable,pubget,,False
15987579,unavailable,pubget,,False
15989934,unavailable,pubget,,False
15993573,unavailable,pubget,,True
15993766,unavailable,pubget,,True
15995504,unavailable,pubget,,False
15995618,unavailable,pubget,,False
15997017,unavailable,pubget,,True
15997595,unavailable,pubget,,False
15999342,unavailable,pubget,,False
16001441,unavailable,pubget,,False
16002029,unavailable,pubget,,False
16003893,unavailable,pubget,,False
16004572,unavailable,pubget,,False
16009568,unavailable,pubget,,False
16009822,unavailable,pubget,,False
16018981,unavailable,pubget,,False
16019230,unavailable,pubget,,False
16019234,unavailable,pubget,,False
16019572,unavailable,pubget,,False
16020770,unavailable,pubget,,False
16032676,unavailable,pubget,,False
16034578,unavailable,pubget,,False
16035046,unavailable,pubget,,False
16035048,unavailable,pubget,,False
16036465,unavailable,pubget,,False
16037664,unavailable,pubget,,True
16038685,unavailable,pubget,,False
16042035,unavailable,pubget,,False
16043240,unavailable,pubget,,False
16043368,unavailable,pubget,,False
16045068,unavailable,pubget,,True
16045502,unavailable,pubget,,False
16047335,unavailable,pubget,,False
16047521,unavailable,pubget,,False
16049190,unavailable,pubget,,False
16049191,unavailable,pubget,,False
16051501,unavailable,pubget,,False
16054844,unavailable,pubget,,False
16055350,unavailable,pubget,,False
16060826,unavailable,pubget,,False
16060971,unavailable,pubget,,False
16075182,unavailable,pubget,,False
16080160,unavailable,pubget,,False
16081255,unavailable,pubget,,False
16082535,unavailable,pubget,,False
16082657,unavailable,pubget,,False
16084429,unavailable,pubget,,False
16084739,unavailable,pubget,,False
16084740,unavailable,pubget,,False
16084830,unavailable,pubget,,False
16087350,unavailable,pubget,,True
16087438,unavailable,pubget,,False
16087444,unavailable,pubget,,False
16087445,unavailable,pubget,,False
16087450,unavailable,pubget,,False
16091536,unavailable,pubget,,False
16094318,unavailable,pubget,,False
16096587,unavailable,pubget,,False
16098571,unavailable,pubget,,False
16100087,unavailable,pubget,,False
16102237,unavailable,pubget,,False
16106488,unavailable,pubget,,True
16107352,unavailable,pubget,,False
16107584,unavailable,pubget,,False
16109491,unavailable,pubget,,False
16112653,unavailable,pubget,,False
16118045,unavailable,pubget,,False
16118804,unavailable,pubget,,False
16120797,unavailable,pubget,,False
16123010,unavailable,pubget,,False
16123823,unavailable,pubget,,False
16123869,unavailable,pubget,,False
16135618,unavailable,pubget,,False
16135634,unavailable,pubget,,False
16139525,unavailable,pubget,,False
16140166,unavailable,pubget,,False
16140287,unavailable,pubget,,False
16142342,unavailable,pubget,,False
16142480,unavailable,pubget,,False
16142491,unavailable,pubget,,False
16142524,unavailable,pubget,,False
16147579,unavailable,pubget,,False
16150579,unavailable,pubget,,False
16150613,unavailable,pubget,,False
16154166,unavailable,pubget,,False
16154446,unavailable,pubget,,False
16154766,unavailable,pubget,,False
16160069,unavailable,pubget,,False
16160397,unavailable,pubget,,False
16160948,unavailable,pubget,,False
16161128,unavailable,pubget,,False
16161166,unavailable,pubget,,False
16163034,unavailable,pubget,,False
16165102,unavailable,pubget,,False
16165274,unavailable,pubget,,False
16167154,unavailable,pubget,,False
16167192,unavailable,pubget,,False
16168674,unavailable,pubget,,False
16168676,unavailable,pubget,,False
16169252,unavailable,pubget,,False
16169530,unavailable,pubget,,False
16170092,unavailable,pubget,,True
16173531,unavailable,pubget,,False
16175414,unavailable,pubget,,False
16178033,unavailable,pubget,,False
16180624,unavailable,pubget,,True
16180627,unavailable,pubget,,False
16183616,unavailable,pubget,,False
16185309,unavailable,pubget,,False
16186013,unavailable,pubget,,False
16193266,unavailable,pubget,,False
16194316,unavailable,pubget,,False
16194973,unavailable,pubget,,False
16195470,unavailable,pubget,,False
16197682,unavailable,pubget,,True
16197690,unavailable,pubget,,False
16198917,unavailable,pubget,,False
16199831,unavailable,pubget,,True
16209427,unavailable,pubget,,True
16216532,unavailable,pubget,,False
16216688,unavailable,pubget,,True
16219423,unavailable,pubget,,False
16220355,unavailable,pubget,,False
16222112,unavailable,pubget,,False
16224612,unavailable,pubget,,False
16225562,unavailable,pubget,,False
16228997,unavailable,pubget,,False
16236979,unavailable,pubget,,False
16243051,unavailable,pubget,,False
16243545,unavailable,pubget,,False
16246590,unavailable,pubget,,False
16253162,unavailable,pubget,,False
16256375,unavailable,pubget,,True
16257547,unavailable,pubget,,False
16262647,unavailable,pubget,,False
16263248,unavailable,pubget,,False
16263844,unavailable,pubget,,False
16263963,unavailable,pubget,,False
16264257,unavailable,pubget,,False
16268356,unavailable,pubget,,False
16275018,unavailable,pubget,,False
16275020,unavailable,pubget,,False
16275139,unavailable,pubget,,False
16275140,unavailable,pubget,,False
16275141,unavailable,pubget,,False
16276121,unavailable,pubget,,False
16280140,unavailable,pubget,,False
16280351,unavailable,pubget,,False
16283409,unavailable,pubget,,False
16284750,unavailable,pubget,,False
16284946,unavailable,pubget,,False
16286330,unavailable,pubget,,False
16286547,unavailable,pubget,,False
16293417,unavailable,pubget,,False
16298252,unavailable,pubget,,False
16298352,unavailable,pubget,,False
16301482,unavailable,pubget,,False
16301489,unavailable,pubget,,False
16302099,unavailable,pubget,,False
16302133,unavailable,pubget,,False
16302856,unavailable,pubget,,False
16303148,unavailable,pubget,,False
16303317,unavailable,pubget,,False
16303318,unavailable,pubget,,False
16303836,unavailable,pubget,,False
16307262,unavailable,pubget,,False
16310346,unavailable,pubget,,False
16313931,unavailable,pubget,,False
16321229,unavailable,pubget,,True
16324797,unavailable,pubget,,False
16330501,unavailable,pubget,,False
16331813,unavailable,pubget,,False
16337816,unavailable,pubget,,False
16340161,unavailable,pubget,,False
16341023,unavailable,pubget,,False
16341575,unavailable,pubget,,True
16342150,unavailable,pubget,,False
16343950,unavailable,pubget,,False
16344225,unavailable,pubget,,False
16350973,unavailable,pubget,,False
16352762,unavailable,pubget,,False
16356321,unavailable,pubget,,False
16356323,unavailable,pubget,,False
16356329,unavailable,pubget,,False
16356780,unavailable,pubget,,False
16361274,unavailable,pubget,,False
16369888,unavailable,pubget,,False
16373577,unavailable,pubget,,False
16377154,unavailable,pubget,,False
16380270,unavailable,pubget,,False
16387401,unavailable,pubget,,False
16388970,unavailable,pubget,,False
16389911,unavailable,pubget,,False
16396094,unavailable,pubget,,False
16401851,unavailable,pubget,,False
16403183,unavailable,pubget,,False
16404736,unavailable,pubget,,False
16404743,unavailable,pubget,,False
16405076,unavailable,pubget,,False
16406256,unavailable,pubget,,False
16406637,unavailable,pubget,,False
16406638,unavailable,pubget,,False
16407540,unavailable,pubget,,False
16407776,unavailable,pubget,,False
16407818,unavailable,pubget,,False
16410203,unavailable,pubget,,False
16412665,unavailable,pubget,,False
16413049,unavailable,pubget,,False
16413798,unavailable,pubget,,False
16414278,unavailable,pubget,,False
16414279,unavailable,pubget,,False
16417680,unavailable,pubget,,False
16417683,unavailable,pubget,,True
16417689,unavailable,pubget,,False
16418844,unavailable,pubget,,False
16419371,unavailable,pubget,,False
16420468,unavailable,pubget,,False
16423439,unavailable,pubget,,False
16424829,unavailable,pubget,,False
16427033,unavailable,pubget,,False
16427787,unavailable,pubget,,False
16431137,unavailable,pubget,,False
16434214,unavailable,pubget,,False
16447211,unavailable,pubget,,False
16452580,unavailable,pubget,,False
16455825,unavailable,pubget,,False
16456818,unavailable,pubget,,True
16459106,unavailable,pubget,,False
16460792,unavailable,pubget,,False
16460963,unavailable,pubget,,False
16460967,unavailable,pubget,,False
16462606,unavailable,pubget,,False
16463149,unavailable,pubget,,False
16466679,unavailable,pubget,,False
16467275,unavailable,pubget,,False
16469510,unavailable,pubget,,False
16472901,unavailable,pubget,,False
16473798,unavailable,pubget,,False
16476533,unavailable,pubget,,False
16479242,unavailable,pubget,,False
16479243,unavailable,pubget,,False
16480695,unavailable,pubget,,False
16485403,unavailable,pubget,,False
16488843,unavailable,pubget,,False
16490307,unavailable,pubget,,False
16495939,unavailable,pubget,,False
16497278,unavailable,pubget,,False
16497521,unavailable,pubget,,False
16498043,unavailable,pubget,,False
16500004,unavailable,pubget,,False
16500831,unavailable,pubget,,False
16506159,unavailable,pubget,,False
16507300,unavailable,pubget,,False
16511886,unavailable,pubget,,False
16512999,unavailable,pubget,,True
16513004,unavailable,pubget,,True
16513006,unavailable,pubget,,False
16513369,unavailable,pubget,,False
16513371,unavailable,pubget,,False
16513567,unavailable,pubget,,False
16514363,unavailable,pubget,,False
16521792,unavailable,pubget,,False
16525051,unavailable,pubget,,False
16525091,unavailable,pubget,,False
16525130,unavailable,pubget,,False
16525417,unavailable,pubget,,True
16529628,unavailable,pubget,,False
16529955,unavailable,pubget,,True
16530393,unavailable,pubget,,False
16531689,unavailable,pubget,,False
16531690,unavailable,pubget,,False
16534106,unavailable,pubget,,False
16534552,unavailable,pubget,,False
16538409,unavailable,pubget,,False
16541368,unavailable,pubget,,False
16541457,unavailable,pubget,,False
16542513,unavailable,pubget,,False
16543817,unavailable,pubget,,False
16545497,unavailable,pubget,,False
16547345,unavailable,pubget,,False
16547922,unavailable,pubget,,False
16551984,unavailable,pubget,,False
16557203,unavailable,pubget,,False
16563961,unavailable,pubget,,False
16565964,unavailable,pubget,,False
16567772,unavailable,pubget,,False
16568202,unavailable,pubget,,False
16580957,unavailable,pubget,,False
16581168,unavailable,pubget,,False
16583364,unavailable,pubget,,False
16585017,unavailable,pubget,,False
16586078,unavailable,pubget,,False
16597450,unavailable,pubget,,False
16603193,unavailable,pubget,,False
16603712,unavailable,pubget,,False
16603915,unavailable,pubget,,False
16603917,unavailable,pubget,,False
16604024,unavailable,pubget,,False
16604307,unavailable,pubget,,False
16604991,unavailable,pubget,,False
16610087,unavailable,pubget,,False
16612588,unavailable,pubget,,False
16616863,unavailable,pubget,,False
16617388,unavailable,pubget,,False
16621168,unavailable,pubget,,False
16624582,unavailable,pubget,,False
16624584,unavailable,pubget,,False
16627465,unavailable,pubget,,False
16627968,unavailable,pubget,,False
16631094,unavailable,pubget,,False
16632288,unavailable,pubget,,False
16633288,unavailable,pubget,,False
16639425,unavailable,pubget,,False
16640486,unavailable,pubget,,False
16641834,unavailable,pubget,,False
16647577,unavailable,pubget,,False
16648457,unavailable,pubget,,False
16649204,unavailable,pubget,,False
16649209,unavailable,pubget,,False
16649818,unavailable,pubget,,False
16650349,unavailable,pubget,,True
16651012,unavailable,pubget,,False
16670180,unavailable,pubget,,False
16675025,unavailable,pubget,,False
16676169,unavailable,pubget,,False
16676336,unavailable,pubget,,False
16677947,unavailable,pubget,,False
16677948,unavailable,pubget,,False
16678926,unavailable,pubget,,True
16679747,unavailable,pubget,,False
16686653,unavailable,pubget,,False
16687552,unavailable,pubget,,False
16697224,unavailable,pubget,,False
16697526,unavailable,pubget,,False
16702929,unavailable,pubget,,False
16703360,unavailable,pubget,,False
16707739,unavailable,pubget,,True
16715491,unavailable,pubget,,True
16715661,unavailable,pubget,,False
16716389,unavailable,pubget,,False
16720794,unavailable,pubget,,False
16723775,unavailable,pubget,,False
16731723,unavailable,pubget,,True
16733091,unavailable,pubget,,False
16735070,unavailable,pubget,,True
16736039,unavailable,pubget,,False
16738490,unavailable,pubget,,False
16740990,unavailable,pubget,,False
16741206,unavailable,pubget,,False
16750396,unavailable,pubget,,False
16751297,unavailable,pubget,,False
16754652,unavailable,pubget,,False
16757180,unavailable,pubget,,False
16757183,unavailable,pubget,,False
16765449,unavailable,pubget,,False
16766208,unavailable,pubget,,False
16766628,unavailable,pubget,,False
16767538,unavailable,pubget,,False
16767759,unavailable,pubget,,False
16768364,unavailable,pubget,,False
16768370,unavailable,pubget,,False
16768376,unavailable,pubget,,False
16770230,unavailable,pubget,,False
16770303,unavailable,pubget,,False
16770797,unavailable,pubget,,False
16771054,unavailable,pubget,,False
16772881,unavailable,pubget,,False
16775126,unavailable,pubget,,False
16775140,unavailable,pubget,,False
16777562,unavailable,pubget,,False
16781779,unavailable,pubget,,False
16784724,unavailable,pubget,,False
16788713,unavailable,pubget,,False
16791099,unavailable,pubget,,False
16794461,unavailable,pubget,,True
16797610,unavailable,pubget,,False
16797757,unavailable,pubget,,False
16797758,unavailable,pubget,,False
16798015,unavailable,pubget,,False
16798016,unavailable,pubget,,False
16805929,unavailable,pubget,,False
16806977,unavailable,pubget,,False
16808819,unavailable,pubget,,False
16814264,unavailable,pubget,,False
16814525,unavailable,pubget,,False
16814889,unavailable,pubget,,False
16814986,unavailable,pubget,,False
16815338,unavailable,pubget,,False
16822733,unavailable,pubget,,False
16823059,unavailable,pubget,,False
16823468,unavailable,pubget,,False
16828743,unavailable,pubget,,False
16829652,unavailable,pubget,,False
16831858,unavailable,pubget,,False
16832634,unavailable,pubget,,False
16832659,unavailable,pubget,,False
16833038,unavailable,pubget,,False
16837856,unavailable,pubget,,False
16837858,unavailable,pubget,,False
16839289,unavailable,pubget,,True
16839292,unavailable,pubget,,True
16839298,unavailable,pubget,,False
16839301,unavailable,pubget,,False
16840196,unavailable,pubget,,False
16840928,unavailable,pubget,,False
16845593,unavailable,pubget,,False
16846742,unavailable,pubget,,False
16847376,unavailable,pubget,,False
16849747,unavailable,pubget,,False
16850145,unavailable,pubget,,False
16850255,unavailable,pubget,,False
16859416,unavailable,pubget,,False
16860474,unavailable,pubget,,False
16861011,unavailable,pubget,,False
16861334,unavailable,pubget,,False
16865594,unavailable,pubget,,False
16878403,unavailable,pubget,,False
16881268,unavailable,pubget,,False
16894329,unavailable,pubget,,False
16896783,unavailable,pubget,,False
16896984,unavailable,pubget,,False
16901290,unavailable,pubget,,False
16901521,unavailable,pubget,,False
16904794,unavailable,pubget,,False
16904913,unavailable,pubget,,False
16908869,unavailable,pubget,,False
16919185,unavailable,pubget,,False
16919479,unavailable,pubget,,False
16920622,unavailable,pubget,,False
16924086,unavailable,pubget,,False
16925477,unavailable,pubget,,False
16925579,unavailable,pubget,,False
16932145,unavailable,pubget,,False
16934491,unavailable,pubget,,False
16935269,unavailable,pubget,,False
16945506,unavailable,pubget,,False
16946930,unavailable,pubget,,False
16950215,unavailable,pubget,,True
16950223,unavailable,pubget,,False
16950224,unavailable,pubget,,False
16950986,unavailable,pubget,,False
16951568,unavailable,pubget,,False
16952916,unavailable,pubget,,False
16953042,unavailable,pubget,,False
16953339,unavailable,pubget,,False
16954943,unavailable,pubget,,False
16959412,unavailable,pubget,,False
16959501,unavailable,pubget,,False
16961940,unavailable,pubget,,False
16966840,unavailable,pubget,,True
16969787,unavailable,pubget,,False
16970007,unavailable,pubget,,False
16971677,unavailable,pubget,,False
16972011,unavailable,pubget,,False
16972100,unavailable,pubget,,False
16979871,unavailable,pubget,,True
16987673,unavailable,pubget,,False
16989552,unavailable,pubget,,True
16990015,unavailable,pubget,,False
16996717,unavailable,pubget,,False
16997366,unavailable,pubget,,False
16997428,unavailable,pubget,,False
17000970,unavailable,pubget,,False
17003078,unavailable,pubget,,False
17003382,unavailable,pubget,,False
17009108,unavailable,pubget,,True
17009847,unavailable,pubget,,False
17011097,unavailable,pubget,,False
17011320,unavailable,pubget,,False
17015078,unavailable,pubget,,False
17015084,unavailable,pubget,,False
17016149,unavailable,pubget,,False
17016213,unavailable,pubget,,False
17020747,unavailable,pubget,,False
17022246,unavailable,pubget,,False
17024839,unavailable,pubget,,False
17027931,unavailable,pubget,,True
17028561,unavailable,pubget,,False
17029986,unavailable,pubget,,False
17029987,unavailable,pubget,,False
17030047,unavailable,pubget,,False
17035046,unavailable,pubget,,False
17036525,unavailable,pubget,,False
17037277,unavailable,pubget,,False
17044397,unavailable,pubget,,False
17048070,unavailable,pubget,,False
17051376,unavailable,pubget,,True
17056279,unavailable,pubget,,False
17059628,unavailable,pubget,,False
17061117,unavailable,pubget,,False
17062370,unavailable,pubget,,False
17064446,unavailable,pubget,,False
17064940,unavailable,pubget,,False
17069470,unavailable,pubget,,False
17069484,unavailable,pubget,,True
17069771,unavailable,pubget,,False
17070707,unavailable,pubget,,False
17071237,unavailable,pubget,,False
17071346,unavailable,pubget,,False
17073982,unavailable,pubget,,False
17074948,unavailable,pubget,,False
17075687,unavailable,pubget,,False
17080435,unavailable,pubget,,False
17088019,unavailable,pubget,,False
17088375,unavailable,pubget,,False
17091397,unavailable,pubget,,False
17093130,unavailable,pubget,,False
17094119,unavailable,pubget,,False
17098331,unavailable,pubget,,False
17100855,unavailable,pubget,,False
17101155,unavailable,pubget,,False
17101687,unavailable,pubget,,False
17101688,unavailable,pubget,,False
17101897,unavailable,pubget,,False
17105934,unavailable,pubget,,False
17108145,unavailable,pubget,,False
17109899,unavailable,pubget,,False
17113312,unavailable,pubget,,False
17113672,unavailable,pubget,,False
17119311,unavailable,pubget,,False
17119948,unavailable,pubget,,False
17123479,unavailable,pubget,,False
17123836,unavailable,pubget,,False
17125924,unavailable,pubget,,False
17126435,unavailable,pubget,,False
17129186,unavailable,pubget,,False
17129192,unavailable,pubget,,True
17132050,unavailable,pubget,,False
17133383,unavailable,pubget,,False
17133393,unavailable,pubget,,False
17133396,unavailable,pubget,,False
17133397,unavailable,pubget,,False
17133401,unavailable,pubget,,False
17133402,unavailable,pubget,,True
17134649,unavailable,pubget,,False
17134917,unavailable,pubget,,False
17140876,unavailable,pubget,,False
17148018,unavailable,pubget,,False
17151173,unavailable,pubget,,False
17153389,unavailable,pubget,,False
17157035,unavailable,pubget,,False
17157401,unavailable,pubget,,False
17157534,unavailable,pubget,,False
17157917,unavailable,pubget,,False
17161626,unavailable,pubget,,False
17164821,unavailable,pubget,,False
17171338,unavailable,pubget,,False
17172155,unavailable,pubget,,False
17172162,unavailable,pubget,,False
17172552,unavailable,pubget,,True
17178965,unavailable,pubget,,False
17182108,unavailable,pubget,,False
17182226,unavailable,pubget,,False
17184881,unavailable,pubget,,False
17185003,unavailable,pubget,,False
17185195,unavailable,pubget,,False
17185512,unavailable,pubget,,False
17188900,unavailable,pubget,,False
17189619,unavailable,pubget,,False
17190967,unavailable,pubget,,False
17196255,unavailable,pubget,,False
17196398,unavailable,pubget,,False
17197198,unavailable,pubget,,False
17198694,unavailable,pubget,,False
17201512,unavailable,pubget,,False
17204820,unavailable,pubget,,False
17209415,unavailable,pubget,,False
17212552,unavailable,pubget,,False
17215145,unavailable,pubget,,False
17215478,unavailable,pubget,,False
17216053,unavailable,pubget,,False
17223576,unavailable,pubget,,False
17224134,unavailable,pubget,,False
17224294,unavailable,pubget,,False
17237010,unavailable,pubget,,False
17239621,unavailable,pubget,,False
17239622,unavailable,pubget,,False
17239915,unavailable,pubget,,False
17243354,unavailable,pubget,,False
17244844,unavailable,pubget,,False
17245349,unavailable,pubget,,False
17249197,unavailable,pubget,,False
17255408,unavailable,pubget,,False
17258910,unavailable,pubget,,False
17258912,unavailable,pubget,,False
17264373,unavailable,pubget,,False
17265148,unavailable,pubget,,False
17266104,unavailable,pubget,,False
17267796,unavailable,pubget,,False
17267934,unavailable,pubget,,False
17271546,unavailable,pubget,,False
17272082,unavailable,pubget,,False
17272977,unavailable,pubget,,False
17274019,unavailable,pubget,,False
17274021,unavailable,pubget,,False
17274022,unavailable,pubget,,False
17274023,unavailable,pubget,,False
17275613,unavailable,pubget,,False
17276310,unavailable,pubget,,False
17276751,unavailable,pubget,,False
17277726,unavailable,pubget,,False
17282135,unavailable,pubget,,False
17282448,unavailable,pubget,,False
17283202,unavailable,pubget,,True
17287508,unavailable,pubget,,False
17288744,unavailable,pubget,,False
17290371,unavailable,pubget,,False
17290373,unavailable,pubget,,False
17298962,unavailable,pubget,,False
17300960,unavailable,pubget,,False
17301491,unavailable,pubget,,False
17301679,unavailable,pubget,,False
17306771,unavailable,pubget,,False
17306772,unavailable,pubget,,True
17307337,unavailable,pubget,,True
17310866,unavailable,pubget,,False
17315224,unavailable,pubget,,False
17316821,unavailable,pubget,,False
17318832,unavailable,pubget,,False
17318835,unavailable,pubget,,False
17321235,unavailable,pubget,,False
17321554,unavailable,pubget,,False
17322084,unavailable,pubget,,False
17325589,unavailable,pubget,,False
17325900,unavailable,pubget,,False
17329130,unavailable,pubget,,False
17329470,unavailable,pubget,,False
17331476,unavailable,pubget,,False
17332054,unavailable,pubget,,False
17334208,unavailable,pubget,,False
17336502,unavailable,pubget,,False
17337745,unavailable,pubget,,True
17343835,unavailable,pubget,,False
17350142,unavailable,pubget,,False
17350291,unavailable,pubget,,False
17350756,unavailable,pubget,,False
17350879,unavailable,pubget,,False
17353296,unavailable,pubget,,True
17354733,unavailable,pubget,,False
17354775,unavailable,pubget,,False
17357280,unavailable,pubget,,False
17358020,unavailable,pubget,,False
17360913,unavailable,pubget,,False
17365109,unavailable,pubget,,False
17368206,unavailable,pubget,,False
17368793,unavailable,pubget,,False
17368841,unavailable,pubget,,False
17368939,unavailable,pubget,,False
17369516,unavailable,pubget,,False
17374918,unavailable,pubget,,False
17375973,unavailable,pubget,,False
17376706,unavailable,pubget,,False
17378228,unavailable,pubget,,False
17379443,unavailable,pubget,,False
17381253,unavailable,pubget,,False
17381255,unavailable,pubget,,True
17381421,unavailable,pubget,,False
17382266,unavailable,pubget,,False
17385077,unavailable,pubget,,False
17389628,unavailable,pubget,,False
17392254,unavailable,pubget,,False
17395574,unavailable,pubget,,False
17398078,unavailable,pubget,,False
17400479,unavailable,pubget,,False
17400480,unavailable,pubget,,False
17401515,unavailable,pubget,,False
17401623,unavailable,pubget,,False
17403973,unavailable,pubget,,False
17406250,unavailable,pubget,,True
17406603,unavailable,pubget,,False
17412002,unavailable,pubget,,False
17414883,unavailable,pubget,,False
17415782,unavailable,pubget,,False
17416488,unavailable,pubget,,False
17416921,unavailable,pubget,,False
17416922,unavailable,pubget,,False
17418151,unavailable,pubget,,False
17418291,unavailable,pubget,,False
17418591,unavailable,pubget,,False
17418888,unavailable,pubget,,False
17425733,unavailable,pubget,,False
17425847,unavailable,pubget,,False
17426589,unavailable,pubget,,False
17428168,unavailable,pubget,,False
17428266,unavailable,pubget,,False
17428996,unavailable,pubget,,False
17430679,unavailable,pubget,,False
17431059,unavailable,pubget,,False
17437282,unavailable,pubget,,False
17439740,unavailable,pubget,,False
17440247,unavailable,pubget,,False
17440775,unavailable,pubget,,False
17440786,unavailable,pubget,,False
17442521,unavailable,pubget,,False
17448546,unavailable,pubget,,False
17452007,unavailable,pubget,,False
17454885,unavailable,pubget,,False
17457883,unavailable,pubget,,True
17458319,unavailable,pubget,,False
17458447,unavailable,pubget,,True
17462154,unavailable,pubget,,False
17464690,unavailable,pubget,,False
17470987,unavailable,pubget,,False
17475958,unavailable,pubget,,False
17479523,unavailable,pubget,,False
17481399,unavailable,pubget,,False
17482410,unavailable,pubget,,False
17482411,unavailable,pubget,,False
17482412,unavailable,pubget,,False
17483530,unavailable,pubget,,False
17484055,unavailable,pubget,,False
17486103,unavailable,pubget,,False
17487228,unavailable,pubget,,False
17490991,unavailable,pubget,,False
17493051,unavailable,pubget,,False
17494829,unavailable,pubget,,True
17497631,unavailable,pubget,,False
17497646,unavailable,pubget,,False
17498975,unavailable,pubget,,False
17499003,unavailable,pubget,,False
17499164,unavailable,pubget,,False
17499169,unavailable,pubget,,False
17499456,unavailable,pubget,,False
17499467,unavailable,pubget,,False
17499933,unavailable,pubget,,False
17504782,unavailable,pubget,,False
17507643,unavailable,pubget,,False
17508294,unavailable,pubget,,False
17509073,unavailable,pubget,,False
17509259,unavailable,pubget,,False
17509896,unavailable,pubget,,False
17512615,unavailable,pubget,,False
17517680,unavailable,pubget,,False
17518929,unavailable,pubget,,False
17520203,unavailable,pubget,,False
17520425,unavailable,pubget,,False
17520437,unavailable,pubget,,True
17521924,unavailable,pubget,,False
17522897,unavailable,pubget,,False
17524589,unavailable,pubget,,False
17525865,unavailable,pubget,,False
17525983,unavailable,pubget,,False
17525987,unavailable,pubget,,True
17533753,unavailable,pubget,,False
17533754,unavailable,pubget,,False
17534651,unavailable,pubget,,True
17535030,unavailable,pubget,,False
17536959,unavailable,pubget,,False
17536966,unavailable,pubget,,True
17537969,unavailable,pubget,,False
17538034,unavailable,pubget,,False
17538276,unavailable,pubget,,False
17538950,unavailable,pubget,,False
17538951,unavailable,pubget,,False
17540281,unavailable,pubget,,False
17540572,unavailable,pubget,,False
17541057,unavailable,pubget,,False
17543421,unavailable,pubget,,False
17543896,unavailable,pubget,,False
17544157,unavailable,pubget,,False
17544630,unavailable,pubget,,False
17546450,unavailable,pubget,,False
17547581,unavailable,pubget,,False
17547582,unavailable,pubget,,False
17549462,unavailable,pubget,,False
17549877,unavailable,pubget,,False
17551932,unavailable,pubget,,False
17552934,unavailable,pubget,,False
17555258,unavailable,pubget,,False
17558500,unavailable,pubget,,False
17560126,unavailable,pubget,,False
17560130,unavailable,pubget,,False
17564734,unavailable,pubget,,False
17565163,unavailable,pubget,,False
17568001,unavailable,pubget,,False
17570644,unavailable,pubget,,False
17570685,unavailable,pubget,,False
17571561,unavailable,pubget,,False
17573375,unavailable,pubget,,False
17574869,unavailable,pubget,,False
17574870,unavailable,pubget,,False
17576279,unavailable,pubget,,False
17576750,unavailable,pubget,,False
17582746,unavailable,pubget,,False
17582785,unavailable,pubget,,False
17583986,unavailable,pubget,,False
17583996,unavailable,pubget,,False
17586869,unavailable,pubget,,False
17590353,unavailable,pubget,,False
17591275,unavailable,pubget,,False
17591548,unavailable,pubget,,False
17593878,unavailable,pubget,,False
17598162,unavailable,pubget,,False
17599702,unavailable,pubget,,False
17600237,unavailable,pubget,,False
17600730,unavailable,pubget,,False
17602140,unavailable,pubget,,False
17603315,unavailable,pubget,,False
17604351,unavailable,pubget,,False
17606661,unavailable,pubget,,False
17608908,unavailable,pubget,,False
17618423,unavailable,pubget,,False
17618656,unavailable,pubget,,False
17627850,unavailable,pubget,,False
17628434,unavailable,pubget,,False
17631362,unavailable,pubget,,False
17631431,unavailable,pubget,,False
17633696,unavailable,pubget,,False
17636560,unavailable,pubget,,False
17636563,unavailable,pubget,,False
17638594,unavailable,pubget,,False
17644001,unavailable,pubget,,False
17651709,unavailable,pubget,,False
17652467,unavailable,pubget,,False
17654895,unavailable,pubget,,False
17657202,unavailable,pubget,,False
17659885,unavailable,pubget,,False
17662530,unavailable,pubget,,False
17664549,unavailable,pubget,,False
17669531,unavailable,pubget,,False
17670605,unavailable,pubget,,False
17670949,unavailable,pubget,,False
17671874,unavailable,pubget,,False
17672380,unavailable,pubget,,True
17673231,unavailable,pubget,,False
17674355,unavailable,pubget,,True
17679051,unavailable,pubget,,False
17680602,unavailable,pubget,,False
17681357,unavailable,pubget,,False
17681956,unavailable,pubget,,False
17684046,unavailable,pubget,,False
17684521,unavailable,pubget,,False
17684586,unavailable,pubget,,False
17686049,unavailable,pubget,,False
17686467,unavailable,pubget,,False
17686634,unavailable,pubget,,False
17688985,unavailable,pubget,,False
17690338,unavailable,pubget,,False
17694857,unavailable,pubget,,False
17696171,unavailable,pubget,,False
17698539,unavailable,pubget,,False
17698710,unavailable,pubget,,False
17699696,unavailable,pubget,,False
17705014,unavailable,pubget,,False
17705020,unavailable,pubget,,False
17705220,unavailable,pubget,,True
17706177,unavailable,pubget,,False
17707444,unavailable,pubget,,False
17709603,unavailable,pubget,,False
17713133,unavailable,pubget,,False
17714373,unavailable,pubget,,False
17714375,unavailable,pubget,,False
17715358,unavailable,pubget,,False
17716987,unavailable,pubget,,False
17717689,unavailable,pubget,,False
17719112,unavailable,pubget,,False
17719211,unavailable,pubget,,False
17720652,unavailable,pubget,,False
17726086,unavailable,pubget,,True
17727889,unavailable,pubget,,False
17729011,unavailable,pubget,,False
17763661,unavailable,pubget,,False
17767573,unavailable,pubget,,False
17767576,unavailable,pubget,,False
17768265,unavailable,pubget,,False
17784808,unavailable,pubget,,False
17804260,unavailable,pubget,,False
17846109,unavailable,pubget,,False
17851984,unavailable,pubget,,False
17868275,unavailable,pubget,,False
17869543,unavailable,pubget,,False
17873968,unavailable,pubget,,True
17875792,unavailable,pubget,,False
17878070,unavailable,pubget,,False
17880180,unavailable,pubget,,False
17880900,unavailable,pubget,,False
17884110,unavailable,pubget,,False
17884748,unavailable,pubget,,False
17886002,unavailable,pubget,,False
17889446,unavailable,pubget,,False
17891243,unavailable,pubget,,False
17892385,unavailable,pubget,,False
17892391,unavailable,pubget,,True
17893294,unavailable,pubget,,False
17894392,unavailable,pubget,,False
17895798,unavailable,pubget,,False
17895916,unavailable,pubget,,False
17896376,unavailable,pubget,,False
17896597,unavailable,pubget,,False
17897404,unavailable,pubget,,False
17897686,unavailable,pubget,,False
17899596,unavailable,pubget,,False
17904387,unavailable,pubget,,False
17904388,unavailable,pubget,,False
17905599,unavailable,pubget,,False
17906328,unavailable,pubget,,False
17909128,unavailable,pubget,,False
17910601,unavailable,pubget,,False
17913256,unavailable,pubget,,False
17916328,unavailable,pubget,,True
17916338,unavailable,pubget,,False
17919083,unavailable,pubget,,False
17919925,unavailable,pubget,,False
17921027,unavailable,pubget,,False
17921875,unavailable,pubget,,False
17923769,unavailable,pubget,,False
17924521,unavailable,pubget,,False
17924535,unavailable,pubget,,False
17924553,unavailable,pubget,,False
17928441,unavailable,pubget,,False
17928451,unavailable,pubget,,False
17935181,unavailable,pubget,,False
17936014,unavailable,pubget,,False
17936016,unavailable,pubget,,False
17939911,unavailable,pubget,,False
17942721,unavailable,pubget,,False
17943000,unavailable,pubget,,False
17946014,unavailable,pubget,,True
17946020,unavailable,pubget,,False
17946104,unavailable,pubget,,False
17946432,unavailable,pubget,,False
17946438,unavailable,pubget,,False
17946854,unavailable,pubget,,False
17954780,unavailable,pubget,,False
17957704,unavailable,pubget,,False
17958482,unavailable,pubget,,False
17958487,unavailable,pubget,,True
17958489,unavailable,pubget,,False
17960461,unavailable,pubget,,False
17962042,unavailable,pubget,,False
17963797,unavailable,pubget,,False
17964221,unavailable,pubget,,False
17965984,unavailable,pubget,,False
17970767,unavailable,pubget,,False
17974940,unavailable,pubget,,False
17979117,unavailable,pubget,,False
17979119,unavailable,pubget,,False
17979120,unavailable,pubget,,False
17979124,unavailable,pubget,,False
17979790,unavailable,pubget,,False
17981436,unavailable,pubget,,False
17983290,unavailable,pubget,,False
17983962,unavailable,pubget,,False
17986113,unavailable,pubget,,False
17987225,unavailable,pubget,,False
17991778,unavailable,pubget,,False
17993204,unavailable,pubget,,False
17996811,unavailable,pubget,,False
17996812,unavailable,pubget,,False
17997284,unavailable,pubget,,False
17997330,unavailable,pubget,,False
17999607,unavailable,pubget,,False
17999839,unavailable,pubget,,False
18002536,unavailable,pubget,,False
18002728,unavailable,pubget,,False
18002733,unavailable,pubget,,True
18003186,unavailable,pubget,,False
18003188,unavailable,pubget,,False
18004607,unavailable,pubget,,False
18004945,unavailable,pubget,,False
18007181,unavailable,pubget,,False
18026942,unavailable,pubget,,False
18030580,unavailable,pubget,,False
18031825,unavailable,pubget,,False
18033767,unavailable,pubget,,False
18035820,unavailable,pubget,,False
18040629,unavailable,pubget,,False
18042932,unavailable,pubget,,False
18043540,unavailable,pubget,,False
18043766,unavailable,pubget,,False
18051128,unavailable,pubget,,False
18052782,unavailable,pubget,,False
18052784,unavailable,pubget,,False
18052787,unavailable,pubget,,True
18055184,unavailable,pubget,,False
18055942,unavailable,pubget,,True
18057954,unavailable,pubget,,False
18058090,unavailable,pubget,,False
18058239,unavailable,pubget,,False
18058813,unavailable,pubget,,False
18060395,unavailable,pubget,,False
18060720,unavailable,pubget,,False
18060812,unavailable,pubget,,False
18061152,unavailable,pubget,,False
18061484,unavailable,pubget,,False
18063344,unavailable,pubget,,False
18068690,unavailable,pubget,,False
18068933,unavailable,pubget,,False
18070949,unavailable,pubget,,False
18072279,unavailable,pubget,,False
18072830,unavailable,pubget,,False
18076530,unavailable,pubget,,False
18076995,unavailable,pubget,,False
18077520,unavailable,pubget,,False
18077798,unavailable,pubget,,False
18079060,unavailable,pubget,,False
18082990,unavailable,pubget,,False
18086536,unavailable,pubget,,False
18090314,unavailable,pubget,,False
18092653,unavailable,pubget,,False
18094859,unavailable,pubget,,False
18096139,unavailable,pubget,,False
18158273,unavailable,pubget,,False
18160181,unavailable,pubget,,False
18162699,unavailable,pubget,,False
18163813,unavailable,pubget,,False
18165105,unavailable,pubget,,False
18171363,unavailable,pubget,,False
18172628,unavailable,pubget,,False
18175859,unavailable,pubget,,False
18176088,unavailable,pubget,,False
18178485,unavailable,pubget,,False
18180141,unavailable,pubget,,False
18180228,unavailable,pubget,,False
18180434,unavailable,pubget,,False
18181241,unavailable,pubget,,False
18181784,unavailable,pubget,,True
18181882,unavailable,pubget,,False
18184849,unavailable,pubget,,False
18190494,unavailable,pubget,,False
18191524,unavailable,pubget,,False
18191573,unavailable,pubget,,False
18194182,unavailable,pubget,,False
18196871,unavailable,pubget,,False
18201838,unavailable,pubget,,False
18201906,unavailable,pubget,,False
18203694,unavailable,pubget,,False
18204955,unavailable,pubget,,False
18206186,unavailable,pubget,,False
18206188,unavailable,pubget,,False
18206391,unavailable,pubget,,False
18207248,unavailable,pubget,,True
18207441,unavailable,pubget,,False
18208900,unavailable,pubget,,False
18210810,unavailable,pubget,,False
18211236,unavailable,pubget,,True
18217881,unavailable,pubget,,False
18219619,unavailable,pubget,,False
18220735,unavailable,pubget,,False
18228024,unavailable,pubget,,False
18234508,unavailable,pubget,,False
18234509,unavailable,pubget,,False
18234523,unavailable,pubget,,False
18234685,unavailable,pubget,,False
18235427,unavailable,pubget,,False
18240321,unavailable,pubget,,False
18241912,unavailable,pubget,,False
18243736,unavailable,pubget,,False
18245041,unavailable,pubget,,False
18245043,unavailable,pubget,,False
18249421,unavailable,pubget,,False
18249423,unavailable,pubget,,False
18253676,unavailable,pubget,,False
18254547,unavailable,pubget,,False
18256259,unavailable,pubget,,False
18257001,unavailable,pubget,,False
18258978,unavailable,pubget,,False
18269651,unavailable,pubget,,False
18270878,unavailable,pubget,,False
18275332,unavailable,pubget,,False
18275335,unavailable,pubget,,False
18275485,unavailable,pubget,,False
18279872,unavailable,pubget,,False
18279946,unavailable,pubget,,False
18279947,unavailable,pubget,,False
18284346,unavailable,pubget,,False
18284348,unavailable,pubget,,True
18284352,unavailable,pubget,,False
18284629,unavailable,pubget,,False
18289881,unavailable,pubget,,False
18293042,unavailable,pubget,,False
18302117,unavailable,pubget,,False
18304205,unavailable,pubget,,False
18306450,unavailable,pubget,,False
18311533,unavailable,pubget,,False
18313791,unavailable,pubget,,False
18314252,unavailable,pubget,,False
18314351,unavailable,pubget,,False
18316207,unavailable,pubget,,False
18321877,unavailable,pubget,,False
18322462,unavailable,pubget,,False
18327513,unavailable,pubget,,False
18327832,unavailable,pubget,,False
18328726,unavailable,pubget,,False
18329291,unavailable,pubget,,False
18330870,unavailable,pubget,,False
18330872,unavailable,pubget,,False
18334435,unavailable,pubget,,False
18337016,unavailable,pubget,,False
18337422,unavailable,pubget,,False
18338245,unavailable,pubget,,False
18338540,unavailable,pubget,,False
18338840,unavailable,pubget,,False
18342424,unavailable,pubget,,False
18342473,unavailable,pubget,,False
18343159,unavailable,pubget,,False
18344173,unavailable,pubget,,False
18345980,unavailable,pubget,,False
18345983,unavailable,pubget,,True
18345989,unavailable,pubget,,False
18346831,unavailable,pubget,,False
18346913,unavailable,pubget,,False
18349055,unavailable,pubget,,False
18353127,unavailable,pubget,,False
18353285,unavailable,pubget,,False
18356025,unavailable,pubget,,False
18356027,unavailable,pubget,,False
18361438,unavailable,pubget,,False
18367048,unavailable,pubget,,False
18367410,unavailable,pubget,,False
18368572,unavailable,pubget,,False
18369089,unavailable,pubget,,False
18370593,unavailable,pubget,,False
18370596,unavailable,pubget,,False
18371593,unavailable,pubget,,False
18374274,unavailable,pubget,,False
18374608,unavailable,pubget,,False
18378168,unavailable,pubget,,False
18378553,unavailable,pubget,,False
18385097,unavailable,pubget,,False
18387583,unavailable,pubget,,False
18387584,unavailable,pubget,,False
18387825,unavailable,pubget,,False
18388730,unavailable,pubget,,False
18388732,unavailable,pubget,,False
18392411,unavailable,pubget,,False
18395472,unavailable,pubget,,False
18400793,unavailable,pubget,,False
18400794,unavailable,pubget,,False
18400954,unavailable,pubget,,False
18401976,unavailable,pubget,,False
18402630,unavailable,pubget,,False
18406628,unavailable,pubget,,False
18407471,unavailable,pubget,,False
18412112,unavailable,pubget,,False
18412113,unavailable,pubget,,False
18412129,unavailable,pubget,,False
18413290,unavailable,pubget,,False
18413706,unavailable,pubget,,False
18414356,unavailable,pubget,,False
18415787,unavailable,pubget,,False
18416672,unavailable,pubget,,True
18416674,unavailable,pubget,,False
18421120,unavailable,pubget,,False
18423926,unavailable,pubget,,False
18434091,unavailable,pubget,,False
18434201,unavailable,pubget,,False
18434631,unavailable,pubget,,False
18434632,unavailable,pubget,,False
18435753,unavailable,pubget,,False
18438867,unavailable,pubget,,True
18439410,unavailable,pubget,,False
18439825,unavailable,pubget,,False
18440493,unavailable,pubget,,False
18440959,unavailable,pubget,,False
18445024,unavailable,pubget,,False
18445694,unavailable,pubget,,False
18448300,unavailable,pubget,,False
18451192,unavailable,pubget,,False
18452748,unavailable,pubget,,False
18455152,unavailable,pubget,,False
18456393,unavailable,pubget,,False
18457507,unavailable,pubget,,False
18458902,unavailable,pubget,,False
18461541,unavailable,pubget,,False
18465269,unavailable,pubget,,False
18465746,unavailable,pubget,,False
18465788,unavailable,pubget,,False
18466667,unavailable,pubget,,False
18466987,unavailable,pubget,,False
18468692,unavailable,pubget,,False
18468869,unavailable,pubget,,True
18475251,unavailable,pubget,,False
18479670,unavailable,pubget,,False
18479876,unavailable,pubget,,False
18482724,unavailable,pubget,,False
18483003,unavailable,pubget,,False
18483724,unavailable,pubget,,False
18484855,unavailable,pubget,,False
18489966,unavailable,pubget,,False
18497359,unavailable,pubget,,False
18498034,unavailable,pubget,,False
18501457,unavailable,pubget,,False
18502045,unavailable,pubget,,False
18504037,unavailable,pubget,,False
18506392,unavailable,pubget,,False
18508873,unavailable,pubget,,False
18511023,unavailable,pubget,,False
18511693,unavailable,pubget,,False
18511955,unavailable,pubget,,False
18513352,unavailable,pubget,,False
18514545,unavailable,pubget,,False
18519527,unavailable,pubget,,True
18534567,unavailable,pubget,,False
18538585,unavailable,pubget,,False
18538587,unavailable,pubget,,False
18539159,unavailable,pubget,,False
18540914,unavailable,pubget,,False
18541277,unavailable,pubget,,False
18541279,unavailable,pubget,,False
18541979,unavailable,pubget,,False
18543017,unavailable,pubget,,False
18545916,unavailable,pubget,,False
18550030,unavailable,pubget,,False
18550762,unavailable,pubget,,False
18551236,unavailable,pubget,,False
18555666,unavailable,pubget,,False
18557921,unavailable,pubget,,False
18559406,unavailable,pubget,,False
18561672,unavailable,pubget,,False
18570207,unavailable,pubget,,False
18571794,unavailable,pubget,,False
18573836,unavailable,pubget,,False
18578599,unavailable,pubget,,False
18580230,unavailable,pubget,,False
18584891,unavailable,pubget,,False
18586109,unavailable,pubget,,True
18586234,unavailable,pubget,,False
18590730,unavailable,pubget,,False
18597227,unavailable,pubget,,False
18599025,unavailable,pubget,,False
18599179,unavailable,pubget,,False
18599316,unavailable,pubget,,False
18599318,unavailable,pubget,,False
18599400,unavailable,pubget,,False
18601618,unavailable,pubget,,False
18602410,unavailable,pubget,,False
18605868,unavailable,pubget,,False
18606193,unavailable,pubget,,False
18608854,unavailable,pubget,,False
18611446,unavailable,pubget,,False
18613374,unavailable,pubget,,False
18614184,unavailable,pubget,,False
18617159,unavailable,pubget,,False
18619668,unavailable,pubget,,False
18630473,unavailable,pubget,,False
18632890,unavailable,pubget,,False
18633804,unavailable,pubget,,False
18633826,unavailable,pubget,,False
18634889,unavailable,pubget,,False
18634890,unavailable,pubget,,False
18635157,unavailable,pubget,,False
18635241,unavailable,pubget,,False
18635699,unavailable,pubget,,False
18635705,unavailable,pubget,,False
18636549,unavailable,pubget,,False
18637829,unavailable,pubget,,False
18639870,unavailable,pubget,,False
18648194,unavailable,pubget,,False
18651258,unavailable,pubget,,False
18657923,unavailable,pubget,,False
18661163,unavailable,pubget,,False
18663166,unavailable,pubget,,False
18666103,unavailable,pubget,,False
18667768,unavailable,pubget,,False
18668147,unavailable,pubget,,False
18670852,unavailable,pubget,,False
18672071,unavailable,pubget,,False
18672352,unavailable,pubget,,False
18675995,unavailable,pubget,,False
18676033,unavailable,pubget,,False
18677746,unavailable,pubget,,True
18686056,unavailable,pubget,,False
18690373,unavailable,pubget,,False
18690393,unavailable,pubget,,True
18691562,unavailable,pubget,,False
18691703,unavailable,pubget,,False
18692790,unavailable,pubget,,False
18693898,unavailable,pubget,,True
18694837,unavailable,pubget,,False
18695872,unavailable,pubget,,False
18697558,unavailable,pubget,,False
18698134,unavailable,pubget,,False
18701392,unavailable,pubget,,False
18702576,unavailable,pubget,,False
18703030,unavailable,pubget,,False
18705293,unavailable,pubget,,False
18706507,unavailable,pubget,,False
18711708,unavailable,pubget,,False
18712181,unavailable,pubget,,False
18712338,unavailable,pubget,,False
18713782,unavailable,pubget,,False
18718543,unavailable,pubget,,False
18718572,unavailable,pubget,,False
18720013,unavailable,pubget,,True
18723676,unavailable,pubget,,False
18725239,unavailable,pubget,,False
18727682,unavailable,pubget,,False
18729718,unavailable,pubget,,False
18752413,unavailable,pubget,,False
18756367,unavailable,pubget,,False
18758934,unavailable,pubget,,False
18759811,unavailable,pubget,,False
18759938,unavailable,pubget,,False
18760631,unavailable,pubget,,False
18769311,unavailable,pubget,,False
18771673,unavailable,pubget,,False
18771675,unavailable,pubget,,False
18771801,unavailable,pubget,,False
18772259,unavailable,pubget,,False
18775476,unavailable,pubget,,False
18779428,unavailable,pubget,,False
18781431,unavailable,pubget,,False
18781582,unavailable,pubget,,False
18785653,unavailable,pubget,,False
18787658,unavailable,pubget,,False
18787662,unavailable,pubget,,False
18789981,unavailable,pubget,,False
18790064,unavailable,pubget,,False
18790618,unavailable,pubget,,False
18791682,unavailable,pubget,,False
18792858,unavailable,pubget,,False
18793658,unavailable,pubget,,False
18796186,unavailable,pubget,,False
18796430,unavailable,pubget,,False
18797310,unavailable,pubget,,False
18799279,unavailable,pubget,,False
18799681,unavailable,pubget,,True
18805460,unavailable,pubget,,False
18811906,unavailable,pubget,,False
18815263,unavailable,pubget,,False
18816821,unavailable,pubget,,False
18821979,unavailable,pubget,,False
18822797,unavailable,pubget,,False
18823229,unavailable,pubget,,False
18823235,unavailable,pubget,,False
18829134,unavailable,pubget,,False
18834906,unavailable,pubget,,False
18835581,unavailable,pubget,,False
18835663,unavailable,pubget,,False
18837865,unavailable,pubget,,False
18838037,unavailable,pubget,,False
18839089,unavailable,pubget,,False
18843187,unavailable,pubget,,False
18845994,unavailable,pubget,,False
18848444,unavailable,pubget,,False
18848742,unavailable,pubget,,True
18849119,unavailable,pubget,,False
18849533,unavailable,pubget,,False
18849690,unavailable,pubget,,False
18850346,unavailable,pubget,,False
18852055,unavailable,pubget,,False
18853338,unavailable,pubget,,False
18927345,unavailable,pubget,,False
18930036,unavailable,pubget,,False
18930635,unavailable,pubget,,False
18930746,unavailable,pubget,,False
18936922,unavailable,pubget,,False
18938251,unavailable,pubget,,False
18949462,unavailable,pubget,,False
18950928,unavailable,pubget,,False
18951032,unavailable,pubget,,False
18954477,unavailable,pubget,,False
18956461,unavailable,pubget,,False
18957312,unavailable,pubget,,False
18972392,unavailable,pubget,,False
18976695,unavailable,pubget,,False
18978327,unavailable,pubget,,False
18979834,unavailable,pubget,,False
18982612,unavailable,pubget,,False
18984453,unavailable,pubget,,False
18985100,unavailable,pubget,,False
18985127,unavailable,pubget,,False
18990710,unavailable,pubget,,True
18992288,unavailable,pubget,,True
18993006,unavailable,pubget,,False
19001696,unavailable,pubget,,False
19003497,unavailable,pubget,,True
19005004,unavailable,pubget,,False
19008206,unavailable,pubget,,False
19015078,unavailable,pubget,,False
19015083,unavailable,pubget,,False
19021206,unavailable,pubget,,False
19021411,unavailable,pubget,,False
19021972,unavailable,pubget,,False
19027078,unavailable,pubget,,False
19027195,unavailable,pubget,,False
19028588,unavailable,pubget,,False
19028593,unavailable,pubget,,False
19029284,unavailable,pubget,,False
19034897,unavailable,pubget,,False
19038850,unavailable,pubget,,False
19041965,unavailable,pubget,,False
19042912,unavailable,pubget,,False
19046993,unavailable,pubget,,False
19047074,unavailable,pubget,,False
19047359,unavailable,pubget,,True
19051093,unavailable,pubget,,False
19052111,unavailable,pubget,,False
19052210,unavailable,pubget,,True
19058786,unavailable,pubget,,False
19064878,unavailable,pubget,,False
19067772,unavailable,pubget,,False
19071223,unavailable,pubget,,False
19072906,unavailable,pubget,,False
19073624,unavailable,pubget,,False
19073802,unavailable,pubget,,False
19074498,unavailable,pubget,,False
19074979,unavailable,pubget,,False
19075356,unavailable,pubget,,False
19075711,unavailable,pubget,,False
19076399,unavailable,pubget,,False
19081023,unavailable,pubget,,False
19082307,unavailable,pubget,,False
19084070,unavailable,pubget,,True
19084071,unavailable,pubget,,False
19086020,unavailable,pubget,,False
19086201,unavailable,pubget,,False
19091969,unavailable,pubget,,False
19095220,unavailable,pubget,,False
19095230,unavailable,pubget,,False
19095892,unavailable,pubget,,False
19098351,unavailable,pubget,,False
19100312,unavailable,pubget,,False
19100840,unavailable,pubget,,False
19100845,unavailable,pubget,,False
19101639,unavailable,pubget,,False
19104803,unavailable,pubget,,False
19105056,unavailable,pubget,,False
19107748,unavailable,pubget,,False
19109512,unavailable,pubget,,False
19109997,unavailable,pubget,,False
19110394,unavailable,pubget,,False
19117159,unavailable,pubget,,False
19118131,unavailable,pubget,,False
19120444,unavailable,pubget,,False
19122029,unavailable,pubget,,False
19128681,unavailable,pubget,,False
19133239,unavailable,pubget,,False
19133862,unavailable,pubget,,False
19135155,unavailable,pubget,,False
19135215,unavailable,pubget,,False
19138749,unavailable,pubget,,False
19139412,unavailable,pubget,,False
19139866,unavailable,pubget,,False
19144587,unavailable,pubget,,False
19145990,unavailable,pubget,,False
19146235,unavailable,pubget,,False
19146355,unavailable,pubget,,False
19150518,unavailable,pubget,,False
19150784,unavailable,pubget,,False
19151374,unavailable,pubget,,False
19152067,unavailable,pubget,,False
19153890,unavailable,pubget,,False
19155350,unavailable,pubget,,False
19158200,unavailable,pubget,,False
19159693,unavailable,pubget,,False
19162200,unavailable,pubget,,False
19162201,unavailable,pubget,,False
19163596,unavailable,pubget,,False
19163619,unavailable,pubget,,False
19163694,unavailable,pubget,,False
19163697,unavailable,pubget,,False
19163962,unavailable,pubget,,False
19163965,unavailable,pubget,,True
19166946,unavailable,pubget,,False
19170662,unavailable,pubget,,False
19171077,unavailable,pubget,,True
19172647,unavailable,pubget,,False
19174180,unavailable,pubget,,False
19174368,unavailable,pubget,,False
19176280,unavailable,pubget,,False
19176827,unavailable,pubget,,False
19179863,unavailable,pubget,,False
19180558,unavailable,pubget,,False
19182479,unavailable,pubget,,True
19182728,unavailable,pubget,,False
19183133,unavailable,pubget,,False
19184997,unavailable,pubget,,True
19185468,unavailable,pubget,,False
19187801,unavailable,pubget,,False
19188113,unavailable,pubget,,False
19188115,unavailable,pubget,,False
19188245,unavailable,pubget,,False
19189286,unavailable,pubget,,False
19190727,unavailable,pubget,,False
19194210,unavailable,pubget,,False
19199406,unavailable,pubget,,False
19200242,unavailable,pubget,,False
19205017,unavailable,pubget,,False
19205842,unavailable,pubget,,False
19207199,unavailable,pubget,,True
19211878,unavailable,pubget,,False
19221144,unavailable,pubget,,False
19224116,unavailable,pubget,,False
19224232,unavailable,pubget,,False
19224618,unavailable,pubget,,False
19224975,unavailable,pubget,,False
19225946,unavailable,pubget,,False
19231783,unavailable,pubget,,False
19232481,unavailable,pubget,,False
19233234,unavailable,pubget,,False
19236528,unavailable,pubget,,False
19237269,unavailable,pubget,,False
19237342,unavailable,pubget,,False
19241396,unavailable,pubget,,False
19243926,unavailable,pubget,,False
19244353,unavailable,pubget,,False
19244518,unavailable,pubget,,False
19245906,unavailable,pubget,,False
19247255,unavailable,pubget,,False
19247994,unavailable,pubget,,False
19248969,unavailable,pubget,,False
19259973,unavailable,pubget,,False
19261334,unavailable,pubget,,False
19263104,unavailable,pubget,,False
19263420,unavailable,pubget,,False
19264142,unavailable,pubget,,False
19267382,unavailable,pubget,,False
19273460,unavailable,pubget,,False
19285142,unavailable,pubget,,False
19285560,unavailable,pubget,,False
19286464,unavailable,pubget,,False
19288464,unavailable,pubget,,False
19291529,unavailable,pubget,,False
19293824,unavailable,pubget,,False
19296728,unavailable,pubget,,False
19299441,unavailable,pubget,,False
19300063,unavailable,pubget,,False
19301993,unavailable,pubget,,False
19304859,unavailable,pubget,,False
19306363,unavailable,pubget,,False
19306445,unavailable,pubget,,False
19317377,unavailable,pubget,,False
19322649,unavailable,pubget,,False
19324533,unavailable,pubget,,False
19330172,unavailable,pubget,,False
19330592,unavailable,pubget,,False
19335198,unavailable,pubget,,False
19338714,unavailable,pubget,,False
19342124,unavailable,pubget,,False
19344685,unavailable,pubget,,False
19344773,unavailable,pubget,,False
19345269,unavailable,pubget,,False
19345734,unavailable,pubget,,False
19345736,unavailable,pubget,,False
19345899,unavailable,pubget,,False
19346328,unavailable,pubget,,False
19349234,unavailable,pubget,,False
19349237,unavailable,pubget,,False
19349314,unavailable,pubget,,True
19350564,unavailable,pubget,,False
19353235,unavailable,pubget,,False
19353674,unavailable,pubget,,False
19357228,unavailable,pubget,,False
19357387,unavailable,pubget,,False
19361566,unavailable,pubget,,True
19362152,unavailable,pubget,,False
19365800,unavailable,pubget,,False
19370440,unavailable,pubget,,False
19375260,unavailable,pubget,,False
19375695,unavailable,pubget,,False
19376244,unavailable,pubget,,False
19378277,unavailable,pubget,,False
19378878,unavailable,pubget,,False
19379906,unavailable,pubget,,False
19382109,unavailable,pubget,,False
19382897,unavailable,pubget,,False
19383055,unavailable,pubget,,False
19383503,unavailable,pubget,,False
19383937,unavailable,pubget,,True
19384887,unavailable,pubget,,False
19385991,unavailable,pubget,,False
19386636,unavailable,pubget,,False
19387076,unavailable,pubget,,False
19387979,unavailable,pubget,,False
19389718,unavailable,pubget,,False
19393011,unavailable,pubget,,False
19395524,unavailable,pubget,,False
19397900,unavailable,pubget,,False
19398017,unavailable,pubget,,False
19402923,unavailable,pubget,,False
19406595,unavailable,pubget,,False
19406904,unavailable,pubget,,False
19407219,unavailable,pubget,,False
19408165,unavailable,pubget,,False
19409224,unavailable,pubget,,False
19410583,unavailable,pubget,,False
19410589,unavailable,pubget,,False
19413453,unavailable,pubget,,False
19413476,unavailable,pubget,,False
19413478,unavailable,pubget,,False
19414043,unavailable,pubget,,False
19414052,unavailable,pubget,,False
19414462,unavailable,pubget,,False
19415166,unavailable,pubget,,False
19417895,unavailable,pubget,,False
19418510,unavailable,pubget,,False
19419593,unavailable,pubget,,False
19420090,unavailable,pubget,,False
19421809,unavailable,pubget,,False
19424100,unavailable,pubget,,False
19425037,unavailable,pubget,,False
19427907,unavailable,pubget,,False
19428222,unavailable,pubget,,False
19428399,unavailable,pubget,,False
19428403,unavailable,pubget,,False
19428411,unavailable,pubget,,False
19429132,unavailable,pubget,,False
19429163,unavailable,pubget,,False
19429173,unavailable,pubget,,False
19433416,unavailable,pubget,,False
19433790,unavailable,pubget,,False
19434584,unavailable,pubget,,False
19435709,unavailable,pubget,,False
19437053,unavailable,pubget,,False
19437206,unavailable,pubget,,False
19437496,unavailable,pubget,,False
19439588,unavailable,pubget,,False
19440162,unavailable,pubget,,False
19443657,unavailable,pubget,,False
19444347,unavailable,pubget,,False
19446442,unavailable,pubget,,False
19446443,unavailable,pubget,,False
19449331,unavailable,pubget,,False
19450694,unavailable,pubget,,False
19452191,unavailable,pubget,,False
19454810,unavailable,pubget,,False
19457356,unavailable,pubget,,False
19457367,unavailable,pubget,,False
19459013,unavailable,pubget,,False
19460443,unavailable,pubget,,False
19460543,unavailable,pubget,,False
19460870,unavailable,pubget,,False
19465134,unavailable,pubget,,False
19467359,unavailable,pubget,,False
19472406,unavailable,pubget,,False
19474122,unavailable,pubget,,False
19478379,unavailable,pubget,,False
19479729,unavailable,pubget,,False
19480235,unavailable,pubget,,False
19481159,unavailable,pubget,,False
19490042,unavailable,pubget,,False
19492301,unavailable,pubget,,False
19497374,unavailable,pubget,,False
19499585,unavailable,pubget,,False
19500088,unavailable,pubget,,True
19505583,unavailable,pubget,,False
19507155,unavailable,pubget,,False
19507588,unavailable,pubget,,False
19512976,unavailable,pubget,,False
19515831,unavailable,pubget,,False
19518263,unavailable,pubget,,False
19520168,unavailable,pubget,,False
19520175,unavailable,pubget,,False
19520177,unavailable,pubget,,True
19520360,unavailable,pubget,,False
19521974,unavailable,pubget,,False
19524399,unavailable,pubget,,False
19525715,unavailable,pubget,,False
19526047,unavailable,pubget,,False
19530217,unavailable,pubget,,False
19530277,unavailable,pubget,,False
19535981,unavailable,pubget,,False
19536354,unavailable,pubget,,False
19536435,unavailable,pubget,,True
19539034,unavailable,pubget,,False
19539770,unavailable,pubget,,True
19543005,unavailable,pubget,,False
19544187,unavailable,pubget,,False
19545475,unavailable,pubget,,False
19549284,unavailable,pubget,,False
19552900,unavailable,pubget,,False
19553435,unavailable,pubget,,True
19555834,unavailable,pubget,,False
19557858,unavailable,pubget,,False
19559043,unavailable,pubget,,False
19560547,unavailable,pubget,,False
19566776,unavailable,pubget,,False
19567340,unavailable,pubget,,True
19567364,unavailable,pubget,,False
19570530,unavailable,pubget,,False
19570738,unavailable,pubget,,False
19571281,unavailable,pubget,,False
19571734,unavailable,pubget,,False
19572308,unavailable,pubget,,False
19573900,unavailable,pubget,,False
19576772,unavailable,pubget,,False
19579091,unavailable,pubget,,False
19580915,unavailable,pubget,,False
19583477,unavailable,pubget,,False
19584890,unavailable,pubget,,False
19585350,unavailable,pubget,,False
19591407,unavailable,pubget,,False
19594667,unavailable,pubget,,False
19595679,unavailable,pubget,,False
19598133,unavailable,pubget,,False
19605520,unavailable,pubget,,True
19615733,unavailable,pubget,,False
19618486,unavailable,pubget,,False
19619358,unavailable,pubget,,False
19619665,unavailable,pubget,,False
19621369,unavailable,pubget,,False
19621370,unavailable,pubget,,False
19623870,unavailable,pubget,,False
19624392,unavailable,pubget,,False
19626537,unavailable,pubget,,False
19627647,unavailable,pubget,,False
19631276,unavailable,pubget,,False
19631626,unavailable,pubget,,False
19631673,unavailable,pubget,,False
19632066,unavailable,pubget,,False
19632301,unavailable,pubget,,False
19632852,unavailable,pubget,,False
19635368,unavailable,pubget,,False
19637101,unavailable,pubget,,False
19638908,unavailable,pubget,,False
19640484,unavailable,pubget,,False
19640506,unavailable,pubget,,False
19642048,unavailable,pubget,,False
19642879,unavailable,pubget,,False
19643117,unavailable,pubget,,False
19645622,unavailable,pubget,,False
19645826,unavailable,pubget,,False
19647038,unavailable,pubget,,False
19652293,unavailable,pubget,,False
19657696,unavailable,pubget,,False
19662456,unavailable,pubget,,False
19665104,unavailable,pubget,,False
19665784,unavailable,pubget,,False
19665923,unavailable,pubget,,False
19673793,unavailable,pubget,,False
19674842,unavailable,pubget,,False
19678593,unavailable,pubget,,False
19679762,unavailable,pubget,,False
19683419,unavailable,pubget,,True
19686705,unavailable,pubget,,False
19686782,unavailable,pubget,,False
19687293,unavailable,pubget,,False
19687531,unavailable,pubget,,False
19689272,unavailable,pubget,,False
19692211,unavailable,pubget,,False
19694254,unavailable,pubget,,True
19695469,unavailable,pubget,,False
19695692,unavailable,pubget,,False
19696967,unavailable,pubget,,False
19698042,unavailable,pubget,,False
19698726,unavailable,pubget,,False
19698727,unavailable,pubget,,False
19699306,unavailable,pubget,,False
19699795,unavailable,pubget,,False
19705330,unavailable,pubget,,False
19707785,unavailable,pubget,,False
19709652,unavailable,pubget,,False
19709972,unavailable,pubget,,False
19709999,unavailable,pubget,,False
19710182,unavailable,pubget,,False
19710691,unavailable,pubget,,False
19713602,unavailable,pubget,,False
19715400,unavailable,pubget,,False
19720925,unavailable,pubget,,False
19726233,unavailable,pubget,,False
19727598,unavailable,pubget,,True
19732120,unavailable,pubget,,False
19732478,unavailable,pubget,,True
19732838,unavailable,pubget,,False
19733247,unavailable,pubget,,False
19733673,unavailable,pubget,,False
19737873,unavailable,pubget,,False
19740135,unavailable,pubget,,False
19744826,unavailable,pubget,,False
19745020,unavailable,pubget,,False
19747163,unavailable,pubget,,False
19747900,unavailable,pubget,,False
19748075,unavailable,pubget,,False
19748540,unavailable,pubget,,False
19750921,unavailable,pubget,,True
19751546,unavailable,pubget,,False
19755606,unavailable,pubget,,False
19761315,unavailable,pubget,,False
19761853,unavailable,pubget,,False
19765205,unavailable,pubget,,False
19765600,unavailable,pubget,,False
19768637,unavailable,pubget,,False
19776563,unavailable,pubget,,False
19777557,unavailable,pubget,,False
19781653,unavailable,pubget,,False
19785875,unavailable,pubget,,False
19786284,unavailable,pubget,,False
19789883,unavailable,pubget,,False
19805050,unavailable,pubget,,True
19805691,unavailable,pubget,,False
19809575,unavailable,pubget,,False
19812293,unavailable,pubget,,False
19816637,unavailable,pubget,,False
19817807,unavailable,pubget,,False
19817808,unavailable,pubget,,False
19825347,unavailable,pubget,,False
19833215,unavailable,pubget,,False
19833321,unavailable,pubget,,False
19833552,unavailable,pubget,,False
19833790,unavailable,pubget,,False
19834573,unavailable,pubget,,False
19834653,unavailable,pubget,,False
19837177,unavailable,pubget,,False
19837179,unavailable,pubget,,False
19846064,unavailable,pubget,,False
19846472,unavailable,pubget,,False
19847071,unavailable,pubget,,False
19847160,unavailable,pubget,,False
19850055,unavailable,pubget,,True
19850134,unavailable,pubget,,False
19853899,unavailable,pubget,,False
19854215,unavailable,pubget,,False
19854279,unavailable,pubget,,False
19861234,unavailable,pubget,,False
19862697,unavailable,pubget,,False
19863259,unavailable,pubget,,False
19875053,unavailable,pubget,,False
19877238,unavailable,pubget,,False
19877240,unavailable,pubget,,False
19878726,unavailable,pubget,,False
19878729,unavailable,pubget,,False
19879918,unavailable,pubget,,False
19880216,unavailable,pubget,,False
19882335,unavailable,pubget,,False
19882649,unavailable,pubget,,False
19883305,unavailable,pubget,,False
19883666,unavailable,pubget,,False
19890012,unavailable,pubget,,False
19900376,unavailable,pubget,,False
19900561,unavailable,pubget,,False
19904285,unavailable,pubget,,False
19906809,unavailable,pubget,,False
19912175,unavailable,pubget,,False
19913101,unavailable,pubget,,True
19913621,unavailable,pubget,,False
19914263,unavailable,pubget,,False
19922376,unavailable,pubget,,False
19922803,unavailable,pubget,,True
19923280,unavailable,pubget,,False
19926457,unavailable,pubget,,False
19927062,unavailable,pubget,,False
19927262,unavailable,pubget,,False
19932706,unavailable,pubget,,False
19933712,unavailable,pubget,,False
19934999,unavailable,pubget,,False
19937337,unavailable,pubget,,False
19943430,unavailable,pubget,,False
19944767,unavailable,pubget,,False
19946611,unavailable,pubget,,False
19947462,unavailable,pubget,,True
19948224,unavailable,pubget,,False
19949718,unavailable,pubget,,False
19949981,unavailable,pubget,,False
19950195,unavailable,pubget,,False
19955945,unavailable,pubget,,False
19956088,unavailable,pubget,,False
19957266,unavailable,pubget,,False
19958383,unavailable,pubget,,False
19959006,unavailable,pubget,,False
19959009,unavailable,pubget,,False
19959345,unavailable,pubget,,False
19962441,unavailable,pubget,,False
19963068,unavailable,pubget,,False
19963621,unavailable,pubget,,False
19963903,unavailable,pubget,,False
19963905,unavailable,pubget,,False
19964387,unavailable,pubget,,False
19964570,unavailable,pubget,,False
19964791,unavailable,pubget,,False
19964850,unavailable,pubget,,False
19964851,unavailable,pubget,,True
19966326,unavailable,pubget,,True
19969009,unavailable,pubget,,False
19969092,unavailable,pubget,,False
19969097,unavailable,pubget,,False
19995868,unavailable,pubget,,False
20004253,unavailable,pubget,,False
20004724,unavailable,pubget,,False
20005962,unavailable,pubget,,False
20008650,unavailable,pubget,,False
20009452,unavailable,pubget,,False
20014387,unavailable,pubget,,False
20014654,unavailable,pubget,,False
20017002,unavailable,pubget,,False
20017117,unavailable,pubget,,False
20020345,unavailable,pubget,,False
20023324,unavailable,pubget,,False
20025620,unavailable,pubget,,False
20026224,unavailable,pubget,,False
20027572,unavailable,pubget,,False
20029782,unavailable,pubget,,False
20029833,unavailable,pubget,,False
20034546,unavailable,pubget,,False
20041477,unavailable,pubget,,False
20044008,unavailable,pubget,,False
20045473,unavailable,pubget,,False
20046891,unavailable,pubget,,False
20049657,unavailable,pubget,,False
20051318,unavailable,pubget,,False
20051364,unavailable,pubget,,False
20051927,unavailable,pubget,,False
20052528,unavailable,pubget,,False
20053346,unavailable,pubget,,False
20053379,unavailable,pubget,,False
20053383,unavailable,pubget,,False
20053431,unavailable,pubget,,False
20056150,unavailable,pubget,,False
20056162,unavailable,pubget,,False
20058321,unavailable,pubget,,False
20059314,unavailable,pubget,,False
20059991,unavailable,pubget,,False
20060479,unavailable,pubget,,False
20063353,unavailable,pubget,,False
20066395,unavailable,pubget,,False
20074647,unavailable,pubget,,False
20080877,unavailable,pubget,,False
20083322,unavailable,pubget,,False
20083773,unavailable,pubget,,False
20090680,unavailable,pubget,,False
20092581,unavailable,pubget,,False
20095463,unavailable,pubget,,True
20096539,unavailable,pubget,,False
20097029,unavailable,pubget,,False
20097290,unavailable,pubget,,False
20100584,unavailable,pubget,,False
20100882,unavailable,pubget,,False
20102694,unavailable,pubget,,False
20103390,unavailable,pubget,,False
20104059,unavailable,pubget,,False
20105435,unavailable,pubget,,True
20107135,unavailable,pubget,,False
20108224,unavailable,pubget,,False
20113879,unavailable,pubget,,False
20116072,unavailable,pubget,,False
20116955,unavailable,pubget,,False
20117893,unavailable,pubget,,True
20117894,unavailable,pubget,,False
20121315,unavailable,pubget,,False
20123114,unavailable,pubget,,False
20124742,unavailable,pubget,,False
20128672,unavailable,pubget,,False
20130360,unavailable,pubget,,False
20132897,unavailable,pubget,,False
20138674,unavailable,pubget,,False
20139150,unavailable,pubget,,False
20143109,unavailable,pubget,,False
20143387,unavailable,pubget,,False
20146606,unavailable,pubget,,False
20148760,unavailable,pubget,,False
20153142,unavailable,pubget,,False
20154432,unavailable,pubget,,False
20154614,unavailable,pubget,,False
20157373,unavailable,pubget,,False
20157644,unavailable,pubget,,False
20160400,unavailable,pubget,,False
20161012,unavailable,pubget,,True
20162320,unavailable,pubget,,True
20162605,unavailable,pubget,,False
20164122,unavailable,pubget,,False
20168289,unavailable,pubget,,False
20170692,unavailable,pubget,,False
20171926,unavailable,pubget,,False
20177671,unavailable,pubget,,False
20177767,unavailable,pubget,,False
20178033,unavailable,pubget,,False
20182040,unavailable,pubget,,False
20184804,unavailable,pubget,,False
20184959,unavailable,pubget,,False
20188195,unavailable,pubget,,False
20188768,unavailable,pubget,,False
20190005,unavailable,pubget,,False
20197097,unavailable,pubget,,False
20197344,unavailable,pubget,,False
20198277,unavailable,pubget,,False
20201893,unavailable,pubget,,False
20202637,unavailable,pubget,,False
20203139,unavailable,pubget,,False
20205245,unavailable,pubget,,False
20208095,unavailable,pubget,,False
20215749,unavailable,pubget,,False
20215938,unavailable,pubget,,False
20218804,unavailable,pubget,,False
20219248,unavailable,pubget,,False
20221319,unavailable,pubget,,False
20221954,unavailable,pubget,,False
20223853,unavailable,pubget,,False
20224157,unavailable,pubget,,False
20226257,unavailable,pubget,,False
20227458,unavailable,pubget,,False
20227508,unavailable,pubget,,False
20229085,unavailable,pubget,,False
20229366,unavailable,pubget,,False
20232398,unavailable,pubget,,False
20233646,unavailable,pubget,,False
20235060,unavailable,pubget,,False
20235096,unavailable,pubget,,False
20236568,unavailable,pubget,,False
20237774,unavailable,pubget,,False
20302028,unavailable,pubget,,False
20303392,unavailable,pubget,,False
20304726,unavailable,pubget,,False
20304727,unavailable,pubget,,True
20336064,unavailable,pubget,,False
20336655,unavailable,pubget,,False
20336659,unavailable,pubget,,False
20336685,unavailable,pubget,,False
20336688,unavailable,pubget,,True
20338015,unavailable,pubget,,False
20338016,unavailable,pubget,,True
20338246,unavailable,pubget,,False
20345920,unavailable,pubget,,False
20346460,unavailable,pubget,,False
20347043,unavailable,pubget,,False
20350608,unavailable,pubget,,False
20357688,unavailable,pubget,,True
20358141,unavailable,pubget,,False
20362418,unavailable,pubget,,False
20362676,unavailable,pubget,,True
20363808,unavailable,pubget,,False
20367444,unavailable,pubget,,False
20368310,unavailable,pubget,,False
20370665,unavailable,pubget,,False
20374203,unavailable,pubget,,False
20375250,unavailable,pubget,,False
20377346,unavailable,pubget,,False
20378140,unavailable,pubget,,False
20381584,unavailable,pubget,,False
20384762,unavailable,pubget,,False
20385153,unavailable,pubget,,False
20385169,unavailable,pubget,,False
20385245,unavailable,pubget,,False
20394901,unavailable,pubget,,False
20396883,unavailable,pubget,,False
20398773,unavailable,pubget,,False
20399735,unavailable,pubget,,False
20399796,unavailable,pubget,,False
20400937,unavailable,pubget,,False
20401334,unavailable,pubget,,False
20401770,unavailable,pubget,,False
20402571,unavailable,pubget,,False
20403508,unavailable,pubget,,False
20406690,unavailable,pubget,,False
20408214,unavailable,pubget,,False
20408228,unavailable,pubget,,False
20408231,unavailable,pubget,,False
20408237,unavailable,pubget,,False
20408241,unavailable,pubget,,True
20408243,unavailable,pubget,,True
20408247,unavailable,pubget,,False
20409610,unavailable,pubget,,False
20409662,unavailable,pubget,,False
20410186,unavailable,pubget,,False
20411397,unavailable,pubget,,False
20411412,unavailable,pubget,,False
20413893,unavailable,pubget,,False
20415605,unavailable,pubget,,False
20416363,unavailable,pubget,,False
20417065,unavailable,pubget,,False
20417582,unavailable,pubget,,False
20420766,unavailable,pubget,,False
20420925,unavailable,pubget,,False
20421135,unavailable,pubget,,False
20423700,unavailable,pubget,,False
20423753,unavailable,pubget,,False
20425225,unavailable,pubget,,False
20426084,unavailable,pubget,,False
20426143,unavailable,pubget,,True
20427649,unavailable,pubget,,False
20429752,unavailable,pubget,,False
20433243,unavailable,pubget,,False
20433774,unavailable,pubget,,False
20433856,unavailable,pubget,,False
20435051,unavailable,pubget,,False
20436790,unavailable,pubget,,False
20437130,unavailable,pubget,,False
20439501,unavailable,pubget,,False
20441384,unavailable,pubget,,False
20443788,unavailable,pubget,,False
20445118,unavailable,pubget,,False
20448078,unavailable,pubget,,False
20450898,unavailable,pubget,,False
20451622,unavailable,pubget,,False
20455867,unavailable,pubget,,False
20456660,unavailable,pubget,,False
20456889,unavailable,pubget,,False
20458484,unavailable,pubget,,False
20462326,unavailable,pubget,,False
20466041,unavailable,pubget,,False
20467871,unavailable,pubget,,False
20471139,unavailable,pubget,,False
20471191,unavailable,pubget,,False
20472074,unavailable,pubget,,False
20480244,unavailable,pubget,,False
20484385,unavailable,pubget,,False
20490606,unavailable,pubget,,False
20494338,unavailable,pubget,,False
20494627,unavailable,pubget,,False
20496376,unavailable,pubget,,False
20496377,unavailable,pubget,,False
20503116,unavailable,pubget,,False
20507301,unavailable,pubget,,False
20510377,unavailable,pubget,,False
20521082,unavailable,pubget,,False
20521489,unavailable,pubget,,False
20521858,unavailable,pubget,,False
20524513,unavailable,pubget,,False
20525535,unavailable,pubget,,False
20528824,unavailable,pubget,,False
20533560,unavailable,pubget,,False
20537929,unavailable,pubget,,False
20539026,unavailable,pubget,,False
20541287,unavailable,pubget,,False
20541653,unavailable,pubget,,False
20547416,unavailable,pubget,,False
20550178,unavailable,pubget,,False
20553306,unavailable,pubget,,False
20553371,unavailable,pubget,,False
20557486,unavailable,pubget,,False
20558983,unavailable,pubget,,False
20559457,unavailable,pubget,,False
20561537,unavailable,pubget,,False
20561934,unavailable,pubget,,False
20565381,unavailable,pubget,,False
20570244,unavailable,pubget,,False
20570382,unavailable,pubget,,False
20570602,unavailable,pubget,,False
20573462,unavailable,pubget,,False
20574659,unavailable,pubget,,False
20576647,unavailable,pubget,,False
20578173,unavailable,pubget,,True
20578830,unavailable,pubget,,False
20579005,unavailable,pubget,,False
20579177,unavailable,pubget,,False
20580827,unavailable,pubget,,False
20581682,unavailable,pubget,,False
20582537,unavailable,pubget,,False
20583990,unavailable,pubget,,False
20583995,unavailable,pubget,,False
20588212,unavailable,pubget,,False
20589879,unavailable,pubget,,False
20590833,unavailable,pubget,,False
20592212,unavailable,pubget,,False
20593194,unavailable,pubget,,False
20598238,unavailable,pubget,,False
20599364,unavailable,pubget,,False
20599816,unavailable,pubget,,False
20600186,unavailable,pubget,,False
20600969,unavailable,pubget,,False
20600972,unavailable,pubget,,False
20600985,unavailable,pubget,,False
20602430,unavailable,pubget,,False
20602897,unavailable,pubget,,False
20603219,unavailable,pubget,,False
20607220,unavailable,pubget,,False
20607534,unavailable,pubget,,False
20608963,unavailable,pubget,,False
20610743,unavailable,pubget,,False
20610756,unavailable,pubget,,False
20615132,unavailable,pubget,,False
20616025,unavailable,pubget,,False
20617887,unavailable,pubget,,False
20620212,unavailable,pubget,,False
20623771,unavailable,pubget,,False
20627131,unavailable,pubget,,False
20627366,unavailable,pubget,,False
20628724,unavailable,pubget,,False
20629484,unavailable,pubget,,False
20631240,unavailable,pubget,,False
20632612,unavailable,pubget,,False
20634590,unavailable,pubget,,False
20637819,unavailable,pubget,,False
20643213,unavailable,pubget,,False
20644923,unavailable,pubget,,False
20645312,unavailable,pubget,,False
20648039,unavailable,pubget,,False
20649745,unavailable,pubget,,False
20654698,unavailable,pubget,,False
20656363,unavailable,pubget,,False
20656826,unavailable,pubget,,False
20659452,unavailable,pubget,,False
20660253,unavailable,pubget,,False
20660768,unavailable,pubget,,False
20665723,unavailable,pubget,,False
20666600,unavailable,pubget,,True
20669165,unavailable,pubget,,False
20670083,unavailable,pubget,,False
20673689,unavailable,pubget,,False
20674279,unavailable,pubget,,False
20674482,unavailable,pubget,,False
20678981,unavailable,pubget,,False
20681013,unavailable,pubget,,False
20685992,unavailable,pubget,,False
20686745,unavailable,pubget,,False
20688175,unavailable,pubget,,False
20690141,unavailable,pubget,,False
20691025,unavailable,pubget,,False
20691274,unavailable,pubget,,False
20691675,unavailable,pubget,,False
20696496,unavailable,pubget,,True
20697116,unavailable,pubget,,False
20699208,unavailable,pubget,,False
20702500,unavailable,pubget,,False
20704689,unavailable,pubget,,True
20704964,unavailable,pubget,,False
20708069,unavailable,pubget,,False
20708907,unavailable,pubget,,False
20709150,unavailable,pubget,,False
20709176,unavailable,pubget,,False
20711940,unavailable,pubget,,False
20712823,unavailable,pubget,,False
20716396,unavailable,pubget,,False
20718912,unavailable,pubget,,False
20719532,unavailable,pubget,,False
20723605,unavailable,pubget,,False
20725910,unavailable,pubget,,False
20725914,unavailable,pubget,,False
20727606,unavailable,pubget,,False
20727941,unavailable,pubget,,False
20728549,unavailable,pubget,,False
20729396,unavailable,pubget,,False
20729989,unavailable,pubget,,False
20731637,unavailable,pubget,,False
20731962,unavailable,pubget,,False
20732630,unavailable,pubget,,False
20732901,unavailable,pubget,,False
20733346,unavailable,pubget,,False
20735805,unavailable,pubget,,False
20736069,unavailable,pubget,,False
20739343,unavailable,pubget,,False
20800649,unavailable,pubget,,False
20801897,unavailable,pubget,,False
20804287,unavailable,pubget,,True
20805537,unavailable,pubget,,False
20807578,unavailable,pubget,,False
20810879,unavailable,pubget,,False
20813202,unavailable,pubget,,False
20813639,unavailable,pubget,,False
20814963,unavailable,pubget,,False
20815071,unavailable,pubget,,False
20815480,unavailable,pubget,,False
20818513,unavailable,pubget,,False
20822756,unavailable,pubget,,False
20823808,unavailable,pubget,,False
20829538,unavailable,pubget,,False
20831482,unavailable,pubget,,False
20832486,unavailable,pubget,,False
20833223,unavailable,pubget,,False
20833501,unavailable,pubget,,False
20833761,unavailable,pubget,,False
20836159,unavailable,pubget,,False
20838906,unavailable,pubget,,False
20838907,unavailable,pubget,,False
20844855,unavailable,pubget,,False
20847425,unavailable,pubget,,False
20850026,unavailable,pubget,,False
20850237,unavailable,pubget,,False
20850386,unavailable,pubget,,False
20850598,unavailable,pubget,,True
20851156,unavailable,pubget,,False
20851168,unavailable,pubget,,False
20851770,unavailable,pubget,,False
20854878,unavailable,pubget,,False
20855051,unavailable,pubget,,False
20857080,unavailable,pubget,,False
20857849,unavailable,pubget,,False
20859295,unavailable,pubget,,False
20859921,unavailable,pubget,,False
20860570,unavailable,pubget,,False
20861435,unavailable,pubget,,False
20862617,unavailable,pubget,,False
20865250,unavailable,pubget,,False
20865729,unavailable,pubget,,False
20869400,unavailable,pubget,,False
20869446,unavailable,pubget,,False
20869449,unavailable,pubget,,False
20869846,unavailable,pubget,,False
20870689,unavailable,pubget,,False
20875462,unavailable,pubget,,False
20876008,unavailable,pubget,,False
20876115,unavailable,pubget,,False
20881375,unavailable,pubget,,False
20881565,unavailable,pubget,,True
20882553,unavailable,pubget,,False
20884355,unavailable,pubget,,False
20886575,unavailable,pubget,,False
20887875,unavailable,pubget,,False
20888847,unavailable,pubget,,True
20888872,unavailable,pubget,,False
20889428,unavailable,pubget,,False
20920590,unavailable,pubget,,False
20924594,unavailable,pubget,,False
20924688,unavailable,pubget,,False
20926657,unavailable,pubget,,False
20927016,unavailable,pubget,,False
20932922,unavailable,pubget,,False
20936298,unavailable,pubget,,False
20938177,unavailable,pubget,,False
20946958,unavailable,pubget,,False
20946964,unavailable,pubget,,False
20950644,unavailable,pubget,,False
20951664,unavailable,pubget,,False
20952459,unavailable,pubget,,False
20957527,unavailable,pubget,,False
20957581,unavailable,pubget,,False
20957583,unavailable,pubget,,False
20959375,unavailable,pubget,,False
20959693,unavailable,pubget,,False
20960572,unavailable,pubget,,False
20961661,unavailable,pubget,,False
20962233,unavailable,pubget,,False
20964954,unavailable,pubget,,False
20965696,unavailable,pubget,,False
20973710,unavailable,pubget,,False
20974268,unavailable,pubget,,False
20974270,unavailable,pubget,,False
20976129,unavailable,pubget,,False
20980667,unavailable,pubget,,False
20981611,unavailable,pubget,,False
21030092,unavailable,pubget,,False
21030486,unavailable,pubget,,False
21036014,unavailable,pubget,,False
21040792,unavailable,pubget,,False
21044553,unavailable,pubget,,False
21048292,unavailable,pubget,,False
21051038,unavailable,pubget,,False
21053763,unavailable,pubget,,False
21055625,unavailable,pubget,,False
21063144,unavailable,pubget,,False
21073548,unavailable,pubget,,False
21073963,unavailable,pubget,,False
21074583,unavailable,pubget,,False
21075551,unavailable,pubget,,False
21077136,unavailable,pubget,,True
21078303,unavailable,pubget,,False
21078400,unavailable,pubget,,True
21080118,unavailable,pubget,,False
21081115,unavailable,pubget,,False
21083626,unavailable,pubget,,False
21084608,unavailable,pubget,,False
21090881,unavailable,pubget,,False
21094663,unavailable,pubget,,False
21096491,unavailable,pubget,,False
21096898,unavailable,pubget,,False
21097318,unavailable,pubget,,False
21097323,unavailable,pubget,,False
21098912,unavailable,pubget,,False
21105284,unavailable,pubget,,False
21106812,unavailable,pubget,,False
21111514,unavailable,pubget,,False
21113608,unavailable,pubget,,False
21115232,unavailable,pubget,,False
21119752,unavailable,pubget,,False
21126527,unavailable,pubget,,False
21126842,unavailable,pubget,,False
21129823,unavailable,pubget,,False
21130141,unavailable,pubget,,False
21131750,unavailable,pubget,,False
21134014,unavailable,pubget,,False
21134537,unavailable,pubget,,False
21134809,unavailable,pubget,,False
21135385,unavailable,pubget,,False
21138392,unavailable,pubget,,False
21140434,unavailable,pubget,,False
21144115,unavailable,pubget,,False
21144499,unavailable,pubget,,False
21146453,unavailable,pubget,,False
21146615,unavailable,pubget,,False
21147519,unavailable,pubget,,False
21147931,unavailable,pubget,,False
21148010,unavailable,pubget,,False
21150057,unavailable,pubget,,False
21151713,unavailable,pubget,,False
21154218,unavailable,pubget,,False
21154789,unavailable,pubget,,False
21155879,unavailable,pubget,,False
21158277,unavailable,pubget,,False
21158319,unavailable,pubget,,False
21159322,unavailable,pubget,,False
21159952,unavailable,pubget,,False
21160699,unavailable,pubget,,False
21161755,unavailable,pubget,,False
21162045,unavailable,pubget,,False
21163274,unavailable,pubget,,False
21163276,unavailable,pubget,,False
21163879,unavailable,pubget,,False
21165006,unavailable,pubget,,False
21168394,unavailable,pubget,,False
21168427,unavailable,pubget,,False
21169287,unavailable,pubget,,False
21175013,unavailable,pubget,,False
21175614,unavailable,pubget,,False
21177048,unavailable,pubget,,False
21181800,unavailable,pubget,,False
21182967,unavailable,pubget,,False
21185903,unavailable,pubget,,False
21188286,unavailable,pubget,,False
21193541,unavailable,pubget,,False
21194569,unavailable,pubget,,False
21195135,unavailable,pubget,,False
21195295,unavailable,pubget,,False
21199445,unavailable,pubget,,False
21204760,unavailable,pubget,,False
21210111,unavailable,pubget,,False
21210340,unavailable,pubget,,False
21211569,unavailable,pubget,,False
21213412,unavailable,pubget,,False
21213413,unavailable,pubget,,False
21215442,unavailable,pubget,,False
21215597,unavailable,pubget,,False
21224415,unavailable,pubget,,False
21224491,unavailable,pubget,,False
21227152,unavailable,pubget,,False
21227232,unavailable,pubget,,False
21228306,unavailable,pubget,,False
21229616,unavailable,pubget,,False
21232548,unavailable,pubget,,False
21232613,unavailable,pubget,,False
21232817,unavailable,pubget,,False
21232892,unavailable,pubget,,False
21236276,unavailable,pubget,,False
21241748,unavailable,pubget,,False
21248130,unavailable,pubget,,False
21248684,unavailable,pubget,,False
21252551,unavailable,pubget,,False
21254802,unavailable,pubget,,False
21255179,unavailable,pubget,,False
21255659,unavailable,pubget,,False
21255663,unavailable,pubget,,True
21256220,unavailable,pubget,,False
21256582,unavailable,pubget,,False
21257351,unavailable,pubget,,False
21258093,unavailable,pubget,,False
21259381,unavailable,pubget,,False
21259385,unavailable,pubget,,False
21261110,unavailable,pubget,,False
21265605,unavailable,pubget,,False
21266125,unavailable,pubget,,False
21268930,unavailable,pubget,,False
21271311,unavailable,pubget,,False
21273134,unavailable,pubget,,False
21274687,unavailable,pubget,,False
21278012,unavailable,pubget,,False
21278826,unavailable,pubget,,False
21285697,unavailable,pubget,,False
21285908,unavailable,pubget,,False
21287170,unavailable,pubget,,False
21288518,unavailable,pubget,,False
21289180,unavailable,pubget,,False
21291959,unavailable,pubget,,False
21292388,unavailable,pubget,,False
21294021,unavailable,pubget,,False
21295145,unavailable,pubget,,False
21296443,unavailable,pubget,,False
21296649,unavailable,pubget,,False
21300162,unavailable,pubget,,False
21300489,unavailable,pubget,,False
21300967,unavailable,pubget,,False
21304319,unavailable,pubget,,False
21305662,unavailable,pubget,,False
21305663,unavailable,pubget,,False
21314488,unavailable,pubget,,False
21314846,unavailable,pubget,,False
21315273,unavailable,pubget,,False
21315286,unavailable,pubget,,False
21317080,unavailable,pubget,,True
21318476,unavailable,pubget,,False
21320741,unavailable,pubget,,False
21331320,unavailable,pubget,,False
21331531,unavailable,pubget,,False
21331932,unavailable,pubget,,False
21332594,unavailable,pubget,,False
21333256,unavailable,pubget,,False
21334099,unavailable,pubget,,False
21334445,unavailable,pubget,,False
21334602,unavailable,pubget,,False
21337404,unavailable,pubget,,False
21338547,unavailable,pubget,,False
21338691,unavailable,pubget,,False
21349690,unavailable,pubget,,False
21350048,unavailable,pubget,,False
21356314,unavailable,pubget,,False
21357529,unavailable,pubget,,False
21357880,unavailable,pubget,,False
21358846,unavailable,pubget,,False
21361219,unavailable,pubget,,False
21362335,unavailable,pubget,,False
21365601,unavailable,pubget,,False
21365626,unavailable,pubget,,False
21366885,unavailable,pubget,,False
21368086,unavailable,pubget,,False
21368285,unavailable,pubget,,False
21375473,unavailable,pubget,,False
21375601,unavailable,pubget,,False
21376542,unavailable,pubget,,True
21376543,unavailable,pubget,,False
21378078,unavailable,pubget,,False
21381822,unavailable,pubget,,False
21382190,unavailable,pubget,,False
21382191,unavailable,pubget,,False
21388475,unavailable,pubget,,False
21389234,unavailable,pubget,,False
21391249,unavailable,pubget,,False
21391250,unavailable,pubget,,False
21391268,unavailable,pubget,,False
21394047,unavailable,pubget,,False
21397701,unavailable,pubget,,False
21398129,unavailable,pubget,,False
21398177,unavailable,pubget,,True
21399712,unavailable,pubget,,False
21402920,unavailable,pubget,,False
21406160,unavailable,pubget,,False
21406235,unavailable,pubget,,False
21411108,unavailable,pubget,,False
21414364,unavailable,pubget,,True
21420079,unavailable,pubget,,False
21421063,unavailable,pubget,,False
21427167,unavailable,pubget,,False
21430147,unavailable,pubget,,False
21430585,unavailable,pubget,,False
21430646,unavailable,pubget,,False
21435566,unavailable,pubget,,False
21435573,unavailable,pubget,,False
21436535,unavailable,pubget,,False
21438075,unavailable,pubget,,True
21439268,unavailable,pubget,,False
21440072,unavailable,pubget,,False
21441147,unavailable,pubget,,False
21441396,unavailable,pubget,,False
21447325,unavailable,pubget,,False
21447350,unavailable,pubget,,False
21450336,unavailable,pubget,,False
21451017,unavailable,pubget,,False
21451309,unavailable,pubget,,False
21452715,unavailable,pubget,,False
21459147,unavailable,pubget,,False
21460786,unavailable,pubget,,False
21464537,unavailable,pubget,,False
21464612,unavailable,pubget,,False
21470573,unavailable,pubget,,False
21471555,unavailable,pubget,,False
21471559,unavailable,pubget,,True
21472819,unavailable,pubget,,False
21474509,unavailable,pubget,,False
21475005,unavailable,pubget,,False
21475910,unavailable,pubget,,False
21476114,unavailable,pubget,,False
21477019,unavailable,pubget,,False
21477602,unavailable,pubget,,False
21480025,unavailable,pubget,,True
21483437,unavailable,pubget,,False
21484934,unavailable,pubget,,False
21491106,unavailable,pubget,,False
21492080,unavailable,pubget,,False
21497490,unavailable,pubget,,False
21499781,unavailable,pubget,,False
21509770,unavailable,pubget,,False
21515387,unavailable,pubget,,False
21518037,unavailable,pubget,,False
21520346,unavailable,pubget,,False
21526446,unavailable,pubget,,False
21527413,unavailable,pubget,,False
21527788,unavailable,pubget,,False
21529702,unavailable,pubget,,False
21530264,unavailable,pubget,,False
21534685,unavailable,pubget,,False
21536530,unavailable,pubget,,False
21536556,unavailable,pubget,,False
21536784,unavailable,pubget,,False
21536967,unavailable,pubget,,True
21540116,unavailable,pubget,,False
21543181,unavailable,pubget,,False
21543191,unavailable,pubget,,False
21545807,unavailable,pubget,,False
21546610,unavailable,pubget,,False
21547477,unavailable,pubget,,False
21547601,unavailable,pubget,,False
21547846,unavailable,pubget,,True
21549204,unavailable,pubget,,False
21549721,unavailable,pubget,,False
21554963,unavailable,pubget,,False
21555634,unavailable,pubget,,False
21557776,unavailable,pubget,,False
21559029,unavailable,pubget,,False
21561296,unavailable,pubget,,False
21565227,unavailable,pubget,,False
21567121,unavailable,pubget,,False
21570561,unavailable,pubget,,False
21574047,unavailable,pubget,,True
21577098,unavailable,pubget,,False
21585481,unavailable,pubget,,False
21590261,unavailable,pubget,,False
21591026,unavailable,pubget,,False
21592058,unavailable,pubget,,False
21592741,unavailable,pubget,,False
21593313,unavailable,pubget,,False
21596533,unavailable,pubget,,False
21600294,unavailable,pubget,,False
21601434,unavailable,pubget,,False
21604939,unavailable,pubget,,False
21609767,unavailable,pubget,,False
21618660,unavailable,pubget,,False
21618663,unavailable,pubget,,False
21618664,unavailable,pubget,,False
21620886,unavailable,pubget,,False
21620907,unavailable,pubget,,False
21620984,unavailable,pubget,,False
21620985,unavailable,pubget,,False
21624476,unavailable,pubget,,False
21632936,unavailable,pubget,,False
21633905,unavailable,pubget,,False
21635235,unavailable,pubget,,True
21636095,unavailable,pubget,,False
21636118,unavailable,pubget,,False
21640136,unavailable,pubget,,False
21640191,unavailable,pubget,,False
21640835,unavailable,pubget,,False
21641022,unavailable,pubget,,False
21641934,unavailable,pubget,,False
21642353,unavailable,pubget,,False
21643436,unavailable,pubget,,True
21643732,unavailable,pubget,,False
21643733,unavailable,pubget,,False
21645098,unavailable,pubget,,False
21649758,unavailable,pubget,,False
21651921,unavailable,pubget,,True
21652587,unavailable,pubget,,False
21656217,unavailable,pubget,,False
21656557,unavailable,pubget,,False
21660483,unavailable,pubget,,False
21663993,unavailable,pubget,,False
21673607,unavailable,pubget,,False
21674551,unavailable,pubget,,False
21675596,unavailable,pubget,,False
21676130,unavailable,pubget,,False
21676387,unavailable,pubget,,False
21677175,unavailable,pubget,,False
21681221,unavailable,pubget,,False
21683723,unavailable,pubget,,False
21683942,unavailable,pubget,,False
21689672,unavailable,pubget,,False
21689765,unavailable,pubget,,False
21690000,unavailable,pubget,,False
21692143,unavailable,pubget,,False
21692146,unavailable,pubget,,False
21692148,unavailable,pubget,,False
21693087,unavailable,pubget,,False
21694180,unavailable,pubget,,False
21703287,unavailable,pubget,,False
21703351,unavailable,pubget,,True
21705027,unavailable,pubget,,False
21705195,unavailable,pubget,,True
21705394,unavailable,pubget,,False
21708178,unavailable,pubget,,False
21709173,unavailable,pubget,,False
21710268,unavailable,pubget,,False
21710364,unavailable,pubget,,False
21711223,unavailable,pubget,,False
21714745,unavailable,pubget,,False
21715640,unavailable,pubget,,False
21718325,unavailable,pubget,,False
21718791,unavailable,pubget,,False
21719430,unavailable,pubget,,False
21722888,unavailable,pubget,,False
21723949,unavailable,pubget,,False
21726581,unavailable,pubget,,False
21726649,unavailable,pubget,,False
21729758,unavailable,pubget,,False
21733286,unavailable,pubget,,True
21733287,unavailable,pubget,,False
21739525,unavailable,pubget,,False
21741093,unavailable,pubget,,False
21741450,unavailable,pubget,,False
21744432,unavailable,pubget,,False
21745440,unavailable,pubget,,False
21750952,unavailable,pubget,,False
21753011,unavailable,pubget,,False
21755370,unavailable,pubget,,False
21756946,unavailable,pubget,,False
21757239,unavailable,pubget,,False
21761469,unavailable,pubget,,False
21761652,unavailable,pubget,,False
21761687,unavailable,pubget,,True
21761688,unavailable,pubget,,True
21761996,unavailable,pubget,,False
21761997,unavailable,pubget,,False
21762928,unavailable,pubget,,False
21763642,unavailable,pubget,,False
21768159,unavailable,pubget,,False
21768383,unavailable,pubget,,False
21768697,unavailable,pubget,,False
21769466,unavailable,pubget,,False
21777109,unavailable,pubget,,False
21777651,unavailable,pubget,,False
21778039,unavailable,pubget,,False
21778672,unavailable,pubget,,True
21780233,unavailable,pubget,,False
21782354,unavailable,pubget,,False
21782395,unavailable,pubget,,True
21782957,unavailable,pubget,,False
21784302,unavailable,pubget,,False
21791169,unavailable,pubget,,False
21792570,unavailable,pubget,,False
21793825,unavailable,pubget,,False
21794852,unavailable,pubget,,False
21795540,unavailable,pubget,,False
21795550,unavailable,pubget,,False
21799066,unavailable,pubget,,False
21799211,unavailable,pubget,,False
21801839,unavailable,pubget,,False
21801840,unavailable,pubget,,False
21803163,unavailable,pubget,,False
21803339,unavailable,pubget,,True
21807094,unavailable,pubget,,False
21811290,unavailable,pubget,,False
21812571,unavailable,pubget,,False
21812622,unavailable,pubget,,False
21812873,unavailable,pubget,,False
21815393,unavailable,pubget,,False
21816137,unavailable,pubget,,False
21818709,unavailable,pubget,,False
21820247,unavailable,pubget,,False
21820455,unavailable,pubget,,False
21821135,unavailable,pubget,,False
21826762,unavailable,pubget,,False
21833659,unavailable,pubget,,False
21835249,unavailable,pubget,,True
21837458,unavailable,pubget,,False
21838262,unavailable,pubget,,False
21839177,unavailable,pubget,,False
21840409,unavailable,pubget,,False
21840846,unavailable,pubget,,False
21850692,unavailable,pubget,,False
21854858,unavailable,pubget,,False
21854967,unavailable,pubget,,False
21855972,unavailable,pubget,,False
21856429,unavailable,pubget,,False
21856969,unavailable,pubget,,False
21859163,unavailable,pubget,,False
21859598,unavailable,pubget,,True
21861050,unavailable,pubget,,False
21862036,unavailable,pubget,,False
21862169,unavailable,pubget,,False
21865456,unavailable,pubget,,False
21868203,unavailable,pubget,,False
21871533,unavailable,pubget,,False
21871534,unavailable,pubget,,False
21871573,unavailable,pubget,,False
21872614,unavailable,pubget,,False
21872664,unavailable,pubget,,False
21874602,unavailable,pubget,,False
21878364,unavailable,pubget,,False
21878489,unavailable,pubget,,True
21878696,unavailable,pubget,,False
21880172,unavailable,pubget,,False
21883628,unavailable,pubget,,False
21887677,unavailable,pubget,,False
21888286,unavailable,pubget,,False
21889990,unavailable,pubget,,False
21889994,unavailable,pubget,,False
21890745,unavailable,pubget,,False
21892700,unavailable,pubget,,False
21896496,unavailable,pubget,,False
21897444,unavailable,pubget,,False
21898674,unavailable,pubget,,False
21900068,unavailable,pubget,,False
21900564,unavailable,pubget,,False
21900574,unavailable,pubget,,False
21901425,unavailable,pubget,,False
21903976,unavailable,pubget,,False
21905803,unavailable,pubget,,True
21906049,unavailable,pubget,,False
21908484,unavailable,pubget,,False
21914395,unavailable,pubget,,False
21914483,unavailable,pubget,,False
21914569,unavailable,pubget,,False
21915135,unavailable,pubget,,False
21919815,unavailable,pubget,,False
21922397,unavailable,pubget,,False
21922599,unavailable,pubget,,False
21923784,unavailable,pubget,,False
21923786,unavailable,pubget,,False
21924367,unavailable,pubget,,False
21927866,unavailable,pubget,,False
21928636,unavailable,pubget,,False
21930160,unavailable,pubget,,False
21932262,unavailable,pubget,,False
21932265,unavailable,pubget,,False
21932437,unavailable,pubget,,False
21932994,unavailable,pubget,,False
21933616,unavailable,pubget,,False
21936743,unavailable,pubget,,False
21937181,unavailable,pubget,,False
21937201,unavailable,pubget,,False
21937800,unavailable,pubget,,False
21942763,unavailable,pubget,,False
21945593,unavailable,pubget,,False
21945794,unavailable,pubget,,False
21945849,unavailable,pubget,,False
21947614,unavailable,pubget,,False
21948940,unavailable,pubget,,False
21953419,unavailable,pubget,,False
21955165,unavailable,pubget,,False
21957241,unavailable,pubget,,False
21958514,unavailable,pubget,,False
21958651,unavailable,pubget,,False
21959971,unavailable,pubget,,False
21962981,unavailable,pubget,,False
21965419,unavailable,pubget,,False
21968434,unavailable,pubget,,False
21971161,unavailable,pubget,,False
21971474,unavailable,pubget,,False
21972276,unavailable,pubget,,False
21972425,unavailable,pubget,,False
21976392,unavailable,pubget,,False
21979380,unavailable,pubget,,False
21982164,unavailable,pubget,,False
21982928,unavailable,pubget,,False
21985031,unavailable,pubget,,False
21985692,unavailable,pubget,,False
21985908,unavailable,pubget,,False
21987501,unavailable,pubget,,False
21989635,unavailable,pubget,,False
21989701,unavailable,pubget,,False
21989805,unavailable,pubget,,False
21995011,unavailable,pubget,,True
21995040,unavailable,pubget,,True
21995041,unavailable,pubget,,False
21997605,unavailable,pubget,,False
21998090,unavailable,pubget,,False
22000998,unavailable,pubget,,False
22001266,unavailable,pubget,,False
22001314,unavailable,pubget,,False
22001789,unavailable,pubget,,False
22003653,unavailable,pubget,,False
22003699,unavailable,pubget,,False
22003983,unavailable,pubget,,False
22005992,unavailable,pubget,,False
22006034,unavailable,pubget,,False
22006639,unavailable,pubget,,False
22009644,unavailable,pubget,,False
22010901,unavailable,pubget,,False
22011212,unavailable,pubget,,False
22014100,unavailable,pubget,,False
22015315,unavailable,pubget,,False
22015572,unavailable,pubget,,False
22016480,unavailable,pubget,,True
22019080,unavailable,pubget,,False
22019709,unavailable,pubget,,False
22019879,unavailable,pubget,,False
22021252,unavailable,pubget,,False
22023051,unavailable,pubget,,False
22024300,unavailable,pubget,,False
22024858,unavailable,pubget,,False
22027085,unavailable,pubget,,False
22027197,unavailable,pubget,,False
22029352,unavailable,pubget,,False
22033780,unavailable,pubget,,False
22036177,unavailable,pubget,,False
22037418,unavailable,pubget,,False
22037688,unavailable,pubget,,True
22038783,unavailable,pubget,,False
22038986,unavailable,pubget,,False
22039292,unavailable,pubget,,False
22047730,unavailable,pubget,,False
22048461,unavailable,pubget,,True
22049263,unavailable,pubget,,False
22049420,unavailable,pubget,,False
22052081,unavailable,pubget,,False
22052158,unavailable,pubget,,False
22054872,unavailable,pubget,,False
22055622,unavailable,pubget,,False
22055855,unavailable,pubget,,False
22056967,unavailable,pubget,,False
22061423,unavailable,pubget,,False
22062190,unavailable,pubget,,False
22063904,unavailable,pubget,,True
22068921,unavailable,pubget,,False
22072285,unavailable,pubget,,False
22074478,unavailable,pubget,,False
22076870,unavailable,pubget,,False
22078639,unavailable,pubget,,True
22079656,unavailable,pubget,,False
22079661,unavailable,pubget,,False
22080733,unavailable,pubget,,False
22081878,unavailable,pubget,,False
22082422,unavailable,pubget,,False
22082774,unavailable,pubget,,False
22085135,unavailable,pubget,,False
22085863,unavailable,pubget,,False
22087445,unavailable,pubget,,False
22087447,unavailable,pubget,,False
22089661,unavailable,pubget,,False
22091533,unavailable,pubget,,False
22094933,unavailable,pubget,,False
22095209,unavailable,pubget,,False
22098446,unavailable,pubget,,False
22099606,unavailable,pubget,,False
22101112,unavailable,pubget,,False
22101143,unavailable,pubget,,False
22102362,unavailable,pubget,,False
22102418,unavailable,pubget,,False
22103784,unavailable,pubget,,True
22104172,unavailable,pubget,,False
22105156,unavailable,pubget,,False
22108504,unavailable,pubget,,False
22110002,unavailable,pubget,,True
22111828,unavailable,pubget,,False
22113948,unavailable,pubget,,False
22114099,unavailable,pubget,,False
22114292,unavailable,pubget,,False
22114849,unavailable,pubget,,False
22115994,unavailable,pubget,,False
22119059,unavailable,pubget,,False
22119640,unavailable,pubget,,False
22119653,unavailable,pubget,,False
22122779,unavailable,pubget,,False
22123187,unavailable,pubget,,False
22123940,unavailable,pubget,,False
22132942,unavailable,pubget,,False
22133409,unavailable,pubget,,False
22133766,unavailable,pubget,,False
22138125,unavailable,pubget,,False
22146752,unavailable,pubget,,True
22147450,unavailable,pubget,,False
22147958,unavailable,pubget,,False
22150407,unavailable,pubget,,False
22154751,unavailable,pubget,,False
22155027,unavailable,pubget,,False
22155195,unavailable,pubget,,True
22155375,unavailable,pubget,,False
22156722,unavailable,pubget,,False
22161695,unavailable,pubget,,False
22162145,unavailable,pubget,,False
22165688,unavailable,pubget,,False
22166451,unavailable,pubget,,False
22166676,unavailable,pubget,,False
22177038,unavailable,pubget,,False
22178299,unavailable,pubget,,False
22178808,unavailable,pubget,,False
22178814,unavailable,pubget,,False
22185061,unavailable,pubget,,True
22187896,unavailable,pubget,,False
22188383,unavailable,pubget,,False
22189657,unavailable,pubget,,False
22190073,unavailable,pubget,,False
22191195,unavailable,pubget,,False
22196111,unavailable,pubget,,False
22196847,unavailable,pubget,,False
22197699,unavailable,pubget,,False
22197719,unavailable,pubget,,False
22200490,unavailable,pubget,,True
22201469,unavailable,pubget,,False
22202157,unavailable,pubget,,False
22202190,unavailable,pubget,,False
22202882,unavailable,pubget,,True
22203319,unavailable,pubget,,False
22206836,unavailable,pubget,,False
22206967,unavailable,pubget,,False
22208962,unavailable,pubget,,False
22209640,unavailable,pubget,,False
22209811,unavailable,pubget,,False
22210355,unavailable,pubget,,False
22212022,unavailable,pubget,,False
22212987,unavailable,pubget,,False
22217254,unavailable,pubget,,False
22225729,unavailable,pubget,,False
22226798,unavailable,pubget,,False
22227134,unavailable,pubget,,False
22227457,unavailable,pubget,,False
22227535,unavailable,pubget,,False
22230115,unavailable,pubget,,False
22230805,unavailable,pubget,,False
22231384,unavailable,pubget,,False
22233778,unavailable,pubget,,False
22237494,unavailable,pubget,,True
22238084,unavailable,pubget,,False
22245007,unavailable,pubget,,False
22245352,unavailable,pubget,,False
22245637,unavailable,pubget,,False
22245651,unavailable,pubget,,False
22248579,unavailable,pubget,,False
22250818,unavailable,pubget,,False
22254812,unavailable,pubget,,False
22255193,unavailable,pubget,,False
22255425,unavailable,pubget,,False
22255441,unavailable,pubget,,False
22255950,unavailable,pubget,,False
22256225,unavailable,pubget,,False
22256317,unavailable,pubget,,False
22258040,unavailable,pubget,,False
22259007,unavailable,pubget,,False
22261377,unavailable,pubget,,False
22263921,unavailable,pubget,,False
22265362,unavailable,pubget,,False
22267446,unavailable,pubget,,False
22270355,unavailable,pubget,,False
22271546,unavailable,pubget,,False
22272622,unavailable,pubget,,False
22275475,unavailable,pubget,,False
22277263,unavailable,pubget,,False
22277668,unavailable,pubget,,False
22278320,unavailable,pubget,,False
22279249,unavailable,pubget,,False
22281674,unavailable,pubget,,False
22282457,unavailable,pubget,,False
22284226,unavailable,pubget,,False
22285603,unavailable,pubget,,False
22290265,unavailable,pubget,,False
22294527,unavailable,pubget,,False
22300959,unavailable,pubget,,False
22302550,unavailable,pubget,,False
22302824,unavailable,pubget,,False
22302842,unavailable,pubget,,True
22305924,unavailable,pubget,,False
22305991,unavailable,pubget,,False
22306089,unavailable,pubget,,False
22308262,unavailable,pubget,,False
22314879,unavailable,pubget,,False
22317687,unavailable,pubget,,False
22326672,unavailable,pubget,,False
22328685,unavailable,pubget,,False
22329690,unavailable,pubget,,False
22330316,unavailable,pubget,,False
22332188,unavailable,pubget,,False
22332720,unavailable,pubget,,False
22337757,unavailable,pubget,,False
22339744,unavailable,pubget,,False
22341731,unavailable,pubget,,False
22342372,unavailable,pubget,,False
22347762,unavailable,pubget,,False
22348881,unavailable,pubget,,False
22349711,unavailable,pubget,,False
22354449,unavailable,pubget,,False
22357634,unavailable,pubget,,False
22359341,unavailable,pubget,,False
22360275,unavailable,pubget,,False
22360595,unavailable,pubget,,False
22360676,unavailable,pubget,,False
22361169,unavailable,pubget,,False
22361256,unavailable,pubget,,False
22365049,unavailable,pubget,,False
22365747,unavailable,pubget,,False
22366326,unavailable,pubget,,False
22369993,unavailable,pubget,,False
22370913,unavailable,pubget,,False
22371351,unavailable,pubget,,False
22371590,unavailable,pubget,,False
22371618,unavailable,pubget,,False
22374274,unavailable,pubget,,False
22380580,unavailable,pubget,,False
22381099,unavailable,pubget,,False
22381736,unavailable,pubget,,False
22383804,unavailable,pubget,,False
22386967,unavailable,pubget,,False
22386970,unavailable,pubget,,False
22387168,unavailable,pubget,,False
22387596,unavailable,pubget,,False
22389415,unavailable,pubget,,False
22390321,unavailable,pubget,,False
22392009,unavailable,pubget,,False
22395209,unavailable,pubget,,False
22396439,unavailable,pubget,,False
22397907,unavailable,pubget,,True
22398297,unavailable,pubget,,False
22399235,unavailable,pubget,,False
22401758,unavailable,pubget,,False
22405733,unavailable,pubget,,False
22406068,unavailable,pubget,,False
22410326,unavailable,pubget,,False
22410476,unavailable,pubget,,False
22416392,unavailable,pubget,,False
22417767,unavailable,pubget,,False
22417806,unavailable,pubget,,False
22419478,unavailable,pubget,,False
22419679,unavailable,pubget,,True
22420434,unavailable,pubget,,False
22420593,unavailable,pubget,,False
22420742,unavailable,pubget,,False
22425598,unavailable,pubget,,False
22429242,unavailable,pubget,,False
22430943,unavailable,pubget,,False
22431587,unavailable,pubget,,False
22433047,unavailable,pubget,,False
22433050,unavailable,pubget,,False
22433051,unavailable,pubget,,False
22433053,unavailable,pubget,,False
22436654,unavailable,pubget,,False
22438174,unavailable,pubget,,False
22440644,unavailable,pubget,,False
22440650,unavailable,pubget,,False
22444074,unavailable,pubget,,False
22445697,unavailable,pubget,,False
22445785,unavailable,pubget,,False
22449387,unavailable,pubget,,False
22451272,unavailable,pubget,,False
22451482,unavailable,pubget,,False
22452559,unavailable,pubget,,False
22456451,unavailable,pubget,,False
22458423,unavailable,pubget,,False
22459725,unavailable,pubget,,False
22460330,unavailable,pubget,,False
22460441,unavailable,pubget,,False
22461234,unavailable,pubget,,False
22461299,unavailable,pubget,,False
22461315,unavailable,pubget,,False
22465842,unavailable,pubget,,False
22475092,unavailable,pubget,,False
22475429,unavailable,pubget,,False
22475505,unavailable,pubget,,False
22478384,unavailable,pubget,,False
22480958,unavailable,pubget,,False
22481042,unavailable,pubget,,False
22484411,unavailable,pubget,,True
22484516,unavailable,pubget,,False
22486871,unavailable,pubget,,False
22488985,unavailable,pubget,,False
22494658,unavailable,pubget,,False
22494828,unavailable,pubget,,False
22494829,unavailable,pubget,,False
22495143,unavailable,pubget,,False
22495237,unavailable,pubget,,False
22495688,unavailable,pubget,,False
22495745,unavailable,pubget,,False
22498658,unavailable,pubget,,False
22498690,unavailable,pubget,,False
22503778,unavailable,pubget,,False
22504114,unavailable,pubget,,False
22504766,unavailable,pubget,,False
22505290,unavailable,pubget,,False
22505340,unavailable,pubget,,False
22505353,unavailable,pubget,,False
22505661,unavailable,pubget,,False
22507231,unavailable,pubget,,False
22508767,unavailable,pubget,,False
22510532,unavailable,pubget,,False
22512289,unavailable,pubget,,False
22513340,unavailable,pubget,,False
22515798,unavailable,pubget,,False
22516367,unavailable,pubget,,False
22519425,unavailable,pubget,,False
22521476,unavailable,pubget,,False
22521874,unavailable,pubget,,False
22522963,unavailable,pubget,,False
22524266,unavailable,pubget,,False
22524276,unavailable,pubget,,False
22525560,unavailable,pubget,,False
22527119,unavailable,pubget,,False
22527889,unavailable,pubget,,False
22529218,unavailable,pubget,,False
22531524,unavailable,pubget,,False
22531828,unavailable,pubget,,False
22538086,unavailable,pubget,,False
22542580,unavailable,pubget,,False
22542665,unavailable,pubget,,False
22542844,unavailable,pubget,,False
22542993,unavailable,pubget,,False
22547506,unavailable,pubget,,False
22548805,unavailable,pubget,,False
22555622,unavailable,pubget,,False
22559836,unavailable,pubget,,False
22560689,unavailable,pubget,,False
22560889,unavailable,pubget,,False
22563007,unavailable,pubget,,False
22569063,unavailable,pubget,,False
22569188,unavailable,pubget,,False
22569192,unavailable,pubget,,False
22569545,unavailable,pubget,,False
22573195,unavailable,pubget,,False
22578782,unavailable,pubget,,False
22580084,unavailable,pubget,,False
22581848,unavailable,pubget,,False
22582967,unavailable,pubget,,True
22583916,unavailable,pubget,,True
22584228,unavailable,pubget,,False
22584235,unavailable,pubget,,False
22585315,unavailable,pubget,,False
22592018,unavailable,pubget,,False
22594455,unavailable,pubget,,False
22594784,unavailable,pubget,,False
22595988,unavailable,pubget,,False
22596267,unavailable,pubget,,False
22596271,unavailable,pubget,,False
22608014,unavailable,pubget,,False
22608157,unavailable,pubget,,False
22608404,unavailable,pubget,,False
22610458,unavailable,pubget,,False
22610479,unavailable,pubget,,False
22613230,unavailable,pubget,,False
22621260,unavailable,pubget,,False
22622022,unavailable,pubget,,False
22623677,unavailable,pubget,,False
22631618,unavailable,pubget,,False
22631622,unavailable,pubget,,False
22631623,unavailable,pubget,,False
22632731,unavailable,pubget,,False
22632811,unavailable,pubget,,False
22633443,unavailable,pubget,,False
22633945,unavailable,pubget,,False
22634220,unavailable,pubget,,False
22634855,unavailable,pubget,,False
22634861,unavailable,pubget,,False
22641837,unavailable,pubget,,False
22642389,unavailable,pubget,,False
22642711,unavailable,pubget,,False
22644868,unavailable,pubget,,False
22645108,unavailable,pubget,,False
22649231,unavailable,pubget,,False
22652306,unavailable,pubget,,False
22658973,unavailable,pubget,,False
22659004,unavailable,pubget,,False
22659479,unavailable,pubget,,False
22668986,unavailable,pubget,,False
22673327,unavailable,pubget,,False
22674168,unavailable,pubget,,False
22678838,unavailable,pubget,,False
22678839,unavailable,pubget,,False
22681676,unavailable,pubget,,False
22682901,unavailable,pubget,,False
22682903,unavailable,pubget,,False
22682904,unavailable,pubget,,False
22683360,unavailable,pubget,,False
22683529,unavailable,pubget,,False
22683953,unavailable,pubget,,False
22685065,unavailable,pubget,,False
22686520,unavailable,pubget,,False
22687958,unavailable,pubget,,False
22688567,unavailable,pubget,,False
22689216,unavailable,pubget,,False
22692647,unavailable,pubget,,False
22695336,unavailable,pubget,,False
22696432,unavailable,pubget,,False
22697603,unavailable,pubget,,False
22698991,unavailable,pubget,,False
22703618,unavailable,pubget,,False
22703623,unavailable,pubget,,False
22711287,unavailable,pubget,,False
22711328,unavailable,pubget,,False
22711376,unavailable,pubget,,False
22711646,unavailable,pubget,,False
22716140,unavailable,pubget,,False
22717280,unavailable,pubget,,False
22721259,unavailable,pubget,,False
22722450,unavailable,pubget,,False
22728314,unavailable,pubget,,False
22736513,unavailable,pubget,,False
22736538,unavailable,pubget,,False
22739139,unavailable,pubget,,False
22742852,unavailable,pubget,,False
22743002,unavailable,pubget,,False
22743802,unavailable,pubget,,False
22745208,unavailable,pubget,,False
22750124,unavailable,pubget,,False
22753723,unavailable,pubget,,False
22755691,unavailable,pubget,,False
22759337,unavailable,pubget,,False
22759997,unavailable,pubget,,False
22760521,unavailable,pubget,,False
22763152,unavailable,pubget,,False
22763170,unavailable,pubget,,False
22764345,unavailable,pubget,,False
22766854,unavailable,pubget,,False
22767373,unavailable,pubget,,False
22767633,unavailable,pubget,,False
22777857,unavailable,pubget,,False
22777953,unavailable,pubget,,False
22781643,unavailable,pubget,,False
22783045,unavailable,pubget,,False
22784605,unavailable,pubget,,True
22784688,unavailable,pubget,,False
22791600,unavailable,pubget,,False
22792129,unavailable,pubget,,True
22795932,unavailable,pubget,,False
22796277,unavailable,pubget,,False
22796505,unavailable,pubget,,False
22796990,unavailable,pubget,,False
22797692,unavailable,pubget,,False
22798396,unavailable,pubget,,False
22798398,unavailable,pubget,,False
22800942,unavailable,pubget,,False
22802056,unavailable,pubget,,True
22804698,unavailable,pubget,,False
22805228,unavailable,pubget,,False
22806646,unavailable,pubget,,False
22806961,unavailable,pubget,,False
22807338,unavailable,pubget,,False
22809738,unavailable,pubget,,False
22809740,unavailable,pubget,,False
22810101,unavailable,pubget,,False
22810967,unavailable,pubget,,False
22815229,unavailable,pubget,,False
22815523,unavailable,pubget,,False
22817957,unavailable,pubget,,False
22818209,unavailable,pubget,,False
22820235,unavailable,pubget,,False
22820636,unavailable,pubget,,False
22820891,unavailable,pubget,,False
22823024,unavailable,pubget,,False
22830751,unavailable,pubget,,False
22831772,unavailable,pubget,,False
22831959,unavailable,pubget,,False
22833043,unavailable,pubget,,False
22833861,unavailable,pubget,,False
22834634,unavailable,pubget,,False
22835685,unavailable,pubget,,False
22835865,unavailable,pubget,,False
22840516,unavailable,pubget,,False
22840553,unavailable,pubget,,False
22840598,unavailable,pubget,,False
22841311,unavailable,pubget,,False
22841350,unavailable,pubget,,False
22841497,unavailable,pubget,,False
22842906,unavailable,pubget,,False
22846335,unavailable,pubget,,False
22847906,unavailable,pubget,,False
22849403,unavailable,pubget,,False
22854261,unavailable,pubget,,False
22856363,unavailable,pubget,,False
22858266,unavailable,pubget,,False
22866182,unavailable,pubget,,False
22867952,unavailable,pubget,,False
22868934,unavailable,pubget,,False
22869007,unavailable,pubget,,False
22871909,unavailable,pubget,,False
22874167,unavailable,pubget,,False
22875866,unavailable,pubget,,False
22878845,unavailable,pubget,,False
22879351,unavailable,pubget,,False
22881457,unavailable,pubget,,False
22883200,unavailable,pubget,,False
22883963,unavailable,pubget,,False
22885247,unavailable,pubget,,False
22885679,unavailable,pubget,,False
22889563,unavailable,pubget,,False
22889940,unavailable,pubget,,False
22890098,unavailable,pubget,,False
22892351,unavailable,pubget,,False
22893380,unavailable,pubget,,False
22897026,unavailable,pubget,,False
22898701,unavailable,pubget,,True
22899217,unavailable,pubget,,False
22901109,unavailable,pubget,,False
22901627,unavailable,pubget,,False
22901696,unavailable,pubget,,False
22901746,unavailable,pubget,,False
22901957,unavailable,pubget,,False
22902471,unavailable,pubget,,False
22902769,unavailable,pubget,,False
22904176,unavailable,pubget,,False
22906784,unavailable,pubget,,False
22906785,unavailable,pubget,,True
22906787,unavailable,pubget,,False
22915309,unavailable,pubget,,True
22915491,unavailable,pubget,,False
22918757,unavailable,pubget,,False
22921939,unavailable,pubget,,False
22925606,unavailable,pubget,,False
22925652,unavailable,pubget,,False
22928842,unavailable,pubget,,False
22929298,unavailable,pubget,,False
22933820,unavailable,pubget,,False
22936560,unavailable,pubget,,False
22939873,unavailable,pubget,,False
22940231,unavailable,pubget,,False
22941499,unavailable,pubget,,False
22941508,unavailable,pubget,,True
22944369,unavailable,pubget,,False
22948355,unavailable,pubget,,False
22948956,unavailable,pubget,,False
22955145,unavailable,pubget,,False
22956332,unavailable,pubget,,True
22956669,unavailable,pubget,,False
22957627,unavailable,pubget,,False
22960086,unavailable,pubget,,False
22960116,unavailable,pubget,,False
22960415,unavailable,pubget,,False
22960664,unavailable,pubget,,False
22961671,unavailable,pubget,,False
22963835,unavailable,pubget,,False
22963856,unavailable,pubget,,False
22965696,unavailable,pubget,,False
22965755,unavailable,pubget,,False
22975148,unavailable,pubget,,False
22975430,unavailable,pubget,,False
22975778,unavailable,pubget,,False
22978709,unavailable,pubget,,False
22980080,unavailable,pubget,,False
22980918,unavailable,pubget,,False
22981890,unavailable,pubget,,False
22982513,unavailable,pubget,,False
22982585,unavailable,pubget,,False
22982622,unavailable,pubget,,False
22982727,unavailable,pubget,,False
22986077,unavailable,pubget,,False
22986355,unavailable,pubget,,False
22986643,unavailable,pubget,,False
22987751,unavailable,pubget,,False
22987817,unavailable,pubget,,False
22989624,unavailable,pubget,,False
22990206,unavailable,pubget,,False
22992492,unavailable,pubget,,False
22993416,unavailable,pubget,,False
22993433,unavailable,pubget,,False
22993443,unavailable,pubget,,False
22995440,unavailable,pubget,,False
22996045,unavailable,pubget,,False
22999437,unavailable,pubget,,False
22999968,unavailable,pubget,,False
23001254,unavailable,pubget,,False
23001620,unavailable,pubget,,False
23007549,unavailable,pubget,,False
23008180,unavailable,pubget,,False
23012251,unavailable,pubget,,False
23015426,unavailable,pubget,,False
23016794,unavailable,pubget,,False
23020899,unavailable,pubget,,False
23021069,unavailable,pubget,,False
23022750,unavailable,pubget,,False
23025619,unavailable,pubget,,False
23029866,unavailable,pubget,,True
23030509,unavailable,pubget,,False
23031747,unavailable,pubget,,False
23033154,unavailable,pubget,,False
23036041,unavailable,pubget,,False
23036083,unavailable,pubget,,False
23036586,unavailable,pubget,,False
23037186,unavailable,pubget,,True
23039646,unavailable,pubget,,False
23039682,unavailable,pubget,,False
23041526,unavailable,pubget,,True
23041527,unavailable,pubget,,True
23041530,unavailable,pubget,,False
23042742,unavailable,pubget,,False
23043904,unavailable,pubget,,False
23044279,unavailable,pubget,,False
23044373,unavailable,pubget,,False
23047371,unavailable,pubget,,False
23051156,unavailable,pubget,,False
23051897,unavailable,pubget,,False
23052452,unavailable,pubget,,False
23053321,unavailable,pubget,,False
23055501,unavailable,pubget,,False
23058446,unavailable,pubget,,False
23059145,unavailable,pubget,,False
23059859,unavailable,pubget,,False
23060150,unavailable,pubget,,False
23063842,unavailable,pubget,,False
23069759,unavailable,pubget,,False
23069809,unavailable,pubget,,False
23070370,unavailable,pubget,,False
23073642,unavailable,pubget,,False
23078615,unavailable,pubget,,False
23079152,unavailable,pubget,,False
23079572,unavailable,pubget,,True
23085111,unavailable,pubget,,False
23086162,unavailable,pubget,,True
23089152,unavailable,pubget,,False
23097247,unavailable,pubget,,False
23101745,unavailable,pubget,,False
23102118,unavailable,pubget,,False
23103691,unavailable,pubget,,False
23108276,unavailable,pubget,,False
23109699,unavailable,pubget,,False
23110678,unavailable,pubget,,False
23110878,unavailable,pubget,,False
23110886,unavailable,pubget,,False
23111173,unavailable,pubget,,True
23116812,unavailable,pubget,,False
23117157,unavailable,pubget,,False
23117521,unavailable,pubget,,False
23121320,unavailable,pubget,,False
23123141,unavailable,pubget,,False
23123406,unavailable,pubget,,False
23123681,unavailable,pubget,,False
23124385,unavailable,pubget,,False
23124612,unavailable,pubget,,False
23124719,unavailable,pubget,,False
23125108,unavailable,pubget,,False
23127106,unavailable,pubget,,False
23127893,unavailable,pubget,,False
23128970,unavailable,pubget,,False
23131524,unavailable,pubget,,False
23133117,unavailable,pubget,,False
23136408,unavailable,pubget,,False
23137334,unavailable,pubget,,False
23137805,unavailable,pubget,,False
23137935,unavailable,pubget,,False
23137946,unavailable,pubget,,False
23138047,unavailable,pubget,,False
23142223,unavailable,pubget,,False
23142279,unavailable,pubget,,False
23142493,unavailable,pubget,,True
23146254,unavailable,pubget,,False
23149023,unavailable,pubget,,False
23149036,unavailable,pubget,,False
23149380,unavailable,pubget,,False
23151171,unavailable,pubget,,False
23152624,unavailable,pubget,,False
23153796,unavailable,pubget,,False
23153967,unavailable,pubget,,False
23154094,unavailable,pubget,,False
23157635,unavailable,pubget,,False
23158719,unavailable,pubget,,False
23160811,unavailable,pubget,,False
23162047,unavailable,pubget,,False
23163415,unavailable,pubget,,False
23164479,unavailable,pubget,,False
23164731,unavailable,pubget,,False
23164813,unavailable,pubget,,False
23166292,unavailable,pubget,,False
23171614,unavailable,pubget,,False
23177399,unavailable,pubget,,False
23178904,unavailable,pubget,,False
23178958,unavailable,pubget,,False
23179063,unavailable,pubget,,False
23180082,unavailable,pubget,,False
23180753,unavailable,pubget,,False
23183637,unavailable,pubget,,False
23186918,unavailable,pubget,,False
23192417,unavailable,pubget,,False
23193658,unavailable,pubget,,False
23194815,unavailable,pubget,,False
23196924,unavailable,pubget,,False
23199565,unavailable,pubget,,False
23199762,unavailable,pubget,,False
23200084,unavailable,pubget,,False
23200679,unavailable,pubget,,False
23201364,unavailable,pubget,,False
23206530,unavailable,pubget,,False
23207513,unavailable,pubget,,False
23211960,unavailable,pubget,,False
23211991,unavailable,pubget,,False
23212342,unavailable,pubget,,False
23212454,unavailable,pubget,,True
23219044,unavailable,pubget,,True
23219471,unavailable,pubget,,False
23221817,unavailable,pubget,,False
23221862,unavailable,pubget,,False
23227137,unavailable,pubget,,False
23227458,unavailable,pubget,,False
23230345,unavailable,pubget,,False
23231419,unavailable,pubget,,False
23232145,unavailable,pubget,,False
23233279,unavailable,pubget,,False
23233610,unavailable,pubget,,False
23238964,unavailable,pubget,,False
23241648,unavailable,pubget,,False
23242769,unavailable,pubget,,False
23242968,unavailable,pubget,,False
23246777,unavailable,pubget,,False
23247191,unavailable,pubget,,False
23247847,unavailable,pubget,,False
23249350,unavailable,pubget,,False
23253092,unavailable,pubget,,False
23255241,unavailable,pubget,,False
23257054,unavailable,pubget,,False
23260615,unavailable,pubget,,False
23262174,unavailable,pubget,,False
23263997,unavailable,pubget,,False
23265001,unavailable,pubget,,False
23265093,unavailable,pubget,,False
23271611,unavailable,pubget,,False
23277140,unavailable,pubget,,False
23279179,unavailable,pubget,,False
23281202,unavailable,pubget,,False
23283330,unavailable,pubget,,False
23286048,unavailable,pubget,,False
23286051,unavailable,pubget,,False
23286053,unavailable,pubget,,False
23286054,unavailable,pubget,,True
23286133,unavailable,pubget,,True
23286303,unavailable,pubget,,False
23287569,unavailable,pubget,,False
23288324,unavailable,pubget,,False
23288620,unavailable,pubget,,False
23288627,unavailable,pubget,,False
23290495,unavailable,pubget,,False
23295390,unavailable,pubget,,False
23296183,unavailable,pubget,,False
23297860,unavailable,pubget,,False
23298747,unavailable,pubget,,False
23303919,unavailable,pubget,,True
23306014,unavailable,pubget,,False
23312790,unavailable,pubget,,False
23313420,unavailable,pubget,,False
23313421,unavailable,pubget,,False
23313569,unavailable,pubget,,False
23314012,unavailable,pubget,,True
23314416,unavailable,pubget,,False
23316956,unavailable,pubget,,False
23317841,unavailable,pubget,,False
23319043,unavailable,pubget,,False
23325639,unavailable,pubget,,False
23327934,unavailable,pubget,,False
23328350,unavailable,pubget,,True
23329700,unavailable,pubget,,False
23332807,unavailable,pubget,,False
23333262,unavailable,pubget,,False
23333263,unavailable,pubget,,False
23333416,unavailable,pubget,,False
23333417,unavailable,pubget,,True
23333840,unavailable,pubget,,False
23344784,unavailable,pubget,,False
23347557,unavailable,pubget,,False
23353029,unavailable,pubget,,False
23357076,unavailable,pubget,,False
23357111,unavailable,pubget,,True
23357203,unavailable,pubget,,False
23357375,unavailable,pubget,,False
23357820,unavailable,pubget,,False
23359661,unavailable,pubget,,False
23360977,unavailable,pubget,,False
23361612,unavailable,pubget,,False
23363413,unavailable,pubget,,False
23363687,unavailable,pubget,,False
23364872,unavailable,pubget,,False
23366178,unavailable,pubget,,False
23366379,unavailable,pubget,,False
23366380,unavailable,pubget,,False
23366980,unavailable,pubget,,False
23367134,unavailable,pubget,,False
23367359,unavailable,pubget,,False
23370512,unavailable,pubget,,False
23378272,unavailable,pubget,,False
23380167,unavailable,pubget,,False
23382516,unavailable,pubget,,False
23384193,unavailable,pubget,,False
23385202,unavailable,pubget,,False
23385293,unavailable,pubget,,False
23387510,unavailable,pubget,,False
23387751,unavailable,pubget,,False
23392179,unavailable,pubget,,False
23393789,unavailable,pubget,,False
23394712,unavailable,pubget,,False
23395194,unavailable,pubget,,False
23395830,unavailable,pubget,,False
23395849,unavailable,pubget,,False
23399811,unavailable,pubget,,False
23399945,unavailable,pubget,,False
23400798,unavailable,pubget,,False
23404883,unavailable,pubget,,True
23407841,unavailable,pubget,,False
23409709,unavailable,pubget,,False
23410736,unavailable,pubget,,False
23412603,unavailable,pubget,,False
23412899,unavailable,pubget,,False
23417778,unavailable,pubget,,False
23418003,unavailable,pubget,,False
23418123,unavailable,pubget,,False
23421677,unavailable,pubget,,False
23422254,unavailable,pubget,,False
23422330,unavailable,pubget,,True
23422370,unavailable,pubget,,False
23423920,unavailable,pubget,,False
23425890,unavailable,pubget,,False
23425892,unavailable,pubget,,False
23427116,unavailable,pubget,,False
23433223,unavailable,pubget,,False
23435209,unavailable,pubget,,False
23435215,unavailable,pubget,,False
23441633,unavailable,pubget,,False
23445167,unavailable,pubget,,False
23446285,unavailable,pubget,,False
23447373,unavailable,pubget,,False
23448522,unavailable,pubget,,False
23452684,unavailable,pubget,,False
23453674,unavailable,pubget,,False
23454569,unavailable,pubget,,False
23458438,unavailable,pubget,,False
23458923,unavailable,pubget,,False
23463340,unavailable,pubget,,True
23463373,unavailable,pubget,,False
23465967,unavailable,pubget,,False
23466832,unavailable,pubget,,False
23468090,unavailable,pubget,,False
23468100,unavailable,pubget,,False
23470488,unavailable,pubget,,False
23470982,unavailable,pubget,,False
23473547,unavailable,pubget,,False
23474013,unavailable,pubget,,False
23474015,unavailable,pubget,,False
23474999,unavailable,pubget,,False
23477296,unavailable,pubget,,False
23477721,unavailable,pubget,,False
23477839,unavailable,pubget,,False
23478202,unavailable,pubget,,False
23479459,unavailable,pubget,,False
23480811,unavailable,pubget,,False
23482622,unavailable,pubget,,False
23482793,unavailable,pubget,,False
23484869,unavailable,pubget,,False
23486950,unavailable,pubget,,False
23488661,unavailable,pubget,,False
23489416,unavailable,pubget,,False
23492924,unavailable,pubget,,False
23495230,unavailable,pubget,,False
23507376,unavailable,pubget,,False
23507379,unavailable,pubget,,False
23507383,unavailable,pubget,,True
23510545,unavailable,pubget,,False
23511822,unavailable,pubget,,False
23511846,unavailable,pubget,,False
23512939,unavailable,pubget,,False
23514929,unavailable,pubget,,False
23514930,unavailable,pubget,,False
23515341,unavailable,pubget,,False
23516306,unavailable,pubget,,False
23520599,unavailable,pubget,,False
23523803,unavailable,pubget,,False
23523811,unavailable,pubget,,False
23524011,unavailable,pubget,,False
23527652,unavailable,pubget,,False
23529079,unavailable,pubget,,False
23530810,unavailable,pubget,,False
23531741,unavailable,pubget,,False
23532550,unavailable,pubget,,False
23535789,unavailable,pubget,,False
23537530,unavailable,pubget,,False
23537937,unavailable,pubget,,False
23543193,unavailable,pubget,,False
23544033,unavailable,pubget,,False
23544412,unavailable,pubget,,False
23545112,unavailable,pubget,,False
23545149,unavailable,pubget,,False
23545472,unavailable,pubget,,False
23548150,unavailable,pubget,,False
23548794,unavailable,pubget,,False
23551272,unavailable,pubget,,False
23551805,unavailable,pubget,,False
23552079,unavailable,pubget,,False
23557757,unavailable,pubget,,False
23558095,unavailable,pubget,,True
23558102,unavailable,pubget,,False
23563324,unavailable,pubget,,False
23563751,unavailable,pubget,,False
23563963,unavailable,pubget,,True
23564316,unavailable,pubget,,False
23565935,unavailable,pubget,,False
23567890,unavailable,pubget,,False
23568269,unavailable,pubget,,False
23568365,unavailable,pubget,,True
23568448,unavailable,pubget,,False
23571279,unavailable,pubget,,False
23573872,unavailable,pubget,,False
23576237,unavailable,pubget,,False
23578167,unavailable,pubget,,False
23579331,unavailable,pubget,,False
23579978,unavailable,pubget,,False
23581683,unavailable,pubget,,False
23583251,unavailable,pubget,,False
23583357,unavailable,pubget,,False
23583747,unavailable,pubget,,False
23584173,unavailable,pubget,,False
23584670,unavailable,pubget,,False
23585513,unavailable,pubget,,False
23586454,unavailable,pubget,,False
23586531,unavailable,pubget,,False
23586661,unavailable,pubget,,False
23587636,unavailable,pubget,,False
23591071,unavailable,pubget,,False
23591131,unavailable,pubget,,False
23591255,unavailable,pubget,,False
23593982,unavailable,pubget,,False
23597109,unavailable,pubget,,False
23600935,unavailable,pubget,,False
23603446,unavailable,pubget,,False
23603831,unavailable,pubget,,False
23607410,unavailable,pubget,,False
23608814,unavailable,pubget,,False
23611156,unavailable,pubget,,False
23611334,unavailable,pubget,,False
23611864,unavailable,pubget,,False
23613020,unavailable,pubget,,False
23617618,unavailable,pubget,,False
23618495,unavailable,pubget,,False
23620601,unavailable,pubget,,False
23624171,unavailable,pubget,,False
23624491,unavailable,pubget,,False
23624819,unavailable,pubget,,False
23627641,unavailable,pubget,,False
23631988,unavailable,pubget,,False
23631993,unavailable,pubget,,False
23637175,unavailable,pubget,,False
23640112,unavailable,pubget,,False
23642468,unavailable,pubget,,False
23642802,unavailable,pubget,,False
23644003,unavailable,pubget,,False
23644313,unavailable,pubget,,False
23644348,unavailable,pubget,,False
23645721,unavailable,pubget,,False
23647514,unavailable,pubget,,False
23647558,unavailable,pubget,,False
23648277,unavailable,pubget,,False
23651705,unavailable,pubget,,False
23652421,unavailable,pubget,,False
23654223,unavailable,pubget,,False
23656706,unavailable,pubget,,False
23658903,unavailable,pubget,,True
23660437,unavailable,pubget,,True
23660680,unavailable,pubget,,False
23660743,unavailable,pubget,,False
23660778,unavailable,pubget,,False
23660970,unavailable,pubget,,False
23663382,unavailable,pubget,,False
23664823,unavailable,pubget,,False
23664954,unavailable,pubget,,False
23666264,unavailable,pubget,,False
23668969,unavailable,pubget,,False
23670989,unavailable,pubget,,False
23671197,unavailable,pubget,,False
23671986,unavailable,pubget,,False
23678117,unavailable,pubget,,False
23679098,unavailable,pubget,,False
23681167,unavailable,pubget,,False
23682662,unavailable,pubget,,False
23682664,unavailable,pubget,,False
23684849,unavailable,pubget,,False
23684866,unavailable,pubget,,False
23684873,unavailable,pubget,,False
23684875,unavailable,pubget,,False
23684877,unavailable,pubget,,True
23689388,unavailable,pubget,,False
23693086,unavailable,pubget,,False
23695814,unavailable,pubget,,False
23698075,unavailable,pubget,,False
23700105,unavailable,pubget,,False
23701693,unavailable,pubget,,False
23705755,unavailable,pubget,,False
23707580,unavailable,pubget,,False
23707592,unavailable,pubget,,False
23708634,unavailable,pubget,,False
23711773,unavailable,pubget,,False
23712666,unavailable,pubget,,True
23716712,unavailable,pubget,,False
23718620,unavailable,pubget,,False
23719798,unavailable,pubget,,False
23721725,unavailable,pubget,,False
23726779,unavailable,pubget,,False
23727317,unavailable,pubget,,False
23727320,unavailable,pubget,,False
23727467,unavailable,pubget,,False
23727827,unavailable,pubget,,False
23729929,unavailable,pubget,,False
23732338,unavailable,pubget,,False
23735260,unavailable,pubget,,False
23738869,unavailable,pubget,,False
23738883,unavailable,pubget,,False
23739982,unavailable,pubget,,False
23741040,unavailable,pubget,,False
23742544,unavailable,pubget,,False
23742932,unavailable,pubget,,False
23743331,unavailable,pubget,,False
23746613,unavailable,pubget,,False
23747286,unavailable,pubget,,False
23747332,unavailable,pubget,,False
23747456,unavailable,pubget,,False
23747458,unavailable,pubget,,False
23747961,unavailable,pubget,,False
23749875,unavailable,pubget,,False
23751153,unavailable,pubget,,False
23752131,unavailable,pubget,,False
23753186,unavailable,pubget,,False
23756081,unavailable,pubget,,False
23756137,unavailable,pubget,,False
23760982,unavailable,pubget,,False
23761430,unavailable,pubget,,False
23764381,unavailable,pubget,,False
23764406,unavailable,pubget,,False
23765516,unavailable,pubget,,False
23768913,unavailable,pubget,,False
23769703,unavailable,pubget,,False
23770538,unavailable,pubget,,False
23771986,unavailable,pubget,,False
23772336,unavailable,pubget,,False
23773427,unavailable,pubget,,False
23773675,unavailable,pubget,,False
23774397,unavailable,pubget,,False
23777173,unavailable,pubget,,False
23777938,unavailable,pubget,,False
23778236,unavailable,pubget,,False
23778975,unavailable,pubget,,False
23782777,unavailable,pubget,,False
23787040,unavailable,pubget,,False
23788510,unavailable,pubget,,False
23790741,unavailable,pubget,,False
23792788,unavailable,pubget,,False
23792984,unavailable,pubget,,False
23793722,unavailable,pubget,,False
23793982,unavailable,pubget,,False
23794107,unavailable,pubget,,False
23795233,unavailable,pubget,,False
23796945,unavailable,pubget,,False
23798414,unavailable,pubget,,False
23799488,unavailable,pubget,,False
23800705,unavailable,pubget,,False
23801242,unavailable,pubget,,False
23801405,unavailable,pubget,,False
23803298,unavailable,pubget,,False
23804092,unavailable,pubget,,False
23805999,unavailable,pubget,,True
23809145,unavailable,pubget,,False
23809369,unavailable,pubget,,False
23812777,unavailable,pubget,,False
23814604,unavailable,pubget,,False
23815247,unavailable,pubget,,False
23816061,unavailable,pubget,,False
23817894,unavailable,pubget,,False
23818013,unavailable,pubget,,False
23820976,unavailable,pubget,,False
23823155,unavailable,pubget,,False
23828159,unavailable,pubget,,False
23830545,unavailable,pubget,,False
23831279,unavailable,pubget,,False
23831413,unavailable,pubget,,False
23831528,unavailable,pubget,,False
23831601,unavailable,pubget,,False
23832422,unavailable,pubget,,False
23832681,unavailable,pubget,,False
23832746,unavailable,pubget,,False
23835101,unavailable,pubget,,False
23835204,unavailable,pubget,,False
23836423,unavailable,pubget,,False
23837964,unavailable,pubget,,False
23841967,unavailable,pubget,,False
23842709,unavailable,pubget,,False
23843266,unavailable,pubget,,False
23844819,unavailable,pubget,,False
23845427,unavailable,pubget,,False
23849992,unavailable,pubget,,False
23850398,unavailable,pubget,,False
23851677,unavailable,pubget,,False
23852365,unavailable,pubget,,False
23853032,unavailable,pubget,,False
23856280,unavailable,pubget,,False
23859387,unavailable,pubget,,False
23859480,unavailable,pubget,,False
23859643,unavailable,pubget,,False
23859959,unavailable,pubget,,False
23860750,unavailable,pubget,,False
23861215,unavailable,pubget,,False
23864686,unavailable,pubget,,False
23867077,unavailable,pubget,,False
23869862,unavailable,pubget,,False
23870158,unavailable,pubget,,False
23870836,unavailable,pubget,,False
23872198,unavailable,pubget,,False
23873183,unavailable,pubget,,False
23873674,unavailable,pubget,,False
23876114,unavailable,pubget,,False
23876323,unavailable,pubget,,False
23876324,unavailable,pubget,,False
23880289,unavailable,pubget,,False
23881005,unavailable,pubget,,False
23881623,unavailable,pubget,,False
23881906,unavailable,pubget,,False
23882453,unavailable,pubget,,False
23884951,unavailable,pubget,,False
23885740,unavailable,pubget,,False
23887984,unavailable,pubget,,False
23891400,unavailable,pubget,,False
23891965,unavailable,pubget,,False
23892109,unavailable,pubget,,False
23896183,unavailable,pubget,,False
23897623,unavailable,pubget,,False
23899724,unavailable,pubget,,False
23906265,unavailable,pubget,,False
23909003,unavailable,pubget,,False
23911256,unavailable,pubget,,False
23911258,unavailable,pubget,,False
23911353,unavailable,pubget,,False
23911778,unavailable,pubget,,False
23911835,unavailable,pubget,,False
23912223,unavailable,pubget,,False
23913733,unavailable,pubget,,False
23913754,unavailable,pubget,,False
23913818,unavailable,pubget,,False
23914845,unavailable,pubget,,False
23916249,unavailable,pubget,,False
23916537,unavailable,pubget,,False
23920009,unavailable,pubget,,False
23920149,unavailable,pubget,,False
23920695,unavailable,pubget,,False
23921102,unavailable,pubget,,False
23928090,unavailable,pubget,,False
23928295,unavailable,pubget,,False
23930595,unavailable,pubget,,False
23932879,unavailable,pubget,,False
23933055,unavailable,pubget,,False
23933470,unavailable,pubget,,False
23933482,unavailable,pubget,,False
23934234,unavailable,pubget,,False
23934630,unavailable,pubget,,False
23937453,unavailable,pubget,,False
23937691,unavailable,pubget,,False
23938592,unavailable,pubget,,False
23939822,unavailable,pubget,,False
23944121,unavailable,pubget,,False
23945203,unavailable,pubget,,False
23946416,unavailable,pubget,,False
23948629,unavailable,pubget,,False
23949205,unavailable,pubget,,False
23958947,unavailable,pubget,,False
23960206,unavailable,pubget,,True
23962356,unavailable,pubget,,False
23962468,unavailable,pubget,,False
23962956,unavailable,pubget,,False
23962957,unavailable,pubget,,False
23964595,unavailable,pubget,,False
23964603,unavailable,pubget,,False
23965000,unavailable,pubget,,False
23965014,unavailable,pubget,,False
23965119,unavailable,pubget,,False
23965121,unavailable,pubget,,False
23965122,unavailable,pubget,,False
23968177,unavailable,pubget,,False
23968208,unavailable,pubget,,True
23968211,unavailable,pubget,,False
23968821,unavailable,pubget,,False
23969000,unavailable,pubget,,False
23969195,unavailable,pubget,,False
23973363,unavailable,pubget,,False
23973765,unavailable,pubget,,False
23978654,unavailable,pubget,,False
23982186,unavailable,pubget,,False
23982946,unavailable,pubget,,False
23984890,unavailable,pubget,,False
23984988,unavailable,pubget,,False
23988334,unavailable,pubget,,False
23993362,unavailable,pubget,,False
23993406,unavailable,pubget,,False
23993991,unavailable,pubget,,False
23994316,unavailable,pubget,,True
23996748,unavailable,pubget,,False
23998951,unavailable,pubget,,False
23999996,unavailable,pubget,,False
24001313,unavailable,pubget,,False
24001457,unavailable,pubget,,False
24009278,unavailable,pubget,,False
24012546,unavailable,pubget,,False
24014176,unavailable,pubget,,False
24016382,unavailable,pubget,,False
24018024,unavailable,pubget,,False
24018304,unavailable,pubget,,False
24021836,unavailable,pubget,,True
24021958,unavailable,pubget,,False
24025925,unavailable,pubget,,False
24027137,unavailable,pubget,,False
24028885,unavailable,pubget,,False
24029620,unavailable,pubget,,False
24029652,unavailable,pubget,,False
24029682,unavailable,pubget,,False
24033438,unavailable,pubget,,False
24036319,unavailable,pubget,,False
24038570,unavailable,pubget,,True
24041317,unavailable,pubget,,False
24043402,unavailable,pubget,,False
24047337,unavailable,pubget,,False
24047380,unavailable,pubget,,False
24047386,unavailable,pubget,,True
24047390,unavailable,pubget,,False
24049739,unavailable,pubget,,False
24051234,unavailable,pubget,,False
24051602,unavailable,pubget,,False
24051925,unavailable,pubget,,False
24054425,unavailable,pubget,,False
24055504,unavailable,pubget,,False
24055506,unavailable,pubget,,False
24056110,unavailable,pubget,,False
24056237,unavailable,pubget,,False
24061496,unavailable,pubget,,False
24064071,unavailable,pubget,,False
24064072,unavailable,pubget,,False
24064075,unavailable,pubget,,False
24064460,unavailable,pubget,,False
24065623,unavailable,pubget,,False
24068814,unavailable,pubget,,False
24070060,unavailable,pubget,,False
24070545,unavailable,pubget,,False
24070614,unavailable,pubget,,False
24071526,unavailable,pubget,,False
24071913,unavailable,pubget,,False
24076099,unavailable,pubget,,False
24076224,unavailable,pubget,,False
24077642,unavailable,pubget,,False
24078018,unavailable,pubget,,False
24080400,unavailable,pubget,,False
24080994,unavailable,pubget,,False
24084128,unavailable,pubget,,False
24084831,unavailable,pubget,,False
24089404,unavailable,pubget,,False
24090512,unavailable,pubget,,False
24090774,unavailable,pubget,,False
24090819,unavailable,pubget,,False
24097810,unavailable,pubget,,False
24099835,unavailable,pubget,,False
24099842,unavailable,pubget,,False
24103657,unavailable,pubget,,False
24104726,unavailable,pubget,,False
24107763,unavailable,pubget,,False
24107952,unavailable,pubget,,True
24108799,unavailable,pubget,,False
24110132,unavailable,pubget,,False
24110224,unavailable,pubget,,False
24110266,unavailable,pubget,,False
24110344,unavailable,pubget,,False
24110693,unavailable,pubget,,False
24111111,unavailable,pubget,,False
24111113,unavailable,pubget,,False
24111237,unavailable,pubget,,False
24111300,unavailable,pubget,,False
24117474,unavailable,pubget,,False
24119150,unavailable,pubget,,False
24120612,unavailable,pubget,,False
24121027,unavailable,pubget,,False
24121087,unavailable,pubget,,False
24121137,unavailable,pubget,,False
24122137,unavailable,pubget,,False
24122991,unavailable,pubget,,False
24123508,unavailable,pubget,,False
24124027,unavailable,pubget,,False
24129199,unavailable,pubget,,False
24135221,unavailable,pubget,,False
24135773,unavailable,pubget,,False
24142432,unavailable,pubget,,False
24144246,unavailable,pubget,,False
24144339,unavailable,pubget,,False
24144510,unavailable,pubget,,False
24148027,unavailable,pubget,,False
24148273,unavailable,pubget,,False
24148720,unavailable,pubget,,False
24148912,unavailable,pubget,,False
24150105,unavailable,pubget,,False
24152545,unavailable,pubget,,False
24155295,unavailable,pubget,,False
24155301,unavailable,pubget,,False
24155318,unavailable,pubget,,False
24155321,unavailable,pubget,,False
24161536,unavailable,pubget,,False
24162516,unavailable,pubget,,False
24168381,unavailable,pubget,,False
24171732,unavailable,pubget,,False
24174207,unavailable,pubget,,False
24176651,unavailable,pubget,,False
24176981,unavailable,pubget,,False
24183466,unavailable,pubget,,False
24183567,unavailable,pubget,,False
24184576,unavailable,pubget,,False
24191059,unavailable,pubget,,False
24192754,unavailable,pubget,,False
24194577,unavailable,pubget,,False
24200205,unavailable,pubget,,False
24201011,unavailable,pubget,,False
24209777,unavailable,pubget,,False
24210442,unavailable,pubget,,False
24211410,unavailable,pubget,,False
24211982,unavailable,pubget,,False
24212504,unavailable,pubget,,False
24217067,unavailable,pubget,,False
24221921,unavailable,pubget,,False
24222405,unavailable,pubget,,False
24222759,unavailable,pubget,,False
24234183,unavailable,pubget,,False
24234804,unavailable,pubget,,False
24235292,unavailable,pubget,,False
24236354,unavailable,pubget,,False
24238843,unavailable,pubget,,False
24239093,unavailable,pubget,,False
24240987,unavailable,pubget,,False
24243441,unavailable,pubget,,False
24243552,unavailable,pubget,,False
24247004,unavailable,pubget,,False
24247250,unavailable,pubget,,False
24256746,unavailable,pubget,,False
24259567,unavailable,pubget,,False
24259581,unavailable,pubget,,False
24262200,unavailable,pubget,,False
24262681,unavailable,pubget,,False
24262800,unavailable,pubget,,False
24267664,unavailable,pubget,,False
24268546,unavailable,pubget,,False
24268934,unavailable,pubget,,False
24269575,unavailable,pubget,,False
24269802,unavailable,pubget,,False
24269938,unavailable,pubget,,False
24273335,unavailable,pubget,,False
24275006,unavailable,pubget,,False
24275075,unavailable,pubget,,False
24277511,unavailable,pubget,,False
24280637,unavailable,pubget,,False
24290464,unavailable,pubget,,False
24290728,unavailable,pubget,,False
24291524,unavailable,pubget,,False
24293161,unavailable,pubget,,False
24294351,unavailable,pubget,,False
24295635,unavailable,pubget,,False
24296366,unavailable,pubget,,False
24296894,unavailable,pubget,,False
24297329,unavailable,pubget,,True
24297675,unavailable,pubget,,False
24298194,unavailable,pubget,,False
24301987,unavailable,pubget,,False
24302696,unavailable,pubget,,False
24305832,unavailable,pubget,,False
24307490,unavailable,pubget,,False
24307677,unavailable,pubget,,False
24308559,unavailable,pubget,,False
24313336,unavailable,pubget,,False
24314147,unavailable,pubget,,False
24315838,unavailable,pubget,,False
24316549,unavailable,pubget,,False
24319305,unavailable,pubget,,False
24320519,unavailable,pubget,,False
24321306,unavailable,pubget,,False
24322820,unavailable,pubget,,False
24329128,unavailable,pubget,,False
24331265,unavailable,pubget,,False
24332890,unavailable,pubget,,False
24338845,unavailable,pubget,,False
24345389,unavailable,pubget,,False
24345533,unavailable,pubget,,False
24345673,unavailable,pubget,,False
24347363,unavailable,pubget,,False
24351296,unavailable,pubget,,False
24352377,unavailable,pubget,,False
24354514,unavailable,pubget,,False
24357070,unavailable,pubget,,False
24357099,unavailable,pubget,,False
24357570,unavailable,pubget,,False
24359488,unavailable,pubget,,False
24359877,unavailable,pubget,,False
24359970,unavailable,pubget,,False
24365484,unavailable,pubget,,False
24365486,unavailable,pubget,,False
24366558,unavailable,pubget,,False
24366757,unavailable,pubget,,False
24368264,unavailable,pubget,,False
24368777,unavailable,pubget,,False
24370468,unavailable,pubget,,False
24370569,unavailable,pubget,,False
24371094,unavailable,pubget,,False
24371128,unavailable,pubget,,False
24373804,unavailable,pubget,,False
24373986,unavailable,pubget,,False
24374054,unavailable,pubget,,False
24375898,unavailable,pubget,,False
24380042,unavailable,pubget,,False
24381231,unavailable,pubget,,False
24384153,unavailable,pubget,,False
24387823,unavailable,pubget,,False
24389047,unavailable,pubget,,False
24389161,unavailable,pubget,,False
24389422,unavailable,pubget,,False
24389439,unavailable,pubget,,False
24390655,unavailable,pubget,,False
24394347,unavailable,pubget,,False
24396008,unavailable,pubget,,False
24402653,unavailable,pubget,,False
24403137,unavailable,pubget,,False
24403280,unavailable,pubget,,False
24407914,unavailable,pubget,,False
24412649,unavailable,pubget,,False
24412799,unavailable,pubget,,False
24414278,unavailable,pubget,,False
24417550,unavailable,pubget,,False
24417611,unavailable,pubget,,False
24418507,unavailable,pubget,,False
24420764,unavailable,pubget,,False
24421409,unavailable,pubget,,False
24424423,unavailable,pubget,,False
24424576,unavailable,pubget,,False
24431447,unavailable,pubget,,False
24431451,unavailable,pubget,,False
24434074,unavailable,pubget,,True
24434600,unavailable,pubget,,False
24438492,unavailable,pubget,,False
24440751,unavailable,pubget,,False
24443693,unavailable,pubget,,False
24444739,unavailable,pubget,,False
24445408,unavailable,pubget,,False
24446548,unavailable,pubget,,False
24447598,unavailable,pubget,,False
24451660,unavailable,pubget,,False
24453107,unavailable,pubget,,False
24453176,unavailable,pubget,,True
24457067,unavailable,pubget,,False
24464941,unavailable,pubget,,False
24468407,unavailable,pubget,,False
24468408,unavailable,pubget,,False
24468409,unavailable,pubget,,False
24469099,unavailable,pubget,,False
24471481,unavailable,pubget,,False
24472622,unavailable,pubget,,True
24473101,unavailable,pubget,,False
24475817,unavailable,pubget,,False
24478354,unavailable,pubget,,False
24482092,unavailable,pubget,,False
24485466,unavailable,pubget,,False
24486613,unavailable,pubget,,False
24486981,unavailable,pubget,,False
24487017,unavailable,pubget,,False
24491458,unavailable,pubget,,False
24491951,unavailable,pubget,,False
24492661,unavailable,pubget,,False
24493836,unavailable,pubget,,False
24495089,unavailable,pubget,,False
24495660,unavailable,pubget,,False
24501382,unavailable,pubget,,False
24502937,unavailable,pubget,,False
24505676,unavailable,pubget,,False
24505812,unavailable,pubget,,False
24505814,unavailable,pubget,,False
24507118,unavailable,pubget,,False
24508744,unavailable,pubget,,False
24509088,unavailable,pubget,,False
24512799,unavailable,pubget,,False
24513232,unavailable,pubget,,False
24513387,unavailable,pubget,,False
24522972,unavailable,pubget,,False
24523255,unavailable,pubget,,False
24524705,unavailable,pubget,,False
24526181,unavailable,pubget,,False
24526187,unavailable,pubget,,False
24526804,unavailable,pubget,,False
24528168,unavailable,pubget,,False
24530294,unavailable,pubget,,False
24530436,unavailable,pubget,,False
24531048,unavailable,pubget,,False
24532392,unavailable,pubget,,False
24532997,unavailable,pubget,,False
24533988,unavailable,pubget,,False
24534814,unavailable,pubget,,False
24549705,unavailable,pubget,,False
24553150,unavailable,pubget,,False
24553284,unavailable,pubget,,False
24553940,unavailable,pubget,,False
24557502,unavailable,pubget,,True
24560581,unavailable,pubget,,False
24561922,unavailable,pubget,,False
24562822,unavailable,pubget,,False
24562867,unavailable,pubget,,True
24570013,unavailable,pubget,,False
24573279,unavailable,pubget,,False
24575774,unavailable,pubget,,False
24575849,unavailable,pubget,,False
24578016,unavailable,pubget,,False
24578196,unavailable,pubget,,False
24581734,unavailable,pubget,,False
24582905,unavailable,pubget,,False
24582920,unavailable,pubget,,False
24583040,unavailable,pubget,,False
24583254,unavailable,pubget,,False
24583653,unavailable,pubget,,False
24585739,unavailable,pubget,,False
24591523,unavailable,pubget,,False
24593696,unavailable,pubget,,True
24593796,unavailable,pubget,,False
24595339,unavailable,pubget,,False
24595922,unavailable,pubget,,False
24602827,unavailable,pubget,,False
24606178,unavailable,pubget,,False
24606324,unavailable,pubget,,False
24607883,unavailable,pubget,,False
24612926,unavailable,pubget,,False
24613447,unavailable,pubget,,False
24613940,unavailable,pubget,,False
24614643,unavailable,pubget,,False
24615858,unavailable,pubget,,False
24617815,unavailable,pubget,,False
24619536,unavailable,pubget,,False
24619790,unavailable,pubget,,False
24621494,unavailable,pubget,,False
24629510,unavailable,pubget,,False
24631963,unavailable,pubget,,False
24633631,unavailable,pubget,,False
24633738,unavailable,pubget,,False
24639328,unavailable,pubget,,False
24639383,unavailable,pubget,,True
24639411,unavailable,pubget,,False
24642287,unavailable,pubget,,False
24642381,unavailable,pubget,,False
24642422,unavailable,pubget,,False
24647939,unavailable,pubget,,False
24648366,unavailable,pubget,,False
24652346,unavailable,pubget,,False
24656506,unavailable,pubget,,False
24657305,unavailable,pubget,,False
24657778,unavailable,pubget,,False
24657876,unavailable,pubget,,False
24659134,unavailable,pubget,,True
24659678,unavailable,pubget,,False
24661456,unavailable,pubget,,False
24661911,unavailable,pubget,,False
24662576,unavailable,pubget,,False
24664509,unavailable,pubget,,False
24671338,unavailable,pubget,,False
24672000,unavailable,pubget,,False
24672002,unavailable,pubget,,False
24675159,unavailable,pubget,,False
24675649,unavailable,pubget,,False
24675869,unavailable,pubget,,False
24677151,unavailable,pubget,,False
24677429,unavailable,pubget,,False
24679850,unavailable,pubget,,False
24681435,unavailable,pubget,,False
24682187,unavailable,pubget,,False
24683964,unavailable,pubget,,False
24683989,unavailable,pubget,,True
24690243,unavailable,pubget,,False
24692121,unavailable,pubget,,False
24692319,unavailable,pubget,,False
24695275,unavailable,pubget,,False
24695711,unavailable,pubget,,False
24695720,unavailable,pubget,,False
24699035,unavailable,pubget,,False
24704944,unavailable,pubget,,False
24704947,unavailable,pubget,,False
24705200,unavailable,pubget,,False
24705568,unavailable,pubget,,False
24709370,unavailable,pubget,,True
24710161,unavailable,pubget,,False
24710652,unavailable,pubget,,False
24714209,unavailable,pubget,,False
24721006,unavailable,pubget,,False
24725071,unavailable,pubget,,False
24725141,unavailable,pubget,,False
24726752,unavailable,pubget,,False
24729034,unavailable,pubget,,False
24729172,unavailable,pubget,,False
24734884,unavailable,pubget,,False
24736173,unavailable,pubget,,False
24736181,unavailable,pubget,,False
24736936,unavailable,pubget,,False
24737115,unavailable,pubget,,True
24738536,unavailable,pubget,,True
24742227,unavailable,pubget,,False
24742920,unavailable,pubget,,False
24744200,unavailable,pubget,,False
24745955,unavailable,pubget,,False
24745956,unavailable,pubget,,False
24746497,unavailable,pubget,,False
24753083,unavailable,pubget,,False
24760360,unavailable,pubget,,False
24760847,unavailable,pubget,,False
24760946,unavailable,pubget,,False
24760977,unavailable,pubget,,False
24762196,unavailable,pubget,,False
24766069,unavailable,pubget,,False
24767950,unavailable,pubget,,False
24768148,unavailable,pubget,,False
24772453,unavailable,pubget,,False
24773099,unavailable,pubget,,False
24773415,unavailable,pubget,,True
24777386,unavailable,pubget,,False
24780786,unavailable,pubget,,False
24785009,unavailable,pubget,,False
24794802,unavailable,pubget,,False
24794918,unavailable,pubget,,False
24796646,unavailable,pubget,,False
24801219,unavailable,pubget,,False
24804953,unavailable,pubget,,False
24807470,unavailable,pubget,,False
24807817,unavailable,pubget,,False
24809277,unavailable,pubget,,False
24809810,unavailable,pubget,,False
24810401,unavailable,pubget,,False
24810870,unavailable,pubget,,False
24811608,unavailable,pubget,,False
24814210,unavailable,pubget,,False
24814910,unavailable,pubget,,False
24821530,unavailable,pubget,,False
24828546,unavailable,pubget,,False
24828642,unavailable,pubget,,False
24830839,unavailable,pubget,,False
24834973,unavailable,pubget,,False
24837105,unavailable,pubget,,False
24837443,unavailable,pubget,,False
24837705,unavailable,pubget,,False
24841112,unavailable,pubget,,False
24845600,unavailable,pubget,,False
24847113,unavailable,pubget,,False
24848466,unavailable,pubget,,False
24848477,unavailable,pubget,,False
24856460,unavailable,pubget,,False
24856553,unavailable,pubget,,False
24856561,unavailable,pubget,,False
24857826,unavailable,pubget,,False
24858066,unavailable,pubget,,False
24859803,unavailable,pubget,,False
24862389,unavailable,pubget,,False
24862983,unavailable,pubget,,False
24867353,unavailable,pubget,,False
24867610,unavailable,pubget,,False
24867864,unavailable,pubget,,False
24869631,unavailable,pubget,,False
24874884,unavailable,pubget,,False
24875143,unavailable,pubget,,False
24875691,unavailable,pubget,,False
24875939,unavailable,pubget,,False
24882568,unavailable,pubget,,False
24890842,unavailable,pubget,,False
24890898,unavailable,pubget,,False
24893344,unavailable,pubget,,False
24893737,unavailable,pubget,,False
24893907,unavailable,pubget,,False
24895735,unavailable,pubget,,False
24898924,unavailable,pubget,,True
24899722,unavailable,pubget,,False
24899946,unavailable,pubget,,False
24903708,unavailable,pubget,,False
24904075,unavailable,pubget,,False
24907446,unavailable,pubget,,False
24907484,unavailable,pubget,,False
24907485,unavailable,pubget,,False
24910070,unavailable,pubget,,False
24910321,unavailable,pubget,,False
24911376,unavailable,pubget,,False
24912028,unavailable,pubget,,False
24912070,unavailable,pubget,,False
24914059,unavailable,pubget,,False
24916094,unavailable,pubget,,False
24918525,unavailable,pubget,,False
24920613,unavailable,pubget,,False
24925698,unavailable,pubget,,False
24929553,unavailable,pubget,,False
24929635,unavailable,pubget,,True
24931140,unavailable,pubget,,False
24935778,unavailable,pubget,,False
24936549,unavailable,pubget,,False
24937269,unavailable,pubget,,False
24938422,unavailable,pubget,,False
24942498,unavailable,pubget,,False
24946314,unavailable,pubget,,False
24947462,unavailable,pubget,,False
24948034,unavailable,pubget,,False
24948157,unavailable,pubget,,False
24953512,unavailable,pubget,,False
24954512,unavailable,pubget,,False
24954834,unavailable,pubget,,False
24955920,unavailable,pubget,,False
24958241,unavailable,pubget,,False
24960045,unavailable,pubget,,False
24960047,unavailable,pubget,,False
24961944,unavailable,pubget,,False
24962992,unavailable,pubget,,False
24963641,unavailable,pubget,,False
24968573,unavailable,pubget,,False
24969050,unavailable,pubget,,False
24969539,unavailable,pubget,,False
24971708,unavailable,pubget,,False
24971826,unavailable,pubget,,False
24973255,unavailable,pubget,,False
24973756,unavailable,pubget,,False
24976498,unavailable,pubget,,False
24976929,unavailable,pubget,,False
24982140,unavailable,pubget,,False
24982822,unavailable,pubget,,False
24986218,unavailable,pubget,,False
24986714,unavailable,pubget,,False
24989406,unavailable,pubget,,False
24990921,unavailable,pubget,,False
24994547,unavailable,pubget,,False
24996119,unavailable,pubget,,False
24996404,unavailable,pubget,,False
24999040,unavailable,pubget,,False
24999661,unavailable,pubget,,False
25000313,unavailable,pubget,,False
25000498,unavailable,pubget,,False
25000524,unavailable,pubget,,False
25001038,unavailable,pubget,,False
25008350,unavailable,pubget,,False
25009315,unavailable,pubget,,False
25010371,unavailable,pubget,,False
25012094,unavailable,pubget,,False
25012096,unavailable,pubget,,True
25012415,unavailable,pubget,,False
25014407,unavailable,pubget,,False
25014614,unavailable,pubget,,False
25015401,unavailable,pubget,,False
25017050,unavailable,pubget,,False
25031254,unavailable,pubget,,False
25032494,unavailable,pubget,,False
25035298,unavailable,pubget,,False
25036008,unavailable,pubget,,False
25037283,unavailable,pubget,,False
25037525,unavailable,pubget,,False
25037555,unavailable,pubget,,False
25037922,unavailable,pubget,,True
25038426,unavailable,pubget,,True
25038438,unavailable,pubget,,False
25039124,unavailable,pubget,,False
25040580,unavailable,pubget,,False
25040779,unavailable,pubget,,False
25042764,unavailable,pubget,,False
25043494,unavailable,pubget,,False
25044370,unavailable,pubget,,True
25045065,unavailable,pubget,,False
25052708,unavailable,pubget,,False
25054061,unavailable,pubget,,False
25055809,unavailable,pubget,,False
25059532,unavailable,pubget,,False
25064666,unavailable,pubget,,False
25065602,unavailable,pubget,,False
25065732,unavailable,pubget,,False
25066091,unavailable,pubget,,False
25066449,unavailable,pubget,,False
25066663,unavailable,pubget,,False
25067812,unavailable,pubget,,False
25073167,unavailable,pubget,,False
25075083,unavailable,pubget,,False
25075776,unavailable,pubget,,False
25080601,unavailable,pubget,,False
25082062,unavailable,pubget,,False
25085721,unavailable,pubget,,False
25085883,unavailable,pubget,,False
25086547,unavailable,pubget,,False
25086555,unavailable,pubget,,False
25087482,unavailable,pubget,,False
25088392,unavailable,pubget,,False
25092525,unavailable,pubget,,False
25092900,unavailable,pubget,,False
25093540,unavailable,pubget,,False
25096286,unavailable,pubget,,False
25098351,unavailable,pubget,,False
25100166,unavailable,pubget,,False
25100590,unavailable,pubget,,False
25101864,unavailable,pubget,,False
25104195,unavailable,pubget,,False
25106072,unavailable,pubget,,False
25107615,unavailable,pubget,,True
25111033,unavailable,pubget,,False
25111444,unavailable,pubget,,False
25111471,unavailable,pubget,,False
25114070,unavailable,pubget,,False
25119145,unavailable,pubget,,False
25119874,unavailable,pubget,,False
25123110,unavailable,pubget,,False
25127927,unavailable,pubget,,False
25129023,unavailable,pubget,,False
25129599,unavailable,pubget,,False
25130561,unavailable,pubget,,False
25138546,unavailable,pubget,,False
25139308,unavailable,pubget,,False
25139625,unavailable,pubget,,False
25143600,unavailable,pubget,,False
25146374,unavailable,pubget,,True
25150553,unavailable,pubget,,False
25151425,unavailable,pubget,,False
25156697,unavailable,pubget,,False
25158673,unavailable,pubget,,False
25160043,unavailable,pubget,,False
25164120,unavailable,pubget,,False
25164357,unavailable,pubget,,False
25164675,unavailable,pubget,,False
25165065,unavailable,pubget,,False
25171805,unavailable,pubget,,False
25172183,unavailable,pubget,,False
25172207,unavailable,pubget,,False
25173413,unavailable,pubget,,False
25174680,unavailable,pubget,,False
25178438,unavailable,pubget,,False
25178986,unavailable,pubget,,False
25180304,unavailable,pubget,,True
25181448,unavailable,pubget,,False
25182478,unavailable,pubget,,False
25182664,unavailable,pubget,,False
25183168,unavailable,pubget,,False
25183212,unavailable,pubget,,False
25186392,unavailable,pubget,,False
25192244,unavailable,pubget,,True
25193358,unavailable,pubget,,False
25193949,unavailable,pubget,,False
25194208,unavailable,pubget,,False
25194587,unavailable,pubget,,False
25196509,unavailable,pubget,,False
25204866,unavailable,pubget,,False
25205006,unavailable,pubget,,False
25205659,unavailable,pubget,,False
25205663,unavailable,pubget,,False
25206932,unavailable,pubget,,False
25210055,unavailable,pubget,,False
25211629,unavailable,pubget,,False
25218099,unavailable,pubget,,False
25219259,unavailable,pubget,,False
25220389,unavailable,pubget,,False
25222292,unavailable,pubget,,False
25223606,unavailable,pubget,,False
25223844,unavailable,pubget,,False
25225001,unavailable,pubget,,False
25227004,unavailable,pubget,,False
25227006,unavailable,pubget,,False
25232884,unavailable,pubget,,False
25234120,unavailable,pubget,,False
25240323,unavailable,pubget,,False
25241043,unavailable,pubget,,False
25243988,unavailable,pubget,,False
25243993,unavailable,pubget,,False
25244436,unavailable,pubget,,False
25245303,unavailable,pubget,,False
25246047,unavailable,pubget,,False
25246146,unavailable,pubget,,False
25247627,unavailable,pubget,,False
25248430,unavailable,pubget,,False
25249057,unavailable,pubget,,False
25249170,unavailable,pubget,,False
25249406,unavailable,pubget,,True
25250207,unavailable,pubget,,False
25251019,unavailable,pubget,,False
25252868,unavailable,pubget,,False
25253050,unavailable,pubget,,False
25253845,unavailable,pubget,,False
25257103,unavailable,pubget,,False
25258307,unavailable,pubget,,False
25260799,unavailable,pubget,,False
25261001,unavailable,pubget,,False
25264353,unavailable,pubget,,False
25265249,unavailable,pubget,,False
25265551,unavailable,pubget,,False
25267816,unavailable,pubget,,False
25269517,unavailable,pubget,,False
25270364,unavailable,pubget,,False
25271132,unavailable,pubget,,False
25274897,unavailable,pubget,,False
25277236,unavailable,pubget,,False
25279725,unavailable,pubget,,False
25281280,unavailable,pubget,,False
25284302,unavailable,pubget,,False
25284303,unavailable,pubget,,False
25285453,unavailable,pubget,,False
25287687,unavailable,pubget,,False
25289490,unavailable,pubget,,False
25290886,unavailable,pubget,,False
25292268,unavailable,pubget,,False
25292351,unavailable,pubget,,False
25294782,unavailable,pubget,,False
25296367,unavailable,pubget,,False
25296614,unavailable,pubget,,False
25298010,unavailable,pubget,,False
25301551,unavailable,pubget,,False
25303889,unavailable,pubget,,False
25305700,unavailable,pubget,,False
25307619,unavailable,pubget,,False
25308249,unavailable,pubget,,False
25308823,unavailable,pubget,,False
25312831,unavailable,pubget,,False
25313657,unavailable,pubget,,False
25315785,unavailable,pubget,,False
25316238,unavailable,pubget,,False
25319706,unavailable,pubget,,False
25320515,unavailable,pubget,,False
25322264,unavailable,pubget,,False
25326039,unavailable,pubget,,False
25327308,unavailable,pubget,,False
25327879,unavailable,pubget,,False
25331606,unavailable,pubget,,False
25335914,unavailable,pubget,,False
25336321,unavailable,pubget,,False
25338631,unavailable,pubget,,False
25338757,unavailable,pubget,,False
25339740,unavailable,pubget,,False
25339755,unavailable,pubget,,False
25344629,unavailable,pubget,,False
25352455,unavailable,pubget,,False
25354093,unavailable,pubget,,False
25354135,unavailable,pubget,,False
25355487,unavailable,pubget,,False
25358714,unavailable,pubget,,False
25359589,unavailable,pubget,,False
25359694,unavailable,pubget,,False
25365936,unavailable,pubget,,False
25366500,unavailable,pubget,,False
25374354,unavailable,pubget,,False
25378154,unavailable,pubget,,False
25382193,unavailable,pubget,,False
25382787,unavailable,pubget,,False
25383262,unavailable,pubget,,True
25384054,unavailable,pubget,,False
25385213,unavailable,pubget,,True
25388082,unavailable,pubget,,False
25390185,unavailable,pubget,,False
25392519,unavailable,pubget,,False
25393934,unavailable,pubget,,False
25397622,unavailable,pubget,,False
25400047,unavailable,pubget,,False
25400292,unavailable,pubget,,False
25409934,unavailable,pubget,,False
25411150,unavailable,pubget,,False
25413417,unavailable,pubget,,False
25413551,unavailable,pubget,,False
25413603,unavailable,pubget,,False
25416740,unavailable,pubget,,False
25418860,unavailable,pubget,,False
25420254,unavailable,pubget,,False
25426823,unavailable,pubget,,False
25428212,unavailable,pubget,,False
25438304,unavailable,pubget,,True
25439177,unavailable,pubget,,False
25440340,unavailable,pubget,,False
25441501,unavailable,pubget,,False
25443857,unavailable,pubget,,False
25444089,unavailable,pubget,,False
25444164,unavailable,pubget,,True
25444535,unavailable,pubget,,False
25445055,unavailable,pubget,,False
25445057,unavailable,pubget,,False
25445239,unavailable,pubget,,False
25445775,unavailable,pubget,,False
25445778,unavailable,pubget,,False
25445785,unavailable,pubget,,False
25445839,unavailable,pubget,,False
25446003,unavailable,pubget,,False
25446365,unavailable,pubget,,False
25446951,unavailable,pubget,,False
25446966,unavailable,pubget,,False
25446970,unavailable,pubget,,False
25449160,unavailable,pubget,,False
25449530,unavailable,pubget,,False
25449743,unavailable,pubget,,False
25449746,unavailable,pubget,,True
25450109,unavailable,pubget,,False
25450147,unavailable,pubget,,False
25451389,unavailable,pubget,,False
25451474,unavailable,pubget,,False
25453165,unavailable,pubget,,False
25453990,unavailable,pubget,,False
25455344,unavailable,pubget,,False
25455744,unavailable,pubget,,False
25456520,unavailable,pubget,,False
25457931,unavailable,pubget,,False
25458029,unavailable,pubget,,False
25458308,unavailable,pubget,,True
25461711,unavailable,pubget,,False
25461916,unavailable,pubget,,False
25462037,unavailable,pubget,,False
25463450,unavailable,pubget,,False
25463464,unavailable,pubget,,False
25463821,unavailable,pubget,,False
25464758,unavailable,pubget,,True
25464916,unavailable,pubget,,False
25464921,unavailable,pubget,,False
25466258,unavailable,pubget,,False
25467303,unavailable,pubget,,False
25468144,unavailable,pubget,,False
25468173,unavailable,pubget,,False
25469481,unavailable,pubget,,False
25472845,unavailable,pubget,,False
25476415,unavailable,pubget,,True
25477246,unavailable,pubget,,True
25477367,unavailable,pubget,,False
25480839,unavailable,pubget,,False
25480912,unavailable,pubget,,False
25481413,unavailable,pubget,,False
25481542,unavailable,pubget,,False
25483401,unavailable,pubget,,False
25485375,unavailable,pubget,,False
25485712,unavailable,pubget,,False
25485743,unavailable,pubget,,False
25485789,unavailable,pubget,,False
25487911,unavailable,pubget,,True
25488206,unavailable,pubget,,False
25496329,unavailable,pubget,,False
25496871,unavailable,pubget,,True
25497398,unavailable,pubget,,False
25497690,unavailable,pubget,,False
25498951,unavailable,pubget,,False
25499132,unavailable,pubget,,False
25500359,unavailable,pubget,,False
25504834,unavailable,pubget,,False
25504964,unavailable,pubget,,False
25506108,unavailable,pubget,,False
25506752,unavailable,pubget,,False
25514112,unavailable,pubget,,False
25514334,unavailable,pubget,,False
25515329,unavailable,pubget,,False
25515348,unavailable,pubget,,False
25519454,unavailable,pubget,,False
25526821,unavailable,pubget,,False
25527206,unavailable,pubget,,False
25528436,unavailable,pubget,,False
25529014,unavailable,pubget,,True
25530824,unavailable,pubget,,True
25531502,unavailable,pubget,,False
25532443,unavailable,pubget,,False
25532865,unavailable,pubget,,False
25534114,unavailable,pubget,,False
25536499,unavailable,pubget,,False
25538009,unavailable,pubget,,False
25541862,unavailable,pubget,,False
25542533,unavailable,pubget,,False
25546484,unavailable,pubget,,False
25547320,unavailable,pubget,,False
25552571,unavailable,pubget,,False
25555505,unavailable,pubget,,False
25556425,unavailable,pubget,,False
25557318,unavailable,pubget,,False
25560201,unavailable,pubget,,False
25560298,unavailable,pubget,,True
25570124,unavailable,pubget,,False
25570125,unavailable,pubget,,False
25570385,unavailable,pubget,,False
25570386,unavailable,pubget,,False
25570387,unavailable,pubget,,False
25571467,unavailable,pubget,,True
25571531,unavailable,pubget,,False
25575449,unavailable,pubget,,True
25575881,unavailable,pubget,,False
25577575,unavailable,pubget,,False
25581237,unavailable,pubget,,False
25583615,unavailable,pubget,,False
25585276,unavailable,pubget,,False
25586959,unavailable,pubget,,False
25589757,unavailable,pubget,,False
25591421,unavailable,pubget,,False
25591595,unavailable,pubget,,False
25592958,unavailable,pubget,,False
25592995,unavailable,pubget,,False
25592998,unavailable,pubget,,False
25595500,unavailable,pubget,,False
25595984,unavailable,pubget,,False
25597655,unavailable,pubget,,False
25598397,unavailable,pubget,,False
25599972,unavailable,pubget,,False
25599979,unavailable,pubget,,False
25601007,unavailable,pubget,,False
25601237,unavailable,pubget,,False
25605923,unavailable,pubget,,False
25609611,unavailable,pubget,,False
25609637,unavailable,pubget,,False
25613405,unavailable,pubget,,False
25614233,unavailable,pubget,,True
25619848,unavailable,pubget,,False
25619989,unavailable,pubget,,False
25620492,unavailable,pubget,,False
25620606,unavailable,pubget,,True
25622772,unavailable,pubget,,False
25623396,unavailable,pubget,,False
25623843,unavailable,pubget,,False
25623847,unavailable,pubget,,False
25630223,unavailable,pubget,,False
25633017,unavailable,pubget,,False
25637357,unavailable,pubget,,False
25637472,unavailable,pubget,,False
25637804,unavailable,pubget,,False
25641572,unavailable,pubget,,False
25644421,unavailable,pubget,,False
25646442,unavailable,pubget,,False
25646497,unavailable,pubget,,False
25646795,unavailable,pubget,,False
25648842,unavailable,pubget,,False
25649655,unavailable,pubget,,False
25650106,unavailable,pubget,,False
25650552,unavailable,pubget,,False
25652023,unavailable,pubget,,False
25652048,unavailable,pubget,,False
25655120,unavailable,pubget,,False
25655559,unavailable,pubget,,False
25655608,unavailable,pubget,,False
25655909,unavailable,pubget,,False
25656317,unavailable,pubget,,False
25658632,unavailable,pubget,,False
25658635,unavailable,pubget,,False
25659234,unavailable,pubget,,True
25659477,unavailable,pubget,,False
25662837,unavailable,pubget,,False
25664702,unavailable,pubget,,False
25664956,unavailable,pubget,,False
25670029,unavailable,pubget,,False
25670645,unavailable,pubget,,False
25675392,unavailable,pubget,,False
25682348,unavailable,pubget,,False
25683798,unavailable,pubget,,False
25684065,unavailable,pubget,,False
25684726,unavailable,pubget,,False
25687593,unavailable,pubget,,False
25687596,unavailable,pubget,,False
25689679,unavailable,pubget,,False
25695644,unavailable,pubget,,False
25696517,unavailable,pubget,,False
25698758,unavailable,pubget,,False
25703620,unavailable,pubget,,False
25707397,unavailable,pubget,,False
25708324,unavailable,pubget,,True
25708866,unavailable,pubget,,False
25708908,unavailable,pubget,,False
25710832,unavailable,pubget,,False
25711502,unavailable,pubget,,False
25713810,unavailable,pubget,,False
25716308,unavailable,pubget,,False
25716841,unavailable,pubget,,False
25716844,unavailable,pubget,,False
25716853,unavailable,pubget,,False
25721269,unavailable,pubget,,False
25724321,unavailable,pubget,,False
25731128,unavailable,pubget,,False
25731754,unavailable,pubget,,False
25731903,unavailable,pubget,,False
25731995,unavailable,pubget,,False
25731996,unavailable,pubget,,False
25740505,unavailable,pubget,,False
25741734,unavailable,pubget,,False
25743045,unavailable,pubget,,False
25748228,unavailable,pubget,,False
25748306,unavailable,pubget,,False
25750690,unavailable,pubget,,False
25754658,unavailable,pubget,,False
25757996,unavailable,pubget,,False
25766483,unavailable,pubget,,False
25766839,unavailable,pubget,,True
25767034,unavailable,pubget,,False
25768002,unavailable,pubget,,False
25769376,unavailable,pubget,,False
25769901,unavailable,pubget,,False
25770991,unavailable,pubget,,False
25771712,unavailable,pubget,,False
25773611,unavailable,pubget,,False
25773994,unavailable,pubget,,False
25786598,unavailable,pubget,,False
25792898,unavailable,pubget,,False
25794263,unavailable,pubget,,True
25796300,unavailable,pubget,,False
25832914,unavailable,pubget,,False
25833968,unavailable,pubget,,False
25835427,unavailable,pubget,,False
25835556,unavailable,pubget,,False
25841712,unavailable,pubget,,False
25853627,unavailable,pubget,,False
25854932,unavailable,pubget,,False
25869157,unavailable,pubget,,False
25890144,unavailable,pubget,,False
25901776,unavailable,pubget,,False
25904826,unavailable,pubget,,False
25915553,unavailable,pubget,,False
25928680,unavailable,pubget,,False
25932663,unavailable,pubget,,False
25961587,unavailable,pubget,,False
25961589,unavailable,pubget,,False
25961591,unavailable,pubget,,False
25966573,unavailable,pubget,,True
25984554,unavailable,pubget,,False
25997918,unavailable,pubget,,False
26023254,unavailable,pubget,,False
26024465,unavailable,pubget,,False
26052560,unavailable,pubget,,False
26059389,unavailable,pubget,,False
26139954,unavailable,pubget,,False
26157973,unavailable,pubget,,False
26157983,unavailable,pubget,,False
26160982,unavailable,pubget,,False
26165002,unavailable,pubget,,False
26165305,unavailable,pubget,,True
26167546,unavailable,pubget,,False
26218510,unavailable,pubget,,False
26236069,unavailable,pubget,,False
26238813,unavailable,pubget,,True
26262132,unavailable,pubget,,False
26271497,unavailable,pubget,,False
26302473,unavailable,pubget,,False
26304244,unavailable,pubget,,False
26305064,unavailable,pubget,,False
26357911,unavailable,pubget,,False
26366052,unavailable,pubget,,False
26378725,unavailable,pubget,,False
26402006,unavailable,pubget,,False
26410528,unavailable,pubget,,True
26431738,unavailable,pubget,,False
26484697,unavailable,pubget,,False
26516631,unavailable,pubget,,False
26550318,unavailable,pubget,,False
26561044,unavailable,pubget,,False
26581388,unavailable,pubget,,False
26684070,unavailable,pubget,,False
26684072,unavailable,pubget,,False
26736635,unavailable,pubget,,False
26770429,unavailable,pubget,,False
26784290,unavailable,pubget,,False
26787633,unavailable,pubget,,False
26881188,unavailable,pubget,,False
26885034,unavailable,pubget,,False
26952804,unavailable,pubget,,False
26989800,unavailable,pubget,,False
26989921,unavailable,pubget,,True
27156660,unavailable,pubget,,False
27156725,unavailable,pubget,,False
27157232,unavailable,pubget,,False
27157669,unavailable,pubget,,False
27157707,unavailable,pubget,,False
27158013,unavailable,pubget,,False
27158109,unavailable,pubget,,False
28360576,unavailable,pubget,,False
28519045,unavailable,pubget,,False
28519634,unavailable,pubget,,False
28519978,unavailable,pubget,,False
28519993,unavailable,pubget,,False
28539763,unavailable,pubget,,False
29200591,unavailable,pubget,,False
29367796,unavailable,pubget,,False
30533112,unavailable,pubget,,False
30713779,unavailable,pubget,,False
30754124,unavailable,pubget,,False
31051761,unavailable,pubget,,False
31423042,unavailable,pubget,,False
33169038,unavailable,pubget,,False
8978389,unavailable,pubget,,False
8987760,unavailable,pubget,,False
8988735,unavailable,pubget,,False
9014457,unavailable,pubget,,False
9015070,unavailable,pubget,,False
9016218,unavailable,pubget,,False
9024188,unavailable,pubget,,False
9038285,unavailable,pubget,,False
9050403,unavailable,pubget,,False
9050960,unavailable,pubget,,False
9055803,unavailable,pubget,,False
9056277,unavailable,pubget,,False
9059757,unavailable,pubget,,False
9059758,unavailable,pubget,,False
9064629,unavailable,pubget,,False
9070601,unavailable,pubget,,False
9076641,unavailable,pubget,,False
9080429,unavailable,pubget,,True
9080445,unavailable,pubget,,False
9080448,unavailable,pubget,,False
9086469,unavailable,pubget,,False
9088881,unavailable,pubget,,False
9088971,unavailable,pubget,,False
9096152,unavailable,pubget,,False
9099520,unavailable,pubget,,False
9101323,unavailable,pubget,,False
9103996,unavailable,pubget,,False
9106749,unavailable,pubget,,False
9107663,unavailable,pubget,,False
9109891,unavailable,pubget,,False
9110329,unavailable,pubget,,True
9112586,unavailable,pubget,,False
9114082,unavailable,pubget,,False
9119907,unavailable,pubget,,False
9121583,unavailable,pubget,,False
9121584,unavailable,pubget,,False
9126062,unavailable,pubget,,False
9126402,unavailable,pubget,,False
9129189,unavailable,pubget,,True
9138041,unavailable,pubget,,False
9141052,unavailable,pubget,,False
9151747,unavailable,pubget,,False
9153482,unavailable,pubget,,False
9153522,unavailable,pubget,,False
9153677,unavailable,pubget,,True
9169548,unavailable,pubget,,False
9175095,unavailable,pubget,,False
9175125,unavailable,pubget,,False
9175130,unavailable,pubget,,False
9175134,unavailable,pubget,,True
9175896,unavailable,pubget,,False
9177249,unavailable,pubget,,True
9177951,unavailable,pubget,,False
9182959,unavailable,pubget,,False
9183338,unavailable,pubget,,False
9184888,unavailable,pubget,,False
9186043,unavailable,pubget,,False
9187292,unavailable,pubget,,True
9189915,unavailable,pubget,,False
9192679,unavailable,pubget,,False
9194135,unavailable,pubget,,False
9212281,unavailable,pubget,,False
9212720,unavailable,pubget,,False
9213686,unavailable,pubget,,False
9214503,unavailable,pubget,,False
9220220,unavailable,pubget,,False
9223090,unavailable,pubget,,True
9223094,unavailable,pubget,,False
9234470,unavailable,pubget,,True
9236697,unavailable,pubget,,False
9237433,unavailable,pubget,,False
9238495,unavailable,pubget,,True
9243644,unavailable,pubget,,False
9249955,unavailable,pubget,,False
9256370,unavailable,pubget,,False
9259453,unavailable,pubget,,False
9261575,unavailable,pubget,,True
9262998,unavailable,pubget,,False
9268812,unavailable,pubget,,False
9280681,unavailable,pubget,,False
9283100,unavailable,pubget,,False
9285718,unavailable,pubget,,False
9295098,unavailable,pubget,,False
9298400,unavailable,pubget,,False
9305814,unavailable,pubget,,False
9322400,unavailable,pubget,,False
9328254,unavailable,pubget,,False
9331920,unavailable,pubget,,False
9339439,unavailable,pubget,,False
9339448,unavailable,pubget,,False
9339452,unavailable,pubget,,False
9342097,unavailable,pubget,,False
9343992,unavailable,pubget,,False
9344822,unavailable,pubget,,False
9345549,unavailable,pubget,,False
9347486,unavailable,pubget,,True
9348545,unavailable,pubget,,False
9349315,unavailable,pubget,,False
9349676,unavailable,pubget,,False
9351656,unavailable,pubget,,False
9368123,unavailable,pubget,,False
9368932,unavailable,pubget,,False
9368935,unavailable,pubget,,False
9373799,unavailable,pubget,,False
9389586,unavailable,pubget,,False
9391021,unavailable,pubget,,False
9391022,unavailable,pubget,,False
9394230,unavailable,pubget,,False
9396944,unavailable,pubget,,False
9397427,unavailable,pubget,,False
9401596,unavailable,pubget,,False
9408041,unavailable,pubget,,False
9413882,unavailable,pubget,,True
9416644,unavailable,pubget,,False
9417973,unavailable,pubget,,False
9419036,unavailable,pubget,,False
9425182,unavailable,pubget,,False
9427311,unavailable,pubget,,False
9427353,unavailable,pubget,,True
9430342,unavailable,pubget,,False
9430503,unavailable,pubget,,False
9440828,unavailable,pubget,,False
9443056,unavailable,pubget,,False
9447498,unavailable,pubget,,False
9448244,unavailable,pubget,,False
9448258,unavailable,pubget,,False
9448576,unavailable,pubget,,False
9448773,unavailable,pubget,,False
9453855,unavailable,pubget,,False
9455178,unavailable,pubget,,False
9462459,unavailable,pubget,,False
9463874,unavailable,pubget,,False
9465008,unavailable,pubget,,False
9469157,unavailable,pubget,,False
9470127,unavailable,pubget,,False
9481762,unavailable,pubget,,False
9485067,unavailable,pubget,,False
9491989,unavailable,pubget,,False
9494412,unavailable,pubget,,False
9500833,unavailable,pubget,,False
9501235,unavailable,pubget,,False
9507970,unavailable,pubget,,False
9508267,unavailable,pubget,,False
9510217,unavailable,pubget,,False
9510380,unavailable,pubget,,False
9510384,unavailable,pubget,,False
9510387,unavailable,pubget,,False
9512397,unavailable,pubget,,False
9520553,unavailable,pubget,,False
9529946,unavailable,pubget,,False
9533143,unavailable,pubget,,False
9535981,unavailable,pubget,,False
9538909,unavailable,pubget,,False
9546493,unavailable,pubget,,False
9547077,unavailable,pubget,,False
9549687,unavailable,pubget,,True
9556942,unavailable,pubget,,False
9559925,unavailable,pubget,,False
9559944,unavailable,pubget,,False
9561986,unavailable,pubget,,False
9566374,unavailable,pubget,,False
9571103,unavailable,pubget,,False
9572503,unavailable,pubget,,False
9576541,unavailable,pubget,,True
9576825,unavailable,pubget,,False
9579955,unavailable,pubget,,False
9582242,unavailable,pubget,,False
9585356,unavailable,pubget,,False
9591574,unavailable,pubget,,False
9593941,unavailable,pubget,,False
9593960,unavailable,pubget,,False
9596341,unavailable,pubget,,False
9597657,unavailable,pubget,,False
9597658,unavailable,pubget,,False
9601664,unavailable,pubget,,False
9602663,unavailable,pubget,,False
9605668,unavailable,pubget,,False
9607516,unavailable,pubget,,False
9618570,unavailable,pubget,,False
9618746,unavailable,pubget,,False
9620697,unavailable,pubget,,False
9621969,unavailable,pubget,,False
9626672,unavailable,pubget,,False
9626674,unavailable,pubget,,False
9626713,unavailable,pubget,,True
9630142,unavailable,pubget,,False
9631470,unavailable,pubget,,False
9634568,unavailable,pubget,,False
9635207,unavailable,pubget,,False
9637279,unavailable,pubget,,False
9646874,unavailable,pubget,,False
9651128,unavailable,pubget,,False
9651614,unavailable,pubget,,False
9655492,unavailable,pubget,,False
9655624,unavailable,pubget,,False
9665622,unavailable,pubget,,False
9673660,unavailable,pubget,,False
9673662,unavailable,pubget,,False
9673663,unavailable,pubget,,False
9673671,unavailable,pubget,,False
9674567,unavailable,pubget,,False
9674576,unavailable,pubget,,False
9676437,unavailable,pubget,,False
9679777,unavailable,pubget,,False
9681588,unavailable,pubget,,False
9686785,unavailable,pubget,,False
9696384,unavailable,pubget,,False
9697863,unavailable,pubget,,False
9698191,unavailable,pubget,,False
9698571,unavailable,pubget,,False
9699694,unavailable,pubget,,False
9701351,unavailable,pubget,,False
9702707,unavailable,pubget,,False
9704261,unavailable,pubget,,False
9704268,unavailable,pubget,,False
9710022,unavailable,pubget,,False
9711703,unavailable,pubget,,False
9711754,unavailable,pubget,,False
9712582,unavailable,pubget,,False
9712683,unavailable,pubget,,False
9721927,unavailable,pubget,,False
9735432,unavailable,pubget,,False
9736662,unavailable,pubget,,False
9736764,unavailable,pubget,,False
9740756,unavailable,pubget,,False
9740757,unavailable,pubget,,False
9744957,unavailable,pubget,,False
9747607,unavailable,pubget,,False
9749748,unavailable,pubget,,False
9749754,unavailable,pubget,,False
9749761,unavailable,pubget,,False
9754116,unavailable,pubget,,False
9754438,unavailable,pubget,,False
9754701,unavailable,pubget,,False
9757340,unavailable,pubget,,False
9758738,unavailable,pubget,,False
9760136,unavailable,pubget,,False
9761587,unavailable,pubget,,False
9763386,unavailable,pubget,,False
9769027,unavailable,pubget,,False
9770222,unavailable,pubget,,False
9772107,unavailable,pubget,,False
9774166,unavailable,pubget,,False
9777284,unavailable,pubget,,False
9777480,unavailable,pubget,,False
9778189,unavailable,pubget,,False
9779715,unavailable,pubget,,False
9788075,unavailable,pubget,,False
9789725,unavailable,pubget,,False
9794011,unavailable,pubget,,True
9796318,unavailable,pubget,,False
9798071,unavailable,pubget,,False
9799347,unavailable,pubget,,False
9799627,unavailable,pubget,,False
9800236,unavailable,pubget,,False
9800714,unavailable,pubget,,False
9801380,unavailable,pubget,,False
9805319,unavailable,pubget,,False
9805320,unavailable,pubget,,True
9810479,unavailable,pubget,,False
9811554,unavailable,pubget,,False
9811557,unavailable,pubget,,False
9813403,unavailable,pubget,,False
9814782,unavailable,pubget,,False
9819271,unavailable,pubget,,False
9822099,unavailable,pubget,,False
9822874,unavailable,pubget,,False
9823480,unavailable,pubget,,False
9827774,unavailable,pubget,,True
9831165,unavailable,pubget,,False
9831471,unavailable,pubget,,False
9831743,unavailable,pubget,,True
9843238,unavailable,pubget,,False
9849722,unavailable,pubget,,False
9851491,unavailable,pubget,,False
9858007,unavailable,pubget,,False
9858384,unavailable,pubget,,False
9863701,unavailable,pubget,,False
9867232,unavailable,pubget,,False
9868706,unavailable,pubget,,False
9869705,unavailable,pubget,,True
9870415,unavailable,pubget,,False
9875541,unavailable,pubget,,False
9880046,unavailable,pubget,,False
9882087,unavailable,pubget,,False
9882089,unavailable,pubget,,False
9882090,unavailable,pubget,,False
9883733,unavailable,pubget,,False
9888394,unavailable,pubget,,False
9888404,unavailable,pubget,,False
9916518,unavailable,pubget,,False
9918733,unavailable,pubget,,False
9920476,unavailable,pubget,,False
9922086,unavailable,pubget,,False
9926099,unavailable,pubget,,False
9927549,unavailable,pubget,,False
9929652,unavailable,pubget,,False
9931622,unavailable,pubget,,False
9932121,unavailable,pubget,,False
9933352,unavailable,pubget,,False
9949819,unavailable,pubget,,False
9950063,unavailable,pubget,,False
9950068,unavailable,pubget,,False
9950069,unavailable,pubget,,False
9950711,unavailable,pubget,,True
9950716,unavailable,pubget,,False
9950717,unavailable,pubget,,False
9951219,unavailable,pubget,,False
9952263,unavailable,pubget,,False
9989433,unavailable,pubget,,False
9989556,unavailable,pubget,,False
