pmid,title,abstract,body
15528097,,,"Volume 23, Issue 3, November 2004, Pages 967-974

Brain activation associated with evaluative processes of guilt and embarrassment: an fMRI study

We aimed to investigate the neural substrates associated with evaluative process of moral emotions. Using functional magnetic resonance imaging (fMRI), we examined the similarities and differences between evaluative process of guilt and that of embarrassment at the neural basis level. Study of the neural basis of judgments of moral emotions might contribute to a better understanding of the amoral behavior observed in neurological and psychiatric disorders. Nineteen healthy volunteers were studied. The participants read sentences carrying neutral, guilty, or embarrassing contents during the scans. Both guilt and embarrassment conditions commonly activated the medial prefrontal cortex (MPFC), left posterior superior temporal sulcus (STS), and visual cortex. Compared to guilt condition, embarrassment condition produced greater activation in the right temporal cortex (anterior), bilateral hippocampus, and visual cortex. Most of these regions have been implicated in the neural substrate of social cognition or Theory of Mind (ToM). Our results support the idea that both are self-conscious emotions, which are social emotions requiring the ability to represent the mental states of others. At the same time, our functional fMRI data are in favor of the notion that evaluative process of embarrassment might be a more complex process than that of guilt.

Keywords

Introduction

Although there have been numerous neuroimaging studies on primary emotions (fear, disgust, happiness, and sadness) that have led to a better understanding of the neuroanatomical correlates of emotions (Phan et al., 2002), only a few studies on complex social emotions such as guilt, shame, and embarrassment have been reported. These social emotions have been viewed as moral emotions because they occur in response to moral violation and promote moral behavior, interpersonal etiquette, and personal hygiene (Eisenberg, 2000 and Haidt, 2003). At the same time, these emotions inhibit transgression of social standards and motivate reparative action such as apology, confession, and atonement.

Impairment of possessing the mental states of these moral emotions could lead to amoral, inappropriate behaviors observed in neurological and psychiatric disorders such as brain injuries (Anderson et al., 1999 and Beer et al., 2003), frontotemporal dementia (Miller et al., 2003 and Snowden et al., 2002), autism (Capps et al., 1992, Frith, 2001 and Hillier and Allinson, 2002), and antisocial personality (Brower and Price, 2001 and Moll et al., 2003). Studying the neural substrates of judgments of moral emotions should add to the understanding of the neural basis of amoral behaviors observed in neurological and psychiatric disorders.

From a psychological point of view, guilt, shame, embarrassment, and pride are categorized into the same emotion family, “self-conscious emotions”. “Self-conscious emotions” are emotions founded in social relationship and arise from concerns about others' opinions of self or the behavior of self (Eisenberg, 2000, Haidt, 2003 and Tangney and Dearing, 2002). Negative evaluation of self or the behavior of self is fundamental to guilt, shame, and embarrassment, while positive evaluation of self leads to pride. In other words, one needs the ability to represent the mental states of others (intention/emotion), that is, Theory of Mind (ToM), to recognize self-conscious emotions. The recognition of negative self-conscious emotions involves understanding of the violation of social norms and the negative evaluation of self, both important aspects of ToM. Children with autism demonstrating impaired ToM showed impaired recognition of self-conscious emotions (Heerey et al., 2003). In line with this notion, a recent functional magnetic resonance imaging (fMRI) study demonstrated activation in the medial prefrontal cortex (MPFC), temporal regions, and orbitofrontal cortex (OFC) during the emotional judgments of embarrassment (Berthoz et al., 2002). These areas have been implicated in ToM, social cognition, and moral judgment (Adolphs, 2001, Allison et al., 2000, Frith, 2001, Frith and Frith, 1999, Greene and Haidt, 2002, Greene et al., 2001, Moll et al., 2003 and Pinkham et al., 2003). However, a previous positron emission tomography (PET) study using a guilt-related script reported a slightly different activation pattern in anterior paralimbic regions during the experience of guilt (Shin et al., 2000). In the former fMRI study, an emotional judgment task was used. Participants read various kinds of stories depicting embarrassing situations and were instructed to imagine what the story protagonist (participant himself or a third person in the story) would feel. In the latter PET study, an emotion induction method was used. Participants listened to audio-taped personal events involving the most guilt they had actually experienced. They recalled and imagined the event as if they were actually participating in it again. These two studies differed in the emotional tasks and measurement methods, making it difficult to compare the results directly. To our knowledge, no neuroimaging study has as yet investigated the different types of self-conscious emotions and compared the neural activation patterns directly in one session.

Although the distinctions among guilt, shame, and embarrassment are not clear-cut, psychologists have challenged this issue. Although embarrassment has traditionally been considered to be a variant of shame (Lewis, 1993), recent psychological data support the notion that embarrassment is an emotion distinct from other self-conscious emotions (Keltner and Buswell, 1997). Embarrassment has higher affinity to violation of social conventions, while guilt and shame have higher affinity to violation of a moral norm (Eisenberg, 2000, Haidt, 2003 and Tangney et al., 1996). In this sense, among the negative self-conscious emotions, distinction between guilt and embarrassment is considered to be relatively clear-cut. Therefore, we focused on these two emotions.

We used block-design fMRI to measure regional activation associated with judgments of guilt and embarrassment during an emotional judgment task presenting short sentences. Emotion processing is composed of evaluative, experiential, and expressive components. We did not intend to induce emotional states because we thought it would be difficult to induce emotional states of guilt or embarrassment by merely having the subjects read short sentences. Moreover, it would be difficult to control the situation so as not to induce emotions other than guilt and embarrassment (e.g., anger, shame, sadness) as reported in the previous induction study (Shin et al., 2000). We aimed to elucidate the similarities and differences between the evaluative process of guilt and that of embarrassment at the neural basis level by measuring neural activation during judgments of both emotions in a session using fMRI.

We hypothesized that both emotional conditions would commonly activate the components of the neural substrates (MPFC, superior temporal sulcus (STS)) that have been implicated in social cognition (Adolphs, 2001 and Allison et al., 2000) or ToM (Frith, 2001 and Frith and Frith, 1999), and at the same time, would show differences in the extent of activation of the components.

Method

Participants

Nineteen healthy right-handed Japanese subjects (10 men, mean age 30.8 years, SD = 6.2; nine women, mean age 25.1 years, SD = 3.2) were recruited from the surrounding community. Their mean educational achievement level was 16.2 years (SD = 2.1). They did not meet criteria for any psychiatric disorder. None of the controls were taking alcohol or medication at the time, nor did they have a history of psychiatric disorder, significant physical illness, head injury, neurological disorder, or alcohol or drug dependence. All subjects underwent an MRI to rule out cerebral anatomic abnormalities. After complete explanation of the study, written informed consent was obtained from all subjects, and the study was approved by the Ethics Committee.

Materials

Because our experimental design was a block design, we aimed to control readability, the number of words, and luminance across blocks using short sentences. In addition, we expected participants to make emotional judgments repeatedly in a block. For this reason, we used short sentences instead of other forms, for example, stories. Three types of short sentences were provided (neutral, guilt, and embarrassment). Each sentence was written in Japanese and in the first person, past tense. Each sentence was expected to carry guilt, embarrassment, or no prominent emotional content. To validate our expected results, other healthy volunteers (10 men and 10 women, mean age 28.6 years, SD = 3.7) than the subjects participating in this fMRI study were screened. They read each sentence and rated the described situations according to how guilty or embarrassing they seemed using a 6-point analog scale (1 = none, 6 = extremely intense). As we predicted, the mean ratings of guilt and embarrassment for neutral sentences were 1.0 (SD = 0.1) and 1.0 (SD = 0.1), for guilt-related sentences 4.4 (SD = 0.4) and 1.6 (SD = 0.4), and for embarrassing sentences 1.5 (SD = 0.3) and 3.5 (SD = 0.5), respectively. Examples of the sentences are shown in Table 1. The sentences were projected via a computer and a telephoto lens onto a screen mounted on a head coil. The subjects were instructed to read the sentences silently and were told that they would rate the described situations according to how guilty or embarrassing they seemed. After reading each sentence, the subjects were instructed to press a selection button with the right index finger, indicating that they had read and understood it. The experimental design consisted of six blocks for each of the three conditions (neutral, guilt, and embarrassment) interleaved with 20-s rest periods. The order of presentation for the three conditions was fixed in the neutral-guilt-embarrassment sequence (Fig. 1). During the rest condition, participants viewed a crosshair pattern projected to the center of the screen. In each 20-s block, five different sentences of the same emotional class were presented for 4 s each. After the scan, subjects rated the described situations according to how guilty or embarrassing they seemed using a 6-point analog scale.

Table 1.
        Examples of sentences

Fig. 1. Block design paradigm in the fMRI study. R = rest, N = neutral, G = guilt, E = embarrassment.

Image acquisition

Images were acquired with a 1.5-T Signa system (General Electric, Milwaukee, WI). Functional images of 185 volumes were acquired with T2*-weighted gradient echo planar imaging sequences sensitive to the blood oxygenation level dependent (BOLD) contrast. Each volume consisted of 40 transaxial contiguous slices with a slice thickness of 3 mm to cover almost the whole brain (flip angle, 90°; TE, 50 ms; TR, 4 s; matrix, 64 × 64; field of view, 24 × 24 cm). High-resolution, T1-weighted anatomic images were acquired for anatomic comparison (124 contiguous axial slices, 3D Spoiled-Grass sequence (SPGR), slice thickness 1.5 mm, TE, 9 ms; TR, 22 ms; flip angle, 30°; matrix, 256 × 192; field of view, 25 × 25 cm).

Analysis of functional imaging data

Data analysis was performed with statistical parametric mapping software package (SPM99) (Wellcome Department of Cognitive Neurology, London, UK) running with MATLAB (Mathworks, Natick, MA). All volumes were realigned to the first volume of each session to correct for subject motion and were spatially normalized to the standard space defined by the Montreal Neurological Institute (MNI) template. After normalization, all scans had a resolution of 2 × 2 × 2 mm3. Functional images were spatially smoothed with a 3D isotropic Gaussian kernel (full width at half maximum of 8 mm). Low frequency noise was removed by applying a high-pass filter (cutoff period = 240 s) to the fMRI time series at each voxel. A temporal smoothing function was applied to the fMRI time series to enhance the temporal signal-to-noise ratio. Significant hemodynamic changes for each condition were examined using the general linear model with boxcar functions convoluted with a hemodynamic response function. Statistical parametric maps for each contrast of the t statistic were calculated on a voxel-by-voxel basis. The t values were then transformed to unit normal distribution, resulting in Z scores.

To assess the specific condition effect, we used the contrasts of guilt minus neutral (G - N) and embarrassment minus neutral (E - N). A random effects model, which estimates the error variance for each condition across subjects, was implemented for group analysis. This procedure provides a better generalization for the population from which data are obtained. The contrast images were obtained from single-subject analysis and were entered into the group analysis. A one-sample t test was applied to determine group activation for each effect. Significant clusters of activation were determined using the conjoint expected probability distribution of the height and extent of Z scores with the height (Z > 3.09; P < 0.001, uncorrected) and extent threshold (15 voxels). We used a relatively large extent threshold to sufficiently minimize the risk of type 1 errors due to the relatively low height threshold. To assess common areas activated by the guilt and embarrassment conditions, we created a mask from the G - N contrast in the random effect analysis (threshold at P < 0.001, uncorrected). This mask was applied inclusively to the E - N contrast.

To ensure relative differences between activity associated with guilt and embarrassment, random effect analyses of guilt minus embarrassment contrast (G - E) and embarrassment minus guilt contrast (E - G) were conducted. Because one of the aims of this study was to investigate differences between guilt and embarrassment at the neural basis level, we reported the differences at a lower threshold (height threshold at P < 0.005, uncorrected, and extent threshold of 15 voxels).

We conducted additional analysis to demonstrate a more direct link between regional brain activity with subjective emotional judgments. Using the mean of ratings of guilt and embarrassment for each subject as the covariate, regression analyses with the contrast (G - N and E - N) and the covariate were done at the second level (height threshold at P < 0.001, uncorrected, and extent threshold of 15 voxels). Using the effect sizes, representing the percent signal change, of the contrasts (E - N and G - N) at the peak coordinates uncovered by regression analyses, we plotted fMRI signal changes and ratings of guilt and embarrassment. Coordinates of activation were converted from MNI coordinates to the Talairach and Tournoux (1988) coordinates using the mni2tal algorithm (M. Brett, Cambridge, MA).

Results

Self-rating

The neutral sentences were judged as carrying neither guilty nor embarrassing contents. The mean ratings of guilt and embarrassment for neutral sentences were, respectively, 1.0 (SD = 0.0) and 1.0 (SD = 0.0), for guilt-related sentences 4.1 (SD = 0.7) and 1.6 (SD = 0.7), and for embarrassing sentences 1.5 (SD = 0.4) and 3.7 (SD = 0.6). The mean ratings of guilt were significantly greater for guilt-related sentences than for embarrassing sentences (t = 10.6, df = 36, P < 0.001). The mean ratings of embarrassment were significantly greater for embarrassing sentences than for guilt-related sentences (t = 12.4, df = 36, P < 0.001).

fMRI result

Guilt condition relative to neutral condition (G - N) produced greater activations in the MPFC, left posterior STS, and visual cortex. Embarrassment condition relative to neutral condition (E - N) produced greater activations in the MPFC, left posterior STS, left temporal cortex (anterior and middle), left orbitofrontal cortex (OFC), right temporal cortex (anterior), left hippocampus, and visual cortex (Table 2 and Fig. 2). In other words, both conditions commonly activated the MPFC, left posterior STS, and visual cortex (Table 3), but the embarrassment condition produced more widespread activations in the left temporal cortex (anterior and middle), right temporal cortex (anterior), left OFC, and left hippocampus.

Table 2.
        Brain activation in guilt condition and embarrassment condition relative to neutral condition

Coordinates and Z score refer to the peak of each brain region. BA = Brodmann area; L = left; R = right; LG = lingual gyrus; FG = fusiform gyrus; MFG = medial frontal gyrus; SFG = superior frontal gyrus; MTG = middle temporal gyrus; STG = superior temporal gyrus; IFG = inferior frontal gyrus; MPFC = medial prefrontal cortex; STS = superior temporal sulcus; OFC = orbitofrontal cortex.

Fig. 2. Images showing brain activation in guilt and embarrassment conditions relative to neutral condition. Guilt minus neutral (top). Activated regions were in the MPFC, posterior STS, and visual cortex. Embarrassment minus neutral (bottom). In addition to activations in the MPFC, left posterior STS, and visual cortex, more widespread activations were shown in the left OFC, left temporal cortex (anterior and middle), and right temporal cortex (anterior). Note that both emotional conditions commonly activated the MPFC, left posterior STS, and visual cortex. Significant differences were recognized at a height threshold (Z > 3.09; P < 0.001, uncorrected) and extent threshold (15 voxels).

Table 3.
        Brain regions commonly activated by guilt and embarrassment conditions

A mask from the G - N contrast by random effect analysis (threshold at P < 0.001, uncorrected) was applied inclusively to the E - N contrast (height threshold at P < 0.001, uncorrected, and extent threshold of 15 voxels). See Table 2 legend.

Embarrassment condition relative to guilt condition (E - G) produced greater activation in the right temporal cortex (anterior), bilateral hippocampus, and visual cortex. In contrast, guilt condition relative to embarrassment condition (G - E) produced greater activation in the MPFC (Table 4 and Fig. 3).

Table 4.
        Comparisons between regional brain activities associated with guilt and embarrassment

Random effect analyses of G - E and E - G contrast were conducted. See Table 2 legend.

Fig. 3. Comparison of guilt and embarrassment conditions with height threshold (P < 0.005) and extent threshold (15 voxels). Embarrassment minus guilt (top). Compared to guilt, greater activation was shown in the right temporal cortex (anterior), bilateral hippocampus, and visual cortex. Guilt minus embarrassment (bottom). Compared to embarrassment, greater activation was shown in the MPFC. The bar shows the range of the Z score. Within the image, L indicates left. Numbers in the bottom row indicate the z coordinates of the Montreal Neurological Institute brain.

Regression analyses revealed positive linear correlations between self-rating of guilt and the degree of activation in the MPFC (medial frontal gyrus, x = -8, y = 55, z = 3; Z = 4.26; 31 voxels), posterior STS (middle temporal gyrus, x = -58, y = -56, z = 10; Z = 4.23; 81 voxels), and visual cortex (lingual gyrus, x = -14, y = -58, z = 3; Z = 3.82; 24 voxels). There were positive linear correlations between self-rating of embarrassment and the degree of activation in the posterior STS (middle temporal gyrus, x = -46, y = -57, z = 23; Z = 3.88; 37 voxels) and visual cortex (lingual gyrus, x = -16, y = -49, z = -4; Z = 3.48; 20 voxels) ( Fig. 4 and Fig. 5).

Fig. 4. Correlation between brain activation and the self-ratings of guilt and embarrassment with height threshold (P < 0.005) and extent threshold (15 voxels). There were positive linear correlations between self-rating of guilt and the degree of activation in the posterior STS and visual cortex (top). There were positive linear correlations between self-rating of embarrassment and the degree of activation in the posterior STS and visual cortex (bottom). The bar shows the range of the Z score. Within the image, L indicates left. Numbers in the bottom row indicate the z coordinates of the Montreal Neurological Institute brain.

Fig. 5. Plots and regression lines of correlations between self-ratings and degree of activation in the brain regions. There were correlations between self-rating of guilt and degree of activation in the MPFC (x = -8, y = 55, z = 3, r = 0.686, P < 0.005), posterior STS (x = -58, y = -56, z = 10, r = 0.722, P < 0.005), and visual cortex (x = -14, y = -58, z = 3, r = 0.653, P < 0.005) (top). There were positive linear correlations between self-rating of embarrassment and degree of activation in the posterior STS (x = -46, y = -57, z = 23, r = 0.744, P < 0.005) and visual cortex (x = -16, y = -49, z = -4, r = 0.719, P < 0.005) (bottom).

Discussion

We investigated the neural response associated with evaluative processes of self-conscious moral emotions. Recent neuroimaging studies have reported the neural substrate of moral judgment (Greene et al., 2001, Moll et al., 2002a and Moll et al., 2002b). However, few reports are available on specific moral or social emotions (Berthoz et al., 2002 and Shin et al., 2000). This study showed similarities and differences during evaluative processes of two moral emotions, guilt and embarrassment, at the neural basis level by measurements of neural responses in the same session.

As we predicted, both guilt and embarrassment conditions relative to neutral condition commonly produced greater activity in the components of neural substrates of social cognition or ToM, the MPFC, left posterior STS, along with the visual cortex. Several neuroimaging studies in healthy subjects using different variants of the ToM paradigm have consistently reported activation in the MPFC, predominantly on the left side (Fletcher et al., 1995, Gallagher et al., 2000 and Goel et al., 1995). Additionally, autism, which is considered to have impairments in ToM, showed reduced activation in the MPFC (Baron-Cohen et al., 1999, Castelli et al., 2002 and Happe et al., 1996). The MPFC has been suggested to play an important role in monitoring one's own mental state as well as that of others (Castelli et al., 2000 and Frith, 2001). Recent studies reported that the MPFC was also recruited in moral judgment (Greene et al., 2001 and Heekeren et al., 2003).

Activations in the posterior STS have also been consistently reported in social cognition or ToM tasks (Calder et al., 2002, Castelli et al., 2000, Gallagher et al., 2000 and Winston et al., 2002) and in moral judgment tasks (Greene et al., 2001 and Heekeren et al., 2003), while the area identical to the posterior STS was variously described as the temporoparietal junction or angular gyrus. Originally, STS was known to be activated by biological motions such as movement of eyes, mouth, hands, and body, but it has been suggested to have a more general function in social cognition (Adolphs, 2001 and Allison et al., 2000), detection of intention (Gallagher et al., 2000), evaluation of trustworthiness of faces (Winston et al., 2002), detection of the behavior of agents and analysis of goal, and outcome of the behavior (Frith, 2001 and Frith and Frith, 1999).

Common activations in the MPFC and posterior STS support the notion that both guilt and embarrassment are self-conscious emotions that can arise from concerns about others' evaluation of one's own behavior (Eisenberg, 2000, Haidt, 2003 and Tangney and Dearing, 2002). In other words, one needs the ability to take the perspective of others and to represent their mental state, that is, ToM, to understand the sense of guilt or embarrassment.

In spite of our attempt to control the linguistic features of the visual stimuli, increased activations were found in the visual cortex in response to the emotional conditions relative to the neutral condition. Enhanced visual cortex activations by emotionally salient visual stimuli have been extensively reported (Phan et al., 2002 and Takahashi et al., 2004). Emotionally salient stimuli or attention demanding stimuli have been suggested as modulating sensory processing in the visual cortex. Early visual cortex receives prominent feedback projection from limbic structures such as amygdala (Emery and Amaral, 2000), and such pathway could act to enhance visual processing (Morris et al., 1998 and Vuilleumier et al., 2001).

Interestingly, compared to the G - N contrast, the E - N contrast demonstrated more widespread activations in the left temporal cortex (anterior and middle), right temporal cortex (anterior), left OFC, and left hippocampus. Direct comparison between guilt and embarrassment conditions showed that the E - G contrast demonstrated significantly greater activation in the right anterior temporal cortex, bilateral hippocampus, and visual cortex. All these regions are also considered as the brain area related to social or moral cognition (Adolphs, 2001, Casebeer, 2003, Greene and Haidt, 2002 and Moll et al., 2003). We did not expect the greater activation in the hippocampus in the embarrassment condition. The hippocampus is suggested to engage in retrieving behaviorally relevant memories (Strange et al., 1999). In moral judgment, the hippocampus might facilitate conscious recollection of memories that allow past events to affect current decisions (Casebeer, 2003).

Embarrassment has a higher affinity to the violation of social conventions (choices of clothing, etiquette and hygiene, etc.) that depend on societies or cultures, while guilt has a higher affinity to the violation of moral norms (issues of harm, right and justice, etc.) that are universal among human beings (Eisenberg, 2000, Haidt, 2003 and Tangney et al., 1996). Moreover, embarrassment is uniquely a public emotion that depends on a real or imagined presence of others among one's self-conscious emotions. If people do experience embarrassment in private, it is a situation of vividly imagining what others might think of them (Miller, 1996 and Tangney et al., 1996). Guilt does not necessarily depend on personal acquaintances. Guilt could be elicited not only by concerns with others' evaluation of self but also by private conscience (Haidt, 2003, Tangney and Dearing, 2002 and Tangney et al., 1996). In light of these points, embarrassment could be regarded as a more social and public emotion that depends on personal interactions. Regression analyses showed that subjective ratings of guilt and embarrassment correlated with the degree of activation in the posterior STS, visual cortex, and MPFC, brain areas commonly activated by both emotional conditions. In other words, emotional intensity did not appear to account for the more widespread activation observed in embarrassment condition. Considering the regression analyses results, our interpretation was that the additional activations found in embarrassment condition might reflect more complex processes that detect and understand the complex social information of embarrassment.

This study has some limitations. First, a moral emotion could be accompanied by another emotion. For instance, guilt and shame could co-occur in some situations (Eisenberg, 2000). In moral transgression, people may feel guilty for violating a social norm and at the same time might feel shameful about one's own shortcomings. For this reason, we carefully chose the situations, although we understand that it is not feasible to extract “pure” emotion. Second, as mentioned above, embarrassment depends on society and culture. The social background of participants, such as gender, generation, religion, and education, could be confounding factors. Further studies that can control these factors would be recommended. Finally, we should acknowledge general limitations of a functional imaging study to reveal the neural substrates of social cognition or social emotions. The processing of social information is distributed in space and time, ranging from the perception of socially relevant stimuli to the elicitation of social behavior. Most functional imaging studies focused on the perception and interpretation of socially relevant stimuli. Emotional judgment tasks such as facial expression discrimination task or our task could also be regarded as a task of the perception and interpretation of socially relevant stimuli. It should be noted that emotional states that elicit social or emotional behaviors are not necessarily induced by merely viewing facial expressions or reading sentences. Social cognition is a domain with fuzzy boundaries and vaguely specified components. Processes of social cognition overlap with those of emotions. Although it is difficult to assess specific components of social cognition or emotions by a single modality, at least in this study, we assessed the evaluative processes of moral emotions. To complement fMRI studies, electrophysiological methods that have good temporal resolution would be recommended. Moreover, it is difficult to assess real-life human social behavior or to induce complex emotions in an MRI environment. Lesion studies can at least indicate the structures necessary for mediating social behavior (Adolphs, 2003).

Notwithstanding the difficulties in measuring social behavior, recording autonomic responses will be useful for assessing some aspects of social behavior or emotional responses. For instance, monitoring blushing, the hallmark of embarrassment, by recording face temperature or facial blood flow will be useful to distinguish embarrassment from guilt (Gerlach et al., 2003).

In conclusion, we investigated the neural substrates of evaluative processes of specific moral emotions and demonstrated similarities and differences between guilt and embarrassment at the neural basis level. Supporting the concept that both guilt and embarrassment could be regarded as self-conscious emotions, both emotional conditions produced similar activation patterns in the components of neural substrates implicated in social cognition or ToM. Moreover, our fMRI data lead us to conjecture that the evaluative process of embarrassment might be a more complex process than that of guilt. We expect our findings to contribute to a broadening of the knowledge concerning the neural basis of amoral behavior observed in neurological and psychiatric disorders.

Acknowledgments

We thank Professor Toru Nishikawa of the Section of Psychiatry and Behavioral Science, Graduate School of Medicine, Tokyo Medical and Dental University. The staff of the Section of Biofunctional Informatics, Graduate School of Medicine, Tokyo Medical and Dental University, and of Asai Hospital are gratefully acknowledged. This work was supported by a Grant-in-Aid for Scientific Research from the Japanese Ministry of Education, Culture, Sports, Science and Technology (15390348), a research grant for nervous and mental disorders (14B-3), and a Health and Labor Sciences Research Grant for Research on Psychiatric and Neurological Diseases and Mental Health (H15-KOKORO-003) from the Japanese Ministry of Health, Labor and Welfare.

References

The neurobiology of social cognition

Curr. Opin. Neurobiol., 11 (2001), pp. 231-239

Investigating the cognitive neuroscience of social behavior

Neuropsychologia, 41 (2003), pp. 119-126

Social perception from visual cues: role of the STS region

Trends Cogn. Sci., 4 (2000), pp. 267-278

Impairment of social and moral behavior related to early damage in human prefrontal cortex

Nat. Neurosci., 2 (1999), pp. 1032-1037

Social intelligence in the normal and autistic brain: an fMRI study

Eur. J. Neurosci., 11 (1999), pp. 1891-1898

The regulatory function of self-conscious emotion: insights from patients with orbitofrontal damage

J. Pers. Soc. Psychol., 85 (2003), pp. 594-604

An fMRI study of intentional and unintentional (embarrassing) violations of social norms

Brain, 125 (2002), pp. 1696-1708

Neuropsychiatry of frontal lobe dysfunction in violent and criminal behaviour: a critical review

J. Neurol., Neurosurg. Psychiatry, 71 (2001), pp. 720-726

Reading the mind from eye gaze

Neuropsychologia, 40 (2002), pp. 1129-1138

Understanding of simple and complex emotions in non-retarded children with autism

J. Child Psychol. Psychiatry, 33 (1992), pp. 1169-1182

Moral cognition and its neural constituents

Nat. Rev., Neurosci., 4 (2003), pp. 840-846

Movement and mind: a functional imaging study of perception and interpretation of complex intentional movement patterns

NeuroImage, 12 (2000), pp. 314-325

Autism, Asperger syndrome and brain mechanisms for the attribution of mental states to animated shapes

Brain, 125 (2002), pp. 1839-1849

Emotion, regulation, and moral development

Annu. Rev. Psychol., 51 (2000), pp. 665-697

The role of the amygdala in primate social cognition

R.D. Lane, L. Nadel (Eds.), Cognitive Neuroscience of Emotion, Oxford Univ. Press, New York (2000), pp. 156-191

Other minds in the brain: a functional imaging study of “theory of mind” in story comprehension

Cognition, 57 (1995), pp. 109-128

Mind blindness and the brain in autism

Neuron, 32 (2001), pp. 969-979

Interacting minds-A biological basis

Science, 286 (1999), pp. 1692-1695

Reading the mind in cartoons and stories: an fMRI study of ‘theory of mind’ in verbal and nonverbal tasks

Neuropsychologia, 38 (2000), pp. 11-21

Embarrassment and social phobia: the role of parasympathetic activation

J. Anxiety Disord., 17 (2003), pp. 197-210

Modeling other minds

NeuroReport, 6 (1995), pp. 1741-1746

How (and where) does moral judgment work?

Trends Cogn. Sci., 6 (2002), pp. 517-523

An fMRI investigation of emotional engagement in moral judgment

Science, 293 (2001), pp. 2105-2108

The moral emotions

R.J. Davidson, K.R. Scherer, H.H. Goldsmith (Eds.), Handbook of Affective Sciences, Oxford Univ. Press, Oxford (2003), pp. 852-870

‘Theory of mind’ in the brain. Evidence from a PET scan study of Asperger syndrome

NeuroReport, 8 (1996), pp. 197-201

An fMRI study of simple ethical decision-making

NeuroReport, 14 (2003), pp. 1215-1219

Making sense of self-conscious emotion: linking theory of mind and emotion in children with autism

Emotion, 3 (2003), pp. 394-400

Understanding embarrassment among those with autism: breaking down the complex emotion of embarrassment among those with autism

J. Autism Dev. Disord., 32 (2002), pp. 583-592

Embarrassment: its distinct form and appeasement functions

Psychol. Bull., 122 (1997), pp. 250-270

Self-conscious emotions: embarrassment, pride, shame and guilt

M. Lewis, J.M. Haviland (Eds.), Handbook of Emotions, Guilford Press, New York (1993), pp. 623-636

Embarrassment: Poise and Peril in Everyday Life

Guilford Press, New York (1996)

International approaches to frontotemporal dementia diagnosis: from social cognition to neuropsychology

Ann. Neurol., 54 (2003), pp. S7-S10

Functional networks in emotional moral and nonmoral social judgments

NeuroImage, 16 (2002), pp. 696-703

The neural correlates of moral sensitivity: a functional magnetic resonance imaging investigation of basic and moral emotions

J. Neurosci., 22 (2002), pp. 2730-2736

Morals and the human brain: a working model

NeuroReport, 14 (2003), pp. 299-305

A neuromodulatory role for the human amygdala in processing emotional facial expressions

Brain, 121 (1998), pp. 47-57

Functional neuroanatomy of emotion: a meta-analysis of emotion activation studies in PET and fMRI

NeuroImage, 16 (2002), pp. 331-348

Implications for the neural basis of social cognition for the study of schizophrenia

Am. J. Psychiatry, 160 (2003), pp. 815-824

Activation of anterior paralimbic structures during guilt-related script-driven imagery

Biol. Psychiatry, 48 (2000), pp. 43-50

Frontotemporal dementia

Br. J. Psychiatry, 180 (2002), pp. 140-143

Segregating the functions of human hippocampus

Proc. Natl. Acad. Sci. U. S. A., 96 (1999), pp. 4034-4039

Co-Planar Stereotaxic Atlas of the Human Brain: Three-Dimensional Proportional System

Thieme Medical, New York (1988)

Shame and Guilt

Guilford Press, New York (2002)

Are shame, guilt, and embarrassment distinct emotions?

J. Pers. Soc. Psychol., 70 (1996), pp. 1256-1269

Effects of attention and emotion on face processing in the human brain: an event-related fMRI study

Neuron, 30 (2001), pp. 829-841

Automatic and intentional brain responses during evaluation of trustworthiness of faces

Nat. Neurosci., 5 (2002), pp. 277-283

Copyright © 2004 Elsevier Inc. All rights reserved.

Bibliographic information

Citing and recommended articles

Recommended articles

Cited by (101)

Related reference work articles

No articles found.

Applications and tools

Workspace

No content has been selected.

ScienceDirect article suggestions

Recommended articles"
20350171,,,"Monthly   8 1/2 x 11, illustrated  Founded: 1989  ISSN 0898-929X  E-ISSN 1530-8898  2013 Impact Factor: 4.687

Beyond the Memory Mechanism: Person-selective and Nonselective Processes in Recognition of Personally Familiar Faces

1National Institute for Physiological Sciences, Okazaki, Japan

2The Graduate University for Advanced Studies (SOKENDAI), Okazaki, Japan

3Tohoku University, Sendai, Japan

4Japan Science and Technology Agency, Kawaguchi, Japan

Special processes recruited during the recognition of personally familiar people have been assumed to reflect the rich episodic and semantic information that selectively represents each person. However, the processes may also include person nonselective ones, which may require interpretation in terms beyond the memory mechanism. To examine this possibility, we assessed decrease in differential activation during the second presentation of an identical face (repetition suppression) as an index of person selectivity. During fMRI, pictures of personally familiar, famous, and unfamiliar faces were presented to healthy subjects who performed a familiarity judgment. Each face was presented once in the first half of the experiment and again in the second half. The right inferior temporal and left inferior frontal gyri were activated during the recognition of both types of familiar faces initially, and this activation was suppressed with repetition. Among preferentially activated regions for personally familiar over famous faces, robust suppression in differential activation was exhibited in the bilateral medial and anterior temporal structures, left amygdala, and right posterior STS, all of which are known to process episodic and semantic information. On the other hand, suppression was minimal in the posterior cingulate, medial prefrontal, right inferior frontal, and intraparietal regions, some of which were implicated in social cognition and cognitive control. Thus, the recognition of personally familiar people is characterized not only by person-selective representation but also by nonselective processes requiring a research framework beyond the memory mechanism, such as a social adaptive response.

Personally familiar people are different from merely familiar people, such as famous people, because of rich episodic and semantic experience that selectively represents each personally familiar person. In previous functional imaging studies, preferential activation of extensive multimodal neocortices and (para)limbic regions during recognition of personally familiar people relative to the recognition of famous people was largely interpreted as a reflection of this rich person-selective representation (Trinkler, King, Doeller, Rugg, & Burgess, 2009; Sugiura et al., 2006, 2008; Gobbini, Leibenluft, Santiago, & Haxby, 2004). Many researchers have assumed differential activation in the medial pFC and TPJs to be related to the socioemotional aspects of person representation (Trinkler et al., 2009; Gobbini & Haxby, 2007; Gobbini et al., 2004). Others have associated the posterior cingulate cortex and TPJs, with spatial aspects of real-world experience relevant to the personally familiar people (Sugiura et al., 2006).

The question asked in this study is whether the special process recruited in the recognition of personally familiar people is explained solely by rich person-selective representation or also by other person-nonselective processes that characterize personally familiar people. This question is important because this distinction parallels the question of which research fields should address the person-recognition mechanism. The interpretation in terms of the person-selective representation allows the research to remain in the conventional memory domain. On the other hand, the involvement of the person-nonselective process may require conceptualization in a framework beyond the memory mechanism, such as social cognition. The latter possibility may be empirically suggested by the daily experience of person recognition. When we come across a personally familiar person, person recognition is often followed without effort by an appropriate social response, such as a smile, a greeting, and a small talk. Although such adaptive social responses are obviously triggered by the person-selective representation, it is not likely that the entire processes of each behavioral response are person-selectively represented. A possibility that the person recognition involves person-nonselective process beyond the memory component, as exemplified by such a behavioral component of the adaptive social response, may be in line with a proposal that the human brain is proactive in that it continuously generates predictions that anticipate the relevant future (Bar, 2009).

To elucidate whether preferential activation for personally familiar over famous people reflects access to a person-selective representation of each personally familiar person or reflects other nonselective processes instead, the present study examined repetition suppression of differential activation. Repetition suppression refers to a decreased neural response to a stimulus that is identical, perceptually similar, or semantically related to one presented previously (Schacter & Buckner, 1998). Repetition suppression has been assumed to occur in cortical areas where neurons represent repeatedly processed information (Grill-Spector, Henson, & Martin, 2006; Schacter, Dobbins, & Schnyer, 2004; Wiggs & Martin, 1998; but see Henson & Rugg, 2003). In previous functional imaging studies, repetition suppression has been examined to discriminate cortical regions that selectively represent specific information from regions for nonselective processes in a wide range of cognitive domains, including perceptual representation, such as the visual representation of a specific face (Eger, Schweinberger, Dolan, & Henson, 2005; Pourtois, Schwartz, Seghier, Lazeyras, & Vuilleumier, 2005; Rotshtein, Henson, Treves, Driver, & Dolan, 2005) or object (Koutstaal et al., 2001) as well as amodal conceptual representation, such as lexical (Buckner, Koutstaal, Schacter, & Rosen, 2000) or object (Koutstaal et al., 2001) concepts. In this study, we applied this approach to the cognitive processes entailed in the recognition of personally familiar people. During repeated recognition of the same person, repetition suppression is expected in the cortical areas where information selective to the recognized person is processed. As for the differential component of the preferential activation for personally familiar people over famous people, the repetition suppression should reflect the person-selective representation of each personally familiar person; here, general task-relevant processes for the recognition task, such as basic sensory processing, decision-making, and motor response, are assumed to be common for personally familiar and famous people. Conversely, when repetition suppression is absent in differential activation, it is unlikely to reflect person-selective representation but is likely related to some cognitive processes that may be interpreted in terms beyond the memory mechanism. One likely candidate for the latter person-nonselective process is the behavioral component of the adaptive social response that is specifically accompanied by the recognition of personally familiar people.

To date, functional segregation on the basis of the existence or inexistence of repetition suppression has not been addressed for preferential activation during the recognition of personally familiar compared with famous people. Repetition suppression of differential activation for famous over unfamiliar faces has been reported most frequently in the right fusiform gyrus and less frequently in the left fusiform, bilateral lateral temporal, medial-temporal, and inferior frontal regions (Eger et al., 2005; Pourtois et al., 2005; Rotshtein et al., 2005; Henson et al., 2003; Henson, Shallice, Gorno-Tempini, & Dolan, 2002). Only a few studies have addressed repetition suppression of preferential activation for personally familiar faces, reporting suppression in the anterior temporal cortices (Sugiura, Watanabe, et al., 2005; Sugiura et al., 2001). However, in these studies, activation was contrasted with that for unfamiliar faces only, and no particular attention was paid to the lack of repetition suppression in the other extensive areas that showed differential activation.

In this study, healthy subjects were presented with personally familiar, famous, and unfamiliar faces in a familiarity judgment task during functional MRI measurement. The task session was repeated twice, using the same set of stimuli presented in a different order. In each session, we first generated differential activation maps comparing personally familiar and unfamiliar, famous and unfamiliar, and personally familiar and famous conditions. Then, repetition suppression in differential activation was assessed in each activated area, with particular attention to differential activation between the personally familiar and the famous conditions. Because the comparison of the first and second sessions was performed with the already contrasted activation of two face types, a difference in the repetition suppression effect should reflect the familiarity-relevant component only (i.e., interaction). That is, the effect for the general processes (e.g., basic visual processes, decision-making, and motor response) for the execution of the face-recognition task has already been subtracted away at the initial contrast between two face types in each session.

Twenty-eight healthy right-handed volunteers (16 men and 12 women, aged 19-31 years) participated in this study. All individuals had normal vision, and none had a history of neurological or psychiatric illness. Handedness was evaluated using the Edinburgh Handedness Inventory (Oldfield, 1971). Written informed consent was obtained from all participants. The protocol was approved by the ethical committee of the National Institute for Physiological Sciences.

Data obtained from four volunteers were of insufficient quality (see the Image preprocessing section). Therefore, data from only 24 individuals (14 men and 10 women) were analyzed.

Each stimulus picture presented a person who was personally familiar to the subject (e.g., family member, relative, or friend), a famous person (e.g., actor/actress, politician, or athlete), or an unfamiliar person. Pictures of personally familiar faces were prepared, unbeknownst to the subject, by a collaborator who was either a close friend or a sibling of the subject. Each personally familiar person was photographed using a digital camera in a pose typically seen by the subject. Some of these personally familiar individuals wore glasses or a beard. Photographs of famous faces were obtained from publicly available Web sites. Two separate sets of unfamiliar faces were prepared for use as control stimuli to compare with the personally familiar and famous faces (Figure 1), considering possible differences in visual features derived from different photographic settings (e.g., professional photography, lighting, and makeup as typically used for the famous faces) and image postprocessing methods (e.g., adjustment of the color and spatial resolution as typically used in optimizing famous faces for a Web site). Controls for the personally familiar faces were taken from the personally familiar faces of other subjects, controlling for sex ratio and age range. Unfamiliar faces with similar visual, demographic, and circumstantial features (e.g., age, sex, and photographic variables) were also collected from Web sites to serve as controls for famous faces.

For the personally familiar faces, 20 pictures were prepared. Twenty-four highly famous faces were prepared, with the expectation that approximately 20 of these, on average, would be recognized as famous by all subjects. As controls for the personally familiar and famous faces, respectively, 20 and 24 unfamiliar faces were prepared. All pictures were resized to 320 × 320 pixels, with the length of the face in the vertical axis adjusted to approximately 80% of the image size. The background was masked with gray, and the hair, the neck, and the collar were visible.

During the fMRI experiment, the task session, consisting of the presentation of 88 pictures, was repeated twice during continuous MRI scanning. There was no explicit gap between the sessions, so subjects were not aware of the transition between the sessions. Although the same set of 88 pictures was separately pseudorandomized in each session, the minimum interval between the presentation of the same picture in the first and the second trials was set to be at least 66 trials. In each trial, the picture was presented for 0.5 sec, with the onset asynchrony varying between 3.5 and 14.5 sec. A central fixation cross was presented throughout the fMRI experiment. Each subject was instructed to judge whether the person presented was familiar or unfamiliar and to respond by pressing a button as quickly as possible. The right index and middle fingers were assigned to the buttons for familiar and unfamiliar, respectively. We did not counterbalance this finger assignment because the assignment does not affect differential neural response between the two familiar face types or repetition suppression. Each subject was informed that some pictures might be repeatedly presented and was instructed not to respond to a repeated unfamiliar face as being familiar; that is, “familiarity” in this study explicitly meant long-term memory in an extraexperimental context.

A time course series of 420 volumes was acquired using T2*-weighted gradient-echo EPI sequences and a 3-T MR imager (Allegra, Siemens, Erlangen, Germany). Each volume consisted of 53 oblique slices (echo time = 30 msec, flip angle = 85°, slice thickness = 2.5 mm, gap = 0.5 mm) covering the entire cerebrum and cerebellum. The repetition time was 3000 msec.

Immediately after each volunteer had completed the fMRI measurement and exited the scanner, the participant was presented with the faces again. First, each person was asked to categorize each face as personally familiar, famous, or unfamiliar, without a time constraint. These data were used as references for the task performance in the MRI scanner.

Next, each volunteer was asked about the person-related information available for each face. This information was used to behaviorally characterize each person category. Four distinct information domains were arbitrarily chosen: (a) the ease with which the face could be named (“How quickly can you name this person?”) or Name, (b) the extent of semantic familiarity (“To what extent can you describe this person?”) or Knowledge, (c) the extent of behavioral familiarity (“How vividly can you imagine this person engaged in this action?”) or Action, and (d) the extent of psychological familiarity (“How much do you know about the personality of this person?”) or Personality. Five-point scales were used to rate each response.

The scores were also used to assess the relationship between the extent of regional activation and the self-evaluated level of person-related information (cf., Taylor et al., 2009; Trinkler et al., 2009). We assumed that the person-specific quality of represented information might be associated with repetition suppression and that a correlation would be found between activation and amount of person-related information. The sum of the rated scores for the four domains served as an index of the amount of information for each familiar person.

The following preprocessing procedures were performed using Statistical Parametric Mapping (SPM5) software (Wellcome Trust Centre for Neuroimaging, London, UK) and MATLAB (Mathworks, Natick, MA): adjustment of acquisition timing across slices, correction for head motion, spatial normalization using an EPI-MNI template, and smoothing using a Gaussian kernel with a full width at half maximum of 10 mm. Data from two individuals with excessive head motion (more than 3 mm) and two with dubious task performance (more than 5% of the responses were not recorded) were excluded from image analysis.

Each trial was categorized as one of the five face types as follows. First, the trials in which the participant correctly recognized a face as familiar in both sessions were categorized as personally familiar (P) or famous (F), according to the results of the post-MRI categorization provided by the participant. Those correctly judged as unfamiliar were designated as controls for the P (Cp) or the F (Cf) condition, as intended (i.e., faces that were personally familiar to other volunteers and unknown faces from Web sites, respectively). This separate categorization was necessary to control for potential differences in visual features between the P and the F faces derived from differences in the picture sources. Any faces related to an erroneous trial were designated as a condition of no interest. For the four face types of interest, the presentations in the first and second sessions were also designated as separate conditions. They are denoted hereafter as 1 and 2 (e.g., P1, P2). Accordingly, the resulting eight conditions of interest (P1, P2, F1, F2, Cp1, Cp2, Cf1, and Cf2) constituted a three-factorial design composed of the factors of Familiarity (familiar vs. unfamiliar), Category (personally familiar vs. famous), and Repetition (first vs. second session) (Figure 1).

To estimate the degree of regional neural activation, a voxel-by-voxel multiple regression analysis of the expected signal change for the nine conditions was applied to the preprocessed images for each individual. This analysis used a standard event-related convolution model using the hemodynamic response function provided by SPM5. We modeled an fMRI signal change focusing on the brief neural response at the onset of the face presentation but assumed that the signal changes induced by any face recognition and task execution processes (e.g., decision-making, button press), which took place within 1 sec, fit with this model. For each of the P1, P2, F1, and F2 conditions, a model for the neural response with an amplitude that was parametrically modulated with the index score of “amount of information” (normalized to the mean of zero) was also included (P1_prm, P2_prm, F1_prm, and F2_prm, respectively). Accordingly, 13 models were included in the analyses. A high-pass filter with a cutoff period of 128 sec was used for detrending purposes. The obtained parameter estimate (i.e., partial regression coefficient or beta value) was used as an index of the degree of activation.

Statistical inference of differential activation was then performed with a second-level between-subjects random effects model using a one-sample t test on appropriate contrasts of parameter estimates. Initially, areas activated in the first and second sessions were identified separately. Activation during recognition of personally familiar faces (P1-Cp1 and P2-Cp2, respectively), famous faces (F1-Cf1 and F2-Cf2, respectively), and differential activation during recognition of personally familiar faces compared with famous faces (P1-F1 and P2-F2, respectively) was identified. Analyses of the contrasts for differential activation (P1-F1 and P2-F2) were confined to significantly (p < .05, uncorrected) activated areas during recognition of personally familiar faces (P1-Cp1 and P2-Cp2, respectively). Significant activation was first set to be p < .001 at each voxel and then corrected to p < .05 for multiple comparisons using the cluster size threshold assuming the whole brain as the search area.

To assess repetition suppression of differential activation in each activated area, the decrease in differential activation during the second session relative to that in the first session was tested at the peak voxel of each activated area. The peak voxel was defined as a voxel that had higher statistical value than surrounding voxels within a distance of 8 mm. When multiple peaks existed in an activation cluster, peak voxels were selected by taking available knowledge of anatomical and functional segregation into account. Repetition suppression during recognition of personally familiar faces was assessed using the contrast (P1-Cp1)-(P2-Cp2). For famous faces, the contrast (F1-Cf1)-(F2-Cf2) was used. Repetition suppression in differential activation for personally familiar faces relative to famous faces was assessed using the contrast (P1-F1)-(P2-F2). When the peak locations of the activated areas differed slightly between the first and the second sessions, the peak with a higher t value was chosen.

For the purpose of visualization, the repetition suppression effect was mapped within areas showing significant activation. For the repetition suppression effect during recognition of personally familiar faces, p values of the one-sample t test of the contrast (P1-Cp1)-(P2-Cp2) were set at p < .05, p < .01, and p < .001 and color coded within the conjoined activated areas for the two sessions (i.e., areas activated either in P1-Cp1 or in P2-Cp2). Similar procedures were performed to assess the repetition suppression effect during the recognition of famous faces and for differential activation for personally familiar faces relative to famous faces.

Sensitivity to the amount of person-related information was also assessed at the peak voxel of each activated area. Parameter estimates for P1_prm, P2_prm, F1_prm, and F2_prm were averaged for each participant, and a second-level between-subjects one-sample t test was applied.

For reference purposes, we also performed voxel-by-voxel exploratory analyses for significant activation reduction in each face type of interest (i.e., P1-P2, F1-F2, Cp1-Cp2, and Cf1-Cf2). The observed activation reduction should reflect the repetition suppression effect for the general processes (e.g., basic visual processes, decision-making, motor response) for the execution of the face recognition task.

Recognition accuracy during the fMRI session in reference to the post-fMRI categorization data (Figure 2A) was analyzed using a repeated measure three-way ANOVA. Main effects were not significant for any factors. Interactions were significant for Familiarity × Repetition and for Familiarity × Category × Repetition, p = .001, F(1, 23) = 13.07, and p = .041, F(1, 23) = 4.67, respectively.

For the P, F, Cp, and Cf conditions, 18.6 ± 1.7, 21.0 ± 3.2, 19.9 ± 0.4, and 23.3 ± 1.0 (mean ± SD) faces, respectively, were correctly recognized by each subject in both sessions during fMRI analysis.

Average RTs in these conditions of interest (Figure 2B) were analyzed using a repeated measure three-way ANOVA. Main effects were significant for all factors: Familiarity, p = .001, F(1, 23) = 14.51; Category, p = .007, F(1, 23) = 8.66; and Repetition, p < .001, F(1, 23) = 21.05. The interaction for Familiarity × Repetition was also significant, p = .005, F(1, 23) = 9.64.

Rating scores of the amount of person-related information (Figure 2C) were analyzed using a repeated measure two-way ANOVA involving the factors Domain (name, knowledge, action, and personality) and Category (personally familiar vs. famous). Main effects were significant for Domain, p < .001, F(2.33, 53.63) = 50.56, and Category, p < .001, F(1, 23) = 88.17. The interaction for Domain × Category was also significant, p < .001, F(1.80, 41.32) = 12.63. Having observed this interaction, we analyzed the difference in scores between P and F across the four domains using one-way repeated measure ANOVA. The effect of domain was significant, p < .001, F(1.85, 42.45) = 13.48, and post hoc comparisons revealed a significantly larger difference in knowledge, action, and personality domains than that in the name domain (p < .05, Bonferroni correction).

Significant activation during recognition of personally familiar faces in each session and the corresponding repetition suppression effect are summarized in Table 1 and Figure 3A. For famous faces, the same set of summary data for activation during recognition is listed in Table 2 and Figure 3B (no significant activation was observed in the second session). The summary data on differential activation for personally familiar faces versus famous faces are given in Table 3 and Figure 3C. In all contrasts, activation observed in the first session was partially diminished in the second session.

For both personally familiar and famous faces, activation during recognition was observed in the left superior frontal gyrus and inferior frontal gyrus, with peaks in the pars triangularis and pars orbitalis (Tables 1 and 2; Figures 3A, B, and 4A). Repetition suppression was significant in all these areas except for a few local peaks. Several regions in the callosal sulcus showed a similar activation pattern, but repetition suppression was observed only for famous faces. A posterodorsal part of the right posterior cingulate cortex also showed activation for both types of familiar faces but did not show repetition suppression.

Higher activation for personally familiar faces than for famous faces was observed in a large number of cortical areas (Table 3 and Figure 3C). Activation in several regions in the posterior ventromedial cortices, including the anterior part of the bilateral fusiform gyri, the parahippocampal gyri (Figure 5A), and the left amygdala (Figure 5B), showed clear repetition suppression effects. In anterior to lateral temporal cortices, activation was observed in the bilateral orbitotemporoinsular junction (extending to the temporal pole; Figure 5C), middle temporal gyrus (bilaterally in the anterior part and in the left posterior part), bilateral posterior STS (Figure 5D), and occipito-TPJ. Repetition suppression appeared to be lateralized when assessed for activation peaks (Tables 1 and 3), but the tendency did not appear to be that robust in the voxel-by-voxel analyses (Figure 3A and C). Repetition suppression was observed only sporadically among areas activated in the medial cortices (Figure 3C), posteriorly including the occipito-parietal sulcus, precuneus, and posterior cingulate cortices (Figure 6A), and anteriorly including the medial prefrontal and anterior cingulate cortices (Figure 6B). No significant repetition suppression effect was observed in activation peaks in the right intraparietal sulcus and inferior frontal cortices (Figures 3C and 6C).

Posterior parts of the bilateral inferior temporal gyri were activated only for the personally familiar faces, and the repetition suppression effect was significant in the right hemisphere. Because we expected significant repetition suppression effects for famous faces in this right inferior temporal activation peak on the basis of a previous finding in a region of close proximity, the fusiform gyrus (Eger et al., 2005; Rotshtein et al., 2005; Henson et al., 2002, 2003), the degrees of activation, and the repetition suppression effect for famous faces were tested at a liberal threshold (p < .05, without correction for multiple comparisons). As a result, a significant activation (p = .019) in the first session (F1-Cf1) and an expected tendency (p = .055) toward repetition suppression ([F1-Cf1]-[F2-Cf2]) were obtained (Figure 4B).

Sensitivity to the amount of person-related information was not robustly detected. No activation peaks achieved p < .001. Although a few areas showed a positive correlation (i.e., positive regression slope) at p < .05, no relationship was found between the sensitivity to the amount of information and the effect of repetition suppression (data not shown).

Results of the voxel-by-voxel exploratory analyses for activation reduction in each face type of interest are given in Figure 7. The reduction was significant for all face types in the left sensorimotor cortex, bilateral ventral occipito-temporal cortices, and cerebellum. The bilateral inferior and the medial frontal gyri and striatum exhibited a reduction in activation for familiar faces (i.e., P and F). A significant reduction was observed in the medial and lateral temporo-parietal cortices for personally familiar faces.

This study attempted to clarify whether preferential activation for personally familiar people reflects the person-selective representation or other nonselective processes by assessing the repetition suppression effect of differential activation. Among the preferentially activated regions, the medial and the lateral temporal cortices showed significant repetition suppression of differential activation with decreased or no significant activation upon the second presentation of the same face. In contrast, in some other regions, such as the posterior cingulate, the medial prefrontal, and the right inferior frontal cortices, differential activation was observed for both the first and the second presentations of the same face to equivalent degrees, indicating no repetition suppression. The results provide the first functional imaging evidence that preferentially recruited processes during the recognition of personally familiar people include not only the person-selective representation but also some nonselective processes.

The robust repetition suppression observed in the medial-temporal structures (Figure 5A) probably reflects a person-specific mediational role of these regions in the retrieval of relevant episodic memory. It has been established that these regions mediate the retrieval of episodic memory, in which sensorimotor experience is represented in different neocortical areas (Osada, Adachi, Kimura, & Miyashita, 2008; Mayes, Montaldi, & Migo, 2007). An advantage of relevant episodic memory in the recognition of personally familiar people was observed in patients with semantic dementia, whose medial-temporal structures are spared, but not in patients with Alzheimer's disease, whose medial-temporal structures deteriorate (Westmacott, Leach, Freedman, & Moscovitch, 2001; Snowden, Griffiths, & Neary, 1994).

The repetition suppression in the left amygdala (Figure 5B) is likely to reflect a behavioral significance or emotional value linked to a specific person. Amygdala lesions cause impairment in the social behavior of primates (Emery et al., 2001). A substantial portion of amygdala neurons responds selectively to the face of a specific individual, and some of these respond selectively to a specific facial expression (Gothard, Battaglia, Erickson, Spitler, & Amaral, 2007). It is interesting to note that in human functional imaging studies, familiarity-dependent amygdala response is left lateralized for both famous (Elfgren et al., 2006; Bernard et al., 2004) and personally familiar faces (Taylor et al., 2009; Sugiura et al., 2001). In the right amygdala, an opposite activation pattern has been reported (Gobbini et al., 2004).

In the bilateral anterior temporal regions (Figure 5C) as well as the posterior parts of the right STS (Figure 5D) and middle temporal gyrus, the observed repetition suppression effect may reflect the critical roles of these regions in retrieval of person-specific knowledge or episodic memory. This observation replicated the previously reported repetition suppression of anterior temporal activation during recognition of personally familiar faces (Sugiura, Watanabe, et al., 2005; Sugiura et al., 2001). A large neuropsychological cohort showed that when a familiar face is presented, patients who have damage in these regions of the right hemisphere are unable to describe the person, and those who have left anterior temporal damage cannot provide the name (Damasio, Tranel, Grabowski, Adolphs, & Damasio, 2004). Spontaneous recollection of details in autobiographical episodes is impaired in patients with ventral posterior parietal damage (Davidson et al., 2008; Berryhill, Phuong, Picasso, Cabeza, & Olson, 2007).

These considerations taken together suggest that the regions that showed repetition suppression in preferential activation for personally familiar faces largely represent person-specific information. This fact bolsters the assumed relationship between the repetition suppression effect and the selectivity of information processed in the region.

The cortical regions that showed no significant repetition suppression effect are unlikely to represent person-specific information or to play a role in facial recognition tasks per se. These regions include the posterodorsal part of the posterior cingulate (Figure 6A), precuneus, anterior-dorsal part of the medial pFC (Figure 6B), right inferior frontal gyrus (Figure 6C), and intraparietal sulcus. A lack of significant repetition suppression effects is unlikely to be a statistical artifact of interperson variability because robust differential activation was obtained in both the first and the second sessions. Brain damage in these regions has not been considered to impair facial recognition in previous neuropsychological studies (Damasio et al., 2004; Damasio, Tranel, & Damasio, 1990). Although the exact meaning of the activation characteristics, that is, nonselectivity in response to a recognized person, is an issue for future exploration, the available knowledge of the regions appears to suggest the behavioral component of the adaptive social responses at least in some areas.

The suggested person nonselectivity of differential activation in the anterior-dorsal part of the medial pFC seems to make this region the most likely candidate for the neural underpinning of the behavioral component of the adaptive social response to the personally familiar people. This notion appears in line with the interpretation of this region's involvement in social attachment (Gobbini et al., 2004). A crucial role of the medial pFC in social cognitive processes has been established (Krueger, Barbey, & Grafman, 2009; Amodio & Frith, 2006). Recent studies have shown that this region is recruited during participation in social behavior (Sassa et al., 2007; Rilling, Sanfey, Aronson, Nystrom, & Cohen, 2004). Activation in this region may reflect preparation for social interaction with the recognized person, which would appear to have an advantage in terms of prompt social response as the theory of the proactive brain assumed (Bar, 2009). This conceptual extension is comparable to the activation of the premotor cortex during tool observation (Chao & Martin, 2000). Just as seeing a tool implies its use, seeing a personally familiar face may imply social interaction.

The characteristics in regions around the right inferior frontal gyrus may be explained by assuming their roles in adaptive cognitive control processes during recognition. These regions have previously been suggested to have roles in the task-appropriate control of memory retrieval, retention, or inhibition processes (Sugiura et al., 2007; Sakai & Passingham, 2003; Lepage, Ghaffar, Nyberg, & Tulving, 2000). Additional degrees of recruitment of these control processes may be required for personally familiar faces because such faces likely induce retrieval of more episodic or semantic memories than do famous faces. The demand for such control processes may have been enhanced in the second session of our experiment because the volunteer had to dissociate long-term person familiarity from the familiarity caused by repeated presentation.

The characteristics in some regions, however, may be explained by the fact that the represented information is common to many personally familiar people. For example, the posterodorsal part of the posterior cingulate cortex, which has previously been implicated in the recognition of personally familiar places (Summerfield, Hassabis, & Maguire, 2009; Sugiura, Shah, Zilles, & Fink, 2005), may represent place information that is shared by many personally familiar people. If this is the case, this nonselectivity may have been particularly enhanced in the current study. Because a single collaborator collected the personally familiar face pictures, the majority of the personally familiar faces presented probably shared a specific place context, such as the university or the workplace that the volunteer visited regularly.

The current findings may call for a revision of previously reported interpretations of preferential activation for personally familiar people. It is reasonable that differential activation occurs more strongly in different brain regions depending on the number of repeated presentations. Differential activation reflects the person-selective representation more when a familiar person is presented only once (e.g., Sugiura et al., 2006, 2008) and reflects the non-person-specific processes more when the same person is repeatedly presented (e.g., Trinkler et al., 2009; Gobbini et al., 2004). In fact, temporal and lateral parietal activation was relatively more conspicuous in the former than the latter studies, and the reverse was true for frontal activation.

The involvement of the person-nonselective processes suggests the necessity of interpreting the cognitive mechanism of person recognition from a perspective beyond the conventional research framework of memory mechanisms. The conventional memory framework seems to have no particular motivation to assign specific meanings to these person-nonselective processes predominantly recruited for personally familiar people. General cognitive processes for person recognition and person-selective representation appear to be sufficient for the execution of the recognition task and accompanying recollection of person-related information. The person-nonselective processes specifically recruited for personally familiar people are, however, attractive from other perspectives, such as that of social cognition, because these processes may explain sophisticated appropriate social behaviors that are enacted without externally specified goals being given.

The repetition suppression effect observed in the left inferior frontal gyrus (Figure 4A) is consistent with a previous finding and may be related to the observed behavioral priming effect (i.e., increased judgment efficacy). Repetition suppression in this region has previously been reported for repeatedly presented famous faces (Pourtois et al., 2005; Rotshtein et al., 2005) as well as for conceptually primed words (Buckner et al., 2000) and object pictures (Koutstaal et al., 2001). This region has been shown to be essential for the repetition priming effect (Thiel et al., 2005; Wig, Grafton, Demos, & Kelley, 2005) and seems to play a role in linking retrieved person-selective information with behavioral responses (Wig, Buckner, & Schacter, 2009; Schacter, Wig, & Stevens, 2007). In the current study, the priming effect was larger for familiar faces than for unfamiliar ones, as shown by a significant Familiarity × Repetition interaction in both the recognition accuracy and the average RT data. This differential component of the priming effect is attributable to the familiarity-relevant or conceptual process, which is distinct from repeated stimulus perception per se.

The repetition suppression effect observed in the right inferior temporal gyrus (Figure 4B) is largely consistent with a previous finding, although the peak location has often been assigned to the fusiform gyrus (Eger et al., 2005; Rotshtein et al., 2005; Henson et al., 2002, 2003). This region has been assumed to represent a specific view of familiar faces on the basis of stronger repetition suppression for the same faces than for different views of famous faces (Eger et al., 2005; Pourtois et al., 2005; Rotshtein et al., 2005).

Our critical assumption that preferential activation for personally familiar faces primarily reflects some special processes that characterize personally familiar people rather than general processes for task execution may require defense. One may suspect the effect of perceptual familiarity, which may be higher for personally familiar than for famous faces. We consider this interpretation unlikely if it refers to the processing efficacy or a feeling of familiarity due solely to a great amount of previous exposure. We included many highly familiar faces that frequently appeared in the media as famous faces and many faces that the subjects did not routinely encounter as personally familiar faces. Therefore, the amount of exposure does not explain the clear contrast in activation between the personally familiar and the famous faces. On the other hand, familiarity that refers to the mental response particular to the perception of personally familiar faces, which is not simply explained by the amount of exposure, should be dealt as one of the special processes recruited in the recognition of personally familiar people. We consider such a mental response relevant to the experience of daily interactions with and the behavioral significance of the person. Some limbic structures, such as the amygdala, may be candidate neural substrates of such a mental response. Concern for the effect of judgment efficacy may be raised because the recognition accuracy data also showed a significant Familiarity × Category × Repetition interaction. We consider this effect on preferential activation unlikely because a larger degree of accuracy improvement was observed for the famous faces than for the personally familiar faces, in contrast to the observed repetition suppression effect in activation. At the moment, we cannot think of any other psychologically established non-sociobehavioral factors that explain preferential activation for personally familiar faces.

The nature of our task seemed to be critical for the observed marked contrast in activation between the personally familiar and the famous faces. Our task (i.e., familiarity judgment) was implicit in terms of the episodic recollection or access to person-relevant semantic information. All previous studies reporting clear differential activation adopted implicit tasks (Sugiura et al., 2006, 2008; Gobbini et al., 2004). In contrast to relatively poor activation during famous-face recognition in the present study, previous studies reported extensive activation for famous faces in the medial, lateral temporal, and medial parietofrontal cortices. In some of these studies, the recollection of related episodes or semantic information was explicitly required (Denkova, Botzung, & Manning, 2006) or encouraged by asking for an evaluation of recognition confidence (Bernard et al., 2004). Although the other studies have used implicit tasks (Elfgren et al., 2006; Leveroni et al., 2000), much larger numbers of famous faces (more than 50) and more liberal statistical threshold were adopted in these studies than in ours. In fact, activation of extensive regions for famous faces similar to the previous studies was replicated when a liberal threshold (p < .05, uncorrected) was adapted to our analysis (i.e., F1-Cf1). In a similar vein, the effect of the damage in these regions was apparent for famous faces when description or naming, rather than familiarity judgment, was explicitly required (Damasio et al., 2004; Westmacott et al., 2001). Although one may have concern if the difference in interstimuli variance between the personally familiar and the famous faces could explain the contrast in activation, we consider it unlikely. In this study, the personally familiar faces (and the counterpart control faces) varied for each subject, in contrast to the famous faces. This fact potentially resulted in a large variance in the personally familiar face stimuli across subjects, whereas this variance was null in the famous face stimuli. The effect, accordingly, should have caused a lower statistical sensitivity for the personally familiar than for famous faces, which is contrary to the actual results.

Our three-factorial design can be analyzed in several different ways. Because we were interested in preferential activation for personally familiar over famous faces, we first identified differential activation separately for the first and second sessions and then made comparisons between the two. We did not adopt a voxel-by-voxel approach to explore any strong repetition suppression effect because our interest was in whether each of the differentially activated regions exhibited the effect. Others might be interested in the repetition suppression effect for basic visual processing of faces. Unfortunately, our task design was not optimal to elucidate this effect. Because of the long interval between the first and the second presentations of an identical face (i.e., between sessions), observed activation reduction included a strong effect of learning the task procedure (i.e., decision-making and motor response). In fact, activation reduction for each face type appeared in motor-related areas, such as the left sensorimotor cortex and the cerebellum, and a reduction in the ventral visual pathway was buried in the periphery of the cluster centered in the cerebellum (Figure 7). This task-learning effect was controlled in the contrasts that were our main interest, which focused on intersession comparison of differential activation between two face types.

Preferential activation during recognition of personally familiar faces over that for famous faces exhibited repetition suppression in some regions and no suppression in others. The results suggest that distinct parts of the preferentially activated regions process person-selective and nonselective information relevant to the personally familiar people. The repetition suppression was observed in the medial and lateral temporal cortices, which have been known to process episodic and semantic information. The repetition suppression was absent in the posterior cingulate, medial prefrontal, right inferior frontal, and intraparietal regions, some of which have been implicated in social cognition and cognitive control. Taking these considerations together, the recognition of personally familiar people specifically involves access to not only person-selective representation but also some person-nonselective processes, which suggests the necessity of these mechanisms from perspectives beyond the memory mechanism, such as that of social cognition.

The authors thank Takashi Tsukiura for helpful suggestions about the manuscript and Tomoya Taminato for support in the preparation of visual stimuli. This study was supported by KAKENHI (17100003 to N. S. and 18680026 to M. S.).

Reprint requests should be sent to Motoaki Sugiura, Department of Functional Brain Imaging, Institute of Development, Aging and Cancer, Tohoku University, Seiryo-machi 4-1, Aoba-ku, Sendai 980-8575, Japan, or via e-mail: motoaki@idac.tohoku.ac.jp.

Cited by"
22360624,,,"Monthly   8 1/2 x 11, illustrated  Founded: 1989  ISSN 0898-929X  E-ISSN 1530-8898  2013 Impact Factor: 4.687

The Superior Temporal Sulcus Differentiates Communicative and Noncommunicative Auditory Signals

1Yale University

2New York University

Processing the vocalizations of conspecifics is critical for adaptive social interaction. A species-specific voice-selective region has been identified in the right STS that responds more strongly to human vocal sounds compared with a variety of nonvocal sounds. However, the STS also activates in response to a wide range of signals used in communication, such as eye gaze, biological motion, and speech. These findings raise the possibility that the voice-selective region of the STS may be especially sensitive to vocal sounds that are communicative, rather than to all human vocal sounds. Using fMRI, we demonstrate that the voice-selective region of the STS responds more strongly to communicative vocal sounds (such as speech and laughter) compared with noncommunicative vocal sounds (such as coughing and sneezing). The implications of these results for understanding the role of the STS in voice processing and in disorders of social communication, such as autism spectrum disorder, are discussed.

The human voice conveys important social information, including emotional state and speaker characteristics (Campanella & Belin, 2007; Belin, Fecteau, & Bedard, 2004). As such, the ability to recognize and process the communicative information in conspecific vocalizations is important for successful social interaction. In typical human adults, a region in the STS responds preferentially to human vocal sounds compared with naturally occurring nonhuman vocalizations, other nonvocal sounds, and well-matched acoustic controls (Leaver & Rauschecker, 2010; Fecteau, Armony, Joanette, & Belin, 2004; Kriegstein & Giraud, 2004; Belin, Zatorre, Lafaille, Ahad, & Pike, 2000; Binder et al., 2000). Furthermore, this voice-selective region is hypoactive in response to vocal sounds in adults with autism spectrum disorder (ASD), a disorder characterized by deficits in language and social communication (Gervais et al., 2004). However, an alternative explanation may be that this region of cortex is especially sensitive to communicative signals rather than to vocal sounds per se. Although in much of the animal communication literature, any aspect of an organism's phenotype that influences the behavior of others (including, e.g., size, coloring, etc.; Maynard Smith & Harper, 2003) can be considered communicative, here we consider communicative signals to be voluntarily and flexibly produced with the intention of sharing information with another person (as in Tomasello, 2008; Grice, 1968). Because the vocal stimuli used in previous studies contained both communicative (e.g., speech, laughter) and noncommunicative (e.g., coughs) signals, it is unknown whether this region is indeed specialized for processing all human vocal sounds or whether this region is especially sensitive to a subset of conspecific vocalizations: vocal signals with communicative significance. This distinction has important implications for understanding the neural infrastructure of voice processing and the reported neural deficits in ASD. If this region of the STS is sensitive to vocal communicative signals, then this suggests that processing of the communicative aspect of vocal sounds is separable from the vocal quality of sounds. This would further suggest that the reported hypoactivation in ASD may reflect a difficulty in recognizing and extracting the communicative significance of vocal sounds rather than a deficit in voice processing per se. The current study seeks to clarify the role of the STS in processing vocal sounds by examining whether this voice-selective region is especially sensitive to communicative vocal sounds compared with noncommunicative vocal sounds.

Several lines of research suggest that the STS may be especially sensitive to communicative vocal sounds. The STS is engaged in a wide range of social tasks, including theory of mind and mentalizing (Saxe, 2006; Zilbovicius et al., 2006; Gallagher & Frith, 2003), biological motion perception (Puce & Perrett, 2003; Allison, Puce, & McCarthy, 2000), face perception (Haxby, Hoffman, & Gobbini, 2000), and speech processing (Vouloumanos, Kiehl, Werker, & Liddle, 2001; Price, 2000), suggesting that the STS supports a variety of social functions (Hein & Knight, 2008). What might account for the role of STS in such a wide range of social tasks? Redcay (2008) has argued that the STS is engaged by a process that is common to all these functional domains: interpreting the communicative significance of both auditory and visual inputs. This hypothesis was supported by several studies demonstrating that the STS is activated by stimuli that convey social communicative significance (Redcay, 2008), such as body movements, eye-gaze, head orientation, lip reading, facial expressions, vocal sounds, and speech.

Furthermore, studies suggest activation in the STS increases as a function of the communicative significance of stimuli, with the STS consistently showing the greatest response to meaningful stimuli of communicative significance (Redcay, 2008). For instance, within the auditory domain, left STS activation increased in response to more communicative sounds: Activation was strongest to words, less strong to naturalistic sounds including animal vocalizations and instruments, and least to tones (Specht & Reul, 2003). Similarly, narratives elicited greater activation in the STS compared with sentences (Xu, Kemeny, Park, Frattali, & Braun, 2005), and the response to sentences was greater than to pseudoword sentences (Roder, Stock, Neville, Bien, & Rosler, 2002), suggesting a sensitivity to communicative content. Similar findings have been reported within the visual domain: Activity in the STS is greater in response to communicative signals such as eye gaze (which may direct the attention of another person toward a source or communicative affective information, flexibly and intentionally) and facial expressions of emotion compared with less communicative signals such as person identity, a phenotypic aspect that is not intentional (LaBar, Crupain, Voyvodic, & McCarthy, 2003; Hoffman & Haxby, 2000). Finally, the STS responds more strongly to goal-directed actions compared with simple biological motion and nonbiological motion (Saxe, Xiao, Kovacs, Perrett, & Kanwisher, 2004; Pelphrey et al., 2003). Remarkably, the same physical stimulus elicits greater neural responses in the STS based on when the listener interprets it as speech rather than nonspeech (Möttönen et al., 2006; Dehaene-Lambertz et al., 2005). Similarly, the pSTS responds differentially to perceptually similar actions based on whether they are perceived as intentional (a character lifting their arm upward with their own volition) or not (a piston pushing the character's arm upward in the same motion; Morris, Pelphrey, & McCarthy, 2008). Together, these studies suggest that interpreting the communicative significance of stimuli may be a common process underlying the many functions of the STS.

In the current study, we investigated whether the voice-selective region of the STS may be especially sensitive to the communicative significance of vocal sounds by examining neural activity in response to eight sound categories that varied in terms of whether they are vocally produced and whether they typically serve a communicative function (see Table 1 for stimulus properties). We first identified a voice-selective region by contrasting the neural response to human vocal sounds (both communicative-adult-directed-speech, infant-directed speech, communicative vocal nonspeech (e.g., laughter, sounds of agreement)-and noncommunicative-physiological vocalizations like sneezing) with nonvocal sounds (walking, clapping, rhesus monkey calls, and sounds of water). After identifying voice-selective regions, we next compared the response to each of the four human vocal sound categories for all voxels within this region. If this region responds nonspecifically to all human vocal sounds, then we would expect all human vocal conditions to elicit similar levels of activation. However, if this region responds selectively to human communicative vocal sounds, then we would expect to see increased activation in response to communicative vocal sounds (e.g., laughter) but not to noncommunicative vocal sounds (e.g., sneezing).

Twenty healthy adults participated in the study (seven men, mean age = 22 years, all right-handed). All of the participants were fluent in English, and none were fluent in Japanese. All participants gave written, informed consent and the Yale Human Investigations Committee approved the protocol.

Eight types of auditory stimuli were presented: infant-directed speech, adult-directed speech, human communicative vocal nonspeech, human noncommunicative vocal nonspeech, sounds of walking, sounds of hand clapping, rhesus macaque vocalizations, and sounds of water. All sounds were sampled at 44,100 Hz, and equalized for mean intensity using PRAAT 5.1.07 (Boersma & Weenink, 2009). The sounds were concatenated into five 20-sec sound files per sound category, each consisting of 11-15 tokens separated by 600-1000 msec of silence. The selection and ordering of tokens comprising the 20-sec sound files was pseudorandom such that the same token was never played twice in a row.

Infant-directed speech consisted of 15 tokens of Japanese words spoken by three female native Japanese speakers. Words were spoken in infant-directed speech, with slightly higher pitch and exaggerated pitch contour, to allow us to compare affective speech to speech produced in a neutral tone (see adult-directed speech). All words were spoken in Japanese to ensure that brain regions responsive to speech were not simply sensitive to semantic content.

Adult-directed speech consisted of the same 15 tokens of Japanese words used in the infant-directed speech condition spoken by the same three female native Japanese speakers. Words were spoken in a normal, neutral tone.

Human communicative vocal nonspeech consisted of 15 tokens produced by three women: agreement (3), disagreement (3), disgust (3), inquiry (3), and laughter (3). These vocalizations were chosen because they can carry affective and semantic meaning and are often produced with the intent of communicating this meaning to another listener.

Human noncommunicative vocal nonspeech consisted of 15 tokens produced by three women: coughs (3), throat clearings (3), yawns (4), hiccups (3), and sneezes (2). These sounds were selected because humans produce them primarily for physiological reasons.

Walking sounds consisted of 15 tokens of three women walking on two surfaces: tile (7) and wood (8).

Clapping sounds consisted of 15 tokens of three women clapping. Clapping sounds were initially selected to convey communicative intent (e.g., praise as in applause) through nonvocal means. However, recordings of clapping were not recognized as applause and were instead reported as sounding like “snapping twigs.” As such, the clapping sounds were considered to be noncommunicative human sounds.

Rhesus macaque vocalizations consisted of 15 tokens produced by three free-ranging adult female rhesus macaques recorded in Cayo Santiago, Puerto Rico: grunts (2), coos (2), girneys (3), noisy screams (4), and arched screams (4). These calls differ from one another on valence and referential function (Hauser, 2000) and thus represent a wide range of rhesus vocalizations.

Water sounds consisted of 15 tokens downloaded from www.findsounds.com: running water (3), boiling water (3), water being poured (3), splashing water (3), and lake water (3).

Stimuli were presented in a block design with one sound category played per block. Each of the eight sound categories was played five times for a total of 40 blocks. Blocks were separated by a 12-sec intertrial interval and presented in pseudorandom order such that the same sound category was never repeated more than twice in a row. Participants were instructed to listen to the stimuli at all times.

An additional 15 adult participants rated each sound token along three dimensions: communicativeness, emotional content, and valence. Ratings of communicativeness were collected to verify that sounds categorized as communicative or noncommunicative were in fact perceived as such. Ratings of emotional content and valence were also obtained to statistically control for the influence of emotional content and valence on the neural responses to communicative and noncommunicative sounds.

Participants were presented with each sound one at a time and asked to rate sounds on all three dimensions. Sounds were played to the participants in random order, and ratings were recorded on a laptop computer. Instructions to participants were given as follows:

You will hear a series of sounds presented one at time. You will be asked three questions after hearing each sound. The first question is How communicative is this sound? Sounds are considered to be communicative when they are voluntarily or flexibly produced with the goal of sharing or communicating information to another person. In other words, a communicative sound is 1) intentionally produced with the goal of sharing information with another person and 2) can be flexibly adjusted to be appropriate for a given situation. State your answer by clicking anywhere along the bar. One end of the bar will be labeled Least. The other end of the bar will be labeled Most. After you make your rating a second question will appear. The second question is: How emotional is this sound? We are not concerned with the valence of the emotion (in other words we are not asking if the sound evokes a positive or negative emotion). We just want to know how much emotion the sound conveys. Make your rating by clicking anywhere along the bar. One end of the bar will be labeled Least. The other end of the bar will be labeled Most. Remember, Most can mean positive or negative. After you make your rating a third question will appear: Does this sound convey a positive or negative emotion? Make your rating by clicking anywhere along the bar. One end of the bar will be labeled Most negative. The other end of the bar will be labeled Most positive. The midpoint of the bar corresponds to neutral. Each sound will be presented one at time. You can take as much time as you like to answer each question. Feel free to use the full range of the bar when answering the three questions.

The values on the bar scaled arbitrarily from 0 (corresponding to Least or Most negative) and 660 (corresponding to Most or Most positive). Reliability between raters was high (intraclass correlation coefficient = .73, p < .0001). MANOVAs with Sound Category (two levels: communicative and noncommunicative) as the fixed factor revealed significant main effects of Sound Category for communicativeness, F(1,118) = 268.0, emotional content, F(1,118) = 141.9, and valence, F(1,118) = 7.75; p < .05 for all. Communicative sounds were significantly higher on measures of communicativeness, emotional content, and positive valence compared with noncommunicative sounds. Results from these ratings confirmed that sounds categorized as communicative were in fact perceived as such (see Table 2 for means and standard deviations of ratings for each sound category).

Acoustic analyses were conducted to allow us to measure and statistically control for the influences of low-level acoustic features on neural responses to communicative versus noncommunicative sounds. Several acoustic properties were assessed, including duration, intensity, harmonicity (the degree of acoustic periodicity, also referred to as the harmonic-to-noise ratio), and pitch. All acoustic analyses were performed using Praat software 5.1.07 (Boersma & Weenink, 2009). MANOVA with Sound Category (two levels: communicative and noncommunicative) as the fixed factor revealed significant main effects of Sound Category for intensity, F(1,118) = 11.77, harmonicity, F(1,118) = 68.69, and pitch, F(1,89) = 6.19, all p < .05. There was no main effect of Sound Category for duration, F(1,118) = .24, p = .62. Communicative sounds were significantly higher on measures of intensity and harmonicity compared with noncommunicative sounds. Noncommunicative sounds were significantly higher in pitch than communicative sounds. Means and standard deviations of each acoustic property for each sound category are provided in Table 2.

Data were acquired using a 3.0-T Siemens TIM TRIO scanner using a 12-channel head coil. Functional images were collected using a standard echo-planar pulse sequence (parameters: repetition time = 2 sec, echo time = 25 msec, flip angle = 60°, field of view = 220 mm, matrix = 642, voxel size = 3.4 × 3.4 × 4 mm, 34 slices). High-resolution T1-weighted anatomical images of the whole brain were acquired for registration using a 3-D MPRAGE sequence (repetition time = 1900 msec, echo time = 2.96 msec, flip angle = 9°, field of view = 256 mm, matrix = 2562, voxel size = 1 × 1 × 1 mm, 160 slices).

Data were preprocessed and analyzed using the BrainVoyager QX 2.0 software package (Brain Innovation, Maastricht, The Netherlands). The first nine volumes of the functional data set were discarded to allow for T1 equilibrium. Preprocessing of the functional data included slice time correction (using sinc interpolation), 3-D rigid-body motion correction (using trilinear-sinc interpolation), spatial smoothing with a FWHM 4-mm Gaussian kernel, linear trend removal, and temporal high-pass filtering (fast Fourier transform based with a cutoff of 3 cycles/time course). Functional images were registered to anatomical images, which were in turn normalized to Talairach space. Estimated motion plots and cine loops revealed that no participant had head motion greater than 3 mm of translation in any direction or 3 degrees of rotation about any axis.

A random effects multiparticipant statistical analysis was performed by multiple linear regression of the time course of the BOLD response in each voxel. The model included explanatory variables for each of the eight sound categories: infant-directed speech, adult-directed speech, human communicative vocal nonspeech, human noncommunicative vocal nonspeech, walking sounds, clapping sounds, rhesus macaque vocalizations, and water sounds. Each sound category was modeled as a boxcar function peaking during each sound trial, convolved with a double-gamma hemodynamic response function. Linear contrasts using t statistics were performed to compare activations among experimental conditions. Given our a priori hypotheses, we were interested in first localizing the voice-selective region identified by Belin and colleagues (2000) by performing a vocal > nonvocal contrast. We then wanted to test our specific hypothesis by examining whether this region is especially sensitive to communicative vocal sounds (infant-directed speech, adult-directed speech, and human communicative vocal nonspeech) compared with noncommunicative vocal sounds (human noncommunicative vocal nonspeech). Areas of activation from the vocal > nonvocal contrast were thresholded using a false discovery rate of q < .05 to correct for multiple comparisons (Genovese, Lazar, & Nichols, 2002).

A second random effects multisubject analysis was performed to statistically control for the influence of sound properties (duration, pitch, intensity, harmonicity, emotional content, and valence) on the observed fMRI signal. The mean values per block of each sound property were included as additional regressors in the analysis. Importantly, sound property values were z-normalized before being entered into the model (Leaver & Rauschecker, 2010).

The vocal > nonvocal contrast revealed greater activation in the left STS and superior temporal gyrus (STG) and the right STS and STG. The peak coordinates of these regions correspond closely to those reported in previous studies examining voice-selective brain regions (see Table 3) and fell within the middle STG.

To examine our main question of interest, whether this voice-selective region responds equally to all vocal sounds or more specifically to communicative compared with noncommunicative vocal sounds, we examined the beta values from the voxels comprising the regions identified in the vocal > nonvocal contrast. Note that this is a rather conservative approach, biased against finding a stronger response to communicative compared with noncommunicative vocal sounds: By first identifying a voice-selective region, we are more likely to obtain high beta values for all vocal conditions. A repeated-measures ANOVA conducted on beta values from voxels within the voice-sensitive region revealed a main effect of Sound Category in both the left and right hemispheres (F(1,19) = 36.36, p < .001; F(1,19) = 19.60, p < .001, respectively). Follow-up paired samples t tests revealed that voice-sensitive regions in the left and right hemispheres responded more strongly to each of the three sound types comprising the communicative vocal sound category (infant-directed speech, adult-directed speech, and human communicative vocal nonspeech) compared with the noncommunicative vocal sounds (e.g., coughs, yawns; all ps < .01; see Figure 1). This finding was further supported by a whole-brain communicative > noncommunicative contrast which revealed significant activation in both the left and right STS and STG. The peak coordinates of these clusters fell within the middle STG (left: -57, -16, 4; right: 57, -11, 1) and corresponded closely to the peak coordinates reported in the vocal > nonvocal contrast.

Furthermore, hemispheric differences were observed in the sensitivity to vocal communicative nonspeech sounds. There was no difference in the right hemisphere in response to all three vocal communicative conditions (all ps > .17). However, the left hemisphere responded more strongly to speech sounds compared with communicative vocal nonspeech sounds (all ps < .05), suggesting that the voice-selective region of the left hemisphere is especially sensitive to linguistic communicative signals.

Including sound properties (duration, intensity, pitch, harmonicity, emotional content, and valence) as additional regressors in our model resulted in no significant voxels responding more strongly to communicative compared with noncommunicative sounds. Importantly, however, one of the sound properties, emotional content, was highly correlated with ratings of how communicative the sounds were (r = .92, p < .0001), raising the possibility that adding emotional content as a regressor was accounting for much of the variance in the observed fMRI signal. We therefore performed the analysis without emotional content as an additional regressor. In this case, we observed significant activation in the right STG and STS and in the left STG in response to communicative compared with noncommunicative sounds. Although the clusters in both hemispheres extended continuously from anterior to middle regions, local peak foci were observed in anterior and middle portions of the STS and STG (see Figure 2 for areas of activation and Table 4 for peak coordinates).

Vocal sounds elicited bilateral activation in the STS and STG, replicating previous studies of voice perception (Belin et al., 2000) using a new corpus of vocal and nonvocal stimuli. Importantly, the current results extend previous findings by demonstrating that, while this region is selective for human voices, it is especially sensitive to communicative vocal sounds compared with noncommunicative vocal sounds. Communicative vocal sounds (infant-directed speech, adult-directed speech, and communicative nonspeech sounds, such as laughter) elicited greater activation than vocal noncommunicative sounds (e.g., coughs and yawns), in the left and right anterior to middle STG and the right middle STS, even when controlling for sound properties. Moreover, we found a hemispheric asymmetry in activation within the communicative sounds, such that human speech sounds elicited more activation than communicative nonspeech vocalizations in the left but not the right hemisphere.

Activation in the STS and STG in response to communicative compared with noncommunicative sounds was observed even when statistically controlling for the influence of duration, intensity, harmonicity, pitch, and valence. Although these results suggest that communicative value plays a strong role in modulating activity in the STS and STG, two other acoustic properties, emotional and phonetic content, may also be contributing to the neural response in voice-selective areas. Ratings of emotional content were highly correlated with communicativeness and when emotion was included as a regressor, no regions showed selectivity for communicative versus noncommunicative sounds. In addition, two of the three communicative sound categories contained phonetic content (adult-directed speech and infant-directed speech). However, we believe that it is unlikely that emotional or phonetic content, rather than communicativeness, are driving the observed results. The influence of emotion and communicativeness can be dissociated by considering the response to adult-directed speech. Whereas adult-directed speech was rated as being significantly lower in emotional content than both infant-directed speech and nonspeech human communicative sounds, beta values for adult-directed speech were just as large as infant-directed speech and human communicative sounds. The influence of phonetic content and communicativeness can be dissociated by considering the response to communicative nonspeech sounds (e.g., laughter) and noncommunicative sounds. Whereas communicative nonspeech sounds are devoid of phonetic content, beta values for communicative nonspeech sounds were larger than for all noncommunicative sounds, including vocal noncommunicative sounds. As such, we propose that the most parsimonious explanation is that activation in this region reflects sensitivity to communicativeness.

The greater activation in the STS for communicative sounds is consistent with a key role for the STS in social perception and cognition in analyzing the communicative significance of auditory and visual inputs (Redcay, 2008). An important question for future research is whether this region is in fact voice selective or whether human nonvocal communicative signals would activate this region of the STS to the same degree as human vocal communicative signals. Although this has not been directly tested, there is reason to believe that this region may be sensitive to both vocal and nonvocal communicative signals. Although anterior portions of the STS are generally associated with speech processing, multiple fMRI studies revealed activation in the anterior STS for theory of mind tasks and in the middle STS for motion processing, face processing, and audiovisual integration (Hein & Knight, 2008). Given the multimodal nature of processing in the STS, it remains plausible that this voice-selective region is sensitive to communicative signals in both auditory and visual domains.

Finally, even within human vocal sounds, nonnative speech sounds preferentially engaged the voice-selective region in the left hemisphere, corroborating findings of left hemisphere dominance for language processing in right-handed adults (Möttönen et al., 2006; Vouloumanos et al., 2001). This further supports the dissociability of neural mechanisms processing linguistic and communicative aspects of language stimuli (Willems et al., 2010).

The current findings may have important implications for elucidating the nature of voice processing deficits previously described in ASD, a neurodevelopmental disorder with impairments in social interaction and communication. Unlike typically developing children, children with ASD fail to demonstrate preferential attention to speech (Kuhl, Coffey-Corina, Padden, & Dawson, 2005; Klin, 1991) and exhibit difficulty in extracting information about the mental states of others from voices (Rutherford, Baron-Cohen, & Wheelwright, 2002). Adults with ASD fail to activate voice-sensitive regions of the STS when listening to vocal compared with nonvocal sounds (Gervais et al., 2004), suggesting that individuals with ASD exhibit abnormal cortical voice processing. The results of the current study offer some insight into the nature of these reported cortical voice-processing deficits. Rather than having a deficit in voice processing per se, individuals with ASD may have a specific deficit in recognizing and extracting the communicative significance contained in vocal sounds (Redcay, 2008). This interpretation is parsimonious with reports indicating that children with ASD differ markedly from typically developing children on language tasks that require an understanding of the communicative intentions of others (reviewed by Redcay, 2008; Sabbagh, 1999). For instance, children with ASD perform better when responding to direct, as opposed to indirect, requests, suggesting a difficulty in understanding the communicative significance of linguistic input (Paul & Cohen, 1985). Characterizing the precise functional role of the STS in preferential processing of a subset of vocal stimuli, those with communicative functions, has important implications for the functional processing of socially relevant stimuli and for our conceptualization of the deficits present in ASD.

Reprint requests should be sent to Sarah Shultz, Department of Psychology, Yale University, 2 Hillhouse Ave., New Haven, CT 06511, or via e-mail: sarah.shultz@yale.edu.

Cited by"
23574585,,,"Monthly   8 1/2 x 11, illustrated  Founded: 1989  ISSN 0898-929X  E-ISSN 1530-8898  2013 Impact Factor: 4.687

Common Brain Regions with Distinct Patterns of Neural Responses during Mentalizing about Groups and Individuals

Harvard University

An individual has a mind; a group does not. Yet humans routinely endow groups with mental states irreducible to any of their members (e.g., “scientists hope to understand every aspect of nature”). But are these mental states categorically similar to those we attribute to individuals? In two fMRI experiments, we tested this question against a set of brain regions that are consistently associated with social cognition-medial pFC, anterior temporal lobe, TPJ, and medial parietal cortex. Participants alternately answered questions about the mental states and physical attributes of individual people and groups. Regions previously associated with mentalizing about individuals were also robustly responsive to judgments of groups, suggesting that perceivers deploy the same social-cognitive processes when thinking about the mind of an individual and the “mind” of a group. However, multivariate searchlight analysis revealed that several of these regions showed distinct multivoxel patterns of response to groups and individual people, suggesting that perceivers maintain distinct representations of groups and individuals during mental state inferences. These findings suggest that perceivers mentalize about groups in a manner qualitatively similar to mentalizing about individual people, but that the brain nevertheless maintains important distinctions between the representations of such entities.

One of the cognitive abilities that best separates humans from other animals is the capacity to form complex representations of the mental states of others. Humans see a person cry and assume he is sad. They see a person extend her hand toward an object and infer she intends to reach for it. Spontaneously and without difficulty, humans adopt a theory of mind or intentional stance toward other people (Dennett, 1987; Premack & Woodruff, 1978).

Surprisingly, humans attribute similar mental states to groups of people (Jones, 2010). In ordinary speech, they make statements like “Christians believe Adam and Eve were real people,” “scientists hope to understand every aspect of nature,” or “companies think solely about increasing profits.” These expressions cannot refer to the mental states of each group member; surely, some Christians do not believe Adam and Eve were real people, no single scientist hopes to grasp all aspects of nature, and no actual company executive spends every waking hour fantasizing about profits. These expressions refer to the beliefs, thoughts, and desires of groups of people, although such groups are not conscious entities that can have this kind of internal mental experience. Nonetheless, humans readily use the same mental state vocabulary to describe the “minds” of groups as they typically do to describe the mental states of individuals.

Perhaps claims about the mental states of groups are merely examples of figurative language that make it easier to communicate about collections of individuals. That is, it may be a linguistic convenience to say “senior citizens want the president to stay in office” rather than “88% of citizens 65 and older polled in a recent representative survey would vote for the president if he were to run for reelection.” Alternatively, references to the mental states of groups may be legitimate instances of theory of mind. In the same way humans endow objects, nonhuman animals, and fictional entities with complex mental states that they do not possess (Epley, Waytz, & Cacioppo, 2007), humans may impute legitimate mental states to groups. That is, humans may naturally perceive a group mind.

The idea of a group mind coheres with previous research on stereotypes as group mental states that inform mentalizing about individual group members (Ames & Mason, 2012; Ames, 2005). In this research, perceivers use stereotypes about the groups to which targets belong to infer the intentions and preferences of these targets (Bottom & Paese, 1997; Plous, 1993; Sagar & Schofield, 1980), especially when they view targets to be substantially different from them (Ames, Weber, & Zou, 2012; Ames, 2004a, 2004b). Further evidence of a link between mentalizing and stereotyping is provided by a neuroimaging experiment that suggests that these two operations recruit similar brain regions (Contreras, Banaji, & Mitchell, 2012).

These brain region-medial pFC (MPFC), anterior temporal lobe (ATL), TPJ, and medial parietal cortex-respond robustly across a wide range of situations in which perceivers represent mental states (for reviews, see Mitchell, 2009; Saxe, 2009; Frith & Frith, 2006; Gallagher & Frith, 2003). For example, these brain regions show increased activity when participants read stories about others' beliefs (Saxe & Kanwisher, 2003; Fletcher et al., 1995), view cartoons that imply mental states (Brunet, Sarfati, Hardy-Baylé, & Decety, 2000; Gallagher et al., 2000), see objects move intentionally (Wheatley, Milleville, & Martin, 2007; Castelli, Happe, Frith, & Frith, 2000), think about the thoughts of historical characters (Goel, Grafman, Sadato, & Hallett, 1995), and infer the mental states of competitors in strategy games (Gallagher, Jack, Roepstorff, & Frith, 2002; McCabe, Houser, Ryan, Smith, & Trouard, 2001).

If humans adopt a theory of mind about groups, then these brain regions should show robust neural activity when perceivers consider the mental states of groups. Previous research is suggestive: Viewing photographs and videos of social interactions recruits some of the same brain regions that respond to mental state inferences about single individuals (Centelles, Assaiante, Nazarian, Anton, & Schmitz, 2011; Wagner, Kelley, & Heatherton, 2011; Iacoboni et al., 2004). But the participants in these studies were not asked to infer the mental states of groups, and no comparison was made between inferences about the mental states of groups and individuals. Therefore, to test the hypothesis that humans adopt a theory of mind about groups, we conducted an experiment in which participants underwent fMRI while alternately inferring the mental states of groups and individual group members.

Participants were 25 college students and community members from Cambridge, MA (9 men, 16 women; age range = 19-27 years, M = 22.0 years) who were right-handed, had no history of neurological problems, and provided informed consent in a manner approved by the Committee on the Use of Human Subjects in Research at Harvard University. Three additional participants were excluded: one for excessive head movement (more than 100 instances of at least 1 mm of movement or 1° of rotation from one volume to the next) and two for failing to respond to more than 20% of experimental trials.

Participants were scanned using fMRI while performing a photograph judgment task in which they viewed 80 photographs that depicted groups of people that ranged in size from 3 to 180 individuals (M = 12.5). On each trial, participants were asked to consider either the group as a whole or a single member of the group. During group trials, a blue border appeared around the entire photograph, whereas during member trials, the blue border appeared around the face or body of a single person in the group. Participants viewed 40 of the photographs in the member condition, pseudorandomly selected for every participant from the stimuli set of group photographs.

For each photograph, participants were asked to perform one of two tasks. On mental trials, participants were oriented toward the mental states of the targets with the cue, “Enjoy a long car ride?” On group versions of mental trials, participants judged how much the group would enjoy a long car ride together. For member versions of mental trials, participants judged how much the group member would enjoy a long car ride alone. This question was chosen because it could be answered equally well for both groups and individuals, and because group enjoyment depends on the pleasantness of interactions between group members and is not simply reducible to the enjoyment of group members considered individually.

On physical trials, participants were oriented toward physical properties of the targets with the cue, “Stay afloat?” On group versions of physical trials, participants judged how well the group would stay afloat in a life raft. For member versions of physical trials, participants judged how well the group member around would stay afloat in a pair of arm flotation devices. Before the start of the experiment, participants saw photographs of these two flotation devices and read descriptions about them: A Boeing life raft 6 ft in diameter and capable of holding up to 500 pounds and inflatable arm bands that are recommended for children but are capable of holding up to 120 pounds. This question was chosen because it could be answered equally well for both groups and individuals, and because it requires participants to evaluate targets without considering their mental states.

Each trial began with one of the two cue phrases. After 500 msec, the photograph appeared under the cue, along with a 4-point Likert scale (1 = least, 4 = most). The cue, photograph, and scale remained onscreen for an additional 3250 msec, during which participants indicated their response using a button box in their left hand. For the last 250 msec of a trial, a white fixation cross appeared in the middle of the screen. To optimize estimation of the event-related fMRI response, trials were intermixed in a pseudorandom order and separated by a variable stimulus interval (0-14 sec) during which participants passively viewed a fixation crosshair (Dale, 1999). Trials were segregated into four functional runs, each of which consisted of 60 trials (20 trials in each group condition and 10 trials in each member condition).

Imaging data were acquired on a 3.0-T Siemens Tim Trio scanner (Siemens, Erlangen, Germany) with a standard head coil in the Center for Brain Science at Harvard University. Functional runs used a gradient-echo, EPI pulse sequence (repetition time = 2000 msec, echo time = 30 msec, flip angle = 85°, field of view = 216 × 216 mm, matrix = 72 × 72, in-plane resolution = 3 × 3 mm, slice thickness = 4 mm). Thirty-one interleaved axial slices parallel to the AC-PC line were obtained to cover the whole cerebrum. The photograph judgment task consisted of four runs of 160 volume acquisitions each. Each of the functional runs was preceded by 8 sec of gradient and radio-frequency pulses that allowed the scanner to reach steady-state magnetization. After the functional runs in each experiment, a high-resolution T1-weighted structural scan (multi-echo MPRAGE) was conducted.

fMRI data were preprocessed and analyzed using SPM8 (Wellcome Department of Cognitive Neurology, London, United Kingdom) and in-house MATLAB code (MathWorks, Natick, MA) written by Dylan Wagner (Dartmouth College, Hanover, NH). To correct for head movement, a rigid body transformation realigned images within each run and across all runs using the first functional image as a reference. Realigned images were unwarped to reduce any additional distortions caused by head movement. Unwarped data were normalized into a stereotaxic space (2-mm isotropic voxels) based on the SPM8 EPI template that conforms to the ICBM 152 brain template space and approximates the Talairach and Tournoux atlas space. Normalized images were spatially smoothed using a Gaussian kernel (8 mm FWHM) to maximize signal-to-noise ratio and reduce the impact of individual differences in functional neuroanatomy. Finally, individual runs were analyzed on a participant-by-participant basis to find outlier volumes with Artifact Detection Toolbox (ART; McGovern Institute for Brain Research, Cambridge, MA). Outliers were defined as volumes in which participant head movement exceeded 0.5 mm or 1° and volumes in which overall signal were more than three standard deviations outside the mean global signal for the entire run.

For each participant, a general linear model (GLM) was constructed to include task effects and nuisance regressors (run mean, linear trend to account for signal drift over time, six movement parameters computed during realignment, and, if any, outlier scans identified by ART and trials in which participants did not provide a response). To compute unweighted (β) and weighted (t) parameter estimates for each condition at each voxel, the GLM was convolved with a canonical hemodynamic response function as well as its temporal and spatial derivatives. These derivatives explain a significant portion of BOLD variability above and beyond the canonical hemodynamic response function (Henson, Rugg, & Friston, 2001). Trials were modeled as events of durations equal to their respective RTs to account for differences in RTs across conditions (Grinband, Wager, Lindquist, Ferrera, & Hirsch, 2008).

Comparisons of interest were implemented as linear contrasts. Given the large sample size, significant voxels were identified using a voxel-wise statistical criterion of p < 10-5. ROIs, defined using MarsBar (Centre IRMf, Marseille, France) and in-house MATLAB code, were required to exceed 32 voxels in extent, establishing an experiment-wide statistical threshold of p < .05, corrected for multiple comparisons, on the basis of Monte Carlo simulations (Slotnick, Moo, Segal, & Hart, 2003). Voxels at the intersection of ROIs from different contrasts were identified using xjView (Stanford University, Palo Alto, CA). Contrast maps were overlaid on the same anatomical template without recalculation of the statistical thresholds used to generate each contrast map. Therefore, conjunctions use conservative statistical thresholds that can increase our confidence in them. Additional statistical comparisons were conducted in MATLAB using paired-sample t tests on the parameter estimates associated with each trial type.

Means and standard deviations of responses and RTs are displayed in Table 1. On mental trials, participants judged that groups (M = 3.11) would enjoy a long car ride together less than single members (M = 3.39), t(24) = 2.84, p < .01, Cohen's d = 0.58. On physical trials, participants did not judge groups (M = 2.79) differently from single members (M = 2.84), t(24) = 0.29, p = .78, d = 0.06. Response latencies were closely matched for mental judgments in the group (M = 1.87) and member (M = 1.89) conditions, t(24) = 0.87, p = .39, d = 0.18, but participants responded more quickly to physical judgments about groups (M = 1.77) than single members (M = 1.92), t(24) = 3.62, p < .01, d = 0.74.

Trials from the photo judgment task were conditionalized on the basis of question (mental, physical) and target (group, member), resulting in four conditions of interest. A whole-brain contrast identified voxels in which BOLD activity was greater during trials in which participants answered questions about the mental states of groups than their physical appearance (group mental > group physical). This contrast identified ventral and dorsal aspects of MPFC, bilateral ATL, bilateral TPJ, and medial parietal cortex (Table 2). Consistent with earlier research, a similar whole-brain contrast of single member trials (member mental > member physical) identified the same brain regions (Table 2). For a formal test that these two contrasts identified overlapping brain regions, we identified voxels in the intersection of the ROIs defined by each contrast. This analysis identified voxels in dorsal and ventral MPFC, bilateral ATL, bilateral TPJ, and medial parietal cortex (Figure 1).

As an additional test of the hypothesis that brain regions recruited by mental state inferences about individuals are also recruited by mental state inferences about groups, the parameter estimates of the group contrast (group mental > group physical) were extracted for the brain regions defined by the member contrast (member mental > member physical), averaging over all voxels in each ROI (Table 3). To test that inferences about the mental states of groups also recruit these brain regions, we examined whether BOLD activity in these parameter estimates were significantly higher than zero. This was the case for every ROI, all ts(24) > 5.00, all ps < 10-4, suggesting that perceivers also recruit these regions when they represent the mental states of groups.

Moreover, to test whether inferences about the mental states of groups recruit these brain regions as robustly as inferences about the mental states of single members, we examined whether differences in BOLD activity between the parameter estimates of the group and member condition (member mental > member physical) were statistically equivalent (Table 3). Although ventral MPFC showed a marginally larger response to groups than single members, t(24) = 1.84, p = .08, every other ROI showed equivalent responses to mental state inferences about groups and single members, all ts(24) < 1.60, all ps > .12, suggesting that perceivers recruit these brain regions as strongly when they represent the mental states of groups as when they perform similar inferences about individuals.

We hypothesized that, if humans adopt a theory of mind about groups, then brain regions engaged by theory of mind about individuals-MPFC, bilateral ATL, bilateral TPJ, and medial parietal cortex-should show robust neural activity when perceivers consider the mental states of groups. In support of this hypothesis, these brain regions were more responsive to inferences about mental states of both groups and individuals than to inferences about the physical appearance of both groups and individuals.

As such, the results of the present experiment suggest that common brain regions respond during inferences about mental states of groups and individuals. But this result is puzzling given that people do not consider the minds of single individuals and the “minds” of groups to be equivalent. For instance, people are more likely to attribute intentions than emotions to groups, but they do not show such a bias in imputing mental states to individuals (Knobe & Prinz, 2008). Additionally, people attribute a mind to a group only when they cannot attribute differentiable minds to the individuals that comprise the group (Waytz & Young, 2012). Therefore, although common brain regions may respond preferentially to theory of mind about individuals and groups, they may have distinct representations of mental state inferences about groups and mental state inferences about individuals.

To test this hypothesis, we used multivoxel pattern analysis (MVPA), which takes as its unit of analysis not the responses of individual voxels but the responses of multiple voxels or multivoxel patterns (for a review, see Weil & Rees, 2010). Differences in multivoxel patterns across stimuli index differences in the underlying representations of these stimuli. For example, face and house percepts elicit distinct multivoxel patterns in ventral temporal cortex, suggesting that the visual system contains distinct representations of faces and houses (Haxby et al., 2001). In the present experiment, we identified brain regions in which multivoxel patterns differentiate mental state inferences about groups from similar inferences about individual group members. In other words, this analysis aimed to identify brain regions that contain distinct representations of mental state inferences about groups and individuals.

We conducted this analysis in an experiment in which participants performed the same photograph judgment task from Experiment 1. But whereas participants in Experiment 1 only viewed some of the photographs in their member condition, participants in Experiment 2 viewed all photographs in their group and member condition. The larger number of trials in the member condition as well as the equal number of trials in the group and member conditions allows the use of MVPA. Specifically, this modification ensures that the parameter estimates in the multivoxel patterns of the group and member conditions are equal in statistical power and reliability. To ascertain that we examined the brain regions that have been identified as responding preferentially to mentalizing, this version of the task included an additional set of trials that required participants to make mental state inferences about individuals outside a group context. These trials were used as a functional localizer of brain regions engaged by mentalizing. Additionally, participants completed a false belief task (Saxe & Kanwisher, 2003), which provided an independent functional localizer of brain regions engaged by mentalizing.

Participants were 14 individuals (eight men, six women; age range = 18-23 years, M = 19.9 years) sampled from the same population as Experiment 1. One participant withdrew from the experiment after becoming ill during data collection.

Participants were scanned using fMRI while performing the same photograph judgment task with two modifications. First, whereas participants in Experiment 1 viewed 40 of the photographs in the member condition, participants in Experiment 2 viewed all 80 photographs in their member version. Second, the task included photographs that depicted a single individual (40 photographs). These photographs, drawn from the same database, depicted individual people in a variety of settings. Each photograph was presented twice. In one presentation, participants judged how much the individual would enjoy a long car ride alone in one set of trials. In the other presentation, they judged how well the group member would stay afloat in a pair of arm flotation devices. Trials were segregated into eight functional runs, each of which consisted of 50 trials (10 trials in each group and member condition, 5 trials in each individual condition).

Participants in Experiment 2 also completed two runs of a false belief localizer used to identify brain regions that represent mental states (Saxe & Kanwisher, 2003). During this task, participants read 12 vignettes that referred to the false belief of a person (belief blocks). For example, one belief vignette read, “Jenny put her chocolate away in the cupboard. Then she went outside. Alan moved the chocolate from the cupboard into the fridge. Half an hour later, Jenny came back inside.” The corresponding cue read, “Jenny expects to find her chocolate in the:” and the answer choices read “fridge” and “cupboard.” Participants also read 12 vignettes that referred to an outdated physical representation, such as a photograph (photo blocks). These vignettes had the same logical structure as belief stories, but referred to outdated physical, rather than mental, representations (Zaitchik, 1990). For example, one physical vignette read, “A photograph was taken of an apple hanging on a tree branch. The film took half an hour to develop. In the meantime, a strong wind blew the apple to the ground.” The corresponding cue read, “The developed photograph shows the apple on the:” and the corresponding answer choices read “ground” and “branch.” Each vignette was presented for 10 sec, after which it was replaced by the cue sentence. Participants had 6 sec to respond to the cue before the end of the story. Each cue was followed by a fixation crosshair lasting 10 sec. Stories were segregated into two functional runs, each of which consisted of 6 belief and 6 photo stories, intermixed in pseudorandom order.

The functional imaging procedures were identical to those of Experiment 1. However, the photograph judgment task consisted of eight runs of 130 volume acquisitions each. The false belief localizer consisted of two runs of 174 volume acquisitions each. Significant voxels in the photograph judgment task were identified using a voxel-wise statistical criterion of p < .005, and ROIs were required to exceed 59 voxels in extent. Given the block design of the false belief localizer, the thresholds in the analysis of this data were p < 10-5 and k = 32. These thresholds established an experiment-wide statistical threshold of p < .05, corrected for multiple comparisons, on the basis of Monte Carlo simulations (Slotnick et al., 2003).

The functional imaging data analysis was identical to that of Experiment 1, with one exception. Information-based functional brain mapping with a multivariate spherical searchlight was conducted for each participant (Kriegeskorte, Goebel, & Bandettini, 2006). For this analysis, fMRI data from the photo judgment task were preprocessed as before, but they were spatially smoothed with a smaller Gaussian kernel (4 mm FWHM). GLMs were also constructed as before, but each group and member condition was split into one condition with trials from odd runs and another condition with trials from even runs (e.g., group mental odd, group mental even). Contrast images were created by comparing the parameter estimates of each mental condition to those of its corresponding physical condition in a linear contrast (e.g., group mental odd > group physical odd). Following Misaki, Kim, Bandettini, and Kriegeskorte (2010), the multivariate searchlight analysis used the resulting contrast images (group mental odd > group physical odd, group mental even > group physical even, member mental odd > member physical odd, member mental even > member physical even) because they reduce the influence of noisy voxels.

For each voxel, we extracted the parameter estimates of each contrast within a spherical neighborhood (8-mm radius; neighborhood size in resampled voxels, M = 248, SD = 21) similar in shape to those used by Kriegeskorte and colleagues (2006). As such, each neighborhood was associated with four vectors, one for each contrast. These vectors were correlated in four different ways: two same-target correlations (group odd with group even, member odd with member even) and two different-target correlations (group odd with member even, member odd with group even). These correlations were Fisher-transformed to z values  and then averaged to yield a single same-target correlation and a single different-target correlation. For each neighborhood, we subtracted the average same-target correlation from the average different-target correlation and assigned the difference to the center voxel. This analysis yielded a correlation difference map expressed in z scores for each participant, indexing the degree to which each voxel exists in a neighborhood in which group trials correlate with each other more than with single member trials and, vice versa, single member trials correlate more with each other than group trials. Finally, a univariate, random-effects analysis identified brain regions that showed higher same- than different-target correlations across participants. For each voxel, we performed a right-tailed one-sample t test against zero with the corresponding z values from all participants (same > different).

Means and standard deviations of responses and RTs are displayed in Table 1. On mental trials, participants indicated that groups (M = 2.97) would enjoy a long car ride together as much as single members (M = 3.03), t(13) = 0.90, p = .39, d = 0.25. On physical trials, participants did not judge groups (M = 2.88) differently from single members (M = 2.94), t(13) = 0.28, p = .78, d = 0.08. Response latencies were closely matched for mental judgments in the group (M = 1.88) and member (M = 1.88) conditions, t(13) = 0.19, p = .85, d = 0.05, as well as for physical judgments about groups (M = 1.81) and single members (M = 1.89), t(13) = 1.41, p = .18, d = 0.39.

Trials from the photo judgment task were conditionalized on the basis of question (mental, physical) and target (group, member, individual), resulting in six conditions of interest. A whole-brain contrast identified voxels in which BOLD activity was greater during trials in which participants answered questions about the mental states of individuals than their physical appearance (individual mental > individual physical). Consistent with earlier research, this contrast yielded a set of brain regions that included dorsal and ventral MPFC, bilateral ATL, bilateral TPJ, and medial parietal cortex (Table 4).

The parameter estimates of the group and member conditions (group mental > group physical, member mental > member physical) were extracted for each of these brain regions, averaging over all voxels in each ROI (Table 3). To test that inferences about the mental states of groups recruit these brain regions, we examined whether BOLD activity in the parameter estimates of the group conditions were significantly higher than zero. This was the case for every ROI, all ts(13) > 2.98, all ps < .01, suggesting that people also recruit these regions when they represent the mental states of groups. To test that inferences about the mental states of groups recruit these brain regions as robustly as inferences about the mental states of single members, we examined whether differences in BOLD activity between the group and member parameter estimates were statistically unreliable. This was the case for every ROI, all ts(13) < 1.70, all ps > .11, suggesting that people recruit these brain regions as strongly when they represent the mental states of groups as when they perform similar inferences about individuals.

These results were replicated when ROIs were defined by the false belief localizer. A whole-brain contrast identified voxels in which BOLD activity was greater during blocks in which participants read and answered questions about belief stories than closely-matched stories about physical representations (belief > photo). Consistent with earlier research, this contrast yielded a set of brain regions that included dorsal MPFC, right ATL, bilateral TPJ, and medial parietal cortex (Table 4).

The parameter estimates of the group and member conditions (i.e., group mental > group physical, member mental > member physical) were extracted for each of these brain regions, averaging over all voxels in each ROI. To test that inferences about the mental states of groups recruit these brain regions, we examined whether BOLD activity in the parameter estimates of the group conditions were significantly higher than zero. This was the case for dorsal MPFC, right ATL, and bilateral TPJ, all ts(13) > 2.18, all ps < .03, suggesting that people also recruit these regions when they represent the mental states of groups. Medial parietal cortex showed a similar effect, but the difference was statistically reliable at a marginal level, t(13) = 1.60, p = .06. To test that inferences about the mental states of groups recruit these brain regions as robustly as inferences about the mental states of single members, we examined whether differences in BOLD activity between the group and member parameter estimates were statistically unreliable. This was the case for every ROI, all ts(13) < 1.30, all ps > .21, suggesting that people recruit these regions as strongly when they represent the mental states of groups as when they perform similar inferences about individuals.

A whole-brain contrast identified voxels in neighborhoods in which multivoxel correlations were higher for inferences about the mental states of the same class of targets (e.g., group odd with group even) than different classes of targets (e.g., group odd with member even). This same > different contrast yielded a set of brain regions that included dorsal MPFC, medial parietal cortex (precuneus and posterior cingulate cortex), left ATL, and left TPJ (Table 5, Figure 2). In these brain regions, the patterns of BOLD activity associated with inferences about the mental states of groups was more similar to the pattern for other groups than it was for individual members; likewise, the pattern of BOLD activity associated with inferences about the mental states of individuals was more similar to other individuals than to groups. The z values that correspond to the differences between same- and different-target correlations were reliably larger than zero, all ts(13) > 4.46, all ps < 10-4. Moreover, the magnitude of these differences did not vary across ROIs, all ts < 1.65, all ps > .12, suggesting that these brain regions were equally sensitive in their discrimination of groups and single members during inferences about mental states.

To ensure that these results were not caused by the group or the member condition exclusively, two additional multivariate searchlight analyses were conducted. A group analysis examined multivoxel correlations in the group condition (group odd with group even), whereas a member analysis examined multivoxel correlations in the member condition (member odd with member even). By analyzing the two same-target correlations separately, we can examine a correlation difference that detects the presence of a group representation and a correlation that detects the presence of a member representation. Each of these same-target correlations was independently contrasted against the average different-target correlation (group odd with member even, member odd with group even).

The correlation differences of the group analysis and the member analysis were extracted separately from the ROIs defined by the original multivariate searchlight analysis that averaged these two correlation differences. If these brain regions contain distinct group and member representations, then we should expect each of these two correlation differences to be reliably larger than zero in each ROI. This was the case in most ROIs (Figure 2). The correlation differences from the group analysis were reliably larger than zero in all ROIs, all ts(13) > 3.09, all ps < 10-3, suggesting that these brain regions contain distinct group representations. In the member analysis, the correlation differences were reliably larger than zero in medial parietal cortex (precuneus and posterior cingulate cortex), left ATL, and left TPJ, all ts(13) > 2.84, all ps < 10-3, but not in dorsal MPFC, t(13) > 1.23, p = .12; however, the correlation difference in dorsal MPFC had the predicted direction. These results suggest that these ROIs contain distinct member representations. Together, the group analysis and the member analysis suggest that these brain regions, with the exception of dorsal MPFC, have distinct representations of groups and individuals.

The multivoxel patterns of these brain regions discriminate inferences about the mental states of groups from similar inferences about single members. To determine whether these brain regions discriminated between groups and single members with their univariate responses, parameter estimates from the contrasts (group mental odd > group physical odd, group mental even > group physical even, member mental odd > member physical odd, member mental even > member physical even) were extracted for each of these brain regions, averaging over all voxels in each ROI. Parameter estimates from odd and even runs of the group contrasts were averaged as were the parameter estimates from odd and even runs of the member contrasts. The differences between these two averages were not statistically reliable in any of the ROIs, all ts(13) < 1.53, all ps > .15, suggesting that the univariate, unlike the multivariate, responses of these brain regions do not carry information about the target of the mental state inference.

Finally, an additional multivariate searchlight analysis was conducted to ensure that the results of the multivariate searchlight analysis were specific to the group-member distinction. Photographs were pseudorandomly assigned to two sets (X and Y) such that group and member versions of each photograph were always in the same set. Pseudorandom assignments varied across participants. Experimental trials were reassigned from old group member conditions to new X-Y conditions (e.g., if photograph 3 is in set X, then its group and member mental trials in the first run are in condition X mental odd). Critically, these new conditions contain an equal number of group and member trials. They were used to build new contrasts (X mental odd > X physical odd, X mental even > X physical even, Y mental odd > Y physical odd, Y mental even > Y physical even), which were submitted to a whole-brain multivariate searchlight analysis. At each neighborhood, the average of two different-set correlations (X odd with Y even, X even with Y odd) was subtracted from the average of two same-set correlations (X odd with X even, Y odd with Y even) and assigned to the center voxel. A whole-brain random-effects analysis to identify brain regions that showed greater same- than different-set correlations failed to dorsal MPFC, medial parietal cortex (posterior cingulate cortex or precuneus), left ATL, or left TPJ. Instead, it yielded a brain region in left posterior superior temporal gyrus ([x y z] = -50, -47, 8).

People know that groups do not have minds, but nevertheless speak about groups as if they had mental states like those of individuals. In the present experiments, we observed that brain regions that respond preferentially during inferences about the mental states of individuals also responded robustly during inferences about the “mental states” of groups. Irrespective of how they were identified, dorsal and ventral MPFC, bilateral ATL, bilateral TPJ, and medial parietal cortex were more strongly engaged by inferences about the mental states of groups than by similar inferences about physical aspects of these groups. Moreover, these brain regions responded as robustly to inferences about mental states of groups as they did to similar inferences about individual group members. As a whole, these results suggest that not only do humans adopt a theory of mind about groups, but that it is just as robust as is theory of mind about individuals. As such, the results of the present experiment suggest that common brain regions underlie inferences about mental states of groups and individuals.

However, the fact that these brain regions are involved in representing the mental states of groups and individuals leaves open the question of whether these brain regions represent inferences about the mental states of groups and individuals similarly or differently. To determine whether these brain regions contain such target-specific representations (group vs. individual), we carried out a multivariate searchlight analysis to find brain regions that use multivoxel patterns to discriminate mental states inferences about groups from similar inferences about individuals. This analysis identified dorsal MPFC, medial parietal cortex (posterior cingulate cortex and precuneus), left ATL, and left TPJ as repositories of target identity in mental state inferences. These brain regions differentiated between inferences about the mental states of groups and single members despite the fact that the two conditions were closely matched in behavioral responses, RTs, information on screen, and univariate BOLD activity. Thus, although the same brain regions represent the mental states of groups and individuals, most of them carry information about whether the target of the mental state inference is a group or an individual.

One could argue that mental state inferences about groups and individuals recruit the same brain regions in this study because participants inferred the mental state of a single, representative group member when they were asked to mentalize a group. However, multivoxel patterns in most of these brain regions differentiate group and member trials. If participants were answering questions about an individual member in every trial, then multivoxel patterns would not differentiate between group and member trials. The MVPA suggests that these brain regions have distinct representations of groups and individuals.

In previous research, the brain regions that people recruit in inferences about the mental states of other humans were also engaged by mentalizing about nonhumans, such as objects (Wheatley et al., 2007; Castelli et al., 2000), robots (Krach et al., 2008), or other animals (Mitchell, Banaji, & Macrae, 2005). The present findings extend this body of work by showing that these brain regions can also respond robustly to inferences about the mental states of groups of people. Together, these experiments suggest that theory of mind is a cognitive module that can be flexibly deployed for understanding a diverse array of agents (Epley et al., 2007). Although it is likely that theory of mind evolved to understand the behavior of individual humans (Povinelli & Preuss, 1995), it may have been co-opted by the human mind to increase its understanding of the behavior of nonhuman agents and groups of people.

In summary, the present experiments contribute to our emerging understanding of how the human brain represents information about social groups. Although cognitive neuroscientists have started to document the neural basis of the perception of individuals from different social groups (for reviews, see Kubota, Banaji, & Phelps, 2012; Decety & Cacioppo, 2011; Todorov, Fiske, & Prentice, 2011; Van Bavel & Cunningham, 2011; Cunningham & Van Bavel, 2009; Ito & Bartholow, 2009; Eberhardt, 2005), only a few experiments have examined the functional neuroanatomy of perceiving and thinking about groups qua groups. However, this research gap is growing smaller. For example, recent reports have started to shed light on which brain regions represent stereotypes and other forms of semantic knowledge about social groups (Contreras et al., 2012; Quadflieg et al., 2009). Given the importance of groups to our everyday life as social animals, this burgeoning interest in the neural basis of intergroup cognition promises to become an important program of research in cognitive neuroscience.

The authors thank Amrita Dani, Katharine Dobos, Anna Leshinskaya, Joe Moran, and Jennifer Tao for advice and assistance. This work was supported by a grant to J. P. M. and M. R. B. from the National Science Foundation (BCS 0642448). J. M. C. was supported by a Jacob Javits fellowship from the United States Department of Education and a Graduate Research Fellowship from the National Science Foundation.

Reprint requests should be sent to Juan Manuel Contreras, Department of Psychology, Harvard University, Northwest Science Building, 52 Oxford Street, Cambridge, MA 02138, or via e-mail: jmcontr@fas.harvard.edu.

Cited by"
24666131,,,"Monthly   8 1/2 x 11, illustrated  Founded: 1989  ISSN 0898-929X  E-ISSN 1530-8898  2013 Impact Factor: 4.687

Reach Out and Touch Someone: Anticipatory Sensorimotor Processes of Active Interpersonal Touch

1G. d'Annunzio University, Chieti, Italy

2Parma University

3University of Ottawa Institute of Mental Health Research

Anticipating the sensorimotor consequences of an action for both self and other is fundamental for action coordination when individuals socially interact. Somatosensation constitutes an elementary component of social cognition and sensorimotor prediction, but its functions in active social behavior remain unclear. We hypothesized that the somatosensory system contributes to social haptic behavior as evidenced by specific anticipatory activation patterns when touching an animate target (human hand) compared with an inanimate target (fake hand). fMRI scanning was performed during a paradigm that allowed us to isolate the anticipatory representations of active interpersonal touch while controlling for nonsocial sensorimotor processes and possible confounds because of interpersonal relationships or socioemotional valence. Active interpersonal touch was studied both as skin-to-skin contact and as object-mediated touch. The results showed weaker deactivation in primary somatosensory cortex and medial pFC and stronger activation in cerebellum for the animate target, compared with the inanimate target, when intending to touch it with one's own hand. Differently, in anticipation of touching the human hand with an object, anterior inferior parietal lobule and lateral occipital-temporal cortex showed stronger activity. When actually touching a human hand with one's own hand, activation was stronger in medial pFC but weaker in primary somatosensory cortex. The findings provide new insight on the contribution of simulation and sensory prediction mechanisms to active social behavior. They also suggest that literally getting in touch with someone and touching someone by using an object might be approached by an agent as functionally distinct conditions.

Interpersonal touch is a primary expression of affiliative behavior. It reflects the disposition of individuals to seek close contact between them, promoting socioemotional development, group cohesion, and reproduction (Dunbar, 2010; Gallace & Spence, 2010; Morrison, Loken, & Olausson, 2010). Despite the clear interactive character of interpersonal touch, psychological and neuroscientific investigations addressed it almost exclusively as a receptive experience. Gibson (1962) already emphasized the functional specificity of active touch, but research on active touch was mostly confined to the study of human-object interactions.

Important differences exist between our tactile interactions with the animate or inanimate world. For example, whereas the former is driven by the intention to explore, manipulate, and use objects (Johansson & Flanagan, 2009; Lederman & Klatzky, 2009), the latter essentially has a communicative intention through somatosensory interaction with another individual (Gallace & Spence, 2010; Hertenstein, Keltner, App, Bulleit, & Jaskolka, 2006). From this perspective, it can be argued that active animate and inanimate touch may not only differ in the experience of the touch itself but that active interpersonal touch may be already unique in the processes anticipating it. This study specifically aimed at clarifying the anticipatory somatosensory processes of active interpersonal touch, compared with anticipatory somatosensory processes of active object touch, by means of fMRI.

Anticipation is fundamental to action (Blakemore & Frith, 2003; Haggard & Clark, 2003; Wolpert & Flanagan, 2001). During action performance, predictions are made by the brain about the sensorimotor consequences to anticipate effects and optimize performance (Prinz, 2012; Knoblich & Flach, 2001; Wolpert, Ghahramani, & Jordan, 1995). Several sensorimotor brain regions have been implicated in such predictions, including somatosensory and parietal cortices, cerebellum, and SMA (Haggard, 2008; Blakemore & Sirigu, 2003). Especially relevant for social action coordination, in addition to the anticipation of one's personal sensorimotor experiences, the anticipation of others' behavior and experiences plausibly also has a clear functional value (Sebanz, Bekkering, & Knoblich, 2006). For example, in the case of active interpersonal touch, intensity, velocity, and fine motor skills are regulated based on the expected sensation of both oneself and the other. It is likely to posit that sensorimotor brain circuits involved in the processing of first-person tactile experiences contribute to active interpersonal touch by anticipating not only one's own but also others' behavior and experiences for the regulation of touch performance.

Somatosensation constitutes an elementary component of both action consequences (Blakemore & Sirigu, 2003) and social cognition (Gallese & Ebisch, 2013; Gallese & Sinigaglia, 2011; Keysers, Kaas, & Gazzola, 2010). Activity in somatosensory cortices is modulated by anticipation of tactile stimuli (Carlsson, Petrovic, Skare, Petersson, & Ingvar, 2000) and active movement (Jackson, Parkinson, Pears, & Nam, 2011), which in turn modulates tactile stimulus processing (van Ede, de Lange, & Maris, 2013; Jackson et al., 2011; Voss, Ingram, Wolpert, & Haggard, 2008). Furthermore, empirical evidence consistently suggests that primary (SI, in particular BA 2) and secondary (SII) somatosensory cortices also contribute to the understanding of other individuals' tactile experiences (see, for reviews, Gallese & Ebisch, 2013; Gallese & Sinigaglia, 2011; Keysers et al., 2010). Some studies indicated that other regions endowed with tactile properties, like anterior inferior parietal lobule (aIPL), ventral premotor cortex, and lateral occipital-temporal cortex (lOT), could also be involved in somatosensory aspects of social perception (Morrison, Tipper, Fenton-Adams, & Bach, 2013; Ebisch et al., 2008). Although not systematically investigated, psychological evidence supports a role of embodied simulation in the predictive coding of others' peripheral sensations (Bosbach, Cole, Prinz, & Knoblich, 2005). Neuroimaging studies suggested that predicting the consequences of observed object-directed actions involves brain regions with somatosensory properties (Morrison et al., 2013; Ramsey, Cross, & Hamilton, 2012).

Most somatosensory regions related to social perception also are strongly linked with motor behavior, making them plausible candidates for regulating active social touch. BA 2 and SII have direct reciprocal connections with intraparietal sulcus and aIPL, areas involved in multisensory integration as well as vicarious sensorimotor functions (Ishida, Nakajima, Inase, & Murata, 2010; Keysers et al., 2010; Rizzolatti & Sinigaglia, 2010; Rozzi et al., 2006; Bremmer et al., 2001; Lewis & Van Essen, 2000; Pons & Kaas, 1986). BA 2 also projects to primary motor cortex (Caria, Kaneko, Kimura, & Asanuma, 1997; Kaneko, Caria, & Asanuma, 1994a, 1994b) and has a crucial role in motor control during haptic behavior (Freund, 2003; Iwamura & Tanaka, 1996; Hikosaka, Tanaka, Sakamoto, & Iwamura, 1985). Furthermore, aIPL (including areas PF and PFG) and ventral premotor cortex are involved in sensorimotor coupling underlying the integration of multisensory information with motor representations for the control of goal-related motor behavior (Rozzi et al., 2006; Gallese, Fadiga, Fogassi, & Rizzolatti, 2002; Rizzolatti, Fogassi, & Gallese, 2002; Hyvärinen, 1982).

Hence, we hypothesized that, in the case of touching someone as well as in the case of touching something, cortical motor and somatosensory circuits likely contribute to the prediction of the sensorimotor consequences of touch performance. In particular, touch directed at another individual might be characterized by differential anticipatory neural activation patterns in brain circuits involved in somatosensation and social cognition, when compared with touch directed at inanimate targets. In addition, we speculated that actions leading to skin-to-skin contact, that is, literally getting in touch with someone, and touching another individual through an object possibly might be characterized by distinct anticipatory sensory activity patterns. Skin-to-skin contact, that is, direct bodily interaction, is associated with a different intention, but also a different relevance for the personal perception of the touch, compared with an inanimate touch. By contrast, touching an animate or inanimate target mediated by an object, that is, indirect bodily interaction, only differs with respect to its intention with a more marked accentuation of the goal of the action.

To address these issues, fMRI scanning was performed in healthy participants during an experimental paradigm designed to isolate the anticipatory sensorimotor representations of social touch, while controlling for nonsocial sensorimotor processes and possible confounds because of interpersonal relationships or socioemotional valence. Interpersonal touch was studied either as skin-to-skin contact with another individual or as tactile stimulation of another individual without direct bodily contact. Whereas the former can be considered as an action resulting in a unique, shared sensory experience between two human beings, the latter concerns an action directed at inducing a sensation in the other without tactilely experiencing its sociality.

Sixteen healthy, right-handed, young adults (age = 20-34 years; eight women) participated in the present experiment. All participants had normal or corrected-to normal vision capabilities. Written informed consent was obtained from all participants after full explanation of the study's procedure, in line with the Declaration of Helsinki. The experimental protocol was approved by the local institutional ethics committee. Participants were paid for their participation in the fMRI experiment.

For each participant, BOLD contrast functional imaging was performed with a Philips Achieva scanner (Andover, MA) at 3T at the Institute of Advanced Biomedical Technologies, Chieti, Italy. An initial T1-weighted anatomical (3-D MP-RAGE pulse sequence; 1 mm isotropic voxels) and T2*-weighted functional data were collected with an eight-channel phased-array head coil. EPI data (gradient-echo pulse sequence) were acquired from 31 slices (3.5 × 2.875 × 2.875 mm resolution, repetition time = 2000 msec, echo time = 64 msec, SENSE factor = 2, flip angle = 80°, field of view = 230 mm). Slices were oriented parallel to the AC-PC axis of the observer's brain.

The participant was in a supine position in the fMRI scanner for about 1 hr and completed seven fMRI runs. A wooden table was placed on the participant's legs. The participant's right hand was placed at the center of the table on an object (brush for body massage). A fake hand (mannequin) and the hand of another individual (another volunteer who was standing next to the scanner) were both placed next to the participant's hand. To keep the participants naive about whose hand was placed on the table, they were not introduced to the other person before the experiment and it was not possible for them to see the hand or the individual they were touching during the experiment. To avoid systematic effects of the location where the human and fake hand were placed, their position was pseudorandomized throughout the experiment (i.e., on the right and left side of the participant's hand). Before each individual fMRI run, the participant was informed about on which side of his or her own hand the human and fake hands were placed. Behavioral performance accuracy of participants was monitored during the experiment through a video camera placed in the MRI room and proved that all the participants were accurate in the performance of the task. The experimental setup is depicted in Figure 1.

During the touch intention fMRI runs (duration: 194 functional volumes/run = 6.46 min/run), the participants completed a series of touch and no touch trials. Trial order was randomized. Each trial, either touch or no touch, started with a visual cue consisting of two black and white line outline drawings. The upper drawing indicated the modality of the touch (i.e., how the touch had to be performed), whereas the lower drawing indicated the target of the touch (what had to be touched). The modality could be either the participant's own hand or an object (brush for body massage). The target could either be the human or the fake hand. Thus, four types of cues could be distinguished: “hand/human hand,” “hand/fake hand,” “object/human hand,” and “object/fake hand.” The experimental procedure of the touch intention runs is illustrated in Figure 2.

The visual cues were presented for a duration of 1000 msec and were always followed by a red fixation cross. After 3000 msec, the red fixation cross could become either blue (duration = 6000 msec) or black (variable duration = 2000/4000/6000/8000 msec). When the red fixation cross became blue (20% of the trials), the participants were required to perform a gentle massage of the dorsum of the human hand or of the fake hand in the same manner. These trials were defined as “touch trials” and mainly served as catch trials in the experiment. According to the cue, participants had to massage the human hand with their own hand (14 trials), the human hand with the object (14 trials), the fake hand with their own hand (14 trials), or the fake hand with the object (14 trials). When the blue fixation cross turned black, participants had to bring their hand back to the original position on the table. We chose to massage the dorsum of the hand for two reasons: (1) to extend previous studies where we showed that the mere social perception of the dorsum of another individual's hand being touched activated somatosensory cortices (Ebisch et al., 2008, 2011) and (2) the dorsum of the hand has been related to clear social functions, like affiliative social body contact, mainly based on the presence of C-tactile afferents (Morrison et al., 2010; Löken, Wessberg, Morrison, McGlone, & Olausson, 2009).

In case the red fixation cross became black (80% of the trials), participants had to keep their hand on the table and to wait for the next cue. These trials were defined as “no touch trials.” Because the touch trials occurred randomly, participants could not know beforehand whether they had to perform the cued touch and were required to prepare the cued touch in all the trials (i.e., “touch trials” as well as “no touch trials”). The “no touch trials” were of principal interest for data analysis, because they reflected the intention to touch, without the presence of any overt movements of the participant. Thus, the touch intention could be “hand/human hand” (56 trials), “object/human hand” (56 trials), “hand/fake hand” (56 trials), or “object/fake hand” (56 trials).

In addition to these touch intention fMRI runs, all participants underwent a tactile localizer task always run at the end of the fMRI session during which they were touched (i.e., gentle massage) on their right hand in randomized order by the hand of the individual standing next to the scanner (8 × 10 sec periods) or by the brush for body massage (8 × 10 sec periods). Touch periods were divided by an intertrial interval of 12 sec. Participants were touched on the dorsum of their hand to match the passive touch experience condition (i.e., being touched on the dorsum of one's own hand) with the active touch conditions where the other individual passively experienced touch in the same way. The localizer task was separated from the active touch conditions, allowing the use of an independent data set for creating a tactile localizer mask, thus providing an independent way to select voxels responding to passive tactile stimulation. Analyzing modulation of BOLD response in anticipation of active touch condition in brain regions involved in passive touch experiences was of theoretical interest for the study, whereas the relationship between active and passive touch was not to be investigated directly.

Before scanning, participants underwent a practicing session outside the scanner to train them on the fMRI task with the experimenter, thus avoiding interactions with the individual who was going to stay next to the scanner during the experiment. At debriefing, participants were asked to rate the pleasantness of their experience of actively touching the human hand or the fake hand by means of their own hand or the object. This rating referred to the pleasantness of the active touch as required by the experimental design during scanning. For this purpose, the pleasantness of the four different touch stimulations was rated on a visual analog scale.

Raw data were analyzed with Brain Voyager QX 2.3 software (Brain Innovation, Maastricht, The Netherlands). Because of T1 saturation effects, the first five scans of each run were discarded from the analysis. Preprocessing of functional data included slice scan time correction, motion correction, and removal of linear trends from voxel time series. A 3-D motion correction was performed with a rigid body transformation to match each functional volume to the reference volume estimating three translation and three rotation parameters. Preprocessed functional volumes of a participant were coregistered with the corresponding structural data set. As the 2-D functional and 3-D structural measurements were acquired in the same session, the coregistration transformation was determined using the slice position parameters of the functional images and the position parameters of the structural volume. Structural and functional volumes were transformed into the Talairach space (Talairach & Tournoux, 1988) using a piecewise affine and continuous transformation. Functional volumes were resampled at a voxel size of 3 × 3 × 3 mm and spatially smoothed with a Gaussian kernel of 6 mm FWHM to account for intersubject variability.

The touch intention fMRI runs were modeled by means of a two gamma hemodynamic response function using predictors for the different no touch conditions (one regressor including cue and red cross representing the touch anticipation phase) and the different touch conditions (one regressor including cue and red cross representing the touch anticipation phase and one regressor for the blue cross representing the touch performance phase). The intertrial interval (black cross) was defined as a baseline period (rest) and, hence, not modeled as a separate predictor. The tactile localizer fMRI run was also modeled by means of a two gamma hemodynamic response function. In this case, the different types of touch were defined as separate predictors and the intertrial interval served as a baseline.

Before statistical analysis, a percent signal change normalization of the time series from the different runs was performed. The parameters (beta values) estimated in individual participant analysis were entered in a second-level voxel-wise random effect group analysis to search for activated areas that were consistent for the whole group of participants. The p value (<.001 uncorrected) of the statistical maps and an estimate of the spatial correlation of voxels were used as input in a Monte Carlo simulation (1000 simulations) to access the overall significance level and to determine a cluster size threshold (k) to obtain a significance level that was cluster level-corrected for multiple comparisons (Forman et al., 1995). The coordinates of the voxel clusters showing statistically significant effects were compared with the Talairach atlas available in Brain Voyager QX software to label them in terms of anatomically defined regions and Brodmann's areas.

Statistical maps related to touch anticipation (cue and red cross phase of the “no touch trials”) as well as touch performance (blue cross phase of the “touch trials”) were calculated by means of voxel-wise, whole-brain t tests (contrast: any condition vs. baseline; “hand/human hand” vs. baseline or “hand/fake hand” vs. baseline or “object/human hand” vs. baseline or “object/fake hand” vs. baseline).

To investigate whether there were statistically significant modulations of BOLD response because of a different target (human hand vs. fake hand), voxel-wise statistical contrasts based on the t statistic were performed specifying condition effects and interactions between conditions by appropriately weighted linear contrasts on the “no touch trials.” In particular, it was investigated whether there were statistically significant Target, Modality, or Target × Modality interaction effects. Contrasts of principal interest were the effect of Target (is the anticipation of touching a human hand different from touching a fake hand?) and the Target × Modality interaction effect (is the anticipation of actively touching a human hand, compared with a fake hand, by one's own hand functionally distinct from anticipating the active touch of a human hand with an object?).

The Target × Modality interaction contrasts investigating whether the anticipation of touching a human hand was associated with stronger neural activity, compared with the control condition (touching a fake hand), were [(hand/human hand > hand/fake hand) - (object/human hand > object/fake hand)] and [(object/human hand > object/fake hand) - (hand/human hand > hand/fake hand)]. Whereas the former contrast allowed to test for differential BOLD response specifically when the touch was performed with one's own hand, the latter contrast allowed to test for differential BOLD response specifically when the touch was performed with an object.

With respect to the Target effect, we investigated whether the human hand elicited a greater BOLD signal compared with the fake hand target, independent of modality: [human hand > fake hand]. Regarding the modality effect, we investigated whether there was a difference in BOLD response between a touch performed with one's own hand and a touch performed with an object, independent of target: [hand > object] or [hand < object].

First, the contrasts described above were performed by means of a whole-brain, voxel-wise approach. Second, to focus on brain voxels that also responded to first-person tactile experiences, these contrasts were performed within the mask obtained by the tactile localizer task (touch experience vs. baseline).

To control for differences in BOLD response because of differences in affective valence between the conditions, ROI-based control analyses on BOLD responses to the “no touch trials” were performed, taking into account the affective valence of the touch. Individual beta values were extracted from the ROIs showing a significant effect regarding the above-described statistical contrasts (Target or interaction effects) between the experimental “no touch” conditions. Beta values for each ROI were calculated from the average signal time course of the voxels included in each ROI. ANCOVAs were performed on each cluster with these beta values within the clusters as dependent variables and Experimental Condition as within-subject factor to specifically investigate the effect of the covariate avoiding double dipping for effects because of the experimental conditions. The difference scores between the pleasantness ratings of the experimental conditions were set as covariate. Thus, for the contrast [hand/human hand > hand/fake hand], the difference score was calculated for the pleasantness ratings of the “hand/human hand” and the “hand/fake hand” conditions. For the contrast [object/human hand > object/fake hand], the difference score was calculated for the pleasantness ratings of the “object/human hand” and the “object/fake hand” conditions.

An additional whole-brain analysis was performed on the “touch trials.” It needs to be mentioned that this analysis is rather exploratory, also because of the small number of touch trials and variability in touch performance; touch trials primarily served as catch trials. In this additional analysis, the same voxel-wise contrasts as reported for the “no touch” trails were performed on the “touch trials,” specifically analyzing the phase when the blue cross was present, that is, when participants were actually performing the touch, excluding the preceding cue and red cross phases that were modeled as a separate regressor.

Finally, whole-brain, voxel-wise conjunction analyses were performed to preliminarily test whether the brain regions involved in the anticipation of active interpersonal touch also responded differently to actual touch performance. A random effect analysis of the conjunction between two contrasts was based on the minimum statistic compared with the conjunction null (Nichols, Brett, Andersson, Wager, & Poline, 2005). This method controls the false positive error for conjunction inference and tests for common activations by creating the intersection of statistical maps thresholded at a specific alpha rate. Also in this case, analysis of touch anticipation concerned the “no touch trials” (i.e., one regressor including both the cue and red cross phases), whereas the analysis of touch performance focused on the touch performance phase of the “touch trials” (i.e., regressor concerning the blue cross phases). Two conjunction contrasts were performed: (1) [“hand/human hand” vs. “hand/fake hand” no touch trials] ∩ [“hand/human hand” vs. “hand/fake hand” touch performance] and (2) [“object/human hand” vs. “object/fake hand” no touch trials] ∩ [“object/human hand” vs. “object/fake hand” touch performance].

Average pleasantness rating (minimum = 0, maximum = 10) and standard deviation was for the “hand/human hand” touch 6.19 ± 2.12, for the “hand/fake hand” touch 4.90 ± 1.87, for the “object/human hand” touch 5.44 ± 1.48, and for the “object/fake hand” touch 3.76 ± 2.19. ANOVA showed a significant main effect of Target, F(1, 14) = 8.271, p < .01. Average ratings suggest that touching a human hand was rated by participants as being slightly more pleasant than touching a fake hand. There neither was significant main effect of Modality nor a significant Target × Modality interaction effect (p > .05).

Compared with baseline, significant activation was found for the “no touch trials” (any condition vs. baseline) in bilateral superior frontal gyrus (BA 6), SMA (BA 6), dorsal ACC (BA 32), ventral precentral gyrus (BA 6), lateral and medial posterior parietal cortex (BA 7, BA 19), supramarginal gyrus (BA 40), superior frontal gyrus (BA 10), anterior insula (BA 13), nucleus caudatus, thalamus, occipital cortex (BA 17, BA 18, BA 19), fusiform gyrus (BA 37), right cerebellum, and left hemisphere postcentral gyrus (PostCG; SI), aIPL (BA 40), medial parietal cortex (BA 5; p < .01 corrected; t > 4.07; k > 10).

Compared with baseline, significant activation was found for the touch performance phase (blue cross) of the “touch trials” (any condition vs. baseline) in bilateral dorsal precentral gyrus (BA 4), superior frontal gyrus (BA 6), SMA (BA 6), posterior parietal cortex (BA 5, BA 7, BA 39, BA 40), nucleus caudatus, putamen, parietal operculum/aIPL (BA 40), thalamus, anterior/mid/posterior insula (BA 13), cerebellum, cingulate cortex (BA 24, BA 31, BA 32), mid brain, left PostCG (BA 1, BA 2, BA 3), and right ventral precentral gyrus (BA 6) and lOT (BA 19, BA 37; p < .01 corrected; t > 4.07; k > 10).

The observed activation patterns concerning touch anticipation and touch performance are largely consistent with previous studies investigating similar phenomena (e.g., Lederman & Klatzky, 2009; Carlsson et al., 2000).

The tactile localizer task, compared with baseline, induced significant activation in left PostCG (SI; BA 3, BA 1, BA 2), posterior parietal cortex (BA 5, BA 7), aIPL (BA 40), dorsal precentral gyrus (BA 4), ventral precentral gyrus (BA 6), mid cingulate cortex (BA 31), lOT (BA 37), right anterior insula (BA 13, BA 45), and bilateral SII (BA 40) and posterior insula (BA 13; p < .01 corrected; t > 3.29; k > 10).

The interaction contrast [(hand/human hand > hand/fake hand) - (object/human hand > object/fake hand)] showed a significant effect in left PostCG (SI; BA 2), right cerebellum, and left medial pFC (MPFC; p < .01 corrected; t > 3.73; k > 7). The interaction effect in right cerebellum was driven by a stronger BOLD response in anticipation of a “hand/human hand” touch, compared with a “hand/fake hand” touch. The interaction effects in left PostCG (SI; BA 2) and left MPFC (BA 10, BA 32) were driven by stronger activity (i.e., weaker deactivation) in anticipation of a “hand/human hand” touch, compared with a “hand/fake hand” touch.

The contrast [(object/human hand > object/fake hand) - (hand/human hand > hand/fake hand)] yielded significant clusters in left aIPL extending into postcentral sulcus (PostCS; BA 40/BA 2), and in left lOT (BA 37; p < .01 corrected; t > 3.73; k > 5). The interaction effects in left aIPL/PostCS and lOT were driven by stronger activity during the “object/human hand” condition, compared with the “object/fake hand” condition.

No significant positive effect was detected for the human hand target, compared with the fake hand target, independent of modality. Significant effects for modality, independent of target, were found in left precentral gyrus, left PostCG, left mid insula, right PostCG, bilateral PreCG, and left mid cingulate cortex, reflecting stronger BOLD responses when anticipating a touch with the object, compared with a touch with one's own hand (p < .01 corrected; t > 3.73; k > 7), and in left occipital cortex reflecting stronger BOLD responses when anticipating a touch with one's own hand, compared with a touch with the object (p < .01 corrected; t > 3.73; k > 7).

Group statistical maps with voxel clusters showing a significant interaction effect at the whole-brain level and graphs representing average percent signal change within these voxel clusters are depicted in yellow/green in Figure 3 for the intention to touch with one's own hand and in Figure 4 for the intention to touch with the object. Further details about these clusters and statistical information are reported in Table 1.

ROI-based covariance analysis failed to detect a significant effect of pleasantness ratings as covariate in these ROIs showing an interaction effect (p > .1 corrected for multiple comparisons, that is, for the number of ROIs included in the analysis), even using an uncorrected threshold of p < .1. Thus, although the different types of intended touch required by the experimental paradigm slightly differed regarding their pleasantness as experienced by the individual participants, the distinct activation patterns could not be explained by the pleasantness of the touch the participants intended to perform.

Voxel-wise contrasts regarding the “no touch trials” within the tactile localizer mask showed that the significant interaction effect for the contrast [(hand/human hand > hand/fake hand) - (object/human hand > object/fake hand)] inleft PostCG (SI; BA 2) concerned voxels that also responded to passive tactile experiences (p < .01 corrected; t > 3.73; k > 5). Right cerebellum and left MPFC did not respond to passive touch experiences.

The contrast [(object/human hand > object/fake hand) - (hand/human hand > hand/fake hand)] yielded significant clusters in left aIPL extending into PostCS (BA 40/BA 2) and in left lOT (BA 37; p < .01 corrected; t > 3.73; k > 5) indicating that these regions also responded to passive tactile experiences.

No significant positive effect was detected for the human hand target, compared with the fake hand target, independent of modality. A significant effect for modality, independent of target, was found in left precentral gyrus, left PostCG, left mid insula, reflecting stronger BOLD responses when anticipating a touch with the object, compared with a touch with one's own hand (p < .01 corrected; t > 3.73; k > 5). The opposite modality contrast [hand > object] did not yield significant results within the tactile localizer mask.

Group statistical maps with voxel clusters showing a significant interaction effect inside the tactile localizer mask and graphs representing average percent signal change within these voxel clusters for the different conditions are depicted in yellow in Figure 3 for the intention to touch with one's own hand and in Figure 4 for the intention to touch with the object. Further details about these clusters and statistical information are reported in Table 1.

ROI-based covariance analysis failed to detect a significant effect of pleasantness ratings as covariate in these ROIs showing a significant interaction effect (p > .1 corrected for multiple comparisons, i.e., for the number of ROIs included in the analysis), even using an uncorrected threshold of p < .1. Hence, the detected differences in brain activity inside the tactile localizer mask seem to reflect sensorimotor processes rather than the affective aspect of active interpersonal touch.

An exploratory analysis concerning the touch trials based on whole-brain, voxel-wise contrasts showed a significant interaction effect for the contrast [(hand/human hand > hand/fake hand) - (object/human hand > object/fake hand)] in left MPFC, left precuneus, right putamen, right medial-temporal cortex, and right lOT (p < .01 corrected; t > 4.07; k > 7), reflecting stronger activity during the “hand/human hand” condition, compared with the “hand/fake hand” condition.

For the interaction contrast [(object/human hand > object/fake hand) - (hand/human hand > hand/fake hand)], a significant effect was found in left PostCG and right posterior parietal cortex (p < .01 corrected; t > 4.07; k > 7), reflecting stronger activity during the “object/human hand” condition, compared with the “object/fake hand” condition.

A significant positive effect was detected for the human hand target, compared with the fake hand target, in MPFC, precuneus, and right posterior STS (p < .01 corrected; t > 4.07; k > 7) reflecting increased activity for the human hand target, compared with the fake hand target, independent of modality. A significant effect of modality was found in bilateral precentral gyrus, bilateral PostCG, bilateral SMA, bilateral posterior parietal cortex, bilateral SII, bilateral posterior insula, bilateral precuneus, left MPFC, right putamen, right posterior STS, bilateral cerebellum (p < .01 corrected; t > 4.07; k > 7), reflecting increased activity when touching with one's own hand, compared with an object, independent of the target.

Conjunction analysis showed that left MPFC was characterized by stronger activity during both the anticipation (i.e., weaker deactivation, compared with baseline) and the performance (i.e., stronger activation, compared with baseline) of the “hand/human hand” touch, compared with the “hand/fake hand” touch (p < .01 corrected, cluster size: 432 voxels, Talairach coordinates: -7, 46, 21). By contrast, left PostCG (SI) showed stronger activity (i.e., weaker deactivation, compared with baseline) anticipating a “hand/human hand” touch, compared with a “hand/fake hand” touch, whereas neural activity was stronger (i.e., stronger activation, compared with baseline) during the subsequent performance of a “hand/fake hand” touch, compared with a “hand/human hand” touch (p < .01 corrected, cluster size: 2457 voxels, Talairach coordinates: -40, -41, 57). Concerning the touch by an object, conjunction analysis did not detect voxel clusters characterized by a significant modulation by target during both touch anticipation and performance. Group statistical maps with voxel clusters showing a significant conjunction effect and graphs representing average percent signal change within these voxel clusters for the anticipation of touch (i.e., “no touch trials”) and the performance of touch (i.e., touch phase of the “touch trials”) are depicted in Figure 5.

This study aimed at investigating the anticipatory neural representations of active interpersonal touch. It was hypothesized that the intention to touch another individual (i.e., animate target, human hand) would be accompanied by differential neural activity in somatosensory cortices when compared with the control condition, that is, the intention to touch an inanimate target (i.e., fake hand). Confirming this hypothesis, fMRI results yielded stronger neural activity anticipating the touch of a human hand, compared with the touch of a fake hand in left PostCG (SI/BA 2), MPFC, aIPL, and lOT and right cerebellum. A tactile localizer task showed that these regions, except for left MPFC and right cerebellum, were also endowed with somatosensory properties underlying the first-person experience of touch.

No action performance (i.e., touching) was required in the conditions included in the statistical analysis of anticipatory processes and no overt hand movements were observed. Therefore, these results cannot be attributed to action performance or differences in tactile experiences between touching a human hand or a fake hand per se. The only difference between the conditions was the intention to eventually touch either an animate or an inanimate target controlling for nonsocial anticipatory sensorimotor processes by using a fake hand as inanimate target. Analysis of touch performance did not show significant target or Target × Modality effects in (pre)motor cortices, further suggesting that the anticipated touch conditions were comparable in motor performance. Finally, the participants were kept unaware of the identity of the individual they had to touch to control for possible confounds because of interpersonal relationships, whereas covariance analysis showed that the observed effects were independent from the affective valence of the touch as experienced by the participants. Thus, the differential modulation of activation induced by the no touch conditions is proposed to reflect sensorimotor processes specifically distinguishing between the anticipation of active animate or inanimate touch.

Importantly, interpersonal touch was studied in two modalities. Participants were cued to touch another individual's hand by means of their own hand or by using an object. As expected, a significant Target × Modality interaction effect in the brain regions described above showed that these conditions, compared with the conditions in which participants were cued to touch a fake hand, induced differential activation patterns. Below, we will further elaborate on this.

Differential neural activity in anticipation of skin-to-skin contact, that is, the touch of a human hand, compared with a fake hand, was detected in SI/BA 2. This finding extends previous work by showing that SI also may participate in active touch by specific anticipatory processes depending on the target of the touch. In particular, a more detailed examination of the fMRI results reveals that the active touch of a fake hand with one's own hand is anticipated by a stronger deactivation in SI, that is, a suppression of the BOLD signal, compared with baseline (Schäfer et al., 2012; Devor, Tian, Nishimura, Teng, & Hillman, 2007; Hlushchuk & Hari, 2006; Shmuel, Augath, Oeltermann, & Logothetis, 2006). Such a deactivation was absent in anticipation of the active touch of a human hand. We propose that such an anticipation could be based on sensory prediction mechanisms guiding behavior.

Sensory prediction or anticipation has a crucial role in motor control (Shadmehr, Smith, & Krakauer, 2010; Wolpert & Flanagan, 2001). According to forward models, an efference copy of the motor command is used to predict the sensory consequence of an action (Bays, Flanagan, & Wolpert, 2006; Blakemore, Wolpert, & Frith, 1999). Such prediction may lead to sensory attenuation or amplification in terms both of their phenomenology and of their cortical response (Hughes, Desantis, & Waszak, 2013; Jackson et al., 2011; Voss et al., 2008; Blakemore, Wolpert, & Frith, 1998; Chapman, 1994).

No studies directly compared the anticipatory processes related to the active touch of an animate and inanimate target. However, in the case of passively experienced touch, social factors have been demonstrated to modulate somatosensory responses as well as tactile perception (Gordon et al., 2013; Gazzola et al., 2012). Furthermore, Gazzola et al. (2012) showed by means of multivariate cluster analysis that neural activity in SI already differentiated between the type of touch the participants thought and predicted to receive before actually being touched. The present results add that actively touching an animate or an inanimate target is anticipated by differential activation patterns in bilateral SI/BA 2. Given the somatosensory and social functions of SI/BA 2 in combination with its connections with cortical motor circuits (Keysers et al., 2010), these findings may open a new window into the investigation of their contribution to social motor behavior.

Except for SI, increased anticipatory BOLD response was found for active skin-to-skin contact in right cerebellum. Not coincidentally, the cerebellum is a crucial brain structure underlying sensory prediction and the encoding of prediction errors (Roth, Synofzik, & Lindner, 2013; Schlerf, Ivry, & Diedrichsen, 2012; Blakemore & Sirigu, 2003; Wolpert, Miall, & Kawato, 1998). It has been generally suggested that the cerebellum is needed to optimize action performance and perception by recalibrating predictions of the sensory consequences of actions (Bastian, 2006; Wolpert et al., 1998). In particular, cerebellum could be involved in altering the perception of the effect of one's action by providing predictions about the sensory consequences of motor commands (Hughes et al., 2013; Blakemore, Frith, & Wolpert, 2000; Wolpert et al., 1998). The effects reported here in both SI and cerebellum are in line with previous evidence suggesting that sensory prediction in the cerebellum might modulate activity in somatosensory cortices when tactile stimuli are self-generated (Blakemore et al., 1999).

What could this sensory prediction entail? A relevant finding is that the absence of a deactivation in BA 2/SI and the presence of a positive anticipatory response in cerebellum were observed specifically when the participants prepared to touch the human hand directly with their own hand, that is, when the cue implied an eventual bodily contact with the target. According to previous reports on cerebellar function and sensory prediction, it has been proposed that the comparison of the predicted signals with actual sensory feedback facilitates the distinction between the sensory consequences of one's own movements and externally produced sensory signals, thus augmenting sensitivity to external sensory cues during active touch (Bays et al., 2006; Blakemore et al., 1999).

It could be speculated that actively touching someone else's hand with one's own hand is linked with a greater sensitivity to errors or to externally produced sensory cues. Preliminary results obtained by conjunction analysis indicating increased activation in left SI/BA 2 during the actual performance of the “hand/fake hand” touch, compared with the “hand/human hand” touch, seems to support this hypothesis. Stronger anticipatory activity (i.e., weaker deactivation) for the “hand/human hand” touch may be followed by attenuated somatosensory activity during actual performance which in turn is associated with a greater tactile discrimination capacity (Hughes et al., 2013; Bays et al., 2006; Blakemore et al., 1999). An intriguing issue for future studies would be to investigate whether the mere intention to perform an interpersonal touch is sufficient to modulate perceptual sensitivity and how this may regulate motor control. In addition, further experiments will need to extricate the relevance of sensory feedback when comparing the active touch of animate and inanimate targets.

Additional stronger activity during the anticipation of skin-to-skin contact was found in left MPFC. Like in SI/BA 2, a more detailed examination of the fMRI results discloses that the active touch of a fake hand with one's own hand is anticipated by a stronger deactivation in MPFC, that is, a suppression of the BOLD signal, compared with baseline. Conjunction analysis further yielded a significant modulation of BOLD response during both the anticipation and the subsequent performance of a hand touch in left MPFC: Whereas MPFC showed a stronger deactivation (negative BOLD modulation) in anticipation of a “hand/fake hand” touch, compared with the anticipation of a “hand/human hand” touch, MPFC showed enhanced BOLD response to the performance of a “hand/human hand” touch, compared with a “hand/fake hand touch.” MPFC has been associated with cognitive aspects of social cognition, like mentalizing (Amodio & Frith, 2006; Gilbert et al., 2006), suggesting that during active skin-to-skin contact processes related to social reasoning also come into play, consistent with previous studies on social interaction (Schippers, Roebroeck, Renken, Nanetti, & Keysers, 2010; Gilbert et al., 2007). We propose that the stronger deactivation in MPFC for the “hand/fake hand” no touch condition could reflect an anticipatory suppression of social reasoning processes that would be relatively irrelevant during the subsequent touch of the fake hand.

By contrast, in anticipation of an active interpersonal touch mediated by an object (“object/human hand” condition, compared with the “object/fake hand” control condition), a different set of brain regions was activated. There are some principal differences with the “hand/human hand” condition. The “object/human hand” condition required the use of an object not allowing to perceive distinct tactile properties of either the human or the fake hand when touch performance was required. Whereas the “object/fake hand” condition controlled for sensorimotor processes related to object manipulation, the absence of direct bodily contact with the target allowed to control for confounds because of differences in the predicted sensations associated with the animate and inanimate target. Thus, we propose that increased anticipatory activation in left aIPL/PostCS and lOT for the active touch of a human hand with an object is associated with the intention to induce tactile sensations in another individual.

The aIPL activation cluster is likely located in area PF (Caspers et al., 2008). Cytoarchitectonic, functional, and anatomical studies suggest that the rostral aspect of aIPL represents the putative human homologue of monkey area PF (Caspers et al., 2006), with similar motor (Binkofski et al., 1999), somatosensory (Ruben et al., 2001), and social functions (Caspers, Zilles, Laird, & Eickhoff, 2010; Gazzola & Keysers, 2009; Buccino et al., 2001) as well as connectivity patterns (Wang et al., 2012). Studies in macaque monkeys show that area PF contains neurons with somatosensory and proprioceptive responses that also discharge in association with movements, especially goal-directed motor acts (Gallese et al., 2002; Hyvärinen, 1982). In particular, area PFG represents motor acts related to the hand and also responds to tactile input from the same hand and to proprioceptive input induced by arm flexion (Rozzi, Ferrari, Bonini, Rizzolatti, & Fogassi, 2008). Consistent with these sensorimotor properties, PFG is connected with the hand representation of SII-PV complex, and with ventral (F5 and F4) and dorsal (F2) premotor areas (Rozzi et al., 2006; Petrides & Pandya, 1984). Additionally, based on the detection of mirror neurons in area PFG (Fogassi et al., 2005; Gallese et al., 2002), PFG has been proposed to play a role in others' intention understanding (Bonini et al., 2010; Rizzolatti & Sinigaglia, 2010). Most relevant to our study, showing aIPL involvement in anticipation of an action with a specific goal, is that PFG neurons have been shown to reflect the final goal of a performed action from the early phase of action unfolding (Bonini et al., 2011).

In addition to the mirror properties related to action performance and observation in aIPL, some studies suggested a more general role of aIPL in social perception, also including the mapping of others' tactile experiences onto one's own sensory representations. For example, in a previous study, we found that aIPL not only activates in response to tactile input, but also for the mere observation of another individual being touched (Ebisch et al., 2008). Furthermore, Morrison et al. (2013) postulated that aIPL, together with PostCG, may subserve the anticipation of the sensory consequences of observed hand-object interactions through the integration of action information and external information about the object. Here, we extend these findings by showing that aIPL and PostCS also activate in anticipation of active interpersonal touch without the need for any sensory input. Like in the case of social perception, this possibly incorporates the predicted sensory experiences of the person who is going to be touched by mapping them onto the somatosensory representation of our own tactile experiences (Keysers et al., 2010). A similar principle could apply to lOT, a multisensory region responding both to tactile stimulation (Hagen et al., 2002) and to the sight of touch (Ebisch et al., 2008). This is consistent with the proposal that multimodal circuits in the brain driving one's actions and sensations can ground an experience-based perception and generate expectations of others' sensations during social interaction based on embodied simulation (Morrison et al., 2013; Gallese & Sinigaglia, 2011; Sebanz et al., 2006; Wilson & Knoblich, 2005; Gallese, 2003; Gallese & Goldman, 1998).

Interestingly, it was proposed that the transformation of sensory information into a motor format is the main organization principle of aIPL (Rozzi et al., 2008). Moreover, PostCS as the posterior part of postcentral somatosensory corresponds to BA 2, a region projecting onto primary motor cortex (Caria et al., 1997; Kaneko et al., 1994a, 1994b), with a crucial role in motor control during haptic behavior (Freund, 2003; Iwamura & Tanaka, 1996; Hikosaka et al., 1985). Hence, we argue that during actively touching another individual, using an object, others' predicted somatosensory experiences could be integrated with motor programs in aIPL/PostCS. Such an integration possibly supports action coordination when individuals interact (Sebanz et al., 2006), like the regulation of active interpersonal touch.

This study sheds new light on the neural bases of anticipatory processes of active interpersonal touch. Some additional issues need to be mentioned. Some caution may be required for the interpretation of the observed deactivations in SI/BA 2 and MPFC anticipating active touch, because relatively short intertrial intervals were used due to the rapid event-related fMRI paradigm and the experiment did not include long-lasting rest conditions in which no stimuli were applied.

Moreover, although we controlled for possible confounds because of interpersonal relationships or socioemotional valence, we should add that, in everyday life, in addition to the sensorimotor component, interpersonal touch is inherently associated with an affective component, too (Gallace & Spence, 2010; Morrison et al., 2010). Motivational factors, like desire and aversion, probably will play a crucial role in the anticipation of interpersonal touch. Future work also will need to address the anticipatory processes representing the affective components of interpersonal touch and how these interact with sensorimotor predictions for the regulation of social behavior.

In conclusion, different from previous work on the contribution of the sensorimotor system to social cognition, mainly focused on social perception from a third-person perspective, the present findings provide new insights on the contribution of somatosensation, sensory prediction, and simulation mechanisms to social behavior in direct bodily interactions requiring to alternate between third- and second-person perspectives (see Gallese, in press; Gallese & Ebisch, 2013). Moreover, we suggest that direct and indirect bodily tactile contact with conspecifics is approached with a different emphasis on personal perception and external goals, respectively.

This work was supported by the EU Grant TESIS (Towards an Embodied Science of InterSubjectivity) to V. G. The authors thank the two anonymous reviewers for their valuable comments on a previous version of this work.

Reprint requests should be sent to Sjoerd J. H. Ebisch, Institute of Advanced Biomedical Technologies, Department of Neuroscience and Imaging, G. d'Annunzio University, Via dei Vestini 33, 66013 Chieti, Italy, or via e-mail: sjoerdebisch@yahoo.com or Vittorio Gallese, Department of Neuroscience, Section of Physiology, Parma University, Via Volturno 39, I-43100 Parma, Italy, or via e-mail: vittorio.gallese@unipr.it."
26567160,,,"Your privacy, your choice

We use essential cookies to make sure the site can function. We also use optional cookies for advertising, personalisation of content, usage analysis, and social media.

By accepting optional cookies, you consent to the processing of your personal data - including transfers to third parties. Some third parties are outside of the European Economic Area, with varying standards of data protection.

See our privacy policy for more information on the use of your personal data.

Manage preferences for further information and to change your choices.

Search

Navigation

Trying to trust: Brain activity during interpersonal social attitude change

4527 Accesses

17 Citations

4 Altmetric

Explore all metrics

Abstract

Interpersonal trust and distrust are important components of human social interaction. Although several studies have shown that brain function is associated with either trusting or distrusting others, very little is known regarding brain function during the control of social attitudes, including trust and distrust. This study was designed to investigate the neural mechanisms involved when people attempt to control their attitudes of trust or distrust toward another person. We used a novel control-of-attitudes fMRI task, which involved explicit instructions to control attitudes of interpersonal trust and distrust. Control of trust or distrust was operationally defined as changes in trustworthiness evaluations of neutral faces before and after the control-of-attitudes fMRI task. Overall, participants (n = 60) evaluated faces paired with the distrust instruction as being less trustworthy than faces paired with the trust instruction following the control-of-distrust task. Within the brain, both the control-of-trust and control-of-distrust conditions were associated with increased temporoparietal junction, precuneus (PrC), inferior frontal gyrus (IFG), and medial prefrontal cortex activity. Individual differences in the control of trust were associated with PrC activity, and individual differences in the control of distrust were associated with IFG activity. Together, these findings identify a brain network involved in the explicit control of distrust and trust and indicate that the PrC and IFG may serve to consolidate interpersonal social attitudes.

Similar content being viewed by others

Neural representations of honesty predict future trust behavior

The neuroanatomy of social trust predicts depression vulnerability

Basolateral and central amygdala orchestrate how we learn whom to trust

Avoid common mistakes on your manuscript.

Interpersonal trust is an important component of human social interaction. Trusting other people is associated with the strength of social relationships and the way many interpersonal and economic decisions are made (Delgado, Frank, & Phelps, 2005; Riedl & Javor, 2012). Within the human population, considerable variability exists in the ways and the extent to which people trust each other (Borum, 2010; Riedl & Javor, 2012). Interpersonal trust has been operationalized as a relatively stable trait that varies within the human population (Fleeson & Leicht, 2006). However, attitudes of interpersonal trust can dynamically change over time and can be affected by a variety of factors, including competence or attractiveness (Chang, Doll, van’t Wout, Frank, & Sanfey, 2010). Although several studies have investigated the brain basis of trust-related decision-making, very little is currently known regarding how people can exhibit control over their interpersonal attitudes of trust and distrust. For example, if one were being introduced to a person for the first time, and had been told, immediately prior, “this person is trustworthy, you can really count on them,” how would this statement influence the subsequent social interaction? Do individual differences exist in terms of how willing people are to accept that new people (i.e., strangers) are trustworthy or untrustworthy, in response to being instructed to do so? This study was designed to investigate the way people exhibit cognitive control over social attitudes of interpersonal trust and distrust.

Interpersonal trust is operationally defined as the willingness to put oneself in a vulnerable position dependent on another person’s actions (Borum, 2010; Lewicki, Tomlinson, & Gillespie, 2006). Many researchers have investigated the tendency to trust others by using tasks that involve the trustworthiness evaluation of faces or through economic games that infer trust via cooperation (Adolphs, 2002; Dimoka, 2010, 2011; Krueger et al., 2007; Riedl, Hubert, & Kenning, 2010; Riedl, Mohr, Kenning, Davis, & Heekeren, 2014; Rilling et al., 2002). These studies have highlighted the role of limbic regions, such as the amygdala, when faces are judged to be either very trustworthy or very untrustworthy (Rule, Krendl, Ivcevic, & Ambady, 2013; Winston, Strange, O’Doherty, & Dolan, 2002). When using paradigms such as the prisoner’s dilemma or the trust game, studies have shown a mixed pattern of results. Economic trust games indicate that the initial decision to trust is associated with increased activation within the paracingulate cortex and septal area, whereas decisions to defect are associated with activation within the ventral tegmental area (Krueger et al., 2007). Other studies of trust have indicated that the amygdala, insula, and orbitofrontal cortex are active during the evaluation of trust and distrust (Adolphs, 2002; Dimoka, 2010, 2011). Other research has shown that trust (or reciprocity) is associated with greater activity within dorsomedial prefrontal cortex (dmPFC), precuneus (PrC), and temporoparietal junction (TPJ; Emonds, Declerck, Boone, Seurinck, & Achten, 2014; Emonds, Declerck, Boone, Vandervliet, & Parizel, 2011; Morishima, Schunk, Bruhin, Ruff, & Fehr, 2012; Rilling & Sanfey, 2011; Watanabe et al., 2014). Distrust (or unreciprocated trust) is associated with greater activity within the anterior insula (Rilling & Sanfey, 2011). Interestingly, several of these areas, such as the medial prefrontal cortex (mPFC) and insula, are also implicated in emotion regulation research (Goldin, McRae, Ramel, & Gross, 2008; Grecucci, Giorgetta, van’t Wout, Bonini, & Sanfey, 2013; Ochsner & Gross, 2005; Ochsner et al., 2004), which is also relevant in the conscious control/regulation of these interpersonal attitudes.

Trust and distrust are both interpersonal social attitudes; however, trust and distrust also may represent distinct psychological constructs (Cho, 2006; Lewicki, McAllister, & Bies, 1998). In terms of emotional valence, trust is a positively valenced interpersonal attitude, whereas distrust represents a negatively valenced interpersonal attitude. There is evidence that social and emotional information is processed differently according to valence. For example, negative social information tends to be prioritized and is more salient when forming interpersonal impressions than is positive social information (Baumeister, Bratslavsky, Finkenauer, & Vohs, 2001; Peeters & Czapinski, 1990). There is also evidence that the brain detects and processes negative emotional stimuli (such as fearful faces or negative emotional words) differently than positive emotional stimuli (Baumeister et al., 2001; Rozin & Royzman, 2001; Smith, Cacioppo, Larsen, & Chartrand, 2003). Combined, these studies suggest that trust and distrust may rely on dissociable psychological and neural systems (Dimoka, 2010), and that distrust may be a more salient social cue than trust. Therefore, in this study, we predicted that trust and distrust would be processed differently and that distrust would be a more salient cue than trust.

In this study, we used a novel experiment to measure the effortful control of interpersonal trust and distrust, behaviorally and within the brain. The design is based on the extant empirical neuroimaging and behavioral research on automatic trustworthiness evaluations of faces (Bzdok et al., 2011; Bzdok et al., 2012; Todorov, 2008; Todorov, Baron, & Oosterhof, 2008; Todorov, Mende-Siedlecki, & Dotsch, 2013; Winston et al., 2002), interpersonal attitude formation (Cunningham, Raye, & Johnson, 2004, Kuzmanovic et al., 2012), and emotion regulation (Goldin et al., 2008; Ochsner & Gross, 2005; Ochsner et al., 2004; Ochsner, Silvers, & Buhle, 2012). Participants evaluated the trustworthiness of faces before and after a control-of-trust task. Each trustworthiness evaluation task was completed outside an fMRI scanner, and the control-of-trust task was completed while fMRI data were being collected. This approach allows “control of trust and distrust” to be operationalized as the change in trustworthiness evaluations (from pre to post scanning). Additionally, the collection of fMRI data provides insight as to what brain regions are involved when people attempt to control interpersonal attitudes of trust and distrust. Finally, combined trustworthiness evaluation and fMRI data provide the opportunity to investigate how individual differences in the control of trust or distrust may be associated with individual differences in brain activity.

On the basis of existing neuroimaging studies on trust, interpersonal attitude formation, and emotion regulation (Bzdok et al., 2011; Bzdok et al., 2012; Cunningham et al., 2004; Kuzmanovic et al., 2012; Goldin et al., 2008; Ochsner & Gross, 2005; Ochsner et al., 2004; Ochsner et al., 2012; Todorov et al., 2008; Winston et al., 2002), we predicted that the control of trust and distrust would be subserved by activity within the mPFC, TPJ, PrC, insula, and dorsolateral and inferior frontal cortices. Furthermore, on the basis of prior evidence that negative social information is more salient than positive social information (Baumeister et al., 2001; Rozin & Royzman, 2001; Smith et al., 2003), we predicted that the control-of-distrust instruction would have a greater impact on changes in trustworthiness evaluations than would the control-of-trust instruction.

Method

Participants

Sixty healthy, right-handed, English-speaking participants (37 female, 23 male; mean age 20.25 ± 2.46 years) were recruited from the University of Georgia and the surrounding community. All participants were screened for neurological and psychiatric illnesses as well as for MRI contraindications. Participants provided written informed consent prior to participation, and the University of Georgia Institutional Review Board approved all study procedures. One participant was dropped from the analyses that involved changes in trust evaluations due to a computer error during collection of the trustworthiness evaluation data (n = 59; 22 male/37 female, mean age = 20.42 ± 2.47). Therefore, all analyses that include “change-of-trust” scores as a variable of interest are reported on the basis of n = 59, whereas all other analyses are reported on the basis of n = 60. There was no significant difference between the numbers of males and females [χ
2(1) = 3.32, p > .05]. Finally, age did not differ between the male and female participants [t(58) = 1.879, p > .05].

Procedure

The study consisted of two separate sessions. During the first session, participants completed two behavioral tasks, an initial evaluation of trustworthiness and a face name memory task. The initial evaluation of trustworthiness task provided a baseline measure of how trustworthy participants believed each face to be. The face name memory task was used to quantify each participant’s ability to remember the names of faces (subsequently used as a covariate, nuisance variable in the regression analysis). During the second session, participants underwent fMRI while completing the control-of-trust task. Postscan, participants completed the trustworthiness evaluation task again. Postscan ratings of the same faces provided the data necessary to calculate change-in-trust scores. The average duration between the initial evaluation-of-trustworthiness task and the fMRI data collection was 40 ± 30.96 days (range = 8-132).

Initial evaluation of trustworthiness

The design of the task was based on prior behavioral research on the trustworthiness evaluation of faces (Rule et al., 2013; Todorov, 2008). Participants were presented with a series of 36 neutral faces and were instructed to evaluate how trustworthy they believed each face to be, on a 7-point Likert scale, with 1 being untrustworthy and 7 being trustworthy. Faces were presented until the participant gave a response. Therefore, the task duration varied among participants. The color photographs of the faces were selected from a standardized database (Minear & Park, 2004) and presented on a white background via a computer monitor using E-Prime software (www.pstnet.com/eprime.cfm). The selected faces comprised 18 males and 18 females (mean age = 26.72 ± 6.9 years). Mean trustworthiness evaluations were calculated for each participant.

Face name memory task

Participants were presented with a name followed by a face and were explicitly instructed to remember the name paired with each face. Twenty neutral Ekman faces (Ekman & Friesen, 1971) were used and repeated twice in random order. The names for the faces were randomly generated using a standardized Web-based name generator (www.namegenerator.biz). Approximately 10 min following encoding, each participant was presented with 10 out of the 20 faces and three possible names and was instructed to choose the correct name that had previously been paired with the face. Of the three possible names, one was correct, one was incorrect but had previously been presented during encoding with a different face, and one name was incorrect and had not previously been presented during encoding. For each participant, accuracy was calculated by dividing the total number of correct responses by the total number of possible responses. The faces presented in this paradigm were selected from a different database from those used during the control-of-trust task in order to reduce habituation and carryover effects between the two tasks.

The face name memory task, a recognition memory paradigm, was included in order to quantify each participant’s ability to remember words paired with faces. More specifically, an important aspect of this study was to characterize individual differences in the ability to control the interpersonal attitudes of others, on the basis of semantic instructions (trust or distrust) paired with the images of faces. Face name memory scores were included as a covariate in the individual differences analyses to improve the validity of the change-of-trust or -distrust scores. See the Discussion section for limitations of the task and this approach.

Control-of-trust task

During a separate session, each participant underwent fMRI while completing the control-of-trust/distrust task. Prior to entering the scanner, each participant was read the following instructions:

In the following experiment, we are interested in your ability to control how much you either Trust or Distrust someone. When you see the instruction “Trust” (or the letter “T”) your job will be to do your best to imagine trusting that this person has your best interests in mind. When you see the instruction “Distrust” (or the letter “D”), your job will be to do your best to imagine that this person is motivated to take advantage of you. This type of trust or distrust could be related to friendship, financial issues or academic or professional advice. Lastly, when you see the instruction “Age” (or the letter “A”), your job will be to do your best to determine the age of the person depicted in the photograph.

Each participant then completed a brief practice version of the task before entering the scanner, to ensure that participants understood the directions and the procedure of the task. Once in the scanner, and immediately prior to fMRI data collection, the participants were once again presented the written instructions. During the control-of-trust task, each participant was presented with a cue indicating the condition (control of trust, control of distrust, or age evaluation), followed by a photograph of a face (Supplementary Fig. 1). Participants were instructed to imagine trusting, distrusting, or evaluate the age of each face. No behavioral responses were collected during the fMRI task.

The faces included in the control-of-trust task were identical to the faces included in the evaluation-of-trustworthiness task. However, the 36 face stimuli were divided into three categories: 12 of the faces were paired with a “control-of-trust” instruction, 12 were paired with a “control-of-distrust” instruction, and 12 were paired with an “evaluation-of-age” instruction. The faces paired with the “control-of-trust” and “control-of-distrust” conditions were counterbalanced across participants, and participants were randomly assigned to one of the two versions. Changes in the trustworthiness evaluations were not different according the version of the task [t(58) = -0.841, p = .404]. We selected age evaluation as the control condition, on the basis of prior trustworthiness face-processing research (Winston et al., 2002). The age evaluation condition involves the same perceptional characteristics and is also “evaluative,” however age is not specifically an interpersonal attitude, while trust and distrust are specifically interpersonal attitudes. For each condition (trust, distrust, and age), equal proportions of male and female faces were presented, and there were no significant differences between conditions in the ages of the people presented in the photographs [F(2, 35) = 0.05, p = .95].

After the initial set of instructions, participants were presented with a fixation cross for 15 s in order to stabilize and calibrate collection of the MRI data. These scans (five TRs) were not modeled and were not included in any of the statistical analyses. This was followed by the presentation of seven blocks for each condition, resulting in a total of 21 blocks. These blocks varied in the numbers of faces presented (three or four faces per block). For each condition, there were four blocks with three faces per block and three blocks with four faces per block. The blocks varied in number of trials in order to reduce the tendency of participants to anticipate the timing parameters within the task and to increase each participant’s attentiveness to each trial. Each face image was presented for a total of 5 s (with a 1-s cue prior to presentation). All stimuli were presented twice throughout the experiment. Thus, each participant was presented with a total of 72 stimuli (36 × 2). The number of stimuli was selected so as to preserve the balance between reliably measuring the psychological construct of interest (control of interpersonal social attitudes) and attention throughout the task. The duration of the task was 7 min 30 s. An additional fixation of 15 s was presented at the end of the task.

Postscan evaluation of trustworthiness

Immediately following the fMRI scanning (about 10 min after completing the control-of-trust task), each participant completed a postscan evaluation-of-trustworthiness task. The postscan evaluation task was identical to the initial evaluation-of-trustworthiness task (i.e., the same 36 faces). Participants were seated in front of a computer screen and asked to evaluate how trustworthy they believed the face presented appeared to be, using a 7-point Likert scale, with 1 being untrustworthy and 7 being trustworthy.

Control of trust: Behavioral measure

To operationalize each participant’s ability to control attitudes of trust and distrust, the initial evaluation-of-trustworthiness scores were subtracted from the postscan scores, for the faces paired with the “control-of-trust” or “control-of-distrust” instructions during fMRI scanning. Thus, a positive change in the trustworthiness evaluations represent sucessfully modifying attitudes of trust toward faces following the control-of-trust condition, and negative values represent sucessfully modifying attitudes of distrust toward faces following the control-of-distrust condition.

fMRI data acquisition

Whole-brain imaging data were acquired on a GE-Signa 3-T scanner (General Electric, Milwaukee, WI) at the University of Georgia Bio-Imaging Research Center (birc.uga.edu). A total of 195 functional images were acquired using a gradient echo T2*-weighted echoplanar imaging scan and were obtained using a flip angle of 90°, repetition time = 2.0 s, echo time = 25 ms, 40 slices, and field of view = 220 × 64 mm matrix. For the structural whole-brain images, a three-dimensional high-resolution spoiled gradient scan was conducted (repetition time, 24 ms; echo time, 4.5 ms; flip angle, 20°; matrix size, 256 × 256; field of view, 25.6 cm; slice thickness, 1.0 mm; 164 contiguous slices).

fMRI data processing

The fMRI data were preprocessed and statistically analyzed using SPM8 (Wellcome Department of Imaging Neuroscience, London, UK) and implemented through MATLAB R2012a (www.mathworks.com). The images were temporally realigned to the middle slice, spatially realigned to the first in the time series. The images were then co-registered and spatially normalized into a standard stereotactic space (MNI template) and spatially smoothed with an 8-mm full-width-at-half-maximum isotropic Gaussian filter. Three dummy scans were discarded prior to the analysis (http://fil.ion.ucl.ac.uk/spm/doc/manual.pdf).

fMRI data statistical analysis

A series of planned contrasts between conditions were performed to identify task-specific changes in brain activity. Each contrast was performed on whole-brain data, using a family-wise error (FWE) corrected threshold of p < .05, ten-voxel extent. In order to identify regions involved during the explicit control of social interpersonal attitudes, BOLD responses during the control of attitude conditions were compared to the age evaluation condition (trust + distrust > age, trust > age, and distrust > age). Next, BOLD responses during the control-of-trust condition were compared to BOLD responses during the control-of-distrust condition (i.e., trust > distrust and distrust > trust). For each main contrast, we also report the results of a region-of-interest (ROI) based analysis within the mPFC, TPJ, PrC, insula, and dorsolateral and inferior frontal cortices, using an FWE-corrected statistical threshold.

The mPFC, insula, and dorsolateral and inferior frontal cortical ROIs were selected from a standardized atlas used for functional neuroimaging (Maldjian, Laurienti, Kraft, & Burdette, 2003). The TPJ ROI was specified as a sphere (16-mm radius) surrounding the coordinates (MNI: 54, -55, 26 and -54, -55, 26) reported in Mars et al. (2012), and the PrC ROI was specified as a sphere (20-mm radius) surrounding the coordinates (MNI: -12, -56, 32 and 12, -56, 32) reported by Kuzmanovic et al. (2012).

Next, exploratory analyses were performed designed to investigate individual differences in the ability to control attitudes of trust and distrust (e.g., changes in the trustworthiness evaluations). We also investigated the association between individual differences in “change of trust” and “change of distrust” scores and functional connectivity within the brain. Because there was considerable variability and a large range in the numbers of days between pre and post, all analyses that involved “change scores” were also performed with “number of days between” as a covariate. Additionally, each individual-difference analysis was performed with face name memory scores entered as a covariate. Change-in-trustworthiness scores were not correlated with the number of days between sessions [r(57) = -.089, p = .497].

For the individual-differences analyses, each participant’s change-in-trustworthiness scores were entered as the independent variable, and contrast images (trust > age evaluation and distrust > age evaluation) were entered as the dependent variable. For functional connectivity analyses, seed regions were specified on the basis of whole-brain regression analysis, with change-of-trust (or change-of-distrust) scores predicting BOLD signal change between the control of trust versus age evaluation condition, and the control of distrust versus age evaluation condition, respectively. On the basis of prior research on trust and interpersonal attitude formation (Bzdok et al., 2011; Bzdok et al., 2012; Cunningham et al., 2004; Kuzmanovic et al., 2012; Todorov et al., 2008; Winston et al., 2002), we performed ROI analyses within the mPFC, TPJ, PrC, insula, and dorsolateral and inferior frontal cortices. For the exploratory statistical analysis within a-priori-specified ROIs, a statistical threshold of p < .001, 20-voxel extent was used. This combination is sufficient to preserve the balance between sensitivity and false-positive rates (Lieberman & Cunningham, 2009; Woo et al., 2014).

Results

Behavioral results

This section is divided into two subsections. First, we report on the initial evaluations of faces and the face name task, followed by the effect of the control-of-trust task on changes in the trustworthiness evaluations.

The mean rating for all faces was 4.36 (SD = 0.92, range = 2.28-6.47, variance = 0.850). We observed no associations between mean trustworthiness evaluations and the sex [t(58) = 0.250, p = .803] or age [r(58) = .059, p = .655] of the participants. There were no significant differences between the mean ratings of faces that were subsequently paired with a “trust” or “distrust” instruction during the imaging task [t(58) = 0.897, p = .374]. Finally, female faces were rated as more trustworthy than male faces (male mean = 4.06 ± 0.949, female mean = 4.67 ± 0.972) [t(58) = 8.744, p < .01].

The mean face name memory score across participants was 8.31 ± 1.51. All participants scored at or above chance, with a minimum score of 5 and a maximum score of 10. We found no significant differences between the sexes [t(58) = .250, p = .803], and scores were also not associated with the ages of participants [r(58) = -.110, p = .406], trust evaluation scores [r(58) = .062, p = .642], change-in-trust scores [r(58) = .145, p = .274], or change-in-distrust scores [r(58) = .003, p = .980].

Following the control-of-trust task, the faces paired with the distrust instruction were evaluated as being less trustworthy than at the initial evaluation (pre: M = 4.34, SD = 0.96; post: M = 3.62, SD = 0.71) [paired t test: t(1, 57) = 4.74, p < .001] (Fig. 1). The change scores for “distrust faces” (from pre to post) remained statistically significant when face name memory scores and the number of days between sessions were entered as covariates [F(1, 56) = 13.14, p = .004]. No significant change in trustworthiness was observed for faces paired with the trust instruction (pre: M = 4.39, SD = 0.93; post: M = 4.37, SD = 0.56) [paired t test: t(1, 57) = 0.21, p = .83]. Finally, for the faces paired with the “evaluation-of-age” instruction, no significant change was observed in the trustworthiness evaluations (pre: M = 4.36, SD = 0.95; post: M = 4.24, SD = 0.58) [paired t test: t(1, 57) = 0.96, p = .34]. Combined, these findings indicate that the distrust instruction served to reduce trustworthiness evaluations across participants, whereas the trust and age instructions did not consistently affect trustworthiness evaluations across participants. This finding may suggest that some participants became more trusting of the faces following the control-of-trust task, whereas other participants did not.

Bar graph showing the mean ratings of trustworthiness for each condition (trust, distrust, age) between the pre and post scans. Error bars represent standard deviations. n.s., not significant

Neuroimaging results

Control of interpersonal social attitudes

BOLD responses when participants were asked to control interpersonal social attitudes (both trust and distrust combined) were compared to results from the age evaluation condition. Whole-brain results (unmasked) are listed in Table 1 and are presented in Fig. 2A. Within ROIs, we found that the control of attitudes was associated with greater activity within bilateral TPJ [t(57) = 10.17, p < .001, 2,225 voxels, and t(57) = 6.54, p < .001, 442 voxels], left anterior cingulate cortex (ACC)/mPFC (t = 8.30, p < .001, 3,664 voxels), bilateral IFG [t(57) = 8.08, p < .001, 1,215 voxels, and t(57) = 7.36, p < .001, 78 voxels], and left PrC [t(57) = 5.36, p < .001, 43 voxels]. All results remained statistically significant when face name memory scores and the number of days between the initial evaluation and fMRI scanning were entered as covariates (p < .001).

(A) Whole-brain analysis showing changes in brain activity during the control of social attitudes (control of trust and distrust combined) versus the evaluation-of-age condition. (B) Whole-brain analysis showing changes in brain activity during the control of trust versus the evaluation-of-age condition. (C) Whole-brain analysis showing changes in brain activity during the control of distrust versus the evaluation-of-age condition. (D) Direct comparison between the control-of-trust and control-of-distrust conditions. Areas of significant changes of BOLD signal are overlaid on a standardized template of the brain. PrC, precuneus; ACC, anterior cingulate cortex; TPJ, temporoparietal junction; IFG, inferior frontal gyrus; mPFC, medial prefrontal cortex; MCC, medial cingulate cortex; Ins, insula

Control of trust

BOLD signals were compared during the control-of-trust condition and the age evaluation condition. Whole-brain (unmasked) results are listed in Table 1 and shown in Fig. 2B. Within ROIs, the control-of-trust condition was associated with greater activity within bilateral TPJ [t(59) = 8.78, p < .001, 1,145 voxels, and t = 6.01, p < .001, 74 voxels], bilateral IFG [t(59) = 5.71, p < .001, 277 voxels, and t(59) = 5.90, p < .001, 33 voxels], left ACC/ventromedial PFC (vmPFC) [t(59) = 8.44, p < .001, 3,236 voxels], and left PrC [t(59) = 5.16, p < .001, 40 voxels]. All results remained statistically significant when face name memory scores and the number of days between sessions were entered as covariates (p < .001).

Control of distrust

Whole-brain (unmasked) results for the control-of-distrust condition versus the age evaluation condition are listed in Table 1 and shown in Fig. 2C. Within ROIs, the control-of-distrust condition was associated with greater activity within bilateral TPJ [t(59) = 10.04, p < .001, 2,859 voxels, and t(59) = 6.54, p < .001, 514 voxels], left ACC/mPFC [t(59) = 8.60, p < .001, 2,297 voxels], and bilateral IFG extending to insula [t(59) = 7.08, p < .001, 66 voxels, and t(59) = 5.31, p < .001, 26 voxels]. All results remained statistically significant when face name memory scores and the number of days between sessions were entered as covariates (p < .001).

Control of trust versus control of distrust

Whole-brain (unmasked) results are listed in Table 2 and shown in Fig. 2D. When the conditions were directly compared, the control-of-trust condition was associated with greater vmPFC/ACC [t(59) = 6.51, p < .001, 269 voxels] activity than was the control-of-distrust condition. The control-of-distrust condition was not associated with increased activation. This result remained statistically significant when face name memory scores and the number of days between sessions were entered as covariates (p < .001).

Individual differences in control of trust

Whole-brain (unmasked) analysis revealed that greater change in trustworthiness evaluations was associated with greater PrC activity [t(57) = 3.67, p < .001, 41 voxels] (Table 3 and Fig. 3A). Individuals who tended to evaluate faces as more trustworthy following the control-of-trust task exhibited greater PrC activity during the control-of-trust task than did individuals who did not tend to evaluate faces as more trustworthy following that task [r(57) = .430, p = .001]. The association between change in trust and PrC activity remained statically significant when face name memory scores and days between sessions were entered as covariates [t(57) = 3.61, p < .001, 26 voxels].

(A) Individual differences in change-of-trust scores associated with precuneus (PrC) activity during the control-of-trust condition as compared to the age evaluation condition. The image depicts the cluster within the PrC. Change-in-trustworthiness values are plotted on the x-axis in the right panel, and PrC contrast estimates are plotted on the y-axis. (B) Individual differences in change-of-distrust scores associated with inferior frontal gyrus (IFG) activity during the control-of-distrust condition as compared to the age evaluation condition. The image depicts the cluster within the left IFG. Change-in-distrust scores are plotted on the x-axis in the right panel, and left IFG contrast estimates are plotted on the y-axis

Individual differences in control of distrust

Whole-brain (unmasked) analysis revealed that greater change in trustworthiness evaluations was associated with greater activation within the left IFG [t(57) = 4.58, p < .001, 221 voxels] and left inferior temporal gyrus [t(57) = 3.74, p < .001, 21 voxels] (Table 3 and Fig. 3B). Individuals who tended to evaluate faces as less trustworthy following the control-of-distrust task exhibited greater IFG activity during that task than did individuals who did not tend to evaluate faces as less trustworthy following the task (r = -.518, p < .001). These results remained significant when we included face name memory and the number of days between sessions as covariates [t(55) = 4.45, p < .001, 221 voxels].

Exploratory functional connectivity analysis

A psychophysiological interaction (PPI) analysis (Friston et al., 1997) was performed to identify the functionally connected neural networks associated with the control of trust or distrust. This analysis focused on brain regions where BOLD signal was found to be associated with individual differences in control-of-trust and control-of-distrust scores. Therefore, the PrC was specified as the seed region for the control-of-trust condition, and the left IFG was specified as the seed region for the control-of-distrust condition. For the PrC, we extracted signals by performing a conjunction analysis (based on the group analysis) using the trust > age evaluation contrast (across all participants), and a regression analysis with change-in-trust scores predicting control-of-trust activity (MNI: -10, -44, 32) [t(57) = 3.28, p < .001, 54 voxels]. For the distrust PPI analysis, BOLD signal changes from the left IFG were extracted by performing a conjunction analysis (based on the group analysis) using the distrust > age evaluation contrast (across all participants) (MNI: -50, 24, 16), [t(57) = 4.55, p < .001, 153 voxels]. For each conjunction group analysis, the peak cluster was selected using a p = .01 statistical threshold for each analysis, resulting in a per-voxel statistical threshold of p = .0001. For each participant, the signal was extracted from the entire PrC cluster (MNI: -10, -44, 32; 54 voxels) and the entire IFG cluster (MNI: -50, 24, 16; 153 voxels). Next, we performed a regression analysis with change-of-trust or change-of-distrust scores as the independent variable, and either PrC or IFG connectivity entered as the dependent variable. This approach served to elucidate the patterns of brain connectivity associated with individual differences in change-of-trust or change-of-distrust scores, respectively.

The results of a whole-brain (unmasked) analysis are listed in Table 4 and presented in Supplementary Fig. 2. Individual differences in the change-of-trust scores were associated with increased PrC connectivity within a large distributed network, including the left mPFC, bilateral dorsolateral PFC (dlPFC), left inferior parietal lobe (IPL), left ACC, and right superior frontal gyrus. This finding indicates that the PrC is more connected with these brain regions in individuals who tended to evaluate faces as more trustworthy than in individuals who did not tend to evaluate faces as more trustworthy. No brain regions were less connected with the PrC.

For the control-of-distrust condition, individual differences in the change-of-distrust scores were associated with increased IFG negative connectivity with two brain regions: the right dmPFC and right temporopolar area. It is important to note that this pattern of “negative connectivity” refers to the IFG exhibiting a negative association with activity in other brain regions during the control-of-distrust condition, which may represent regulatory function. No brain regions were positively connected with the IFG.

Discussion

This study was designed to investigate the ways that people exhibit control over the interpersonal social attitudes of trust and distrust. Both the control-of-trust and control-of-distrust conditions were associated with greater TPJ, mPFC, insula, and inferior and lateral frontal cortical activity than was the evaluation-of-age condition. The control-of-trust condition was associated with greater vmPFC activity compared to the control-of-distrust condition. Additionally, we found that individual differences in change-of-trust scores were associated with greater PrC activity, whereas individual differences in change-of-distrust scores were associated with greater IFG activity. Combined, these findings provide new information about the brain mechanisms engaged when people make efforts to change their social attitudes.

Behaviorally, faces paired with the distrust instruction were subsequently evaluated as less trustworthy. This finding is consistent with evidence that negative social cues are more salient than positive social cues (Baumeister et al., 2001; Peeters & Czapinski, 1990). Recent behavioral research on the processing of ambiguous facial expressions supports the initial-negativity hypothesis, which suggests that ambiguous emotional stimuli are initially categorized as negative, and that positive category decisions are made by “overriding” this default impulse (Neta, Davis, & Whalen, 2011; Neta & Whalen, 2010; Tottenham, Phuong, Flannery, Gabard-Durnam, & Goff, 2013). Thus, positive evaluations add an extra layer of regulatory influence. Overall, the initial-negativity hypothesis describes that negative evaluations of ambiguous emotional stimuli may reflect the engagement of automatic, reflexive processes, whereas positive evaluations of ambiguous emotional stimuli may reflect the engagement of regulatory control processes. These observations and interpretation are consistent with evolutionary models of human social cognition describing the prioritization of negative social information over positive social information (Baumeister et al., 2001). Combined, the present findings suggest that distrust may be a more salient negative social cue. It may therefore be processed more automatically, quickly, and strongly than cues to trust.

Within the brain, increased TPJ, mPFC, IFG, PrC, and insula activity was observed during the control of trust and distrust than during the evaluation of age. These brain regions encompass the mentalizing system, which is thought to facilitate the way that the mental states of others are read and interpreted, such as during theory of mind and perspective taking (Frith & Frith, 2006; Van Overwalle & Baetens, 2009). The TPJ is involved in theory of mind (Apperly, Samson, Chiavarino, & Humphreys, 2004; Delgado et al., 2005; Fletcher et al., 1995; Rilling, Sanfey, Aronson, Nystrom, & Cohen, 2004; van Veluw & Chance, 2014)-that is, in thinking about the mental states of others. The present findings strengthen existing models associating the TPJ with the interpretation of mental states. When participants were asked to think about intentions (either positive or negative), they exhibited greater TPJ activity than when they were evaluating the age of people in photographs.

Extant data have demonstrated that the mPFC/vmPFC is involved in mentalizing, and in particular in determining boundaries between the self and others (Amodio & Frith, 2006). The vmPFC was more active during the control-of-trust condition than during the control-of-distrust condition. Recent evidence has linked the vmPFC with the way that trust-based decisions are made. For example, individuals with damage to the vmPFC show increased risk-taking during the trust task and decreased reciprocity, as measured by lower back-transfers during the trust game (Moretto, Sellitto, & di Pellegrino, 2013), and we have recently shown that vmPFC gray matter volume is associated with individual differences in the tendency to trust others (Haas, Ishak, Anderson, & Filkowski, 2015). The mPFC has also been implicated in emotion regulation (Goldin et al., 2008; Ochsner & Gross, 2005; Ochsner et al., 2004). Together, these findings support the role of the vmPFC in social evaluation, trust-based decision-making, and emotion regulation, and suggests that the vmPFC may be more involved in efforts to control trust than in efforts to control distrust.

Increased insula activity during the control-of-distrust condition was found, relative to the age evaluation condition. This finding is consistent with several studies associating insula activity with the processing of negative social and emotional information, such as pain and anxiety (Simmons, Matthews, Stein, & Paulus, 2004; Wiech et al., 2010). The insula is broadly involved in the subjective experience of emotions (Craig, 2011; Gu, Hof, Friston, & Fan, 2013) and has often been shown to be active during the processing of negative emotions (Duerden, Arsalidou, Lee, & Taylor, 2013). The insula is also involved in interoceptive processing (Craig, 2003), emotional forms of empathy (Gu et al., 2012), and emotion regulation (Goldin et al., 2008; Ochsner & Gross, 2005; Ochsner et al., 2004). In relation to trust, there is evidence that the insula is involved in modifying trust-based decisions (Adolphs, 2002; Castle et al., 2012; Dimoka, 2010), and some recent studies have shown that the insula plays roles in both trust (Killgore et al., 2013) and distrust (Winston et al., 2002). Together, these findings indicate that the insula may facilitate negative emotion attribution and heightened arousal when forming negative interpersonal social attitudes about others.

We did not observe greater amygdala activity during the control-of-distrust condition, where previous trust studies have shown increased amygdala activation in response to faces evaluated as both trustworthy and untrustworthy (Rule et al., 2013; Winston et al., 2002). It is currently unknown how task instructions to control the attitude of distrust may affect the way that the amygdala functions, and this remains an open question for future research. Previous research has shown that explicit cognitive tasks that involve the appraisal and/or reappraisal of faces may modulate amygdala activity (Chen et al., 2006; Habel et al., 2007; Hariri, Mattay, Tessitore, Fera, & Weinberger, 2003; Lange et al., 2003). Therefore, in this task, which involves the explicit evaluation and control of interpersonal social attitudes, we did not predict that the amygdala would be differentially activated between conditions.

In this study we also explored the association between individual differences in change-of-trust scores and brain activity. PrC activity was associated with individual differences in change-of-trust scores during the control-of-trust condition. That is, individuals who evaluated faces as more trustworthy following the control-of-trust task exhibited increased PrC activity relative to individuals who tended not to change their trustworthiness evaluations. The function of the PrC is currently unclear; however, several current theoretical models associate the PrC with mentalizing, social evaluation, and self-awareness (Immordino-Yang, 2011; Uddin, Iacoboni, Lange, & Keenan, 2007). Recent empirical evidence has demonstrated the PrC to be active during the subjective evaluation of social stimuli (Kuzmanovic et al., 2012). Kuzmanovic and colleagues showed that “verbal influence” was associated with greater PrC activity during impression formation. These findings indicate that the PrC may be particularly important to translate cognitive-semantic information to the formation of complex social attitudes, such as whether to trust another person or not.

Individual differences in change-of-distrust scores were associated with left IFG activity. This may indicate increased engagement of cognitive control in individuals who tend to change their distrust evaluations. A broad array of functions are associated with the IFG, including the processing of social context (Norris, Chen, Zhu, Small, & Cacioppo, 2004), judgments of trustworthiness and attractiveness (Bzdok et al., 2012), emotion regulation (Goldin et al., 2008), and trait attribution (Mitchell et al., 2005). Lateralization to the left IFG may be due to the region’s involvement in inner speech, as a part of Broca’s area. Specifically, individuals may be engaging in inner speech while they actively think about distrusting the individual depicted. In terms of connectivity, there is evidence that the IFG is functionally connected with the TPJ during theory-of-mind tasks (McCleery, Surtees, Graham, Richards, & Apperly, 2011). The results from this study support the role of the IFG in the cognitive control and the valuation of attitudes of trust and distrust. However, our findings suggest that the left IFG may be particularly important when controlling negatively valenced social attributes (e.g., distrust).

Exploratory functional connectivity analyses designed to identify connected neural networks that are associated with individual differences in the tendency to change trustworthiness evaluations have demonstrated that individuals who changed trustworthiness evaluations tended to show increased PrC connectivity with the mPFC, dlPFC, IPL, ACC, and superior frontal gyrus. The engagement of this broad neural network may represent the way that the PrC functions to consolidate social attitudes. Additionally, it is likely that people varied in the types of strategies used to mentalize about trusting each person depicted in the photograph. Although this was not explicitly explored, future studies should investigate the specific strategies used in this task.

Several important limitations of this study warrant consideration. First, throughout this study, trust and distrust were characterized differently. During the pre- and postscan evaluation tasks, trust and distrust were operationalized along a single continuum, whereas during the fMRI control-of-trust task, trust and distrust were treated as dissociable constructs. It is currently unclear whether trust and distrust can be considered unidimensional or independent from one another. This study provides a basis to investigate the psychological factors that differentially affect evaluations of trust and distrust. Additionally, in using the 7-point Likert scale to obtain a behavioral metric to measure trust, there is a limit on the amount of change that can be achieved from the pre to post trust scores, depending on the initial rating. For example, if a participant initially rated an individual as highly trustworthy (e.g., a rating of 7), an effect of the instruction to trust would no longer be possible, since the participant had already reached the ceiling of trustworthiness.

The study included both men and women. Behaviorally, we found no significant differences in the pre or the post trust evaluation ratings between male and female participants. However, differences in the ratings based on the sex of the stimuli were observed, in that female faces were rated as more trustworthy than male faces. Previous studies have shown differences between the sexes during trust-related tasks (Riedl et al., 2010), and thus it is important to consider the association between the sexes of the rater and target for future studies. Differences within the brain have also been reported between the sexes (Riedl et al., 2010). Although it is not within the scope of the present study, it will be important for future studies to investigate potential neural differences associated with the sex of raters and the sex of the targets using the present paradigm. This study was limited to the evaluation of faces. Additional behavioral measures that involve social interaction may further elucidate the relationship between brain function and control of interpersonal trust. Trustworthiness evaluations were measured via self-report. Future models of trust behavior will be improved by the inclusion of trust tasks that involve conditions in which participants are asked to trust others implicitly and behaviorally (e.g., reaction time judgments).

The face name memory task was used to quantify each participant’s ability to remember semantic information paired with images of faces. This task is in accordance with several other studies designed to measure how people remember the names of faces (Chua, Schacter, Rand-Giovannetti, & Sperling, 2007; Miller et al., 2008; Rentz et al., 2011). Given that there was a 1/3 chance of correctly guessing the name, it would be advantageous to quantify memory using other procedures, such as with implicit subconscious methods or with free recall in future studies. The face name memory task may not be ideal to capture all memory processes specific to this task. For example, another approach would be to explicitly ask each participant whether he or she remembered what instruction was paired with each face. Additionally, it may have been advantageous to incorporate trustworthiness judgements of the faces used within the face name memory task within the individual differences analyses in this study. Finally, the control-of-trust task did not involve any behavioral response, and participants were not asked about the strategies they had used during the task. This leaves open the possibility that the strategies that were used to control trust were highly variable. From one perspective, this provided additional support to investigate individual differences; however, it is also considerably challenging to clearly understand mental processes without behavioral metrics during the task.

It is also currently unknown how the results may have been affected if the instruction to trust or distrust came from a different individual. For example, the instruction to trust or distrust may be more salient if it is expressed by a close relative or friend rather than by a stranger or lesser-known acquaintance. Future research is needed to understand how the source of the instructions may affect the control of interpersonal social attitudes.

In conclusion, this study provides evidence that the way in which interpersonal attitudes of trust and distrust are changed relies on brain regions within the mentalizing system, including the TPJ, mPFC, insula, and inferior and lateral frontal cortices. Additionally, individual differences in changing attitudes of trust are associated with PrC activity, and individual differences in changing attitudes of distrust are associated with IFG activity. These findings strengthen existing social-cognitive brain models and provide a basis for future research on the neuroscience of interpersonal social attitudes.

References

Adolphs, R. (2002). Trust in the brain. Nature Neuroscience, 5, 192-193.

Article
PubMed

                    Google Scholar

Amodio, D. M., & Frith, C. D. (2006). Meeting of minds: The medial frontal cortex and social cognition. Nature Reviews Neuroscience, 7, 268-277. doi:10.1038/nrn1884

Article
PubMed

                    Google Scholar

Apperly, I. A., Samson, D., Chiavarino, C., & Humphreys, G. W. (2004). Frontal and temporo-parietal lobe contributions to theory of mind: Neuropsychological evidence from a false-belief task with reduced language and executive demands. Journal of Cognitive Neuroscience, 16, 1773-1784.

Article
PubMed

                    Google Scholar

Baumeister, R. F., Bratslavsky, E., Finkenauer, C., & Vohs, K. D. (2001). Bad is stronger than good. Review of General Psychology, 5, 323-370. doi:10.1037/1089-2680.5.4.323

Article

                    Google Scholar

Borum, R. (2010). The science of interpersonal trust. McLean: Mitre Corp.

Google Scholar

Bzdok, D., Langner, R., Caspers, S., Kurth, F., Habel, U., Zilles, K., … Eickhoff, S. B. (2011). ALE meta-analysis on facial judgments of trustworthiness and attractiveness. Brain Structure and Function, 215, 209-223. doi:10.1007/s00429-010-0287-4

Bzdok, D., Langner, R., Hoffstaedter, F., Turetsky, B. I., Zilles, K., & Eickhoff, S. B. (2012). The modular neuroarchitecture of social judgments on faces. Cerebral Cortex, 22, 951-961.

Article
PubMed
PubMed Central

                    Google Scholar

Castle, E., Eisenberger, N. I., Seeman, T. E., Moons, W. G., Boggero, I. A., Grinblatt, M. S., … Taylor, S. E. (2012). Neural and behavioral bases of age differences in perceptions of trust. Proceedings of the National Academy of Sciences, 109, 20848-20852. doi:10.1073/pnas.1218518109

Chang, L. J., Doll, B. B., van’t Wout, M., Frank, M. J., & Sanfey, A. G. (2010). Seeing is believing: Trustworthiness as a dynamic belief. Cognitive Psychology, 61, 87-105.

Article
PubMed

                    Google Scholar

Chen, C. H., Lennox, B., Jacob, R., Calder, A., Lupson, V., Bisbrown-Chippendale, R., … Bullmore, E. (2006). Explicit and implicit facial affect recognition in manic and depressed states of bipolar disorder: A functional magnetic resonance imaging study. Biological Psychiatry, 59, 31-39. doi:10.1016/j.biopsych.2005.06.008

Cho, J. (2006). The mechanism of trust and distrust formation and their relational outcomes. Journal of Retailing, 82, 25-35.

Article

                    Google Scholar

Chua, E. F., Schacter, D. L., Rand-Giovannetti, E., & Sperling, R. A. (2007). Evidence for a specific role of the anterior hippocampal region in successful associative encoding. Hippocampus, 17, 1071-1080.

Article
PubMed

                    Google Scholar

Craig, A. D. (2003). Interoception: The sense of the physiological condition of the body. Current Opinion in Neurobiology, 13, 500-505.

Article
PubMed

                    Google Scholar

Craig, A. D. (2011). Significance of the insula for the evolution of human awareness of feelings from the body. Annals of the New York Academy of Sciences, 1225, 72-82.

Article
PubMed

                    Google Scholar

Cunningham, W. A., Raye, C. L., & Johnson, M. K. (2004). Implicit and explicit evaluation: fMRI correlates of valence, emotional intensity, and control in the processing of attitudes. Journal of Cognitive Neuroscience, 16, 1717-1729.

Article
PubMed

                    Google Scholar

Delgado, M. R., Frank, R. H., & Phelps, E. A. (2005). Perceptions of moral character modulate the neural systems of reward during the trust game. Nature Neuroscience, 8, 1611-1618.

Article
PubMed

                    Google Scholar

Dimoka, A. (2010). What does the brain tell us about trust and distrust? Evidence from a functional neuroimaging study. MIS Quarterly, 34, 373-396.

Google Scholar

Dimoka, A. (2011). Brain mapping of psychological processes with psychometric scales: An fMRI method for social neuroscience. NeuroImage, 54, S263-S271.

Article
PubMed

                    Google Scholar

Duerden, E. G., Arsalidou, M., Lee, M., & Taylor, M. J. (2013). Lateralization of affective processing in the insula. NeuroImage, 78, 159-175.

Article
PubMed

                    Google Scholar

Ekman, P., & Friesen, W. V. (1971). Constants across cultures in the face and emotion. Journal of Personality and Social Psychology, 17, 124-129. doi:10.1037/h0030377

Article
PubMed

                    Google Scholar

Emonds, G., Declerck, C. H., Boone, C., Seurinck, R., & Achten, R. (2014). Establishing cooperation in a mixed-motive social dilemma: An fMRI study investigating the role of social value orientation and dispositional trust. Social Neuroscience, 9, 10-22.

Article
PubMed

                    Google Scholar

Emonds, G., Declerck, C. H., Boone, C., Vandervliet, E. J. M., & Parizel, P. M. (2011). Comparing the neural basis of decision making in social dilemmas of people with different social value orientations, a fMRI study. Journal of Neuroscience, Psychology, and Economics, 4, 11-24. doi:10.1037/a0020151

Article

                    Google Scholar

Fleeson, W., & Leicht, C. (2006). On delineating and integrating the study of variability and stability in personality psychology: Interpersonal trust as illustration. Journal of Research in Personality, 40, 5-20.

Article

                    Google Scholar

Fletcher, P. C., Happé, F., Frith, U., Baker, S. C., Dolan, R. J., Frackowiak, R. S. J., & Frith, C. D. (1995). Other minds in the brain: A functional imaging study of “theory of mind” in story comprehension. Cognition, 57, 109-128. doi:10.1016/0010-0277(95)00692-R

Article
PubMed

                    Google Scholar

Friston, K., Buechel, C., Fink, G., Morris, J., Rolls, E., & Dolan, R. (1997). Psychophysiological and modulatory interactions in neuroimaging. NeuroImage, 6, 218-229.

Article
PubMed

                    Google Scholar

Frith, C. D., & Frith, U. (2006). The neural basis of mentalizing. Neuron, 50, 531-534. doi:10.1016/j.neuron.2006.05.001

Article
PubMed

                    Google Scholar

Goldin, P. R., McRae, K., Ramel, W., & Gross, J. J. (2008). The neural bases of emotion regulation: Reappraisal and suppression of negative emotion. Biological Psychiatry, 63, 577-586.

Article
PubMed
PubMed Central

                    Google Scholar

Grecucci, A., Giorgetta, C., van’t Wout, M., Bonini, N., & Sanfey, A. G. (2013). Reappraising the ultimatum: An fMRI study of emotion regulation and decision making. Cerebral Cortex, 23, 399-410.

Article
PubMed

                    Google Scholar

Gu, X., Gao, Z., Wang, X., Liu, X., Knight, R. T., Hof, P. R., & Fan, J. (2012). Anterior insular cortex is necessary for empathetic pain perception. Brain, 135, 2726-2735. doi:10.1093/brain/aws199

Article
PubMed
PubMed Central

                    Google Scholar

Gu, X., Hof, P. R., Friston, K. J., & Fan, J. (2013). Anterior insular cortex and emotional awareness. Journal of Computational Neurology, 521, 3371-3388.

Article

                    Google Scholar

Haas, B. W., Ishak, A., Anderson, I. W., & Filkowski, M. M. (2015). The tendency to trust is reflected in human brain structure. NeuroImage, 107, 175-181.

Article
PubMed

                    Google Scholar

Habel, U., Windischberger, C., Derntl, B., Robinson, S., Kryspin-Exner, I., Gur, R. C., & Moser, E. (2007). Amygdala activation and facial expressions: Explicit emotion discrimination versus implicit emotion processing. Neuropsychologia, 45, 2369-2377. doi:10.1016/j.neuropsychologia.2007.01.023

Article
PubMed

                    Google Scholar

Hariri, A. R., Mattay, V. S., Tessitore, A., Fera, F., & Weinberger, D. R. (2003). Neocortical modulation of the amygdala response to fearful stimuli. Biological Psychiatry, 53, 494-501.

Article
PubMed

                    Google Scholar

Immordino-Yang, M. H. (2011). Me, my “self” and you: Neuropsychological relations between social emotion, self-awareness, and morality. Emotion Review, 3, 313-315.

Article

                    Google Scholar

Killgore, W. D., Schwab, Z. J., Tkachenko, O., Webb, C. A., DelDonno, S. R., Kipman, M., … Weber, M. (2013). Emotional intelligence correlates with functional responses to dynamic changes in facial trustworthiness. Social Neuroscience, 8, 334-346.

Krueger, F., McCabe, K., Moll, J., Kriegeskorte, N., Zahn, R., Strenziok, M., … Grafman, J. (2007). Neural correlates of trust. Proceedings of the National Academy of Sciences, 104, 20084-20089.

Kuzmanovic, B., Bente, G., von Cramon, D. Y., Schilbach, L., Tittgemeyer, M., & Vogeley, K. (2012). Imaging first impressions: Distinct neural processing of verbal and nonverbal social information. NeuroImage, 60, 179-188. doi:10.1016/j.neuroimage.2011.12.046

Article
PubMed

                    Google Scholar

Lange, K., Williams, L. M., Young, A. W., Bullmore, E. T., Brammer, M. J., Williams, S. C., … Phillips, M. L. (2003). Task instructions modulate neural responses to fearful facial expressions. Biological Psychiatry, 53, 226-232.

Lewicki, R. J., McAllister, D. J., & Bies, R. J. (1998). Trust and distrust: New relationships and realities. Academy of Management Review, 23, 438-458.

Google Scholar

Lewicki, R. J., Tomlinson, E. C., & Gillespie, N. (2006). Models of interpersonal trust development: Theoretical approaches, empirical evidence, and future directions. Journal of Management, 32, 991-1022.

Article

                    Google Scholar

Lieberman, M. D., & Cunningham, W. A. (2009). Type I and Type II error concerns in fMRI research: Re-balancing the scale. Social Cognitive and Affective Neuroscience, 4, 423-428. doi:10.1093/scan/nsp052

Article
PubMed
PubMed Central

                    Google Scholar

Maldjian, J. A., Laurienti, P. J., Kraft, R. A., & Burdette, J. H. (2003). An automated method for neuroanatomic and cytoarchitectonic atlas-based interrogation of fMRI data sets. NeuroImage, 19, 1233-1239.

Article
PubMed

                    Google Scholar

Mars, R. B., Sallet, J., Schüffelgen, U., Jbabdi, S., Toni, I., & Rushworth, M. F. (2012). Connectivity-based subdivisions of the human right “temporoparietal junction area”: Evidence for different areas participating in different cortical networks. Cerebral Cortex, 22, 1894-1903.

Article
PubMed

                    Google Scholar

McCleery, J. P., Surtees, A. D., Graham, K. A., Richards, J. E., & Apperly, I. A. (2011). The neural and cognitive time course of theory of mind. Journal of Neuroscience, 31, 12849-12854.

Article
PubMed
PubMed Central

                    Google Scholar

Miller, S. L., Celone, K., DePeau, K., Diamond, E., Dickerson, B. C., Rentz, D., … Sperling, R. A. (2008). Age-related memory impairment associated with loss of parietal deactivation but preserved hippocampal activation. Proceedings of the National Academy of Sciences, 105, 2181-2186.

Minear, M., & Park, D. C. (2004). A lifespan database of adult facial stimuli. Behavior Research Methods, Instruments, & Computers, 36, 630-633. doi:10.3758/BF03206543

Article

                    Google Scholar

Mitchell, J. P., Neil Macrae, C., & Banaji, M. R. (2005). Forming impressions of people versus inanimate objects: social-cognitive processing in the medial prefrontal cortex. Neuroimage, 26, 251--257.

Moretto, G., Sellitto, M., & di Pellegrino, G. (2013). Investment and repayment in a trust game after ventromedial prefrontal damage. Frontiers in Human Neuroscience, 7, 593. doi:10.3389/fnhum.2013.00593

Article
PubMed
PubMed Central

                    Google Scholar

Morishima, Y., Schunk, D., Bruhin, A., Ruff, C. C., & Fehr, E. (2012). Linking brain structure and activation in temporoparietal junction to explain the neurobiology of human altruism. Neuron, 75, 73-79.

Article
PubMed

                    Google Scholar

Neta, M., Davis, F. C., & Whalen, P. J. (2011). Valence resolution of ambiguous facial expressions using an emotional oddball task. Emotion, 11, 1425-1433. doi:10.1037/a0022993

Article
PubMed
PubMed Central

                    Google Scholar

Neta, M., & Whalen, P. J. (2010). The primacy of negative interpretations when resolving the valence of ambiguous facial expressions. Psychological Science, 21, 901-907.

Article
PubMed
PubMed Central

                    Google Scholar

Norris, C. J., Chen, E. E., Zhu, D. C., Small, S. L., & Cacioppo, J. T. (2004). The interaction of social and emotional processes in the brain. Journal of Cognitive Neuroscience, 16, 1818-1829.

Article
PubMed

                    Google Scholar

Ochsner, K. N., & Gross, J. J. (2005). The cognitive control of emotion. Trends in Cognitive Sciences, 9, 242-249. doi:10.1016/j.tics.2005.03.010

Article
PubMed

                    Google Scholar

Ochsner, K. N., Ray, R. D., Cooper, J. C., Robertson, E. R., Chopra, S., Gabrieli, J. D., & Gross, J. J. (2004). For better or for worse: Neural systems supporting the cognitive down-and up-regulation of negative emotion. NeuroImage, 23, 483-499. doi:10.1016/j.neuroimage.2004.06.030

Article
PubMed

                    Google Scholar

Ochsner, K. N., Silvers, J. A., & Buhle, J. T. (2012). Functional imaging studies of emotion regulation: A synthetic review and evolving model of the cognitive control of emotion. Annals of the New York Academy of Sciences, 1251, E1-E24.

Article
PubMed
PubMed Central

                    Google Scholar

Peeters, G., & Czapinski, J. (1990). Positive-negative asymmetry in evaluations: The distinction between affective and informational negativity effects. European Review of Social Psychology, 1, 33-60.

Article

                    Google Scholar

Rentz, D. M., Amariglio, R. E., Becker, J. A., Frey, M., Olson, L. E., Frishe, K., … Sperling, R. A. (2011). Face-name associative memory performance is related to amyloid burden in normal elderly. Neuropsychologia, 49, 2776-2783. doi:10.1016/j.neuropsychologia.2011.06.006

Riedl, R., Hubert, M., & Kenning, P. (2010). Are there neural gender differences in online trust? An fMRI study on the perceived trustworthiness of eBay offers. MIS Quarterly, 34, 397-428.

Google Scholar

Riedl, R., & Javor, A. (2012). The Biology of Trust. Journal of Neuroscience, Psychology, and Economics, 5, 63-91.

Article

                    Google Scholar

Riedl, R., Mohr, P. N., Kenning, P. H., Davis, F. D., & Heekeren, H. R. (2014). Trusting humans and avatars: A brain imaging study based on evolution theory. Journal of Management Information Systems, 30, 83-114.

Article

                    Google Scholar

Rilling, J. K., Gutman, D. A., Zeh, T. R., Pagnoni, G., Berns, G. S., & Kilts, C. D. (2002). A neural basis for social cooperation. Neuron, 35, 395-405.

Article
PubMed

                    Google Scholar

Rilling, J. K., & Sanfey, A. G. (2011). The neuroscience of social decision-making. Annual Review of Psychology, 62, 23-48.

Article
PubMed

                    Google Scholar

Rilling, J. K., Sanfey, A. G., Aronson, J. A., Nystrom, L. E., & Cohen, J. D. (2004). The neural correlates of theory of mind within interpersonal interactions. NeuroImage, 22, 1694-1703.

Article
PubMed

                    Google Scholar

Rozin, P., & Royzman, E. B. (2001). Negativity bias, negativity dominance, and contagion. Personality and Social Psychology Review, 5, 296-320.

Article

                    Google Scholar

Rule, N. O., Krendl, A. C., Ivcevic, Z., & Ambady, N. (2013). Accuracy and consensus in judgments of trustworthiness from faces: Behavioral and neural correlates. Journal of Personality and Social Psychology, 104, 409-426. doi:10.1037/a0031050

Article
PubMed

                    Google Scholar

Simmons, A., Matthews, S. C., Stein, M. B., & Paulus, M. P. (2004). Anticipation of emotionally aversive visual stimuli activates right insula. NeuroReport, 15, 2261-2265.

Article
PubMed

                    Google Scholar

Smith, N. K., Cacioppo, J. T., Larsen, J. T., & Chartrand, T. L. (2003). May I have your attention, please: Electrocortical responses to positive and negative stimuli. Neuropsychologia, 41, 171-183.

Article
PubMed

                    Google Scholar

Todorov, A. (2008). Evaluating faces on trustworthiness. Annals of the New York Academy of Sciences, 1124, 208-224.

Article
PubMed

                    Google Scholar

Todorov, A., Baron, S. G., & Oosterhof, N. N. (2008). Evaluating face trustworthiness: A model based approach. Social Cognitive and Affective Neuroscience, 3, 119-127.

Article
PubMed
PubMed Central

                    Google Scholar

Todorov, A., Mende-Siedlecki, P., & Dotsch, R. (2013). Social judgments from faces. Current Opinion in Neurobiology, 23, 373-380.

Article
PubMed

                    Google Scholar

Tottenham, N., Phuong, J., Flannery, J., Gabard-Durnam, L., & Goff, B. (2013). A negativity bias for ambiguous facial-expression valence during childhood: Converging evidence from behavior and facial corrugator muscle responses. Emotion, 13, 92-103. doi:10.1037/a0029431

Article
PubMed
PubMed Central

                    Google Scholar

Uddin, L. Q., Iacoboni, M., Lange, C., & Keenan, J. P. (2007). The self and social cognition: The role of cortical midline structures and mirror neurons. Trends in Cognitive Sciences, 11, 153-157.

Article
PubMed

                    Google Scholar

Van Overwalle, F., & Baetens, K. (2009). Understanding others’ actions and goals by mirror and mentalizing systems: A meta-analysis. NeuroImage, 48, 564-584.

Article
PubMed

                    Google Scholar

van Veluw, S. J., & Chance, S. A. (2014). Differentiating between self and others: An ALE meta-analysis of fMRI studies of self-recognition and theory of mind. Brain Imaging and Behavior, 8, 24-38.

Article
PubMed

                    Google Scholar

Watanabe, T., Takezawa, M., Nakawake, Y., Kunimatsu, A., Yamasue, H., Nakamura, M., … Masuda, N. (2014). Two distinct neural mechanisms underlying indirect reciprocity. Proceedings of the National Academy of Sciences, 111, 3990-3995.

Wiech, K., Lin, C.-S., Brodersen, K. H., Bingel, U., Ploner, M., & Tracey, I. (2010). Anterior insula integrates information about salience into perceptual decisions about pain. Journal of Neuroscience, 30, 16324-16331.

Article
PubMed

                    Google Scholar

Winston, J. S., Strange, B. A., O’Doherty, J., & Dolan, R. J. (2002). Automatic and intentional brain responses during evaluation of trustworthiness of faces. Nature Neuroscience, 5, 277-283.

Article
PubMed

                    Google Scholar

Woo, C.-W., Krishnan, A., & Wager, T. D. (2014). Cluster-extent based thresholding in fMRI analyses: Pitfalls and recommendations. NeuroImage, 91, 412-419.

Article
PubMed
PubMed Central

                    Google Scholar

Download references

Author information

Authors and Affiliations

Behavioral and Brain Sciences Program, Department of Psychology, University of Georgia, Athens, GA, USA

Megan M. Filkowski, Ian W. Anderson & Brian W. Haas

Interdisciplinary Neuroscience Graduate Program, University of Georgia, Athens, GA, USA

Brian W. Haas

You can also search for this author in
                        PubMed Google Scholar

You can also search for this author in
                        PubMed Google Scholar

You can also search for this author in
                        PubMed Google Scholar

Corresponding author

Correspondence to
                Brian W. Haas.

Electronic supplementary material

Below is the link to the electronic supplementary material.

Supplementary Figure 1

Schematic representation of stimuli used within the control of trust task. Prior to task, each participant was instructed to try their best to control how much their either trusted or distrusted each person depicted in the photograph, or evaluate how old each person in the photograph appears to be (Age). Each block began with the presentation of a cue, the word trust, distrust or age, and each trial began with a 1 second presentation of a cue, the letter T, D, or A. Each face was presented on the screen for a total of 5 seconds. (GIF 1996 kb)

High resolution image (TIF 5880 kb)

Supplementary Figure 2

Results of functional connectivity analysis with the PrC and L. IFG. A: Whole brain results showing positive connectivity of the PrC. B. Whole brain results showing negative connectivity with the L. IFG. Areas of significant changes of BOLD signal are overlaid on standardized template of the brain. IFG: Inferior Frontal Gyus; mPFC: medial Prefrontal Cortex; DLPFC: Dorsolateral Prefrontal Cortex; IPL: Inferior Parietal Lobule; PCC: Posterior Cingulate Cortex; DMPFC: Dorsomedial Prefrontal Cortex; Temp Pole: Temporal Pole. (GIF 1358 kb)

High resolution image (TIF 6511 kb)

Rights and permissions

Reprints and permissions

About this article

Cite this article

Filkowski, M.M., Anderson, I.W. & Haas, B.W. Trying to trust: Brain activity during interpersonal social attitude change.
                    Cogn Affect Behav Neurosci 16, 325-338 (2016). https://doi.org/10.3758/s13415-015-0393-0

Download citation

Published: 13 November 2015

Issue Date: April 2016

DOI: https://doi.org/10.3758/s13415-015-0393-0

Share this article

Anyone you share the following link with will be able to read this content:

Sorry, a shareable link is not currently available for this article.

Provided by the Springer Nature SharedIt content-sharing initiative

Keywords

Avoid common mistakes on your manuscript.

Advertisement

View in articleFull size image

View in articleFull size image

View in articleFull size image

View in articleFull size image

View in articleFull size image

Adolphs, R. (2002). Trust in the brain. Nature Neuroscience, 5, 192-193.

Article PubMed 
                    Google Scholar

Amodio, D. M., & Frith, C. D. (2006). Meeting of minds: The medial frontal cortex and social cognition. Nature Reviews Neuroscience, 7, 268-277. doi:10.1038/nrn1884

Article PubMed 
                    Google Scholar

Apperly, I. A., Samson, D., Chiavarino, C., & Humphreys, G. W. (2004). Frontal and temporo-parietal lobe contributions to theory of mind: Neuropsychological evidence from a false-belief task with reduced language and executive demands. Journal of Cognitive Neuroscience, 16, 1773-1784.

Article PubMed 
                    Google Scholar

Baumeister, R. F., Bratslavsky, E., Finkenauer, C., & Vohs, K. D. (2001). Bad is stronger than good. Review of General Psychology, 5, 323-370. doi:10.1037/1089-2680.5.4.323

Article 
                    Google Scholar

Borum, R. (2010). The science of interpersonal trust. McLean: Mitre Corp.

Google Scholar

Bzdok, D., Langner, R., Caspers, S., Kurth, F., Habel, U., Zilles, K., … Eickhoff, S. B. (2011). ALE meta-analysis on facial judgments of trustworthiness and attractiveness. Brain Structure and Function, 215, 209-223. doi:10.1007/s00429-010-0287-4

Bzdok, D., Langner, R., Hoffstaedter, F., Turetsky, B. I., Zilles, K., & Eickhoff, S. B. (2012). The modular neuroarchitecture of social judgments on faces. Cerebral Cortex, 22, 951-961.

Article PubMed PubMed Central 
                    Google Scholar

Castle, E., Eisenberger, N. I., Seeman, T. E., Moons, W. G., Boggero, I. A., Grinblatt, M. S., … Taylor, S. E. (2012). Neural and behavioral bases of age differences in perceptions of trust. Proceedings of the National Academy of Sciences, 109, 20848-20852. doi:10.1073/pnas.1218518109

Chang, L. J., Doll, B. B., van’t Wout, M., Frank, M. J., & Sanfey, A. G. (2010). Seeing is believing: Trustworthiness as a dynamic belief. Cognitive Psychology, 61, 87-105.

Article PubMed 
                    Google Scholar

Chen, C. H., Lennox, B., Jacob, R., Calder, A., Lupson, V., Bisbrown-Chippendale, R., … Bullmore, E. (2006). Explicit and implicit facial affect recognition in manic and depressed states of bipolar disorder: A functional magnetic resonance imaging study. Biological Psychiatry, 59, 31-39. doi:10.1016/j.biopsych.2005.06.008

Cho, J. (2006). The mechanism of trust and distrust formation and their relational outcomes. Journal of Retailing, 82, 25-35.

Article 
                    Google Scholar

Chua, E. F., Schacter, D. L., Rand-Giovannetti, E., & Sperling, R. A. (2007). Evidence for a specific role of the anterior hippocampal region in successful associative encoding. Hippocampus, 17, 1071-1080.

Article PubMed 
                    Google Scholar

Craig, A. D. (2003). Interoception: The sense of the physiological condition of the body. Current Opinion in Neurobiology, 13, 500-505.

Article PubMed 
                    Google Scholar

Craig, A. D. (2011). Significance of the insula for the evolution of human awareness of feelings from the body. Annals of the New York Academy of Sciences, 1225, 72-82.

Article PubMed 
                    Google Scholar

Cunningham, W. A., Raye, C. L., & Johnson, M. K. (2004). Implicit and explicit evaluation: fMRI correlates of valence, emotional intensity, and control in the processing of attitudes. Journal of Cognitive Neuroscience, 16, 1717-1729.

Article PubMed 
                    Google Scholar

Delgado, M. R., Frank, R. H., & Phelps, E. A. (2005). Perceptions of moral character modulate the neural systems of reward during the trust game. Nature Neuroscience, 8, 1611-1618.

Article PubMed 
                    Google Scholar

Dimoka, A. (2010). What does the brain tell us about trust and distrust? Evidence from a functional neuroimaging study. MIS Quarterly, 34, 373-396.

Google Scholar

Dimoka, A. (2011). Brain mapping of psychological processes with psychometric scales: An fMRI method for social neuroscience. NeuroImage, 54, S263-S271.

Article PubMed 
                    Google Scholar

Duerden, E. G., Arsalidou, M., Lee, M., & Taylor, M. J. (2013). Lateralization of affective processing in the insula. NeuroImage, 78, 159-175.

Article PubMed 
                    Google Scholar

Ekman, P., & Friesen, W. V. (1971). Constants across cultures in the face and emotion. Journal of Personality and Social Psychology, 17, 124-129. doi:10.1037/h0030377

Article PubMed 
                    Google Scholar

Emonds, G., Declerck, C. H., Boone, C., Seurinck, R., & Achten, R. (2014). Establishing cooperation in a mixed-motive social dilemma: An fMRI study investigating the role of social value orientation and dispositional trust. Social Neuroscience, 9, 10-22.

Article PubMed 
                    Google Scholar

Emonds, G., Declerck, C. H., Boone, C., Vandervliet, E. J. M., & Parizel, P. M. (2011). Comparing the neural basis of decision making in social dilemmas of people with different social value orientations, a fMRI study. Journal of Neuroscience, Psychology, and Economics, 4, 11-24. doi:10.1037/a0020151

Article 
                    Google Scholar

Fleeson, W., & Leicht, C. (2006). On delineating and integrating the study of variability and stability in personality psychology: Interpersonal trust as illustration. Journal of Research in Personality, 40, 5-20.

Article 
                    Google Scholar

Fletcher, P. C., Happé, F., Frith, U., Baker, S. C., Dolan, R. J., Frackowiak, R. S. J., & Frith, C. D. (1995). Other minds in the brain: A functional imaging study of “theory of mind” in story comprehension. Cognition, 57, 109-128. doi:10.1016/0010-0277(95)00692-R

Article PubMed 
                    Google Scholar

Friston, K., Buechel, C., Fink, G., Morris, J., Rolls, E., & Dolan, R. (1997). Psychophysiological and modulatory interactions in neuroimaging. NeuroImage, 6, 218-229.

Article PubMed 
                    Google Scholar

Frith, C. D., & Frith, U. (2006). The neural basis of mentalizing. Neuron, 50, 531-534. doi:10.1016/j.neuron.2006.05.001

Article PubMed 
                    Google Scholar

Goldin, P. R., McRae, K., Ramel, W., & Gross, J. J. (2008). The neural bases of emotion regulation: Reappraisal and suppression of negative emotion. Biological Psychiatry, 63, 577-586.

Article PubMed PubMed Central 
                    Google Scholar

Grecucci, A., Giorgetta, C., van’t Wout, M., Bonini, N., & Sanfey, A. G. (2013). Reappraising the ultimatum: An fMRI study of emotion regulation and decision making. Cerebral Cortex, 23, 399-410.

Article PubMed 
                    Google Scholar

Gu, X., Gao, Z., Wang, X., Liu, X., Knight, R. T., Hof, P. R., & Fan, J. (2012). Anterior insular cortex is necessary for empathetic pain perception. Brain, 135, 2726-2735. doi:10.1093/brain/aws199

Article PubMed PubMed Central 
                    Google Scholar

Gu, X., Hof, P. R., Friston, K. J., & Fan, J. (2013). Anterior insular cortex and emotional awareness. Journal of Computational Neurology, 521, 3371-3388.

Article 
                    Google Scholar

Haas, B. W., Ishak, A., Anderson, I. W., & Filkowski, M. M. (2015). The tendency to trust is reflected in human brain structure. NeuroImage, 107, 175-181.

Article PubMed 
                    Google Scholar

Habel, U., Windischberger, C., Derntl, B., Robinson, S., Kryspin-Exner, I., Gur, R. C., & Moser, E. (2007). Amygdala activation and facial expressions: Explicit emotion discrimination versus implicit emotion processing. Neuropsychologia, 45, 2369-2377. doi:10.1016/j.neuropsychologia.2007.01.023

Article PubMed 
                    Google Scholar

Hariri, A. R., Mattay, V. S., Tessitore, A., Fera, F., & Weinberger, D. R. (2003). Neocortical modulation of the amygdala response to fearful stimuli. Biological Psychiatry, 53, 494-501.

Article PubMed 
                    Google Scholar

Immordino-Yang, M. H. (2011). Me, my “self” and you: Neuropsychological relations between social emotion, self-awareness, and morality. Emotion Review, 3, 313-315.

Article 
                    Google Scholar

Killgore, W. D., Schwab, Z. J., Tkachenko, O., Webb, C. A., DelDonno, S. R., Kipman, M., … Weber, M. (2013). Emotional intelligence correlates with functional responses to dynamic changes in facial trustworthiness. Social Neuroscience, 8, 334-346.

Krueger, F., McCabe, K., Moll, J., Kriegeskorte, N., Zahn, R., Strenziok, M., … Grafman, J. (2007). Neural correlates of trust. Proceedings of the National Academy of Sciences, 104, 20084-20089.

Kuzmanovic, B., Bente, G., von Cramon, D. Y., Schilbach, L., Tittgemeyer, M., & Vogeley, K. (2012). Imaging first impressions: Distinct neural processing of verbal and nonverbal social information. NeuroImage, 60, 179-188. doi:10.1016/j.neuroimage.2011.12.046

Article PubMed 
                    Google Scholar

Lange, K., Williams, L. M., Young, A. W., Bullmore, E. T., Brammer, M. J., Williams, S. C., … Phillips, M. L. (2003). Task instructions modulate neural responses to fearful facial expressions. Biological Psychiatry, 53, 226-232.

Lewicki, R. J., McAllister, D. J., & Bies, R. J. (1998). Trust and distrust: New relationships and realities. Academy of Management Review, 23, 438-458.

Google Scholar

Lewicki, R. J., Tomlinson, E. C., & Gillespie, N. (2006). Models of interpersonal trust development: Theoretical approaches, empirical evidence, and future directions. Journal of Management, 32, 991-1022.

Article 
                    Google Scholar

Lieberman, M. D., & Cunningham, W. A. (2009). Type I and Type II error concerns in fMRI research: Re-balancing the scale. Social Cognitive and Affective Neuroscience, 4, 423-428. doi:10.1093/scan/nsp052

Article PubMed PubMed Central 
                    Google Scholar

Maldjian, J. A., Laurienti, P. J., Kraft, R. A., & Burdette, J. H. (2003). An automated method for neuroanatomic and cytoarchitectonic atlas-based interrogation of fMRI data sets. NeuroImage, 19, 1233-1239.

Article PubMed 
                    Google Scholar

Mars, R. B., Sallet, J., Schüffelgen, U., Jbabdi, S., Toni, I., & Rushworth, M. F. (2012). Connectivity-based subdivisions of the human right “temporoparietal junction area”: Evidence for different areas participating in different cortical networks. Cerebral Cortex, 22, 1894-1903.

Article PubMed 
                    Google Scholar

McCleery, J. P., Surtees, A. D., Graham, K. A., Richards, J. E., & Apperly, I. A. (2011). The neural and cognitive time course of theory of mind. Journal of Neuroscience, 31, 12849-12854.

Article PubMed PubMed Central 
                    Google Scholar

Miller, S. L., Celone, K., DePeau, K., Diamond, E., Dickerson, B. C., Rentz, D., … Sperling, R. A. (2008). Age-related memory impairment associated with loss of parietal deactivation but preserved hippocampal activation. Proceedings of the National Academy of Sciences, 105, 2181-2186.

Minear, M., & Park, D. C. (2004). A lifespan database of adult facial stimuli. Behavior Research Methods, Instruments, & Computers, 36, 630-633. doi:10.3758/BF03206543

Article 
                    Google Scholar

Mitchell, J. P., Neil Macrae, C., & Banaji, M. R. (2005). Forming impressions of people versus inanimate objects: social-cognitive processing in the medial prefrontal cortex. Neuroimage, 26, 251--257.

Moretto, G., Sellitto, M., & di Pellegrino, G. (2013). Investment and repayment in a trust game after ventromedial prefrontal damage. Frontiers in Human Neuroscience, 7, 593. doi:10.3389/fnhum.2013.00593

Article PubMed PubMed Central 
                    Google Scholar

Morishima, Y., Schunk, D., Bruhin, A., Ruff, C. C., & Fehr, E. (2012). Linking brain structure and activation in temporoparietal junction to explain the neurobiology of human altruism. Neuron, 75, 73-79.

Article PubMed 
                    Google Scholar

Neta, M., Davis, F. C., & Whalen, P. J. (2011). Valence resolution of ambiguous facial expressions using an emotional oddball task. Emotion, 11, 1425-1433. doi:10.1037/a0022993

Article PubMed PubMed Central 
                    Google Scholar

Neta, M., & Whalen, P. J. (2010). The primacy of negative interpretations when resolving the valence of ambiguous facial expressions. Psychological Science, 21, 901-907.

Article PubMed PubMed Central 
                    Google Scholar

Norris, C. J., Chen, E. E., Zhu, D. C., Small, S. L., & Cacioppo, J. T. (2004). The interaction of social and emotional processes in the brain. Journal of Cognitive Neuroscience, 16, 1818-1829.

Article PubMed 
                    Google Scholar

Ochsner, K. N., & Gross, J. J. (2005). The cognitive control of emotion. Trends in Cognitive Sciences, 9, 242-249. doi:10.1016/j.tics.2005.03.010

Article PubMed 
                    Google Scholar

Ochsner, K. N., Ray, R. D., Cooper, J. C., Robertson, E. R., Chopra, S., Gabrieli, J. D., & Gross, J. J. (2004). For better or for worse: Neural systems supporting the cognitive down-and up-regulation of negative emotion. NeuroImage, 23, 483-499. doi:10.1016/j.neuroimage.2004.06.030

Article PubMed 
                    Google Scholar

Ochsner, K. N., Silvers, J. A., & Buhle, J. T. (2012). Functional imaging studies of emotion regulation: A synthetic review and evolving model of the cognitive control of emotion. Annals of the New York Academy of Sciences, 1251, E1-E24.

Article PubMed PubMed Central 
                    Google Scholar

Peeters, G., & Czapinski, J. (1990). Positive-negative asymmetry in evaluations: The distinction between affective and informational negativity effects. European Review of Social Psychology, 1, 33-60.

Article 
                    Google Scholar

Rentz, D. M., Amariglio, R. E., Becker, J. A., Frey, M., Olson, L. E., Frishe, K., … Sperling, R. A. (2011). Face-name associative memory performance is related to amyloid burden in normal elderly. Neuropsychologia, 49, 2776-2783. doi:10.1016/j.neuropsychologia.2011.06.006

Riedl, R., Hubert, M., & Kenning, P. (2010). Are there neural gender differences in online trust? An fMRI study on the perceived trustworthiness of eBay offers. MIS Quarterly, 34, 397-428.

Google Scholar

Riedl, R., & Javor, A. (2012). The Biology of Trust. Journal of Neuroscience, Psychology, and Economics, 5, 63-91.

Article 
                    Google Scholar

Riedl, R., Mohr, P. N., Kenning, P. H., Davis, F. D., & Heekeren, H. R. (2014). Trusting humans and avatars: A brain imaging study based on evolution theory. Journal of Management Information Systems, 30, 83-114.

Article 
                    Google Scholar

Rilling, J. K., Gutman, D. A., Zeh, T. R., Pagnoni, G., Berns, G. S., & Kilts, C. D. (2002). A neural basis for social cooperation. Neuron, 35, 395-405.

Article PubMed 
                    Google Scholar

Rilling, J. K., & Sanfey, A. G. (2011). The neuroscience of social decision-making. Annual Review of Psychology, 62, 23-48.

Article PubMed 
                    Google Scholar

Rilling, J. K., Sanfey, A. G., Aronson, J. A., Nystrom, L. E., & Cohen, J. D. (2004). The neural correlates of theory of mind within interpersonal interactions. NeuroImage, 22, 1694-1703.

Article PubMed 
                    Google Scholar

Rozin, P., & Royzman, E. B. (2001). Negativity bias, negativity dominance, and contagion. Personality and Social Psychology Review, 5, 296-320.

Article 
                    Google Scholar

Rule, N. O., Krendl, A. C., Ivcevic, Z., & Ambady, N. (2013). Accuracy and consensus in judgments of trustworthiness from faces: Behavioral and neural correlates. Journal of Personality and Social Psychology, 104, 409-426. doi:10.1037/a0031050

Article PubMed 
                    Google Scholar

Simmons, A., Matthews, S. C., Stein, M. B., & Paulus, M. P. (2004). Anticipation of emotionally aversive visual stimuli activates right insula. NeuroReport, 15, 2261-2265.

Article PubMed 
                    Google Scholar

Smith, N. K., Cacioppo, J. T., Larsen, J. T., & Chartrand, T. L. (2003). May I have your attention, please: Electrocortical responses to positive and negative stimuli. Neuropsychologia, 41, 171-183.

Article PubMed 
                    Google Scholar

Todorov, A. (2008). Evaluating faces on trustworthiness. Annals of the New York Academy of Sciences, 1124, 208-224.

Article PubMed 
                    Google Scholar

Todorov, A., Baron, S. G., & Oosterhof, N. N. (2008). Evaluating face trustworthiness: A model based approach. Social Cognitive and Affective Neuroscience, 3, 119-127.

Article PubMed PubMed Central 
                    Google Scholar

Todorov, A., Mende-Siedlecki, P., & Dotsch, R. (2013). Social judgments from faces. Current Opinion in Neurobiology, 23, 373-380.

Article PubMed 
                    Google Scholar

Tottenham, N., Phuong, J., Flannery, J., Gabard-Durnam, L., & Goff, B. (2013). A negativity bias for ambiguous facial-expression valence during childhood: Converging evidence from behavior and facial corrugator muscle responses. Emotion, 13, 92-103. doi:10.1037/a0029431

Article PubMed PubMed Central 
                    Google Scholar

Uddin, L. Q., Iacoboni, M., Lange, C., & Keenan, J. P. (2007). The self and social cognition: The role of cortical midline structures and mirror neurons. Trends in Cognitive Sciences, 11, 153-157.

Article PubMed 
                    Google Scholar

Van Overwalle, F., & Baetens, K. (2009). Understanding others’ actions and goals by mirror and mentalizing systems: A meta-analysis. NeuroImage, 48, 564-584.

Article PubMed 
                    Google Scholar

van Veluw, S. J., & Chance, S. A. (2014). Differentiating between self and others: An ALE meta-analysis of fMRI studies of self-recognition and theory of mind. Brain Imaging and Behavior, 8, 24-38.

Article PubMed 
                    Google Scholar

Watanabe, T., Takezawa, M., Nakawake, Y., Kunimatsu, A., Yamasue, H., Nakamura, M., … Masuda, N. (2014). Two distinct neural mechanisms underlying indirect reciprocity. Proceedings of the National Academy of Sciences, 111, 3990-3995.

Wiech, K., Lin, C.-S., Brodersen, K. H., Bingel, U., Ploner, M., & Tracey, I. (2010). Anterior insula integrates information about salience into perceptual decisions about pain. Journal of Neuroscience, 30, 16324-16331.

Article PubMed 
                    Google Scholar

Winston, J. S., Strange, B. A., O’Doherty, J., & Dolan, R. J. (2002). Automatic and intentional brain responses during evaluation of trustworthiness of faces. Nature Neuroscience, 5, 277-283.

Article PubMed 
                    Google Scholar

Woo, C.-W., Krishnan, A., & Wager, T. D. (2014). Cluster-extent based thresholding in fMRI analyses: Pitfalls and recommendations. NeuroImage, 91, 412-419.

Article PubMed PubMed Central 
                    Google Scholar

Discover content

Publish with us

Products and services

Our imprints

128.62.223.147

University of Texas at Austin (8200831622)  - University of Texas System (3000186230)

© 2024 Springer Nature"
30077577,,,"Outline

Cited By (4)

Figures (4)

Tables (3)

Behavioural Brain Research

Research reportThinking about the past to shape the present: neural activation during the recall of relationship episodes

Abstract

Reflecting on oneself and others in relationships is an ability that is central to our social existence. Specifically, considering formative autobiographical experiences in relationships may contribute to more flexibility in perceiving, as well as in shaping present relationships. Reflecting on such experiences mobilizes different social cognitive and affective processes. We aim to explore the neural basis of these processes. With a newly developed functional magnetic imaging (fMRI) task, we investigated brain activation in 35 healthy individuals during recall of relationship episodes involving themselves or others. We found that recalling formative episodes involving themselves modulated brain activity in the right parahippocampus, left precuneus, bilateral fusiform gyrus, bilateral insula, and left presupplementary motor area. These areas are involved in memory processes, self-generated thought, and affective experience. The recall of relationship episodes involving others led to similar activation patterns. Our results underscore the close link between self-reflection, understanding others, and memory processes and emphasize the role of affective dimensions for self-relevant experiences. They contribute to a growing body of research on neural mechanisms involved in complex social cognitive processes decisive for our capacity to navigate our social environment.

Keywords

1. Introduction

1.1. Interpersonal behavior is recurrent

It is a common experience to encounter the same constellations, conflicts and feelings in close relationships even though the significant others we meet throughout our lives may appear to be very different from one another [[1], [2], [3]]. Attachment theory provides a comprehensive theoretical framework to understand why this happens. Bowlby [4] described how early interactions and formative experiences in our primary relationships are internalized in the form of “internal working models” that mold our expectations and perception of interpersonal experience. These “internal working models” shape our behavior and experiences in later relationships, sometimes in a dysfunctional manner. Recurrent and maladaptive interpersonal behavior has crucial relevance for many mental disorders [[5], [6], [7]]. However, it is also significant to all of us, in health or disease, as satisfaction in relationships to our close ones has a powerful influence on our well-being over the lifespan [8]. Thinking about formative experiences in relationships and internalized models of relationships can facilitate modifying the perception of others and, eventually, interpersonal behavior. Exploring these aspects of our own psychological functioning necessitates the mobilization of metacognitive abilities that have been described with the umbrella concept of mentalization [9].

1.2. Capacities of mentalization, self-reflection and social functioning are closely intertwined

Mentalization refers to the capacity to think about thinking or form cognitions about cognitions and affects [9]. It is an umbrella concept capturing most meta-cognitive processes, such as self-reflection, mindfulness, empathy, and theory of mind. These processes can be characterized by different dimensional qualities including automatic and controlled, cognitive and affective, mentalizing about oneself and others and on internal or external features [10]. The imaginative mental activity that this requires is necessary not only to think about other people’s minds but also to understand one’s own psychic experiences and emotional states [11]. Thinking about oneself and thinking about others are therefore capacities that are closely intertwined. Empirical research in developmental psychology has shown that these abilities have common developmental roots as the beginning of our mental life takes place in the context of dyadic interaction [12,13] and the human brain develops in interaction with significant others [14,15]. Later in development, individuals who have difficulties experiencing and identifying their own emotional experiences, the so-called alexithymia, also show difficulties recognizing, understanding or empathizing with feelings of others [16,17]. Moreover, people with deficits in their mentalizing capacities also show difficulties in diverse areas of social functioning and psychopathology [[18], [19], [20]].

1.3. Processes related to social cognition show a common neural basis

In the last decades, neuroimaging research investigating social cognition and internal mental processing has consistently grown. There is a considerable body of research exploring the neural basis of the various processes summarized under the concept of mentalization [10]. Regions identified in different studies commonly overlap. The temporo-parietal junction (TPJ) has been consistently shown to be implicated in theory-of-mind tasks such as perspective-taking but also the attribution of mental states [[21], [22], [23]]. The medial prefrontal cortex (mPFC) seems to play a prominent role in self-reflection [24] and also in the retrieval of autobiographic memories [25]. The posterior cingulate cortex (PCC) and the precuneus are typically involved in imaginary activity and have also been linked to self-referential processing [26]. The insula has been implicated in processes of self-awareness and introspection [27]. Moreover, activity in the anterior insula and parts of the anterior cingulate cortex (ACC) has been associated with subjective experience and the experience of vicarious emotions [28]. Many of these regions are also involved in autobiographic memory processes [29] suggesting a close neurobiological link of experience and social cognitive abilities. Interestingly, the default mode network, which plays a key role in internally-directed mental activity and also self-generated thought [30,31], overlaps with many regions identified as relevant for mentalizing [32].

So far, little attention has been devoted to the neurobiological underpinnings of recalling specific autobiographic episodes of close relationships. Loughead et al. [33] conducted semi-structured interviews with healthy participants to generate meaningful relationship episodes that participants had experienced with significant others. They then rated these narratives using the Core Conflictual Relationship Theme method (CCRT [34],) and used highly conflictual episodes that were connected to negative emotions as stimuli in the fMRI scanner. Confronting participants with written sentences of these episodes, Loughead et al. [33] observed activation modulation in the ACC, the precuneus, inferior and middle frontal cortex and the inferior parietal cortex. The study presented several methodological shortcomings such as a small sample size (n=11) and involving sentence reading during the scanning procedure.

1.4. An experimental procedure eliciting neural activation involved in the processing of relationship experiences: aim and hypotheses

The aim of this study was to investigate neural activation in healthy participants when they recalled formative relationship episodes involving themselves or relationship episodes observed in others. After each episode recall, the participants rated emotional arousal and valence. We assumed that the recall of formative relationship episodes involving themselves would be emotionally more stimulating and connected to more difficult feelings than the recall of episodes involving others. In consequence, we expected higher subjective ratings of arousal and more negative ratings of valence in this condition. On the neural level, we hypothesized that the recall of formative experiences involving themselves would lead to modulation of activity in the mPFC, the PCC, the precuneus, the insula and the ACC. These regions are implicated in mentalizing processes and affective experience. We hypothesized that the recall of interpersonal relationship episodes observed in others would differentially lead to modulation of activity in particular in the TPJ. Overall, our hypotheses aligned with findings of Loughead et al. [33]. However, we did not expect to find similar modulation of areas in inferior and middle frontal cortex and inferior parietal cortex as these regions seem less specific with respect to our task and possibly in relation to language processing [35,36] as sentences were used as experimental stimuli. We chose to avoid any reading during the fMRI task and used pictorial stimuli in order to stimulate an imaginative type of mental activity.

2. Materials and methods

2.1. Participants

Participants were recruited via a university mailing list, a local Internet platform, and the distribution of flyers in a nearby orthopedic hospital and the university campus. Two participants had to be excluded post-hoc due to excessive head movement (>6mm) during the scanning procedure, one because of an incorrectly conducted preparation task, and three due to a technical failure of the recording device during the preparation task. This resulted in a final sample of 35. Sociodemographic characteristics are described in Table 1. None of the participants presented a mental disorder as assessed in a diagnostic short interview for mental disorders (mini-DIPS [Diagnostisches Kurz-Interview bei psychischen Störungen], [37]).

Table 1. Sociodemographic characteristics of the sample.

The ethics committee of the canton of Zurich approved the study, and all participants gave their written informed consent.

2.2. Instruments

2.2.1. Mini-DIPS

The mini-DIPS [37] is a structured clinical interview based on the diagnostic criteria of DSM IV and ICD, allowing to diagnose anxiety, obsessive-compulsive, affective (depressive and bipolar), somatoform, and eating disorders and problematic alcohol and substance use. It also includes a psychosis screening. For each disorder, the mini-DIPS comprises general screening questions as well as more detailed questions exploring specific symptoms. Its reliability and validity have been repeatedly tested [38].

2.2.2. MIPQS and IRPS

The Maladaptive Interpersonal Patterns Q-Sort (MIPQS [Beziehungsmuster-Q-Sort, BQS], [39]) is a self-rating instrument to identify recurrent interpersonal behavior. This instrument uses a card-sorting procedure: Participants rate 32 items describing interpersonal behavior as relevant for them or not. It enables the construction of a scaled profile of interpersonal behavior, ranging from very relevant to non-relevant. While the MIPQS was originally developed to assess dysfunctional interpersonal behavior in clinical populations, it can also be used to assess recurrent interpersonal behavior that is not dysfunctional. Its items are theoretically based on the Structural Analysis of Social Behavior (SASB) describing the whole range of interpersonal behavior [40]. For this description, it uses two axes: affiliation and interdependence. The SASB is a common model of the interpersonal circumplex and has been used in a wide range of research with healthy and clinical populations [41].

The Interpersonal Relations Picture System (IRPS, http://www.u65.ch/wissenschaftliche-arbeit/irps, Fig. 1) is a stimuli set that graphically illustrates the 32 MIPQS items of interpersonal behavior patterns. It was validated in a large healthy population [42].

Fig. 1. Example of IRPS items: a. idealizing, b. harmonizing, c. accusing, d. neutral control picture, e. neutral control picture.

2.3. Procedures

Before fMRI scanning, a psychologist conducted the mini-DIPS and the MIPQS illustrated with the IRPS pictures with the participants. The participants were then instructed to develop three narratives concerning their most relevant interpersonal behavior patterns. They were asked to identify key episodes in a relationship to a significant other in which these specific behavior patterns occurred. Additionally, they were instructed to develop narratives based on three items, which they had rated as non-relevant. For these non-relevant items, the participants were asked to recall a relationship episode in which they had observed these types of behavior displayed by other people. They were instructed to pick a situation in which they were not involved themselves. Participants were then invited to memorize which episode corresponded to the respective IRPS picture. The IRPS pictures then served as stimuli in the fMRI experiment.

Before scanning, participants read a written instruction and performed a test trial. In the scanner, their task was to recall the relationship episode when the corresponding IRPS item was shown and put themselves back into that specific situation. When control items were shown, participants were asked to look at these without imagining anything specific. After each item, participants rated their arousal and the valence referring to their feelings when re-experiencing the autobiographic situation.

2.4. fMRI stimuli

The participants viewed the black-and-white IRPS pictures during scanning on a video mask. All stimuli were presented using Presentation® software (Neurobehavioral Systems, Inc., Berkeley, CA, www.neurobs.com). Out of the 32 IRPS pictures, we individually presented the three most relevant (self-relevant condition) and three non-relevant items (other condition) that the participants had selected in the MIPQS and had memorized with reference to their narratives. We also used the control pictures of the IRPS (control condition). These are pictures depicting the same stick figures in a neutral position with no interaction being illustrated (cf. Fig. 1).

2.5. fMRI experimental Design

The experimental design is illustrated in Fig. 2. Stimuli were presented in a pseudo-randomized “mixed block design”: Relevant with reference to self, non-relevant with reference to others and control stimuli were arranged in blocks in a pseudo-randomized sequence. After each stimulus, the participants rated arousal and valence on the Self-Assessment-Manikin (SAM, [43]). The SAM is a visual rating scale using emotional figures depicting arousal and valence on a scale from 1 to 9. Blocks with relevant and non-relevant pictures were each repeated six, those with control pictures four times. This led to the presentation of 6×3 relevant and 6×3 non-relevant pictures and 4×3 control pictures. Blocks were arranged in two sessions. In between sessions, the participants were able to take a break while staying in the scanner. The experiment took approximately 32min in total without the break.

Fig. 2. Illustration of the experimental design of the fMRI task. a. The three chosen relevant (cues to own formative relationship episodes) and non-relevant (cues to relationship episodes observed in others) chosen by the participants as well as control stimuli were pseudo-randomized in blocks (Self-Relevant Block, Other Block, Control Block). b. A block consisted of three stimuli shown for 16s followed by rating scales of arousal and valence shown for 8s each. At the end of one block we showed a fixed cross for 20s. c. Self-Relevant Blocks, Other Blocks, Control Blocks were pseudo-randomized and arranged in two sessions.

2.6. fMRI data acquisition

Data acquisition was performed on a Philips Intera 3T whole-body MR unit equipped with a 32-channel Philips SENSE head coil. Functional time series were acquired with a sensitivity-encoded single-shot echo-planar sequence (SENSE-sshEPI) [44]. The following acquisition parameters were used in the fMRI protocol: echo time=35ms, field of view=220mmx220mm x 128mm, acquisition matrix=80×80, voxel size: 2.75mmx2.75mm x 4mm, SENSE acceleration factor R=2.0. Using a mid-sagittal scout image, 32 contiguous axial slices were placed along the anterior-posterior commissure plane covering the entire brain with a TR of 2000ms (θ=80°). The first five acquisitions were discarded to eliminate the influence of T1 saturation effects.

2.7. fMRI data analyses

Functional MRI data was analyzed using Matlab version 2015a (The MathWorks, Inc. 2015) and SPM 12 (Statistical Parametric Mapping, Welcome Department of Cognitive Neurology, 2014). We used sweetView for visualization (http://www.sweetneuron.at/wp/sweetview/) of neuroimaging results.

Functional images were corrected for head motion using the realign functions of SPM12. We performed realignment and spatial normalization. Images were smoothed using a Gaussian kernel of 6mm full width at half maximum. The data was linearly detrended and filtered by a band pass filter (0.01-0.08Hz) to suppress cardiac and respiratory motion induced effects. None of the participants had to be excluded due to signal drop out.

At the single-subject level, we computed a general linear model to obtain parameter estimates of event-related activity at each voxel, for each condition and each subject and statistical parametric maps of the t statistic resulting from linear contrasts between different conditions. We modeled the conditions self-relevant, other, and control. Six movement parameters extracted from realignment were entered as regressors. We convolved all explanatory variables with the canonical hemodynamic response function. Our contrasts of interest were A) self-relevant>control, B) other>control, C) self-relevant>other, D) other>self-relevant.

The individual contrast images of all participants were entered into a random-effects model and within-group activation was assessed using one sample t-tests. Whole-brain cluster inference was completed using false discovery rate (FDR) corrected for multiple comparisons with a threshold of p=0.05. The cluster-forming height threshold was set to p=0.001 uncorrected.

In a post-hoc analysis we built 10mm region-of-interest (ROI) spheres around the peak-voxel of the significant clusters of the contrasts self-relevant>control and other>control using the WFU PickAtlas toolbox [45]. We extracted the BOLD (Blood Oxygenation Level Dependent) - signal in these ROIs using the toolkit rex (https://www.nitrc.org/projects/rex/) for the contrasts self-relevant>control and other>control. We correlated the extracted parameters with the subjective ratings of arousal and valence. For these, we calculated the difference in ratings for the self-relevant versus control as well as other versus control conditions.

2.8. Behavioral data analyses

Statistical analysis of behavioral data and correlation analyses of the BOLD-signal with behavioral data were performed using IBM SPSS Statistics 22 (IBM Corp. Released 2013. IBM SPSS Statistics for Macintosh, Version 22.0. Armonk, NY: IBM Corp). Differences in ratings of arousal and valence were assessed using paired t-tests. Effect sizes for the t-statistics were calculated using an online tool (https://www.psychometrica.de/effektstaerke.html#dep) based on Borenstein (2009). We employed Pearson’s product-moment correlation as correlation measures investigating associations of the BOLD-signal and behavioral data.

3. Results

3.1. Behavioral data: arousal and valence ratings

Subjective ratings during the fMRI experiment indicated that the participants found the self-relevant condition more arousing (M=5.29, SD=1.43) than the other condition (M=4.44, SD=1.41; t(34) = -4.12, p<0.001, d = 0.6). Control stimuli were less arousing (M=2.41, SD=1.33) than the self-relevant condition (t(34)=9.94, p<0.001, d = 2.09) and the other condition (t(34)=8.91, p<0.001, d=1.48) (cf. Fig. 3).

Fig. 3. a. Means of subjective arousal and valence ratings for the self-relevant, the other, and the control condition. b. Means of subjective valence ratings for the self-relevant, the other, and the control condition.

Mean ratings in valence for the self-relevant and the other condition did not differ significantly (t(34)=0.60, p=0.55). The participants reported more negative feelings for the self-relevant (M=3.62, SD=1.18; t(34)=6.68, p<0.001, d = 1.47), and the other condition (M=3.77, SD=1.10; t(34) = -7.36, p<0.001, d = -1.4) than for the control condition (M=5.53, SD=1.40) (cf. Fig. 3).

3.2. Neuroimaging data

In the contrast self-relevant>control, we found modulation of brain activation in the right parahippocampus, the insula bilaterally, the left precuneus, bilaterally in the fusiform gyrus, and the left presupplementary motor areal (pre-SMA) (Table 2, Fig. 4). In the contrast other>control we found modulation of brain activation in the left precuneus, in the fusiform gyrus bilaterally, two motor regions, and the left dentate (Table 3, Fig. 4). We did not find any significant activation differences in the contrasts self-relevant>other / other>self-relevant.

Table 2. Results for the contrast self-relevant>control.

Note. Pre-SMA=Presupplementary Motor Area, L=left, R=right, BA=Brodmann Area, FDR=False Discovery Rate, * = p<0.05.

Table 3. Results for the contrast other>control.

Note. Pre-SMA=Presupplementary Motor Area, L=left, R=right, BA=Brodman Area, FDR=False Discovery Rate, * = p<0.05, ** = p<0.001.

Fig. 4. Significant cluster activations (FDR-corrected) for the contrast self-relevant>control in red-orange, and for the contrast other>control in green (For interpretation of the references to colour in this figure legend, the reader is referred to the web version of this article).

Using post-hoc ROI-analyses, we explored the association of cluster activations in the contrast self-relevant>control and other>control with subjective ratings of arousal and valence. Activation in the precuneus in the contrast self-relevant>control correlated with subjective arousal ratings (r (33)=.37 p=.027). None of the other correlations were significant.

4. Discussion

Reflecting on oneself and others in relationships is a key aspect of the ability to navigate the social environment. We developed an experimental procedure to investigate the neurobiological underpinnings of this reflective ability. To our knowledge, this is the first study to explore these mechanisms in a substantial sample of healthy participants.

Behavioral ratings on arousal and valence suggested that our experimental set-up enabled the participants to put themselves back into formative relationship experiences during scanning. Recalling relationship episodes involving oneself and others both led to activation in a set of brain areas linked to memory processes and self-generated thought. These findings underscore the close link between self-reflection, the understanding of others, and autobiographic memory.

4.1. Behavioral results

Subjective ratings in the scanner on arousal and valence indicated that recalling relationship episodes involving oneself (self-relevant condition) was more arousing and connected to more negative feelings for the participants than looking at the neutral control pictures (control condition). Higher ratings on arousal for the self-relevant condition compared to recalling relationship episodes involving others (other condition) indicated that these episodes were emotionally more strongly engaging for the participants and that our experimental procedure worked the way that we expected. First, our preparation task allowed identifying emotionally relevant episodes experienced in relationships. Second, in the scanner, the participants were able to put themselves back into these experiences in a way that this was emotionally arousing for them. We found no difference in the valence of emotions rated for the self-relevant and other condition. However, both conditions were rated as being linked to more negative emotions than the control condition. There can be at least two reasons for this. First, when describing relationship experiences relevant for recurrent interpersonal behavior patterns, there may be a tendency to identify difficult experiences connected to more intensive and negative emotions rather than positive experiences that are well integrated in self-perception. Second, the instruction for the MIPQS begins with a statement that certain behavior patterns often reoccur in interpersonal relationships and that these can be experienced as difficult or problematic. In our experimental set-up, this instruction may have encouraged the exploration of relationship episodes connected to rather negative feelings.

Research on memory and emotion has established how both dimensions, arousal and valence, play an important role in the encoding and the retrieval of autobiographic events [46]. Emotionally arousing autobiographic events are more likely to be well remembered than emotionally neutral events [47]. Regarding our experimental procedure, this fact likely contributed to the choice of relationship episodes by the participants. The role of valence for the encoding and retrieval of memories is less straightforward. Some findings suggest that negative memories are better remembered than positive ones [48]; however, some studies also found that there is a bias towards remembering emotionally positive events [49]. It would be interesting to study this question in a more specific context: how does emotional valence influence remembering events that specifically have an impact on the present? This is the case in our study where we explored formative relationship experiences that are linked to present recurrent interpersonal behavior patterns.

4.2. Neuroimaging results

When the participants recalled a formative episode in a relationship involving themselves (self-relevant condition) compared to looking at control pictures (control condition), neural activation was modulated in a first set of regions that are involved in memory-processes such as the parahippocampus and self-generated thought such as the precuneus. Activation in the precuneus correlated with subjective arousal ratings. A second set of regions showed modulated activity that is implicated in affective processing such as the insula and the pre-SMA. When participants recalled a relationship episode that they had observed in other people (other condition), they showed modulation of brain activity that was similar to the one we observed in the self-relevant condition. Comparing the self-referential and other condition directly, we did not find any significant differences.

Regarding our initial hypotheses, we found some of the expected results such as the modulated activation in the precuneus and the insula (in the self-referential condition). Some other expectations were not confirmed such as the implication of the mPFC or the differential activation in the TPJ for the recall of relationship episodes involving others versus oneself.

Our instruction to “put yourself back into that situation” when recalling a formative relationship episode very likely involved a type of mental activity that has previously been associated with the precuneus, a region structurally and functionally strongly related to the posterior cingulate cortex and core part of the default mode network [50,51]. It plays a role in many tasks of self-generated thought and imagery such as self-processing, spatial navigation, mind wandering, and memory processes [[52], [53], [54]]. Freton et al. [52] proposed that the precuneus takes a specific role in egocentric navigation, as it is the case for example when retrieving autobiographical memories and first-person perspective. Precuneus activation correlated with subjective ratings of arousal. This may be linked to a more vivid mental navigation for those relationship episodes that were emotionally arousing.

We also found modulated activation in the parahippocampus. Its role in memory processes is well established. Specifically, Martinelli et al. Martinelli et al. [55] demonstrated the importance of the parahippocampus for the processing of episodic autobiographic memories in their meta-analysis on what they called a “self-memory-system”. Our findings fit well into this literature as our task mobilizes the processing of self-referential autobiographic memories.

The modulated activation in the insula during the recall of self-relevant episodes can be linked to the emotional experience stimulated during our fMRI task. The insula plays an important role for interoceptive awareness and the perception of bodily states [27]. Both of these perceptive dimensions are closely intertwined with the processing and subjective experience of feelings ([77,78]).

We also found modulated activation in the pre-SMA and the fusiform gyrus - findings that we had not expected. The pre-SMA is a region associated with motor inhibition, but also language processing and memory [56,57]. However, it also appears to be implicated in different aspects of emotion regulation. In their meta-analysis on cognitive emotion regulation, Kohn et al. [58] describe the involvement of the pre-SMA in executive and cognitive aspects of emotion regulation. It is very plausible that this kind of regulatory process is also mobilized by our fMRI task. The fusiform gyrus is a region identified as typically being implicated in face recognition [59,60]. However, it has also been shown that the fusiform gyrus is linked to visual mental imagery [61], to visual memory recognition [62], and more generally to successful recognition in specific and general memory processes [63]. The modulation in this region may be linked to the fact that participants in our fMRI paradigm have to remember which IRPS stimulus belongs to which autobiographic memory during the scanning procedure.

Most intriguingly, we did not find modulation of brain activity in the mPFC as we expected. Overall, a number of questions remain open concerning the functions of different parts of the mPFC involved in social cognition [64]. Qin and Northoff [79] performed a meta-analysis on self-referential processes. They presume that the mPFC plays an important role in “meta-representing” self-referential stimuli. It may be that the mPFC is in fact involved in a more cognitively driven processing of self-referential stimuli [65]. In contrast, our fMRI task clearly mobilizes a complex holistic type of affective-cognitive self-referential processing.

We had also hypothesized that the recall of interpersonal relationship episodes observed in others versus oneself would differentially lead to modulation of activation in the TPJ based on previous findings [66]. This expectation was not met. Instead, we found modulated activation in mostly overlapping regions for these two conditions.

Interestingly, there seems to be growing evidence on the overlap of brain networks involved in self-referential and other-referential processing [[67], [68], [69]] although there is also evidence for distinct activation patterns [66,70,71]. Considering that thinking about oneself and others are developmental achievements that are closely intertwined, the fact that similar areas in the brain are involved in these types of mental activity seems less surprising. This is consistent with Simulation Theory (ST) stating that mental activities of others are represented by mental simulation [72]. Therefore, individuals perceive mental states of others through the knowledge about their own mental states and processes. Different authors have pointed out the important interdependence between self-reflection, theory of mind and autobiographic memory [11,73,74]. Awareness of one’s own thoughts and perceptions enables the understanding of mental states of others but is also closely connected to one’s own experience: we make reference to our own experience in order to understand others. This aligns with neuroimaging findings that point out the involvement of similar regions in these mental activities [29]. This combination of mentalization and memory processes is stressed in our experiment where the retrieval of relationship episodes is at the core of the task.

4.3. Limitations

Our study is not without limitations. First, the task used in our study is a very complex one and involves a multitude of cognitive-affective processes. Our aim was to develop an experimental design with ecological validity. We wanted to study the neural basis of a mental activity that is central to our existence as social beings: reflecting upon formative relationship experiences and others in relationships. However, this implies that many different processes are mobilized such as mental imagery, episodic memory retrieval, self- and other referencing, and, to a certain extent, emotion processing. Therefore, a dissociation of brain regions involved with these different processes is impossible. This is a common finding with these types of tasks, and other efforts to dissociate processes involved in internal mental imagery have been made [31]. Second, we compared our two active conditions (self-relevant and other) to a control condition that involved viewing control pictures. Therefore, no episodic memory retrieval or instruction-led mental imagery was mobilized. Third, we chose a whole-brain-level of analysis because of the exploratory approach of our experiment. This presents the disadvantage that differences in brain modulation (e.g. between the self-relevant versus other condition) need to be strong in order to reach statistical significance. Fourth and associated with the previous aspect, our study might be underpowered. We performed a post-hoc power analysis using NeuroPower (neuropowertools.org, [75], in press) for our data. According to this analysis, we would have needed a sample size of 44 to achieve sufficient power of 0.8. Even though our sample size of 35 is quite large compared to the majority of studies in the field, our results therefore need to be interpreted with care. Underpowered studies are a common problem in fMRI research [76], with a median sample size of 28.5 for single group fMRI studies. In the future, our results should be replicated in a larger sample. Fifth, we did not model habituation effects in our fMRI analyses. We tried to reduce habituation by including three different stimuli per condition. Still, habituation to the presented stimuli may occur overall. However, we assume that habituation effects will occur in all three conditions (self-referential, other, control). As we were interested in the comparison of these conditions, habituation effects may mostly be accounted for by their presence in all three conditions. Sixth, our sample is mostly female (27 female, 8 male). We conducted separate analyses of behavioral and neuroimaging data for women only. The patterns of results remained overall unchanged with a few minor differences in the neuroimaging data. In consequence, we chose to include the male participants into the analyses in order to augment the sample size and power of the analyses. However, our findings should be replicated in a larger sample size with participants balanced in gender in future.

4.4. Future directions

We presented results of an fMRI study investigating the neurobiological underpinnings of reflecting on oneself and others in relationships. This is an ability that is central to our navigation of the social world. Our findings underscore the close link of self-reflection, understanding others, and memory processes in healthy participants. It will be of great interest to use our experimental procedure with other populations, for example with participants showing difficulties in their social insertion, serious interpersonal problems or mental disorders. It may also be of interest to study effects of interventions, such as the specific training of mentalizing capacity or other processes fostered by psychotherapy and pharmacology. Overall, rehabilitating social abilities is of great relevance to social functioning and thereby to the general well-being of a person.

Funding

Laura Wade-Bohleber has received funding by the Stiftung zur Förderung von Psychiatrie und Psychotherapie, Zurich, Switzerland.

Conflicts of interest

None.

Acknowledgments

The authors would like to thank Dr. Ronald Sladky (Department of Psychiatry, Psychotherapy, and Psychosomatics, University Hospital of Psychiatry Zurich, Switzerland) for providing the toolbox sweetView and assistance to visualize our neuroimaging results.

References

Cited by (4)

Depression is associated with hyperconnectivity of an introspective socio-affective network during the recall of formative relationship episodes

Depression and the experience of early adversity are associated with impairments in interpersonal and social cognitive functioning. The neural mechanisms involved in these impairments remain insufficiently understood.

In a sample of 48 depressed and 50 healthy participants, we explored seed-to-voxel functional connectivity (FC) during the recall of formative relationship episodes using functional magnetic resonance imaging.

While depressive symptoms were associated with increased FC of brain regions that form an introspective socio-affective network, such as the precuneus, bilateral anterior insula, dorsal anterior cingulate cortex, left amygdala, and medial prefrontal cortex, early adversity linked to decreased FC of brain regions mediating emotion processing such as the bilateral anterior insula and increased FC of the bilateral parahippocampal gyrus.

We report both results that are corrected for the number of seeds tested in FC analyses using strict Bonferroni adjustments and unadjusted results as part of an exploratory analysis.

Our findings suggest that depression and early adversity are associated with differential FC patterns in the brain during the recall of formative relationship episodes. Hyperconnectivity of an introspective socio-affective network associated with depressive symptoms may link to enhanced self-focus and emotional reactivity. Patterns of neural activation associated with early adversity may underpin numbed affective states or enhanced affective memory regulation. Overall, these findings inform about the neural underpinnings of a reflective ability that is predictive of the adaptation to depression and to early adversity and relevant for psychotherapy outcomes.

Neural Basis of Internal Attention in Adults with Pure and Comorbid ADHD

The Interprocessual-Self Theory in Support of Human Neuroscience Studies

Early treatment response in psychotherapy for depression and personality disorder: links with core conflictual relationship themes

Recommended articles

BDNF Val66Met polymorphism moderates the association between sleep spindles and overnight visual recognition

Enduring effects of muscarinic receptor activation on adult hippocampal neurogenesis, microRNA expression and behaviour

The effects of early exposure to MK-801 during environmental enrichment on spatial memory, methamphetamine self-administration and cue-induced renewal in rats

Memory consolidation impairment induced by Interleukin-1β is associated with changes in hippocampal structural plasticity

TLX knockdown in the dorsal dentate gyrus of juvenile rats differentially affects adolescent and adult behaviour

Calcium-dependent kinases in the brain have site-specific associations with locomotion and rearing impairments in rats with bile duct ligation

Article Metrics

We use cookies to help provide and enhance our service and tailor content and ads. By continuing you agree to the use of cookies.

Copyright © 2023 Elsevier B.V. or its licensors or contributors. ScienceDirect® is a registered trademark of Elsevier B.V.

ScienceDirect® is a registered trademark of Elsevier B.V."
