{
  "search": {
    "counts": {
      "true_positives": 224,
      "false_negatives": 12,
      "false_positives": 799,
      "meta_total": 236,
      "retrieved_total": 1023
    },
    "metrics": {
      "recall": 0.9491525423728814,
      "recall_ci_lower": 0.9132393739475034,
      "recall_ci_upper": 0.9706773444199525,
      "precision": 0.21896383186705767,
      "precision_ci_lower": 0.1946988960846948,
      "precision_ci_upper": 0.2453315818390668
    }
  },
  "abstract": {
    "counts": {
      "true_positives": 223,
      "false_negatives": 1,
      "false_positives": 483,
      "meta_in_search": 224,
      "meta_total": 236,
      "included_total": 706
    },
    "metrics": {
      "recall_in_search": 0.9955357142857143,
      "recall_in_search_ci_lower": 0.9751496060262478,
      "recall_in_search_ci_upper": 0.9992115290781408,
      "recall_all_meta": 0.9449152542372882,
      "recall_all_meta_ci_lower": 0.9080485934142232,
      "recall_all_meta_ci_upper": 0.967529287987502,
      "precision": 0.31586402266288954,
      "precision_ci_lower": 0.2826483539165704,
      "precision_ci_upper": 0.3510727466782666
    }
  },
  "fulltext": {
    "counts": {
      "true_positives": 212,
      "false_negatives": 2,
      "additional_false_negatives": 1,
      "false_positives": 284,
      "meta_in_search_available": 214,
      "meta_total": 236,
      "included_total": 496
    },
    "metrics": {
      "recall_in_search": 0.9906542056074766,
      "recall_in_search_ci_lower": 0.9665698552359576,
      "recall_in_search_ci_upper": 0.9974333470908707,
      "recall_all_meta": 0.8983050847457628,
      "recall_all_meta_ci_lower": 0.8531448671005428,
      "recall_all_meta_ci_upper": 0.9307058076781445,
      "precision": 0.4274193548387097,
      "precision_ci_lower": 0.3846040078851297,
      "precision_ci_upper": 0.4713503584581279
    }
  }
}